ip,app,device,os,channel,click_time,is_attributed,click_date,click_hour,click_dow
121845,15,1,16,3,2017-11-06 17:21:53 UTC,0,2017-11-06,17,Mon
58404,15,1,19,3,2017-11-06 19:46:53 UTC,0,2017-11-06,19,Mon
69489,15,1,19,3,2017-11-06 22:00:25 UTC,0,2017-11-06,22,Mon
68381,15,1,22,3,2017-11-06 23:00:52 UTC,0,2017-11-06,23,Mon
117050,15,1,25,3,2017-11-06 23:39:10 UTC,0,2017-11-06,23,Mon
147153,15,1,19,3,2017-11-07 00:01:52 UTC,0,2017-11-07,0,Tue
147164,15,1,10,3,2017-11-07 01:36:20 UTC,0,2017-11-07,1,Tue
50197,15,1,13,3,2017-11-07 01:39:55 UTC,0,2017-11-07,1,Tue
80437,15,1,19,3,2017-11-07 06:46:13 UTC,0,2017-11-07,6,Tue
105475,15,1,36,3,2017-11-07 09:35:12 UTC,0,2017-11-07,9,Tue
36213,15,1,18,3,2017-11-07 10:25:12 UTC,0,2017-11-07,10,Tue
103036,15,1,19,3,2017-11-07 12:34:57 UTC,0,2017-11-07,12,Tue
70280,15,1,13,3,2017-11-07 12:59:51 UTC,0,2017-11-07,12,Tue
103463,15,1,22,3,2017-11-07 16:33:48 UTC,0,2017-11-07,16,Tue
24700,15,1,19,3,2017-11-07 18:15:16 UTC,0,2017-11-07,18,Tue
81571,15,1,3,3,2017-11-07 23:06:39 UTC,0,2017-11-07,23,Tue
37919,15,1,25,3,2017-11-08 01:10:02 UTC,0,2017-11-08,1,Wed
18108,15,1,20,3,2017-11-08 03:51:28 UTC,0,2017-11-08,3,Wed
102118,15,1,22,3,2017-11-08 10:42:25 UTC,0,2017-11-08,10,Wed
6681,15,1,13,3,2017-11-08 10:47:34 UTC,0,2017-11-08,10,Wed
41172,15,1,19,3,2017-11-08 11:26:25 UTC,0,2017-11-08,11,Wed
14764,15,1,19,3,2017-11-08 13:40:22 UTC,0,2017-11-08,13,Wed
103090,15,1,22,3,2017-11-08 15:46:12 UTC,0,2017-11-08,15,Wed
111153,15,2,19,3,2017-11-08 17:14:36 UTC,0,2017-11-08,17,Wed
50136,15,1,19,3,2017-11-08 18:28:18 UTC,0,2017-11-08,18,Wed
119138,15,1,19,3,2017-11-09 00:39:35 UTC,0,2017-11-09,0,Thu
2076,15,1,19,3,2017-11-09 08:02:15 UTC,0,2017-11-09,8,Thu
317816,15,1,19,3,2017-11-09 08:21:07 UTC,0,2017-11-09,8,Thu
56313,15,1,41,3,2017-11-09 09:42:04 UTC,0,2017-11-09,9,Thu
39802,15,2,25,3,2017-11-09 11:10:16 UTC,0,2017-11-09,11,Thu
41172,15,1,19,3,2017-11-09 13:02:29 UTC,0,2017-11-09,13,Thu
32487,15,1,19,3,2017-11-09 13:10:06 UTC,0,2017-11-09,13,Thu
103036,15,1,6,3,2017-11-09 13:20:38 UTC,0,2017-11-09,13,Thu
44595,15,1,6,3,2017-11-09 13:23:53 UTC,0,2017-11-09,13,Thu
97684,15,1,13,3,2017-11-09 14:29:36 UTC,0,2017-11-09,14,Thu
111153,15,1,20,3,2017-11-09 14:36:58 UTC,0,2017-11-09,14,Thu
364625,45,1,18,5,2017-11-09 10:01:40 UTC,0,2017-11-09,10,Thu
21162,1,1,19,13,2017-11-08 02:23:49 UTC,0,2017-11-08,2,Wed
24932,1,1,13,13,2017-11-08 02:45:46 UTC,0,2017-11-08,2,Wed
23674,1,2,18,13,2017-11-08 02:56:01 UTC,0,2017-11-08,2,Wed
9923,1,1,13,13,2017-11-09 11:07:58 UTC,0,2017-11-09,11,Thu
352328,1,1,19,13,2017-11-09 11:52:49 UTC,0,2017-11-09,11,Thu
53964,1,1,46,13,2017-11-09 13:25:56 UTC,0,2017-11-09,13,Thu
301290,1,2,100,13,2017-11-09 13:41:13 UTC,0,2017-11-09,13,Thu
357463,1,2,100,13,2017-11-09 14:32:18 UTC,0,2017-11-09,14,Thu
66767,1,1,13,17,2017-11-07 00:57:08 UTC,0,2017-11-07,0,Tue
45609,1,1,17,17,2017-11-07 02:31:58 UTC,0,2017-11-07,2,Tue
159853,1,1,37,17,2017-11-07 09:26:59 UTC,0,2017-11-07,9,Tue
128610,1,1,8,17,2017-11-07 13:41:55 UTC,0,2017-11-07,13,Tue
108881,1,1,15,17,2017-11-07 14:28:50 UTC,0,2017-11-07,14,Tue
69034,1,1,13,17,2017-11-07 22:06:49 UTC,0,2017-11-07,22,Tue
43793,1,1,12,17,2017-11-08 14:52:48 UTC,0,2017-11-08,14,Wed
41313,1,1,13,17,2017-11-08 15:29:20 UTC,0,2017-11-08,15,Wed
280785,1,1,36,17,2017-11-09 00:34:15 UTC,0,2017-11-09,0,Thu
36395,1,1,14,17,2017-11-09 08:07:31 UTC,0,2017-11-09,8,Thu
297411,1,1,3,17,2017-11-09 12:52:35 UTC,0,2017-11-09,12,Thu
139907,3,1,13,19,2017-11-06 16:52:34 UTC,0,2017-11-06,16,Mon
9414,3,1,13,19,2017-11-06 17:26:55 UTC,0,2017-11-06,17,Mon
48240,3,1,10,19,2017-11-06 23:45:34 UTC,0,2017-11-06,23,Mon
34432,12,1,10,19,2017-11-07 00:38:44 UTC,0,2017-11-07,0,Tue
50689,3,1,19,19,2017-11-07 01:19:53 UTC,0,2017-11-07,1,Tue
17836,3,1,13,19,2017-11-07 01:32:01 UTC,0,2017-11-07,1,Tue
37559,12,1,13,19,2017-11-07 02:38:10 UTC,0,2017-11-07,2,Tue
32791,3,1,10,19,2017-11-07 05:35:45 UTC,0,2017-11-07,5,Tue
190767,3,1,19,19,2017-11-07 07:02:28 UTC,0,2017-11-07,7,Tue
122417,12,1,19,19,2017-11-07 07:21:56 UTC,0,2017-11-07,7,Tue
35040,12,1,23,19,2017-11-07 10:20:02 UTC,0,2017-11-07,10,Tue
24592,3,1,19,19,2017-11-07 10:30:37 UTC,0,2017-11-07,10,Tue
104397,12,1,37,19,2017-11-07 10:43:53 UTC,0,2017-11-07,10,Tue
31444,3,1,13,19,2017-11-07 11:18:16 UTC,0,2017-11-07,11,Tue
96832,12,1,7,19,2017-11-07 11:30:32 UTC,0,2017-11-07,11,Tue
59426,12,1,18,19,2017-11-07 11:31:15 UTC,0,2017-11-07,11,Tue
35951,3,1,13,19,2017-11-07 12:32:43 UTC,0,2017-11-07,12,Tue
53479,3,1,10,19,2017-11-07 12:40:18 UTC,0,2017-11-07,12,Tue
45467,12,1,19,19,2017-11-07 15:56:29 UTC,0,2017-11-07,15,Tue
162109,3,1,19,19,2017-11-07 21:51:25 UTC,0,2017-11-07,21,Tue
88785,3,1,37,19,2017-11-07 23:36:37 UTC,0,2017-11-07,23,Tue
117524,12,1,37,19,2017-11-08 00:20:11 UTC,0,2017-11-08,0,Wed
42861,12,1,8,19,2017-11-08 00:21:04 UTC,0,2017-11-08,0,Wed
69375,3,1,19,19,2017-11-08 00:49:22 UTC,0,2017-11-08,0,Wed
145549,3,1,19,19,2017-11-08 01:11:01 UTC,0,2017-11-08,1,Wed
43395,12,1,19,19,2017-11-08 05:01:39 UTC,0,2017-11-08,5,Wed
111299,3,1,19,19,2017-11-08 06:31:05 UTC,0,2017-11-08,6,Wed
17814,3,1,53,19,2017-11-08 07:05:25 UTC,0,2017-11-08,7,Wed
26934,3,1,13,19,2017-11-08 07:24:12 UTC,0,2017-11-08,7,Wed
69691,12,1,13,19,2017-11-08 09:05:10 UTC,0,2017-11-08,9,Wed
212034,3,1,13,19,2017-11-08 09:40:35 UTC,0,2017-11-08,9,Wed
20327,3,1,13,19,2017-11-08 10:05:57 UTC,0,2017-11-08,10,Wed
9886,12,1,13,19,2017-11-08 10:44:32 UTC,0,2017-11-08,10,Wed
91799,12,1,13,19,2017-11-08 10:53:14 UTC,0,2017-11-08,10,Wed
124128,3,1,35,19,2017-11-08 11:08:56 UTC,0,2017-11-08,11,Wed
81909,12,1,19,19,2017-11-08 11:29:07 UTC,0,2017-11-08,11,Wed
93808,3,1,19,19,2017-11-08 11:32:57 UTC,0,2017-11-08,11,Wed
26208,3,1,17,19,2017-11-08 14:26:21 UTC,0,2017-11-08,14,Wed
247965,3,1,13,19,2017-11-08 14:56:04 UTC,0,2017-11-08,14,Wed
4052,12,1,6,19,2017-11-08 16:38:19 UTC,0,2017-11-08,16,Wed
92852,12,1,19,19,2017-11-08 20:24:58 UTC,0,2017-11-08,20,Wed
260928,3,1,13,19,2017-11-08 21:35:25 UTC,0,2017-11-08,21,Wed
291006,3,1,32,19,2017-11-08 22:49:24 UTC,0,2017-11-08,22,Wed
328915,12,1,15,19,2017-11-09 01:05:48 UTC,0,2017-11-09,1,Thu
99897,12,1,13,19,2017-11-09 01:20:10 UTC,0,2017-11-09,1,Thu
111324,3,1,13,19,2017-11-09 01:57:50 UTC,0,2017-11-09,1,Thu
53632,12,1,19,19,2017-11-09 03:02:54 UTC,0,2017-11-09,3,Thu
336720,12,1,19,19,2017-11-09 03:41:42 UTC,0,2017-11-09,3,Thu
95064,12,1,15,19,2017-11-09 04:14:25 UTC,0,2017-11-09,4,Thu
162814,12,1,44,19,2017-11-09 05:45:58 UTC,0,2017-11-09,5,Thu
25299,3,1,3,19,2017-11-09 06:06:08 UTC,0,2017-11-09,6,Thu
125100,12,1,19,19,2017-11-09 06:21:16 UTC,0,2017-11-09,6,Thu
63483,12,1,25,19,2017-11-09 06:53:25 UTC,0,2017-11-09,6,Thu
118756,3,1,19,19,2017-11-09 07:00:29 UTC,0,2017-11-09,7,Thu
22006,3,1,22,19,2017-11-09 07:02:19 UTC,0,2017-11-09,7,Thu
19069,3,1,19,19,2017-11-09 07:07:41 UTC,0,2017-11-09,7,Thu
32745,12,1,13,19,2017-11-09 07:47:44 UTC,0,2017-11-09,7,Thu
334558,12,1,13,19,2017-11-09 10:22:12 UTC,0,2017-11-09,10,Thu
105148,12,1,14,19,2017-11-09 12:38:10 UTC,0,2017-11-09,12,Thu
29836,3,1,8,19,2017-11-09 13:59:51 UTC,0,2017-11-09,13,Thu
80827,12,1,3,19,2017-11-09 14:51:01 UTC,0,2017-11-09,14,Thu
38076,35,1,13,21,2017-11-07 01:22:23 UTC,1,2017-11-07,1,Tue
122145,37,1,19,21,2017-11-07 04:49:49 UTC,0,2017-11-07,4,Tue
60501,61,1,13,21,2017-11-07 07:48:27 UTC,0,2017-11-07,7,Tue
94240,74,1,19,21,2017-11-07 09:14:26 UTC,0,2017-11-07,9,Tue
34539,61,1,13,21,2017-11-07 09:39:39 UTC,0,2017-11-07,9,Tue
44582,37,1,17,21,2017-11-07 10:23:30 UTC,0,2017-11-07,10,Tue
83525,37,1,19,21,2017-11-07 12:56:27 UTC,0,2017-11-07,12,Tue
25158,35,1,31,21,2017-11-07 13:46:17 UTC,0,2017-11-07,13,Tue
53570,37,1,15,21,2017-11-07 16:36:18 UTC,0,2017-11-07,16,Tue
65785,37,1,3,21,2017-11-08 03:33:01 UTC,0,2017-11-08,3,Wed
164682,82,1,13,21,2017-11-08 06:06:21 UTC,0,2017-11-08,6,Wed
142483,62,1,19,21,2017-11-08 07:23:57 UTC,0,2017-11-08,7,Wed
92447,62,1,20,21,2017-11-08 09:46:20 UTC,0,2017-11-08,9,Wed
164253,35,1,19,21,2017-11-08 09:49:59 UTC,1,2017-11-08,9,Wed
55339,103,1,17,21,2017-11-08 23:22:36 UTC,0,2017-11-08,23,Wed
50129,35,1,19,21,2017-11-08 23:40:16 UTC,1,2017-11-08,23,Wed
47824,35,1,19,21,2017-11-09 03:58:40 UTC,1,2017-11-09,3,Thu
23714,37,1,18,21,2017-11-09 05:00:47 UTC,0,2017-11-09,5,Thu
2348,62,3866,866,21,2017-11-09 07:57:34 UTC,0,2017-11-09,7,Thu
44456,35,1,17,21,2017-11-09 10:22:50 UTC,0,2017-11-09,10,Thu
125436,1,1,18,24,2017-11-07 04:36:37 UTC,0,2017-11-07,4,Tue
207271,1,1,55,24,2017-11-07 08:22:58 UTC,0,2017-11-07,8,Tue
29101,1,1,13,24,2017-11-09 10:21:56 UTC,0,2017-11-09,10,Thu
315264,1,1,71,24,2017-11-09 13:26:01 UTC,0,2017-11-09,13,Thu
125385,18,1,13,30,2017-11-07 03:20:16 UTC,0,2017-11-07,3,Tue
58978,23,1,19,30,2017-11-08 02:56:52 UTC,0,2017-11-08,2,Wed
8964,18,2,18,30,2017-11-09 07:12:37 UTC,0,2017-11-09,7,Thu
55722,3,1,17,30,2017-11-09 07:19:52 UTC,0,2017-11-09,7,Thu
55722,3,2,13,30,2017-11-09 11:04:46 UTC,0,2017-11-09,11,Thu
48282,23,1,13,30,2017-11-09 11:22:51 UTC,0,2017-11-09,11,Thu
116831,3,1,15,30,2017-11-09 12:43:19 UTC,0,2017-11-09,12,Thu
48282,3,1,19,30,2017-11-09 13:39:28 UTC,0,2017-11-09,13,Thu
48240,3,1,19,30,2017-11-09 13:50:23 UTC,0,2017-11-09,13,Thu
116795,3,1,13,30,2017-11-09 14:40:34 UTC,0,2017-11-09,14,Thu
181311,7,1,37,101,2017-11-07 03:08:12 UTC,0,2017-11-07,3,Tue
193113,7,1,13,101,2017-11-07 05:17:55 UTC,0,2017-11-07,5,Tue
122744,7,1,25,101,2017-11-07 08:34:46 UTC,0,2017-11-07,8,Tue
132492,7,1,19,101,2017-11-07 08:42:16 UTC,0,2017-11-07,8,Tue
22037,7,1,19,101,2017-11-07 08:59:26 UTC,0,2017-11-07,8,Tue
110009,7,1,13,101,2017-11-07 09:55:18 UTC,0,2017-11-07,9,Tue
66463,7,1,19,101,2017-11-07 10:08:34 UTC,0,2017-11-07,10,Tue
39818,7,1,13,101,2017-11-07 10:08:37 UTC,0,2017-11-07,10,Tue
13516,7,1,58,101,2017-11-07 10:10:16 UTC,0,2017-11-07,10,Tue
148508,7,1,13,101,2017-11-07 10:11:11 UTC,0,2017-11-07,10,Tue
123623,7,2,19,101,2017-11-07 10:13:11 UTC,0,2017-11-07,10,Tue
11272,7,1,19,101,2017-11-07 10:18:28 UTC,0,2017-11-07,10,Tue
146001,7,1,19,101,2017-11-07 10:21:19 UTC,0,2017-11-07,10,Tue
7346,7,1,19,101,2017-11-07 10:21:38 UTC,0,2017-11-07,10,Tue
22237,7,1,22,101,2017-11-07 10:23:26 UTC,0,2017-11-07,10,Tue
116708,7,1,13,101,2017-11-07 10:27:44 UTC,0,2017-11-07,10,Tue
36349,7,1,13,101,2017-11-07 10:37:16 UTC,0,2017-11-07,10,Tue
10760,7,1,48,101,2017-11-07 10:41:55 UTC,0,2017-11-07,10,Tue
47118,7,1,15,101,2017-11-07 10:42:52 UTC,0,2017-11-07,10,Tue
116001,7,1,10,101,2017-11-07 10:44:49 UTC,0,2017-11-07,10,Tue
31784,72,1,19,101,2017-11-07 11:11:16 UTC,0,2017-11-07,11,Tue
66066,7,1,27,101,2017-11-07 11:16:40 UTC,0,2017-11-07,11,Tue
48240,7,2,9,101,2017-11-07 11:21:04 UTC,0,2017-11-07,11,Tue
41227,7,1,1,101,2017-11-07 11:21:33 UTC,0,2017-11-07,11,Tue
151044,7,1,18,101,2017-11-07 11:22:33 UTC,0,2017-11-07,11,Tue
43537,7,1,19,101,2017-11-07 11:23:38 UTC,0,2017-11-07,11,Tue
81013,7,1,19,101,2017-11-07 11:29:34 UTC,0,2017-11-07,11,Tue
55430,7,1,10,101,2017-11-07 11:38:36 UTC,0,2017-11-07,11,Tue
5348,7,1,9,101,2017-11-07 11:45:27 UTC,0,2017-11-07,11,Tue
212579,7,1,32,101,2017-11-07 14:17:20 UTC,0,2017-11-07,14,Tue
97463,7,1,22,101,2017-11-07 23:20:09 UTC,0,2017-11-07,23,Tue
218035,19,21,24,101,2017-11-07 23:32:19 UTC,0,2017-11-07,23,Tue
100182,7,2,19,101,2017-11-07 23:40:45 UTC,0,2017-11-07,23,Tue
68568,4,1,13,101,2017-11-08 02:12:30 UTC,0,2017-11-08,2,Wed
27389,4,1,8,101,2017-11-08 02:16:11 UTC,0,2017-11-08,2,Wed
75634,4,1,47,101,2017-11-08 02:18:48 UTC,0,2017-11-08,2,Wed
123977,4,1,37,101,2017-11-08 02:29:06 UTC,0,2017-11-08,2,Wed
97744,4,1,17,101,2017-11-08 02:37:04 UTC,0,2017-11-08,2,Wed
77107,1,1,19,101,2017-11-08 02:57:21 UTC,0,2017-11-08,2,Wed
48282,7,1,5,101,2017-11-08 05:03:46 UTC,0,2017-11-08,5,Wed
5348,7,1,43,101,2017-11-08 05:39:44 UTC,0,2017-11-08,5,Wed
114678,7,59,6,101,2017-11-08 05:53:37 UTC,0,2017-11-08,5,Wed
84634,7,1,13,101,2017-11-08 09:56:15 UTC,0,2017-11-08,9,Wed
78943,6,1,18,101,2017-11-08 10:27:02 UTC,0,2017-11-08,10,Wed
93003,7,1,13,101,2017-11-08 10:27:12 UTC,0,2017-11-08,10,Wed
96083,6,1,22,101,2017-11-08 10:58:39 UTC,0,2017-11-08,10,Wed
38959,72,1,18,101,2017-11-08 11:24:52 UTC,1,2017-11-08,11,Wed
262704,7,2,35,101,2017-11-08 11:55:54 UTC,0,2017-11-08,11,Wed
54065,29,1,19,101,2017-11-08 12:12:52 UTC,0,2017-11-08,12,Wed
183647,7,1,13,101,2017-11-08 16:02:28 UTC,0,2017-11-08,16,Wed
360796,72,1,22,101,2017-11-08 23:30:10 UTC,1,2017-11-08,23,Wed
80219,7,1,18,101,2017-11-09 02:35:53 UTC,0,2017-11-09,2,Thu
11039,7,1,18,101,2017-11-09 03:31:06 UTC,0,2017-11-09,3,Thu
98781,7,1,19,101,2017-11-09 03:31:46 UTC,0,2017-11-09,3,Thu
1091,7,1,37,101,2017-11-09 03:36:18 UTC,0,2017-11-09,3,Thu
77809,7,1,19,101,2017-11-09 03:53:30 UTC,0,2017-11-09,3,Thu
115681,7,1,13,101,2017-11-09 04:21:17 UTC,0,2017-11-09,4,Thu
4754,7,1,18,101,2017-11-09 04:34:51 UTC,0,2017-11-09,4,Thu
5178,7,1,26,101,2017-11-09 04:37:27 UTC,0,2017-11-09,4,Thu
119349,7,1,41,101,2017-11-09 05:07:04 UTC,0,2017-11-09,5,Thu
50924,7,1,13,101,2017-11-09 05:23:23 UTC,0,2017-11-09,5,Thu
110172,7,1,19,101,2017-11-09 05:36:02 UTC,0,2017-11-09,5,Thu
29346,7,1,19,101,2017-11-09 05:40:12 UTC,0,2017-11-09,5,Thu
95434,7,1,19,101,2017-11-09 05:57:20 UTC,0,2017-11-09,5,Thu
204788,7,1,13,101,2017-11-09 06:05:57 UTC,0,2017-11-09,6,Thu
33691,7,1,8,101,2017-11-09 06:06:41 UTC,0,2017-11-09,6,Thu
351763,7,1,13,101,2017-11-09 06:09:52 UTC,0,2017-11-09,6,Thu
19403,7,1,19,101,2017-11-09 06:10:58 UTC,0,2017-11-09,6,Thu
125362,7,1,19,101,2017-11-09 06:11:16 UTC,0,2017-11-09,6,Thu
59125,7,1,13,101,2017-11-09 06:12:54 UTC,0,2017-11-09,6,Thu
114220,7,1,27,101,2017-11-09 06:20:53 UTC,0,2017-11-09,6,Thu
67494,7,1,14,101,2017-11-09 06:22:46 UTC,0,2017-11-09,6,Thu
64615,7,1,13,101,2017-11-09 06:23:08 UTC,0,2017-11-09,6,Thu
23674,7,1,22,101,2017-11-09 06:23:28 UTC,0,2017-11-09,6,Thu
106493,7,1,15,101,2017-11-09 06:34:41 UTC,0,2017-11-09,6,Thu
287355,7,1,31,101,2017-11-09 06:34:50 UTC,0,2017-11-09,6,Thu
17137,7,1,1,101,2017-11-09 06:42:17 UTC,0,2017-11-09,6,Thu
106279,7,1,13,101,2017-11-09 06:48:27 UTC,0,2017-11-09,6,Thu
106034,7,1,37,101,2017-11-09 06:49:44 UTC,0,2017-11-09,6,Thu
124041,7,1,19,101,2017-11-09 06:50:09 UTC,0,2017-11-09,6,Thu
1810,7,1,13,101,2017-11-09 06:52:00 UTC,0,2017-11-09,6,Thu
301829,7,1,23,101,2017-11-09 06:56:16 UTC,0,2017-11-09,6,Thu
89458,7,1,19,101,2017-11-09 07:19:38 UTC,0,2017-11-09,7,Thu
32391,7,1,19,101,2017-11-09 07:27:37 UTC,0,2017-11-09,7,Thu
292112,7,3866,866,101,2017-11-09 07:36:03 UTC,0,2017-11-09,7,Thu
56246,7,2,10,101,2017-11-09 07:52:10 UTC,0,2017-11-09,7,Thu
114446,7,1,28,101,2017-11-09 08:13:06 UTC,0,2017-11-09,8,Thu
100543,7,1,13,101,2017-11-09 08:15:24 UTC,0,2017-11-09,8,Thu
80048,7,1,6,101,2017-11-09 08:15:53 UTC,0,2017-11-09,8,Thu
48240,7,1,19,101,2017-11-09 08:21:05 UTC,0,2017-11-09,8,Thu
66258,7,1,13,101,2017-11-09 08:35:26 UTC,0,2017-11-09,8,Thu
80743,4,1,19,101,2017-11-09 08:47:08 UTC,0,2017-11-09,8,Thu
17899,72,1,13,101,2017-11-09 09:10:42 UTC,0,2017-11-09,9,Thu
71071,7,1,6,101,2017-11-09 09:15:33 UTC,0,2017-11-09,9,Thu
35984,7,1,1,101,2017-11-09 09:21:50 UTC,0,2017-11-09,9,Thu
109463,7,1,19,101,2017-11-09 09:31:33 UTC,0,2017-11-09,9,Thu
97444,7,1,13,101,2017-11-09 09:37:17 UTC,0,2017-11-09,9,Thu
20362,7,1,27,101,2017-11-09 10:41:10 UTC,0,2017-11-09,10,Thu
5729,7,1,25,101,2017-11-09 10:44:05 UTC,0,2017-11-09,10,Thu
7962,7,1,22,101,2017-11-09 10:45:24 UTC,0,2017-11-09,10,Thu
93320,7,1,35,101,2017-11-09 11:13:54 UTC,0,2017-11-09,11,Thu
105475,7,1,9,101,2017-11-09 11:22:23 UTC,0,2017-11-09,11,Thu
325602,4,1,13,101,2017-11-09 12:09:24 UTC,0,2017-11-09,12,Thu
93226,7,1,19,101,2017-11-09 12:13:09 UTC,0,2017-11-09,12,Thu
48240,7,1,17,101,2017-11-09 12:48:08 UTC,0,2017-11-09,12,Thu
97073,7,1,18,101,2017-11-09 12:53:39 UTC,0,2017-11-09,12,Thu
112302,7,1,35,101,2017-11-09 12:54:07 UTC,0,2017-11-09,12,Thu
71808,1,1,22,101,2017-11-09 13:13:44 UTC,0,2017-11-09,13,Thu
347595,72,1,27,101,2017-11-09 13:20:47 UTC,0,2017-11-09,13,Thu
85625,4,1,18,101,2017-11-09 13:28:33 UTC,0,2017-11-09,13,Thu
119349,7,1,47,101,2017-11-09 13:31:58 UTC,0,2017-11-09,13,Thu
322335,7,1,1,101,2017-11-09 14:02:27 UTC,0,2017-11-09,14,Thu
48282,7,1,42,101,2017-11-09 14:09:28 UTC,0,2017-11-09,14,Thu
339238,7,1,20,101,2017-11-09 14:33:12 UTC,0,2017-11-09,14,Thu
24876,7,1,15,101,2017-11-09 14:36:00 UTC,0,2017-11-09,14,Thu
81456,7,1,8,101,2017-11-09 14:54:43 UTC,0,2017-11-09,14,Thu
81685,4,1,19,101,2017-11-09 15:20:42 UTC,0,2017-11-09,15,Thu
171690,7,1,49,101,2017-11-09 15:27:39 UTC,0,2017-11-09,15,Thu
105475,7,1,3,101,2017-11-09 15:43:42 UTC,0,2017-11-09,15,Thu
85644,24,2,19,105,2017-11-06 16:06:36 UTC,0,2017-11-06,16,Mon
49652,24,2,5,105,2017-11-06 16:48:37 UTC,0,2017-11-06,16,Mon
102435,24,1,8,105,2017-11-06 17:12:14 UTC,0,2017-11-06,17,Mon
55830,24,1,19,105,2017-11-06 18:31:15 UTC,0,2017-11-06,18,Mon
67439,24,2,19,105,2017-11-06 21:37:16 UTC,0,2017-11-06,21,Mon
156058,24,1,13,105,2017-11-07 00:43:34 UTC,0,2017-11-07,0,Tue
202016,12,1,12,105,2017-11-07 01:08:12 UTC,0,2017-11-07,1,Tue
62916,24,1,15,105,2017-11-07 01:11:20 UTC,0,2017-11-07,1,Tue
92823,24,1,13,105,2017-11-07 01:47:33 UTC,0,2017-11-07,1,Tue
123948,24,1,12,105,2017-11-07 02:51:32 UTC,0,2017-11-07,2,Tue
135983,24,1,17,105,2017-11-07 03:20:15 UTC,0,2017-11-07,3,Tue
47132,24,1,42,105,2017-11-07 03:48:04 UTC,0,2017-11-07,3,Tue
139605,24,2,10,105,2017-11-07 05:06:28 UTC,0,2017-11-07,5,Tue
55397,24,1,22,105,2017-11-07 05:15:04 UTC,0,2017-11-07,5,Tue
74257,24,2,10,105,2017-11-07 07:49:55 UTC,0,2017-11-07,7,Tue
86767,12,1,37,105,2017-11-07 07:54:46 UTC,0,2017-11-07,7,Tue
129623,24,1,19,105,2017-11-07 08:28:50 UTC,0,2017-11-07,8,Tue
210912,24,1,13,105,2017-11-07 09:01:49 UTC,0,2017-11-07,9,Tue
66437,24,1,8,105,2017-11-07 09:29:47 UTC,0,2017-11-07,9,Tue
58672,12,1,17,105,2017-11-07 09:33:53 UTC,0,2017-11-07,9,Tue
4052,24,2,36,105,2017-11-07 09:58:35 UTC,0,2017-11-07,9,Tue
75595,24,1,19,105,2017-11-07 10:50:06 UTC,0,2017-11-07,10,Tue
194354,12,1,13,105,2017-11-07 12:15:47 UTC,0,2017-11-07,12,Tue
189805,12,1,23,105,2017-11-07 12:30:07 UTC,0,2017-11-07,12,Tue
164865,24,1,10,105,2017-11-07 12:32:38 UTC,0,2017-11-07,12,Tue
85188,24,1,19,105,2017-11-07 12:44:08 UTC,0,2017-11-07,12,Tue
156240,24,1,16,105,2017-11-07 13:23:32 UTC,0,2017-11-07,13,Tue
152323,24,1,19,105,2017-11-07 14:05:23 UTC,0,2017-11-07,14,Tue
92227,12,1,13,105,2017-11-07 14:29:33 UTC,0,2017-11-07,14,Tue
48646,24,1,17,105,2017-11-07 14:29:34 UTC,0,2017-11-07,14,Tue
204285,24,1,8,105,2017-11-07 14:40:17 UTC,0,2017-11-07,14,Tue
39698,24,1,8,105,2017-11-07 15:08:12 UTC,0,2017-11-07,15,Tue
121039,24,1,19,105,2017-11-07 16:43:52 UTC,0,2017-11-07,16,Tue
114620,24,1,17,105,2017-11-07 17:22:01 UTC,0,2017-11-07,17,Tue
10328,12,1,6,105,2017-11-07 21:08:31 UTC,0,2017-11-07,21,Tue
141094,24,1,11,105,2017-11-07 22:39:55 UTC,0,2017-11-07,22,Tue
85192,24,2,19,105,2017-11-07 22:57:09 UTC,0,2017-11-07,22,Tue
44494,12,1,13,105,2017-11-08 01:23:31 UTC,0,2017-11-08,1,Wed
80466,24,1,13,105,2017-11-08 02:03:25 UTC,0,2017-11-08,2,Wed
285450,24,1,13,105,2017-11-08 02:09:55 UTC,0,2017-11-08,2,Wed
69173,12,1,4,105,2017-11-08 02:23:20 UTC,0,2017-11-08,2,Wed
10826,24,1,17,105,2017-11-08 03:05:10 UTC,0,2017-11-08,3,Wed
21845,24,1,19,105,2017-11-08 04:10:44 UTC,0,2017-11-08,4,Wed
148472,12,1,8,105,2017-11-08 07:00:43 UTC,0,2017-11-08,7,Wed
7471,24,1,19,105,2017-11-08 08:57:55 UTC,0,2017-11-08,8,Wed
251954,24,1,23,105,2017-11-08 09:34:50 UTC,0,2017-11-08,9,Wed
81419,12,2,13,105,2017-11-08 10:43:48 UTC,0,2017-11-08,10,Wed
6396,24,1,19,105,2017-11-08 11:31:47 UTC,0,2017-11-08,11,Wed
85120,24,1,19,105,2017-11-08 14:15:50 UTC,0,2017-11-08,14,Wed
39782,24,1,58,105,2017-11-08 15:04:53 UTC,0,2017-11-08,15,Wed
73487,24,2,20,105,2017-11-08 15:32:43 UTC,0,2017-11-08,15,Wed
12948,24,1,47,105,2017-11-08 15:53:02 UTC,0,2017-11-08,15,Wed
58838,24,1,13,105,2017-11-08 18:46:01 UTC,0,2017-11-08,18,Wed
75644,24,1,13,105,2017-11-08 21:14:15 UTC,0,2017-11-08,21,Wed
108490,24,1,19,105,2017-11-08 21:14:52 UTC,0,2017-11-08,21,Wed
25792,24,1,8,105,2017-11-08 21:43:50 UTC,0,2017-11-08,21,Wed
46371,24,2,30,105,2017-11-08 23:52:25 UTC,0,2017-11-08,23,Wed
108742,12,1,13,105,2017-11-09 01:03:42 UTC,0,2017-11-09,1,Thu
56411,12,1,13,105,2017-11-09 02:03:21 UTC,0,2017-11-09,2,Thu
95255,24,1,6,105,2017-11-09 02:37:37 UTC,0,2017-11-09,2,Thu
75634,12,1,27,105,2017-11-09 02:48:07 UTC,0,2017-11-09,2,Thu
146600,24,1,13,105,2017-11-09 04:00:49 UTC,0,2017-11-09,4,Thu
94117,12,1,41,105,2017-11-09 04:40:37 UTC,0,2017-11-09,4,Thu
55508,24,1,13,105,2017-11-09 04:59:53 UTC,0,2017-11-09,4,Thu
125736,24,1,19,105,2017-11-09 08:33:11 UTC,0,2017-11-09,8,Thu
125222,12,1,8,105,2017-11-09 09:47:14 UTC,0,2017-11-09,9,Thu
34840,12,1,19,105,2017-11-09 10:13:28 UTC,0,2017-11-09,10,Thu
13403,12,1,19,105,2017-11-09 11:18:30 UTC,0,2017-11-09,11,Thu
61191,12,1,32,105,2017-11-09 13:02:00 UTC,0,2017-11-09,13,Thu
119369,24,2,18,105,2017-11-09 14:47:46 UTC,0,2017-11-09,14,Thu
202693,24,1,10,105,2017-11-09 15:08:22 UTC,0,2017-11-09,15,Thu
107274,24,2,19,105,2017-11-09 15:23:20 UTC,0,2017-11-09,15,Thu
362691,24,1,22,105,2017-11-09 15:54:58 UTC,0,2017-11-09,15,Thu
32937,18,1,6,107,2017-11-06 16:24:27 UTC,0,2017-11-06,16,Mon
124136,18,1,19,107,2017-11-06 16:32:59 UTC,0,2017-11-06,16,Mon
3262,18,1,17,107,2017-11-06 16:43:26 UTC,0,2017-11-06,16,Mon
190676,18,1,19,107,2017-11-06 16:50:52 UTC,0,2017-11-06,16,Mon
79857,18,1,13,107,2017-11-06 17:12:10 UTC,0,2017-11-06,17,Mon
79787,18,1,18,107,2017-11-06 17:17:06 UTC,0,2017-11-06,17,Mon
15343,18,1,19,107,2017-11-06 17:47:27 UTC,0,2017-11-06,17,Mon
105475,18,1,17,107,2017-11-06 17:49:48 UTC,0,2017-11-06,17,Mon
79493,18,1,13,107,2017-11-06 18:25:43 UTC,0,2017-11-06,18,Mon
108942,18,1,19,107,2017-11-06 18:31:27 UTC,0,2017-11-06,18,Mon
191797,18,3032,607,107,2017-11-06 21:23:33 UTC,0,2017-11-06,21,Mon
19090,18,1,19,107,2017-11-06 21:33:28 UTC,0,2017-11-06,21,Mon
198163,18,1,6,107,2017-11-06 21:46:11 UTC,0,2017-11-06,21,Mon
21249,18,3032,607,107,2017-11-06 22:43:24 UTC,0,2017-11-06,22,Mon
59295,18,1,13,107,2017-11-06 23:01:09 UTC,0,2017-11-06,23,Mon
40898,18,1,6,107,2017-11-06 23:17:41 UTC,0,2017-11-06,23,Mon
89940,18,3032,607,107,2017-11-06 23:29:05 UTC,0,2017-11-06,23,Mon
43793,18,1,34,107,2017-11-06 23:49:25 UTC,0,2017-11-06,23,Mon
37375,18,1,13,107,2017-11-06 23:49:35 UTC,0,2017-11-06,23,Mon
202204,18,3032,607,107,2017-11-06 23:50:32 UTC,0,2017-11-06,23,Mon
117559,18,1,18,107,2017-11-07 00:01:40 UTC,0,2017-11-07,0,Tue
59925,18,1,18,107,2017-11-07 00:11:42 UTC,0,2017-11-07,0,Tue
55103,18,1,40,107,2017-11-07 00:12:51 UTC,0,2017-11-07,0,Tue
83723,18,1,15,107,2017-11-07 00:15:57 UTC,0,2017-11-07,0,Tue
55849,18,1,13,107,2017-11-07 00:19:44 UTC,0,2017-11-07,0,Tue
71388,18,1,13,107,2017-11-07 00:32:13 UTC,0,2017-11-07,0,Tue
23616,18,1,1,107,2017-11-07 00:37:07 UTC,0,2017-11-07,0,Tue
17816,18,1,3,107,2017-11-07 00:45:50 UTC,0,2017-11-07,0,Tue
179984,18,1,1,107,2017-11-07 00:47:20 UTC,0,2017-11-07,0,Tue
73954,18,1,19,107,2017-11-07 00:51:46 UTC,0,2017-11-07,0,Tue
177243,18,1,20,107,2017-11-07 00:58:46 UTC,0,2017-11-07,0,Tue
150712,18,1,15,107,2017-11-07 01:00:27 UTC,0,2017-11-07,1,Tue
176464,18,1,19,107,2017-11-07 01:04:12 UTC,0,2017-11-07,1,Tue
106200,18,1,15,107,2017-11-07 01:14:30 UTC,0,2017-11-07,1,Tue
177000,18,1,1,107,2017-11-07 01:29:48 UTC,0,2017-11-07,1,Tue
142197,18,1,17,107,2017-11-07 01:39:35 UTC,0,2017-11-07,1,Tue
7481,18,1,17,107,2017-11-07 01:44:03 UTC,0,2017-11-07,1,Tue
43803,18,1,22,107,2017-11-07 01:52:37 UTC,0,2017-11-07,1,Tue
47490,18,1,19,107,2017-11-07 01:55:15 UTC,0,2017-11-07,1,Tue
67249,18,1,19,107,2017-11-07 02:09:00 UTC,0,2017-11-07,2,Tue
81138,18,3032,607,107,2017-11-07 02:37:43 UTC,0,2017-11-07,2,Tue
205644,18,1,13,107,2017-11-07 02:40:35 UTC,0,2017-11-07,2,Tue
155347,18,1,9,107,2017-11-07 02:44:48 UTC,0,2017-11-07,2,Tue
79180,18,1,4,107,2017-11-07 02:52:43 UTC,0,2017-11-07,2,Tue
74698,18,3032,607,107,2017-11-07 03:03:44 UTC,0,2017-11-07,3,Tue
116098,18,1,17,107,2017-11-07 03:04:04 UTC,0,2017-11-07,3,Tue
179026,18,1,13,107,2017-11-07 03:10:50 UTC,0,2017-11-07,3,Tue
191531,18,1,8,107,2017-11-07 03:28:03 UTC,0,2017-11-07,3,Tue
134011,18,1,20,107,2017-11-07 03:41:18 UTC,0,2017-11-07,3,Tue
102082,18,1,13,107,2017-11-07 04:16:13 UTC,0,2017-11-07,4,Tue
191163,18,1,22,107,2017-11-07 04:20:10 UTC,0,2017-11-07,4,Tue
118190,18,1,10,107,2017-11-07 04:43:08 UTC,0,2017-11-07,4,Tue
50168,18,1,27,107,2017-11-07 04:44:18 UTC,0,2017-11-07,4,Tue
12506,18,2,56,107,2017-11-07 04:53:59 UTC,0,2017-11-07,4,Tue
88528,18,1,19,107,2017-11-07 05:09:53 UTC,0,2017-11-07,5,Tue
191817,18,1,19,107,2017-11-07 05:17:28 UTC,0,2017-11-07,5,Tue
35703,18,1,1,107,2017-11-07 05:42:18 UTC,0,2017-11-07,5,Tue
89411,18,1,22,107,2017-11-07 06:02:00 UTC,0,2017-11-07,6,Tue
103125,18,3032,607,107,2017-11-07 06:15:01 UTC,0,2017-11-07,6,Tue
22978,18,3032,607,107,2017-11-07 06:27:20 UTC,0,2017-11-07,6,Tue
189570,18,1,10,107,2017-11-07 06:31:13 UTC,0,2017-11-07,6,Tue
31387,18,1,1,107,2017-11-07 06:49:27 UTC,0,2017-11-07,6,Tue
95766,18,1,13,107,2017-11-07 07:19:33 UTC,0,2017-11-07,7,Tue
46656,18,1,13,107,2017-11-07 07:30:51 UTC,0,2017-11-07,7,Tue
7884,18,1,19,107,2017-11-07 07:32:31 UTC,0,2017-11-07,7,Tue
85900,18,1,22,107,2017-11-07 07:40:03 UTC,0,2017-11-07,7,Tue
48359,18,1,20,107,2017-11-07 08:07:08 UTC,0,2017-11-07,8,Tue
120202,18,1,35,107,2017-11-07 08:22:22 UTC,0,2017-11-07,8,Tue
108794,18,3032,607,107,2017-11-07 08:23:40 UTC,0,2017-11-07,8,Tue
109839,18,1,6,107,2017-11-07 08:23:54 UTC,0,2017-11-07,8,Tue
119222,18,1,22,107,2017-11-07 08:27:19 UTC,0,2017-11-07,8,Tue
95181,18,1,47,107,2017-11-07 08:36:45 UTC,0,2017-11-07,8,Tue
72539,18,1,13,107,2017-11-07 08:49:02 UTC,0,2017-11-07,8,Tue
64079,18,1,36,107,2017-11-07 08:50:40 UTC,0,2017-11-07,8,Tue
160610,18,1,13,107,2017-11-07 08:53:45 UTC,0,2017-11-07,8,Tue
88971,18,3032,607,107,2017-11-07 08:58:37 UTC,0,2017-11-07,8,Tue
106883,18,3032,607,107,2017-11-07 09:05:42 UTC,0,2017-11-07,9,Tue
92766,18,1,13,107,2017-11-07 09:26:38 UTC,0,2017-11-07,9,Tue
21536,18,1,6,107,2017-11-07 09:28:22 UTC,0,2017-11-07,9,Tue
211889,18,1,40,107,2017-11-07 09:30:52 UTC,0,2017-11-07,9,Tue
105587,18,1,607,107,2017-11-07 09:31:01 UTC,0,2017-11-07,9,Tue
6351,18,1,13,107,2017-11-07 09:31:04 UTC,0,2017-11-07,9,Tue
2334,18,3032,607,107,2017-11-07 09:35:42 UTC,0,2017-11-07,9,Tue
38602,18,1,19,107,2017-11-07 09:42:40 UTC,0,2017-11-07,9,Tue
18439,18,1,25,107,2017-11-07 09:52:57 UTC,0,2017-11-07,9,Tue
110071,18,1,15,107,2017-11-07 09:54:17 UTC,0,2017-11-07,9,Tue
93067,18,3032,607,107,2017-11-07 09:58:44 UTC,0,2017-11-07,9,Tue
111078,18,1,12,107,2017-11-07 10:02:08 UTC,0,2017-11-07,10,Tue
75593,18,3032,607,107,2017-11-07 10:05:45 UTC,0,2017-11-07,10,Tue
63947,18,1,23,107,2017-11-07 10:18:49 UTC,0,2017-11-07,10,Tue
170860,18,1,1,107,2017-11-07 10:24:39 UTC,0,2017-11-07,10,Tue
14271,18,1,1,107,2017-11-07 10:27:54 UTC,0,2017-11-07,10,Tue
32441,18,1,17,107,2017-11-07 10:40:34 UTC,0,2017-11-07,10,Tue
6705,18,1,15,107,2017-11-07 10:49:14 UTC,0,2017-11-07,10,Tue
36132,18,1,18,107,2017-11-07 11:09:36 UTC,0,2017-11-07,11,Tue
100393,18,1,30,107,2017-11-07 11:10:23 UTC,0,2017-11-07,11,Tue
117094,18,1,32,107,2017-11-07 11:15:49 UTC,0,2017-11-07,11,Tue
100623,18,3032,607,107,2017-11-07 11:59:16 UTC,0,2017-11-07,11,Tue
109001,18,1,17,107,2017-11-07 11:59:54 UTC,0,2017-11-07,11,Tue
141511,18,1,16,107,2017-11-07 12:00:30 UTC,0,2017-11-07,12,Tue
563,18,3032,607,107,2017-11-07 12:25:56 UTC,0,2017-11-07,12,Tue
113762,18,1,19,107,2017-11-07 12:29:30 UTC,0,2017-11-07,12,Tue
180820,18,1,19,107,2017-11-07 12:41:28 UTC,0,2017-11-07,12,Tue
49602,18,1,17,107,2017-11-07 12:50:15 UTC,0,2017-11-07,12,Tue
34894,18,3032,607,107,2017-11-07 12:59:15 UTC,0,2017-11-07,12,Tue
95820,18,1,19,107,2017-11-07 13:15:16 UTC,0,2017-11-07,13,Tue
127902,18,1,10,107,2017-11-07 13:27:00 UTC,0,2017-11-07,13,Tue
5348,18,1,1,107,2017-11-07 13:30:27 UTC,0,2017-11-07,13,Tue
95111,18,1,13,107,2017-11-07 13:33:29 UTC,0,2017-11-07,13,Tue
53479,18,1,27,107,2017-11-07 13:34:39 UTC,0,2017-11-07,13,Tue
38413,18,1,31,107,2017-11-07 13:36:43 UTC,0,2017-11-07,13,Tue
31783,18,3032,607,107,2017-11-07 13:54:23 UTC,0,2017-11-07,13,Tue
100275,18,1,35,107,2017-11-07 13:56:45 UTC,0,2017-11-07,13,Tue
43793,18,1,13,107,2017-11-07 14:02:37 UTC,0,2017-11-07,14,Tue
49602,18,1,19,107,2017-11-07 14:06:28 UTC,0,2017-11-07,14,Tue
53085,18,1,18,107,2017-11-07 14:17:43 UTC,0,2017-11-07,14,Tue
211289,18,1,16,107,2017-11-07 14:42:10 UTC,0,2017-11-07,14,Tue
62906,18,1,27,107,2017-11-07 14:43:33 UTC,0,2017-11-07,14,Tue
85625,18,1,19,107,2017-11-07 14:45:15 UTC,0,2017-11-07,14,Tue
103502,18,3032,607,107,2017-11-07 14:45:20 UTC,0,2017-11-07,14,Tue
26050,18,1,41,107,2017-11-07 14:47:16 UTC,0,2017-11-07,14,Tue
67628,18,1,19,107,2017-11-07 14:54:13 UTC,0,2017-11-07,14,Tue
53454,18,1,19,107,2017-11-07 14:58:09 UTC,0,2017-11-07,14,Tue
206237,18,1,15,107,2017-11-07 15:02:27 UTC,0,2017-11-07,15,Tue
5574,18,1,10,107,2017-11-07 15:17:30 UTC,0,2017-11-07,15,Tue
53479,18,1,17,107,2017-11-07 15:20:17 UTC,0,2017-11-07,15,Tue
181182,18,1,13,107,2017-11-07 15:53:01 UTC,0,2017-11-07,15,Tue
123907,18,1,19,107,2017-11-07 15:54:17 UTC,0,2017-11-07,15,Tue
4205,18,1,13,107,2017-11-07 16:04:01 UTC,0,2017-11-07,16,Tue
8318,18,1,13,107,2017-11-07 16:05:00 UTC,0,2017-11-07,16,Tue
273335,18,1,22,107,2017-11-07 16:10:26 UTC,0,2017-11-07,16,Tue
32453,18,3543,748,107,2017-11-07 16:15:09 UTC,0,2017-11-07,16,Tue
6641,18,1,18,107,2017-11-07 16:20:07 UTC,0,2017-11-07,16,Tue
25792,18,1,13,107,2017-11-07 16:21:11 UTC,0,2017-11-07,16,Tue
107798,18,3543,748,107,2017-11-07 17:02:57 UTC,0,2017-11-07,17,Tue
115440,18,1,4,107,2017-11-07 17:17:27 UTC,0,2017-11-07,17,Tue
77906,18,3543,748,107,2017-11-07 17:44:19 UTC,0,2017-11-07,17,Tue
129191,18,1,18,107,2017-11-07 18:40:02 UTC,0,2017-11-07,18,Tue
90920,18,3543,748,107,2017-11-07 18:59:32 UTC,0,2017-11-07,18,Tue
43855,18,1,53,107,2017-11-07 19:06:12 UTC,0,2017-11-07,19,Tue
145963,18,1,17,107,2017-11-07 19:25:12 UTC,0,2017-11-07,19,Tue
109735,18,1,41,107,2017-11-07 20:28:17 UTC,0,2017-11-07,20,Tue
4759,18,1,19,107,2017-11-07 21:52:53 UTC,1,2017-11-07,21,Tue
81402,18,3543,748,107,2017-11-07 22:34:56 UTC,0,2017-11-07,22,Tue
89572,18,1,17,107,2017-11-07 22:58:38 UTC,0,2017-11-07,22,Tue
103251,18,1,23,107,2017-11-07 23:04:44 UTC,0,2017-11-07,23,Tue
48518,18,3543,748,107,2017-11-07 23:28:36 UTC,0,2017-11-07,23,Tue
46516,18,3543,748,107,2017-11-07 23:28:59 UTC,0,2017-11-07,23,Tue
246429,18,1,23,107,2017-11-07 23:32:32 UTC,0,2017-11-07,23,Tue
7709,18,3543,748,107,2017-11-07 23:35:12 UTC,0,2017-11-07,23,Tue
59595,18,3543,748,107,2017-11-07 23:36:28 UTC,0,2017-11-07,23,Tue
126371,18,3543,748,107,2017-11-07 23:42:53 UTC,0,2017-11-07,23,Tue
22866,18,1,15,107,2017-11-08 00:30:43 UTC,0,2017-11-08,0,Wed
25705,18,1,10,107,2017-11-08 00:33:13 UTC,0,2017-11-08,0,Wed
35221,18,1,1,107,2017-11-08 00:34:02 UTC,0,2017-11-08,0,Wed
9224,18,1,19,107,2017-11-08 00:41:20 UTC,0,2017-11-08,0,Wed
32663,18,1,15,107,2017-11-08 00:45:34 UTC,0,2017-11-08,0,Wed
193346,18,1,18,107,2017-11-08 00:48:47 UTC,0,2017-11-08,0,Wed
15572,18,1,53,107,2017-11-08 01:14:32 UTC,0,2017-11-08,1,Wed
10410,18,2,49,107,2017-11-08 01:18:45 UTC,0,2017-11-08,1,Wed
51701,18,1,1,107,2017-11-08 01:18:48 UTC,0,2017-11-08,1,Wed
108913,18,1,13,107,2017-11-08 01:46:15 UTC,0,2017-11-08,1,Wed
278480,18,1,6,107,2017-11-08 01:48:05 UTC,0,2017-11-08,1,Wed
925,18,1,19,107,2017-11-08 02:30:35 UTC,0,2017-11-08,2,Wed
53436,18,1,13,107,2017-11-08 02:47:16 UTC,0,2017-11-08,2,Wed
155293,18,1,19,107,2017-11-08 03:24:55 UTC,0,2017-11-08,3,Wed
73299,18,1,34,107,2017-11-08 03:25:33 UTC,0,2017-11-08,3,Wed
123609,18,1,13,107,2017-11-08 03:39:41 UTC,0,2017-11-08,3,Wed
105753,18,1,37,107,2017-11-08 03:40:19 UTC,0,2017-11-08,3,Wed
102225,18,1,12,107,2017-11-08 03:53:13 UTC,0,2017-11-08,3,Wed
107100,18,1,20,107,2017-11-08 04:31:19 UTC,0,2017-11-08,4,Wed
205301,18,1,17,107,2017-11-08 04:47:37 UTC,0,2017-11-08,4,Wed
95906,18,1,19,107,2017-11-08 04:50:24 UTC,0,2017-11-08,4,Wed
25905,18,1,10,107,2017-11-08 04:52:30 UTC,0,2017-11-08,4,Wed
73152,18,1,19,107,2017-11-08 04:59:12 UTC,0,2017-11-08,4,Wed
34520,18,1,8,107,2017-11-08 05:13:14 UTC,0,2017-11-08,5,Wed
196573,18,1,13,107,2017-11-08 05:41:13 UTC,0,2017-11-08,5,Wed
71272,18,1,40,107,2017-11-08 05:48:51 UTC,0,2017-11-08,5,Wed
203604,18,1,19,107,2017-11-08 05:55:08 UTC,0,2017-11-08,5,Wed
38648,18,1,53,107,2017-11-08 06:11:13 UTC,0,2017-11-08,6,Wed
115092,18,1,19,107,2017-11-08 06:14:21 UTC,0,2017-11-08,6,Wed
22780,18,1,18,107,2017-11-08 06:43:24 UTC,0,2017-11-08,6,Wed
105485,18,1,19,107,2017-11-08 07:22:00 UTC,0,2017-11-08,7,Wed
81792,18,1,40,107,2017-11-08 07:28:22 UTC,0,2017-11-08,7,Wed
108560,18,1,41,107,2017-11-08 07:33:28 UTC,0,2017-11-08,7,Wed
31387,18,1,16,107,2017-11-08 07:54:20 UTC,0,2017-11-08,7,Wed
207815,18,1,20,107,2017-11-08 07:54:23 UTC,0,2017-11-08,7,Wed
67712,18,1,13,107,2017-11-08 08:14:14 UTC,0,2017-11-08,8,Wed
73487,18,1,9,107,2017-11-08 08:15:50 UTC,0,2017-11-08,8,Wed
138781,18,1,41,107,2017-11-08 08:19:23 UTC,0,2017-11-08,8,Wed
52143,18,1,40,107,2017-11-08 08:28:12 UTC,0,2017-11-08,8,Wed
4214,18,1,13,107,2017-11-08 08:35:08 UTC,0,2017-11-08,8,Wed
114276,18,1,19,107,2017-11-08 08:40:37 UTC,0,2017-11-08,8,Wed
102280,18,1,13,107,2017-11-08 08:42:01 UTC,0,2017-11-08,8,Wed
146904,18,1,11,107,2017-11-08 08:44:36 UTC,0,2017-11-08,8,Wed
97048,18,1,1,107,2017-11-08 08:46:23 UTC,0,2017-11-08,8,Wed
11797,18,1,12,107,2017-11-08 08:50:26 UTC,0,2017-11-08,8,Wed
73189,18,1,25,107,2017-11-08 08:58:57 UTC,0,2017-11-08,8,Wed
50330,18,1,13,107,2017-11-08 09:19:15 UTC,0,2017-11-08,9,Wed
37158,18,1,13,107,2017-11-08 09:23:56 UTC,0,2017-11-08,9,Wed
119734,18,1,47,107,2017-11-08 09:33:37 UTC,0,2017-11-08,9,Wed
131336,18,1,19,107,2017-11-08 09:37:03 UTC,0,2017-11-08,9,Wed
45882,18,1,27,107,2017-11-08 09:48:07 UTC,0,2017-11-08,9,Wed
76872,18,1,10,107,2017-11-08 10:01:40 UTC,0,2017-11-08,10,Wed
45327,18,1,10,107,2017-11-08 10:11:46 UTC,0,2017-11-08,10,Wed
19272,18,1,26,107,2017-11-08 10:20:49 UTC,0,2017-11-08,10,Wed
257266,18,1,3,107,2017-11-08 10:21:29 UTC,0,2017-11-08,10,Wed
59868,18,1,28,107,2017-11-08 10:28:23 UTC,0,2017-11-08,10,Wed
5314,18,1,19,107,2017-11-08 10:29:28 UTC,0,2017-11-08,10,Wed
64330,18,1,3,107,2017-11-08 10:43:12 UTC,0,2017-11-08,10,Wed
39782,18,1,19,107,2017-11-08 10:49:27 UTC,0,2017-11-08,10,Wed
73238,18,1,17,107,2017-11-08 11:20:13 UTC,0,2017-11-08,11,Wed
82284,18,1,15,107,2017-11-08 11:21:31 UTC,0,2017-11-08,11,Wed
166857,18,1,19,107,2017-11-08 11:22:06 UTC,0,2017-11-08,11,Wed
106674,18,1,18,107,2017-11-08 11:27:51 UTC,0,2017-11-08,11,Wed
77399,18,1,19,107,2017-11-08 11:31:34 UTC,0,2017-11-08,11,Wed
88281,18,1,19,107,2017-11-08 11:38:24 UTC,0,2017-11-08,11,Wed
85208,18,1,18,107,2017-11-08 11:38:56 UTC,0,2017-11-08,11,Wed
114276,18,1,17,107,2017-11-08 11:42:03 UTC,0,2017-11-08,11,Wed
42948,18,1,37,107,2017-11-08 11:42:22 UTC,0,2017-11-08,11,Wed
16506,18,1,18,107,2017-11-08 11:43:25 UTC,0,2017-11-08,11,Wed
67409,18,1,19,107,2017-11-08 11:45:54 UTC,0,2017-11-08,11,Wed
78833,18,1,25,107,2017-11-08 12:14:22 UTC,0,2017-11-08,12,Wed
102970,18,1,2,107,2017-11-08 12:23:04 UTC,0,2017-11-08,12,Wed
181849,18,1,30,107,2017-11-08 12:24:27 UTC,0,2017-11-08,12,Wed
109776,18,1,37,107,2017-11-08 12:31:31 UTC,0,2017-11-08,12,Wed
25616,18,1,32,107,2017-11-08 12:54:25 UTC,0,2017-11-08,12,Wed
81629,18,1,17,107,2017-11-08 13:00:01 UTC,0,2017-11-08,13,Wed
97500,18,1,17,107,2017-11-08 13:00:15 UTC,0,2017-11-08,13,Wed
42326,18,1,18,107,2017-11-08 13:06:12 UTC,0,2017-11-08,13,Wed
74847,18,1,13,107,2017-11-08 13:06:32 UTC,0,2017-11-08,13,Wed
60752,18,1,35,107,2017-11-08 13:07:14 UTC,0,2017-11-08,13,Wed
111025,18,1,19,107,2017-11-08 13:14:16 UTC,0,2017-11-08,13,Wed
892,18,1,15,107,2017-11-08 13:18:12 UTC,0,2017-11-08,13,Wed
120709,18,1,19,107,2017-11-08 13:26:27 UTC,0,2017-11-08,13,Wed
73648,18,1,32,107,2017-11-08 13:28:23 UTC,0,2017-11-08,13,Wed
5418,18,1,12,107,2017-11-08 13:36:40 UTC,0,2017-11-08,13,Wed
173085,18,1,22,107,2017-11-08 13:40:37 UTC,0,2017-11-08,13,Wed
13597,18,1,19,107,2017-11-08 13:43:39 UTC,0,2017-11-08,13,Wed
95766,18,1,13,107,2017-11-08 13:47:52 UTC,0,2017-11-08,13,Wed
1477,18,1,20,107,2017-11-08 13:48:02 UTC,0,2017-11-08,13,Wed
79190,18,1,15,107,2017-11-08 13:48:25 UTC,0,2017-11-08,13,Wed
22037,18,1,13,107,2017-11-08 14:04:28 UTC,0,2017-11-08,14,Wed
27793,18,1,19,107,2017-11-08 14:07:50 UTC,0,2017-11-08,14,Wed
5348,18,1,11,107,2017-11-08 14:27:08 UTC,0,2017-11-08,14,Wed
41097,18,1,41,107,2017-11-08 14:29:27 UTC,0,2017-11-08,14,Wed
5178,18,1,13,107,2017-11-08 14:30:05 UTC,0,2017-11-08,14,Wed
97773,18,1,10,107,2017-11-08 14:32:24 UTC,0,2017-11-08,14,Wed
69100,18,1,17,107,2017-11-08 14:35:28 UTC,0,2017-11-08,14,Wed
128548,18,1,6,107,2017-11-08 14:45:40 UTC,0,2017-11-08,14,Wed
98424,9,1,1,107,2017-11-08 14:48:51 UTC,0,2017-11-08,14,Wed
18061,18,1,748,107,2017-11-08 14:54:46 UTC,0,2017-11-08,14,Wed
123040,18,1,13,107,2017-11-08 14:56:32 UTC,0,2017-11-08,14,Wed
53929,18,1,13,107,2017-11-08 15:00:38 UTC,0,2017-11-08,15,Wed
254857,18,1,20,107,2017-11-08 15:07:26 UTC,0,2017-11-08,15,Wed
252629,18,1,13,107,2017-11-08 15:07:35 UTC,0,2017-11-08,15,Wed
109173,18,1,37,107,2017-11-08 15:09:14 UTC,0,2017-11-08,15,Wed
273904,18,1,35,107,2017-11-08 15:28:00 UTC,0,2017-11-08,15,Wed
15769,18,1,13,107,2017-11-08 15:38:45 UTC,0,2017-11-08,15,Wed
92100,18,1,19,107,2017-11-08 15:47:14 UTC,0,2017-11-08,15,Wed
55840,18,1,19,107,2017-11-08 15:47:52 UTC,0,2017-11-08,15,Wed
18439,18,1,19,107,2017-11-08 15:51:34 UTC,0,2017-11-08,15,Wed
116235,18,1,25,107,2017-11-08 15:52:41 UTC,0,2017-11-08,15,Wed
316642,18,1,13,107,2017-11-08 16:11:07 UTC,0,2017-11-08,16,Wed
14130,18,1,13,107,2017-11-08 16:19:31 UTC,0,2017-11-08,16,Wed
71128,18,1,14,107,2017-11-08 16:21:25 UTC,0,2017-11-08,16,Wed
123635,18,1,18,107,2017-11-08 16:25:25 UTC,0,2017-11-08,16,Wed
88217,18,1,13,107,2017-11-08 16:34:35 UTC,0,2017-11-08,16,Wed
66663,18,1,41,107,2017-11-08 16:38:44 UTC,0,2017-11-08,16,Wed
103899,18,1,19,107,2017-11-08 16:42:40 UTC,0,2017-11-08,16,Wed
18445,18,1,18,107,2017-11-08 17:37:03 UTC,0,2017-11-08,17,Wed
136291,18,1,19,107,2017-11-08 17:52:39 UTC,0,2017-11-08,17,Wed
14374,18,1,13,107,2017-11-08 18:17:08 UTC,0,2017-11-08,18,Wed
62704,9,1,13,107,2017-11-08 19:38:11 UTC,0,2017-11-08,19,Wed
337629,18,1,5,107,2017-11-08 19:44:00 UTC,0,2017-11-08,19,Wed
625,18,1,15,107,2017-11-08 21:15:32 UTC,0,2017-11-08,21,Wed
82234,9,1,27,107,2017-11-08 22:03:01 UTC,0,2017-11-08,22,Wed
87879,18,1,18,107,2017-11-08 22:08:56 UTC,0,2017-11-08,22,Wed
77983,9,1,13,107,2017-11-08 22:49:31 UTC,0,2017-11-08,22,Wed
294714,18,1,13,107,2017-11-08 23:02:05 UTC,0,2017-11-08,23,Wed
83958,18,1,6,107,2017-11-08 23:15:04 UTC,0,2017-11-08,23,Wed
89861,18,1,13,107,2017-11-08 23:30:12 UTC,0,2017-11-08,23,Wed
69973,18,1,13,107,2017-11-08 23:38:26 UTC,0,2017-11-08,23,Wed
335107,18,1,17,107,2017-11-08 23:48:07 UTC,0,2017-11-08,23,Wed
59121,18,1,22,107,2017-11-08 23:58:27 UTC,0,2017-11-08,23,Wed
106279,18,1,3,107,2017-11-09 00:06:29 UTC,0,2017-11-09,0,Thu
107164,9,1,17,107,2017-11-09 00:07:12 UTC,0,2017-11-09,0,Thu
76966,18,1,13,107,2017-11-09 00:08:46 UTC,0,2017-11-09,0,Thu
82039,18,1,8,107,2017-11-09 00:08:49 UTC,0,2017-11-09,0,Thu
116344,9,1,13,107,2017-11-09 00:24:39 UTC,0,2017-11-09,0,Thu
27482,18,1,22,107,2017-11-09 00:25:26 UTC,0,2017-11-09,0,Thu
105654,18,1,26,107,2017-11-09 00:27:15 UTC,0,2017-11-09,0,Thu
20878,18,1,12,107,2017-11-09 00:32:01 UTC,0,2017-11-09,0,Thu
86419,18,1,37,107,2017-11-09 00:34:17 UTC,0,2017-11-09,0,Thu
37207,18,1,19,107,2017-11-09 00:39:24 UTC,0,2017-11-09,0,Thu
1462,9,1,19,107,2017-11-09 00:40:40 UTC,0,2017-11-09,0,Thu
105720,9,1,19,107,2017-11-09 00:43:06 UTC,0,2017-11-09,0,Thu
111025,18,1,27,107,2017-11-09 00:54:26 UTC,0,2017-11-09,0,Thu
27499,18,1,10,107,2017-11-09 00:55:22 UTC,0,2017-11-09,0,Thu
32560,9,1,22,107,2017-11-09 00:55:36 UTC,0,2017-11-09,0,Thu
155000,18,1,37,107,2017-11-09 00:59:43 UTC,0,2017-11-09,0,Thu
48170,18,1,13,107,2017-11-09 01:09:50 UTC,0,2017-11-09,1,Thu
27918,18,1,17,107,2017-11-09 01:19:03 UTC,0,2017-11-09,1,Thu
193978,18,1,13,107,2017-11-09 01:19:20 UTC,0,2017-11-09,1,Thu
119830,18,1,58,107,2017-11-09 01:23:14 UTC,0,2017-11-09,1,Thu
35905,18,1,36,107,2017-11-09 01:31:03 UTC,0,2017-11-09,1,Thu
44000,18,1,6,107,2017-11-09 01:32:18 UTC,0,2017-11-09,1,Thu
81416,18,1,13,107,2017-11-09 01:35:55 UTC,0,2017-11-09,1,Thu
10434,9,1,19,107,2017-11-09 01:37:56 UTC,0,2017-11-09,1,Thu
67142,18,1,12,107,2017-11-09 01:38:37 UTC,0,2017-11-09,1,Thu
114122,18,1,19,107,2017-11-09 01:54:16 UTC,0,2017-11-09,1,Thu
118562,9,1,19,107,2017-11-09 02:00:46 UTC,0,2017-11-09,2,Thu
32457,18,1,22,107,2017-11-09 02:02:39 UTC,0,2017-11-09,2,Thu
10749,18,1,17,107,2017-11-09 02:17:47 UTC,0,2017-11-09,2,Thu
27639,18,1,15,107,2017-11-09 02:18:49 UTC,0,2017-11-09,2,Thu
9099,18,1,10,107,2017-11-09 02:23:09 UTC,0,2017-11-09,2,Thu
38233,18,1,19,107,2017-11-09 02:29:18 UTC,0,2017-11-09,2,Thu
39884,18,1,3,107,2017-11-09 02:30:01 UTC,0,2017-11-09,2,Thu
241308,18,1,9,107,2017-11-09 02:32:33 UTC,0,2017-11-09,2,Thu
13080,18,1,26,107,2017-11-09 02:35:28 UTC,0,2017-11-09,2,Thu
198525,18,1,20,107,2017-11-09 02:36:59 UTC,0,2017-11-09,2,Thu
178618,18,1,17,107,2017-11-09 02:47:44 UTC,0,2017-11-09,2,Thu
78739,18,1,23,107,2017-11-09 03:07:12 UTC,0,2017-11-09,3,Thu
271198,18,1,13,107,2017-11-09 03:10:42 UTC,0,2017-11-09,3,Thu
43881,18,1,13,107,2017-11-09 03:51:07 UTC,0,2017-11-09,3,Thu
112880,18,1,19,107,2017-11-09 03:55:33 UTC,0,2017-11-09,3,Thu
117481,18,1,19,107,2017-11-09 04:23:19 UTC,0,2017-11-09,4,Thu
5328,18,1,18,107,2017-11-09 04:26:16 UTC,0,2017-11-09,4,Thu
345248,18,1,19,107,2017-11-09 04:26:28 UTC,0,2017-11-09,4,Thu
149790,18,1,10,107,2017-11-09 04:35:57 UTC,0,2017-11-09,4,Thu
68724,9,1,14,107,2017-11-09 04:40:12 UTC,0,2017-11-09,4,Thu
45287,18,1,41,107,2017-11-09 04:43:40 UTC,0,2017-11-09,4,Thu
181849,9,1,20,107,2017-11-09 04:49:43 UTC,0,2017-11-09,4,Thu
103068,18,1,19,107,2017-11-09 04:55:16 UTC,0,2017-11-09,4,Thu
68271,18,1,18,107,2017-11-09 05:00:59 UTC,0,2017-11-09,5,Thu
56707,18,1,13,107,2017-11-09 05:14:52 UTC,0,2017-11-09,5,Thu
123080,18,1,32,107,2017-11-09 05:19:43 UTC,0,2017-11-09,5,Thu
23289,18,1,6,107,2017-11-09 05:44:58 UTC,0,2017-11-09,5,Thu
114276,18,1,17,107,2017-11-09 05:46:17 UTC,0,2017-11-09,5,Thu
34784,18,1,11,107,2017-11-09 05:56:49 UTC,0,2017-11-09,5,Thu
33641,18,1,1,107,2017-11-09 06:00:10 UTC,0,2017-11-09,6,Thu
81698,9,1,41,107,2017-11-09 06:12:57 UTC,0,2017-11-09,6,Thu
44067,18,1,19,107,2017-11-09 06:31:15 UTC,0,2017-11-09,6,Thu
77266,9,1,19,107,2017-11-09 06:31:27 UTC,0,2017-11-09,6,Thu
46677,9,1,19,107,2017-11-09 06:43:19 UTC,0,2017-11-09,6,Thu
35774,18,1,17,107,2017-11-09 06:44:02 UTC,0,2017-11-09,6,Thu
100176,18,1,13,107,2017-11-09 06:44:43 UTC,0,2017-11-09,6,Thu
44327,18,1,19,107,2017-11-09 06:56:58 UTC,0,2017-11-09,6,Thu
51299,18,1,22,107,2017-11-09 06:59:18 UTC,0,2017-11-09,6,Thu
33924,18,1,18,107,2017-11-09 06:59:52 UTC,0,2017-11-09,6,Thu
26995,18,1,49,107,2017-11-09 07:00:15 UTC,0,2017-11-09,7,Thu
115585,18,1,19,107,2017-11-09 07:01:36 UTC,0,2017-11-09,7,Thu
318233,18,1,19,107,2017-11-09 07:05:59 UTC,0,2017-11-09,7,Thu
43167,18,1,27,107,2017-11-09 07:11:09 UTC,0,2017-11-09,7,Thu
17845,18,1,22,107,2017-11-09 07:24:16 UTC,0,2017-11-09,7,Thu
41565,18,1,8,107,2017-11-09 07:58:45 UTC,0,2017-11-09,7,Thu
46774,18,1,18,107,2017-11-09 08:03:00 UTC,0,2017-11-09,8,Thu
42139,18,1,13,107,2017-11-09 08:34:01 UTC,0,2017-11-09,8,Thu
83730,18,1,3,107,2017-11-09 08:40:16 UTC,0,2017-11-09,8,Thu
195573,9,1,1,107,2017-11-09 09:08:29 UTC,0,2017-11-09,9,Thu
67632,18,1,9,107,2017-11-09 09:15:54 UTC,0,2017-11-09,9,Thu
88120,18,1,19,107,2017-11-09 09:22:00 UTC,0,2017-11-09,9,Thu
9704,18,1,37,107,2017-11-09 09:31:00 UTC,0,2017-11-09,9,Thu
210580,9,1,11,107,2017-11-09 09:31:21 UTC,0,2017-11-09,9,Thu
121461,18,1,2,107,2017-11-09 09:32:28 UTC,0,2017-11-09,9,Thu
91885,18,1,18,107,2017-11-09 09:32:31 UTC,0,2017-11-09,9,Thu
19023,18,1,19,107,2017-11-09 09:35:46 UTC,0,2017-11-09,9,Thu
116270,18,1,20,107,2017-11-09 09:37:41 UTC,0,2017-11-09,9,Thu
33643,18,1,37,107,2017-11-09 09:37:53 UTC,0,2017-11-09,9,Thu
165439,9,1,13,107,2017-11-09 09:47:02 UTC,0,2017-11-09,9,Thu
88727,18,1,12,107,2017-11-09 09:52:55 UTC,0,2017-11-09,9,Thu
96066,18,1,6,107,2017-11-09 09:55:14 UTC,0,2017-11-09,9,Thu
104621,18,1,37,107,2017-11-09 09:56:11 UTC,0,2017-11-09,9,Thu
119289,18,1,18,107,2017-11-09 09:59:20 UTC,0,2017-11-09,9,Thu
203084,18,1,13,107,2017-11-09 10:00:09 UTC,0,2017-11-09,10,Thu
108172,18,1,6,107,2017-11-09 10:00:12 UTC,0,2017-11-09,10,Thu
56007,18,1,17,107,2017-11-09 10:05:41 UTC,0,2017-11-09,10,Thu
280614,18,1,18,107,2017-11-09 10:09:14 UTC,0,2017-11-09,10,Thu
208842,18,1,13,107,2017-11-09 10:11:25 UTC,0,2017-11-09,10,Thu
119375,18,3866,866,107,2017-11-09 10:18:34 UTC,0,2017-11-09,10,Thu
25128,9,1,19,107,2017-11-09 10:18:57 UTC,0,2017-11-09,10,Thu
95473,18,1,20,107,2017-11-09 10:23:24 UTC,0,2017-11-09,10,Thu
191378,18,1,19,107,2017-11-09 10:23:56 UTC,0,2017-11-09,10,Thu
103079,18,1,27,107,2017-11-09 10:24:12 UTC,0,2017-11-09,10,Thu
43842,18,1,18,107,2017-11-09 10:26:17 UTC,0,2017-11-09,10,Thu
53715,18,1,18,107,2017-11-09 10:27:49 UTC,0,2017-11-09,10,Thu
48646,18,1,19,107,2017-11-09 10:34:37 UTC,0,2017-11-09,10,Thu
99856,18,2,27,107,2017-11-09 10:42:46 UTC,0,2017-11-09,10,Thu
99897,9,1,13,107,2017-11-09 10:45:29 UTC,0,2017-11-09,10,Thu
106210,18,1,19,107,2017-11-09 10:51:31 UTC,0,2017-11-09,10,Thu
103097,18,1,19,107,2017-11-09 10:51:44 UTC,0,2017-11-09,10,Thu
55142,18,1,17,107,2017-11-09 10:59:29 UTC,0,2017-11-09,10,Thu
147738,18,1,22,107,2017-11-09 11:00:55 UTC,0,2017-11-09,11,Thu
117045,18,1,13,107,2017-11-09 11:04:51 UTC,0,2017-11-09,11,Thu
124156,18,1,19,107,2017-11-09 11:07:54 UTC,0,2017-11-09,11,Thu
30795,18,1,13,107,2017-11-09 11:16:57 UTC,0,2017-11-09,11,Thu
87736,18,1,19,107,2017-11-09 11:21:59 UTC,0,2017-11-09,11,Thu
109425,18,1,18,107,2017-11-09 11:34:05 UTC,0,2017-11-09,11,Thu
8718,18,1,8,107,2017-11-09 11:46:04 UTC,0,2017-11-09,11,Thu
96523,9,1,19,107,2017-11-09 11:48:12 UTC,0,2017-11-09,11,Thu
119531,9,2,1,107,2017-11-09 11:54:26 UTC,0,2017-11-09,11,Thu
173141,9,2,66,107,2017-11-09 12:01:22 UTC,0,2017-11-09,12,Thu
66033,18,1,18,107,2017-11-09 12:03:17 UTC,0,2017-11-09,12,Thu
61400,18,1,37,107,2017-11-09 12:06:15 UTC,0,2017-11-09,12,Thu
3743,9,1,18,107,2017-11-09 12:06:54 UTC,0,2017-11-09,12,Thu
300702,18,1,19,107,2017-11-09 12:07:33 UTC,0,2017-11-09,12,Thu
48836,9,1,13,107,2017-11-09 12:10:53 UTC,0,2017-11-09,12,Thu
293896,9,1,6,107,2017-11-09 12:16:21 UTC,0,2017-11-09,12,Thu
5314,18,1,19,107,2017-11-09 12:16:22 UTC,0,2017-11-09,12,Thu
22978,18,1,19,107,2017-11-09 12:16:38 UTC,0,2017-11-09,12,Thu
364719,18,1,15,107,2017-11-09 12:17:44 UTC,0,2017-11-09,12,Thu
34143,18,1,13,107,2017-11-09 12:18:29 UTC,0,2017-11-09,12,Thu
37249,18,1,13,107,2017-11-09 12:23:49 UTC,0,2017-11-09,12,Thu
47235,9,1,22,107,2017-11-09 12:28:27 UTC,0,2017-11-09,12,Thu
255171,18,1,1,107,2017-11-09 12:28:29 UTC,0,2017-11-09,12,Thu
123907,18,1,18,107,2017-11-09 12:31:41 UTC,0,2017-11-09,12,Thu
351586,18,1,18,107,2017-11-09 12:45:00 UTC,0,2017-11-09,12,Thu
69995,18,1,10,107,2017-11-09 12:49:46 UTC,0,2017-11-09,12,Thu
72002,18,1,19,107,2017-11-09 12:50:33 UTC,0,2017-11-09,12,Thu
99226,18,1,13,107,2017-11-09 12:51:58 UTC,0,2017-11-09,12,Thu
83974,18,1,3,107,2017-11-09 13:05:19 UTC,0,2017-11-09,13,Thu
43827,18,1,13,107,2017-11-09 13:09:18 UTC,0,2017-11-09,13,Thu
43803,18,1,13,107,2017-11-09 13:31:10 UTC,0,2017-11-09,13,Thu
37763,18,1,6,107,2017-11-09 13:32:05 UTC,0,2017-11-09,13,Thu
66240,18,1,19,107,2017-11-09 13:35:52 UTC,0,2017-11-09,13,Thu
242177,18,1,17,107,2017-11-09 13:36:23 UTC,0,2017-11-09,13,Thu
5348,18,1,32,107,2017-11-09 13:56:41 UTC,0,2017-11-09,13,Thu
206858,9,1,16,107,2017-11-09 14:02:50 UTC,0,2017-11-09,14,Thu
39180,18,1,866,107,2017-11-09 14:08:12 UTC,0,2017-11-09,14,Thu
1694,18,1,35,107,2017-11-09 14:10:15 UTC,0,2017-11-09,14,Thu
117898,18,1,52,107,2017-11-09 14:12:05 UTC,0,2017-11-09,14,Thu
7153,9,1,13,107,2017-11-09 14:15:17 UTC,0,2017-11-09,14,Thu
57519,9,1,30,107,2017-11-09 14:27:55 UTC,0,2017-11-09,14,Thu
79555,18,1,20,107,2017-11-09 14:31:04 UTC,0,2017-11-09,14,Thu
100393,9,1,19,107,2017-11-09 14:37:40 UTC,0,2017-11-09,14,Thu
60556,18,1,41,107,2017-11-09 14:41:02 UTC,0,2017-11-09,14,Thu
115445,9,1,25,107,2017-11-09 14:45:54 UTC,0,2017-11-09,14,Thu
34561,9,1,8,107,2017-11-09 14:49:37 UTC,0,2017-11-09,14,Thu
125081,9,2,9,107,2017-11-09 14:53:59 UTC,0,2017-11-09,14,Thu
6313,9,1,35,107,2017-11-09 14:59:43 UTC,0,2017-11-09,14,Thu
37763,18,1,3,107,2017-11-09 15:14:32 UTC,0,2017-11-09,15,Thu
105587,18,1,14,107,2017-11-09 15:20:48 UTC,0,2017-11-09,15,Thu
361897,18,1,19,107,2017-11-09 15:21:07 UTC,0,2017-11-09,15,Thu
97188,18,1,10,107,2017-11-09 15:32:52 UTC,0,2017-11-09,15,Thu
5348,18,1,12,107,2017-11-09 15:33:15 UTC,0,2017-11-09,15,Thu
90053,18,1,13,107,2017-11-09 15:44:11 UTC,0,2017-11-09,15,Thu
25152,18,1,19,107,2017-11-09 15:45:13 UTC,0,2017-11-09,15,Thu
83366,18,1,8,107,2017-11-09 15:48:04 UTC,0,2017-11-09,15,Thu
60037,36,1,17,110,2017-11-06 23:07:34 UTC,1,2017-11-06,23,Mon
197965,6,1,19,110,2017-11-07 01:33:17 UTC,0,2017-11-07,1,Tue
128022,315,1,13,110,2017-11-07 02:21:37 UTC,0,2017-11-07,2,Tue
76503,150,1,10,110,2017-11-07 04:27:36 UTC,0,2017-11-07,4,Tue
7715,150,1,48,110,2017-11-07 06:10:36 UTC,0,2017-11-07,6,Tue
21990,315,1,19,110,2017-11-07 07:30:18 UTC,0,2017-11-07,7,Tue
18682,36,1,17,110,2017-11-07 14:56:24 UTC,0,2017-11-07,14,Tue
39328,150,1,22,110,2017-11-08 06:48:21 UTC,0,2017-11-08,6,Wed
8681,36,1,14,110,2017-11-08 08:25:42 UTC,0,2017-11-08,8,Wed
11110,150,1,13,110,2017-11-08 10:02:56 UTC,0,2017-11-08,10,Wed
84870,36,1,13,110,2017-11-08 11:13:58 UTC,0,2017-11-08,11,Wed
92735,36,1,13,110,2017-11-08 11:46:41 UTC,0,2017-11-08,11,Wed
29950,36,1,13,110,2017-11-09 02:59:48 UTC,0,2017-11-09,2,Thu
127743,125,0,29,110,2017-11-09 05:18:55 UTC,0,2017-11-09,5,Thu
48170,3,1,27,110,2017-11-09 12:25:59 UTC,0,2017-11-09,12,Thu
71687,36,1,19,110,2017-11-09 15:56:36 UTC,0,2017-11-09,15,Thu
87879,15,1,25,111,2017-11-06 16:35:12 UTC,0,2017-11-06,16,Mon
130620,15,1,19,111,2017-11-06 16:48:41 UTC,0,2017-11-06,16,Mon
6481,15,1,17,111,2017-11-06 17:03:45 UTC,0,2017-11-06,17,Mon
93924,15,1,22,111,2017-11-07 00:59:01 UTC,0,2017-11-07,0,Tue
182403,15,1,19,111,2017-11-07 06:14:38 UTC,0,2017-11-07,6,Tue
19778,15,1,41,111,2017-11-07 09:08:59 UTC,0,2017-11-07,9,Tue
43086,15,1,10,111,2017-11-07 09:21:05 UTC,0,2017-11-07,9,Tue
94496,15,1,31,111,2017-11-07 09:44:05 UTC,0,2017-11-07,9,Tue
8292,15,1,13,111,2017-11-08 00:46:40 UTC,0,2017-11-08,0,Wed
23322,15,1,28,111,2017-11-08 01:01:28 UTC,0,2017-11-08,1,Wed
77257,15,1,19,111,2017-11-08 02:43:41 UTC,0,2017-11-08,2,Wed
23183,15,1,19,111,2017-11-08 02:57:09 UTC,0,2017-11-08,2,Wed
142547,15,1,18,111,2017-11-08 08:46:13 UTC,0,2017-11-08,8,Wed
85625,15,1,37,111,2017-11-08 09:35:44 UTC,0,2017-11-08,9,Wed
195965,15,1,13,111,2017-11-08 09:52:25 UTC,0,2017-11-08,9,Wed
69056,15,1,25,111,2017-11-08 11:37:42 UTC,0,2017-11-08,11,Wed
62320,15,1,18,111,2017-11-08 11:53:20 UTC,0,2017-11-08,11,Wed
107155,15,1,19,111,2017-11-08 12:45:57 UTC,0,2017-11-08,12,Wed
87879,15,1,13,111,2017-11-08 13:51:11 UTC,0,2017-11-08,13,Wed
86779,15,1,55,111,2017-11-08 14:32:56 UTC,0,2017-11-08,14,Wed
62117,15,1,19,111,2017-11-08 18:09:46 UTC,0,2017-11-08,18,Wed
101957,15,1,18,111,2017-11-09 01:57:52 UTC,0,2017-11-09,1,Thu
340999,15,1,28,111,2017-11-09 02:36:14 UTC,0,2017-11-09,2,Thu
8768,15,1,19,111,2017-11-09 03:51:36 UTC,0,2017-11-09,3,Thu
70896,15,1,30,111,2017-11-09 06:01:14 UTC,0,2017-11-09,6,Thu
204509,15,1,19,111,2017-11-09 06:26:25 UTC,0,2017-11-09,6,Thu
102206,15,2,13,111,2017-11-09 07:27:50 UTC,0,2017-11-09,7,Thu
36132,15,1,13,111,2017-11-09 07:46:18 UTC,0,2017-11-09,7,Thu
276071,15,1,3,111,2017-11-09 09:34:51 UTC,0,2017-11-09,9,Thu
27639,15,1,22,111,2017-11-09 11:56:39 UTC,0,2017-11-09,11,Thu
208347,15,1,13,111,2017-11-09 12:27:57 UTC,0,2017-11-09,12,Thu
98568,15,1,26,111,2017-11-09 13:43:10 UTC,0,2017-11-09,13,Thu
81714,15,1,13,111,2017-11-09 13:45:41 UTC,0,2017-11-09,13,Thu
21508,15,1,13,111,2017-11-09 13:52:31 UTC,0,2017-11-09,13,Thu
229712,15,1,22,111,2017-11-09 15:55:59 UTC,0,2017-11-09,15,Thu
59572,10,1,13,113,2017-11-07 02:28:42 UTC,0,2017-11-07,2,Tue
111400,10,1,17,113,2017-11-07 06:04:06 UTC,0,2017-11-07,6,Tue
57732,10,2,100,113,2017-11-07 06:27:24 UTC,0,2017-11-07,6,Tue
117582,10,1,19,113,2017-11-07 12:39:10 UTC,0,2017-11-07,12,Tue
31542,10,1,11,113,2017-11-07 12:41:22 UTC,0,2017-11-07,12,Tue
101919,3,1,19,113,2017-11-08 02:29:54 UTC,0,2017-11-08,2,Wed
28950,14,1,19,113,2017-11-08 02:41:55 UTC,0,2017-11-08,2,Wed
126168,14,1,19,113,2017-11-08 02:42:41 UTC,0,2017-11-08,2,Wed
266592,10,1,47,113,2017-11-08 10:39:17 UTC,1,2017-11-08,10,Wed
246484,10,1,36,113,2017-11-08 14:16:29 UTC,1,2017-11-08,14,Wed
307887,14,1,20,113,2017-11-09 02:32:52 UTC,0,2017-11-09,2,Thu
318762,3,2,47,113,2017-11-09 05:52:26 UTC,0,2017-11-09,5,Thu
111967,3,1,1,113,2017-11-09 06:49:59 UTC,0,2017-11-09,6,Thu
35973,14,1,17,113,2017-11-09 07:29:26 UTC,0,2017-11-09,7,Thu
358826,14,1,17,113,2017-11-09 08:06:43 UTC,0,2017-11-09,8,Thu
339662,5,1,43,113,2017-11-09 09:21:33 UTC,1,2017-11-09,9,Thu
320565,14,1,13,113,2017-11-09 10:23:53 UTC,0,2017-11-09,10,Thu
116472,14,1,22,113,2017-11-09 10:39:38 UTC,0,2017-11-09,10,Thu
88281,3,1,2,113,2017-11-09 10:47:10 UTC,0,2017-11-09,10,Thu
308950,14,1,8,113,2017-11-09 12:58:55 UTC,0,2017-11-09,12,Thu
116425,14,1,13,113,2017-11-09 13:35:04 UTC,0,2017-11-09,13,Thu
5718,14,2,40,113,2017-11-09 14:28:08 UTC,0,2017-11-09,14,Thu
72986,10,1,13,113,2017-11-09 15:44:15 UTC,0,2017-11-09,15,Thu
64137,3,1,18,115,2017-11-06 16:16:39 UTC,0,2017-11-06,16,Mon
105475,3,1,17,115,2017-11-06 16:19:58 UTC,0,2017-11-06,16,Mon
44744,3,1,19,115,2017-11-06 17:18:47 UTC,0,2017-11-06,17,Mon
176102,3,1,19,115,2017-11-06 17:57:42 UTC,0,2017-11-06,17,Mon
156538,3,1,13,115,2017-11-06 18:46:16 UTC,0,2017-11-06,18,Mon
60320,3,1,3,115,2017-11-06 22:44:12 UTC,0,2017-11-06,22,Mon
24905,3,1,18,115,2017-11-07 00:28:54 UTC,0,2017-11-07,0,Tue
187941,3,1,25,115,2017-11-07 02:56:05 UTC,0,2017-11-07,2,Tue
17149,3,1,17,115,2017-11-07 04:12:38 UTC,0,2017-11-07,4,Tue
36445,3,1,13,115,2017-11-07 04:42:54 UTC,0,2017-11-07,4,Tue
116740,3,1,13,115,2017-11-07 06:36:01 UTC,0,2017-11-07,6,Tue
3219,3,1,22,115,2017-11-07 09:15:17 UTC,0,2017-11-07,9,Tue
45413,3,1,13,115,2017-11-07 09:37:47 UTC,0,2017-11-07,9,Tue
41030,3,1,17,115,2017-11-07 10:52:25 UTC,0,2017-11-07,10,Tue
16464,3,1,13,115,2017-11-07 11:04:50 UTC,0,2017-11-07,11,Tue
64430,3,1,13,115,2017-11-07 12:34:40 UTC,0,2017-11-07,12,Tue
72831,3,1,19,115,2017-11-07 12:34:54 UTC,0,2017-11-07,12,Tue
195925,3,2,9,115,2017-11-07 12:51:10 UTC,0,2017-11-07,12,Tue
75670,3,2,18,115,2017-11-07 12:56:47 UTC,0,2017-11-07,12,Tue
137652,3,1,19,115,2017-11-07 13:11:43 UTC,0,2017-11-07,13,Tue
7861,3,1,19,115,2017-11-07 13:17:17 UTC,0,2017-11-07,13,Tue
82039,3,1,41,115,2017-11-07 13:17:36 UTC,0,2017-11-07,13,Tue
19869,3,1,13,115,2017-11-07 14:05:26 UTC,0,2017-11-07,14,Tue
130760,3,1,14,115,2017-11-07 15:56:45 UTC,0,2017-11-07,15,Tue
82137,3,1,23,115,2017-11-07 18:51:52 UTC,0,2017-11-07,18,Tue
42784,3,1,13,115,2017-11-07 23:09:07 UTC,0,2017-11-07,23,Tue
3382,3,1,28,115,2017-11-07 23:45:57 UTC,0,2017-11-07,23,Tue
104395,1,1,22,115,2017-11-08 00:01:24 UTC,0,2017-11-08,0,Wed
71111,3,1,10,115,2017-11-08 00:14:33 UTC,0,2017-11-08,0,Wed
124016,3,1,19,115,2017-11-08 00:50:59 UTC,0,2017-11-08,0,Wed
153621,3,1,17,115,2017-11-08 01:10:47 UTC,0,2017-11-08,1,Wed
102225,3,1,13,115,2017-11-08 01:13:15 UTC,0,2017-11-08,1,Wed
5348,3,1,6,115,2017-11-08 01:38:34 UTC,0,2017-11-08,1,Wed
15990,3,1,6,115,2017-11-08 01:52:37 UTC,0,2017-11-08,1,Wed
95468,3,1,41,115,2017-11-08 02:06:28 UTC,0,2017-11-08,2,Wed
68822,3,1,19,115,2017-11-08 02:31:48 UTC,0,2017-11-08,2,Wed
229807,1,1,25,115,2017-11-08 02:57:43 UTC,0,2017-11-08,2,Wed
88344,1,1,37,115,2017-11-08 03:22:41 UTC,0,2017-11-08,3,Wed
202750,3,1,18,115,2017-11-08 03:40:45 UTC,0,2017-11-08,3,Wed
31055,3,1,13,115,2017-11-08 04:33:06 UTC,0,2017-11-08,4,Wed
120597,3,1,19,115,2017-11-08 04:43:15 UTC,0,2017-11-08,4,Wed
4544,3,1,13,115,2017-11-08 05:56:47 UTC,0,2017-11-08,5,Wed
40710,1,1,19,115,2017-11-08 06:03:18 UTC,0,2017-11-08,6,Wed
209897,3,1,34,115,2017-11-08 08:13:36 UTC,0,2017-11-08,8,Wed
31231,3,2,13,115,2017-11-08 08:44:25 UTC,0,2017-11-08,8,Wed
71117,1,1,13,115,2017-11-08 08:48:22 UTC,0,2017-11-08,8,Wed
118474,3,1,18,115,2017-11-08 09:47:10 UTC,0,2017-11-08,9,Wed
195548,1,1,25,115,2017-11-08 10:52:05 UTC,0,2017-11-08,10,Wed
34985,3,1,19,115,2017-11-08 11:07:19 UTC,0,2017-11-08,11,Wed
39684,1,1,1,115,2017-11-08 11:21:14 UTC,0,2017-11-08,11,Wed
26643,3,2,19,115,2017-11-08 11:33:35 UTC,0,2017-11-08,11,Wed
57459,1,1,20,115,2017-11-08 12:01:05 UTC,0,2017-11-08,12,Wed
82870,3,1,3,115,2017-11-08 12:22:56 UTC,0,2017-11-08,12,Wed
114276,3,1,15,115,2017-11-08 12:59:03 UTC,0,2017-11-08,12,Wed
84530,3,1,13,115,2017-11-08 13:06:36 UTC,0,2017-11-08,13,Wed
34499,3,1,15,115,2017-11-08 13:19:09 UTC,0,2017-11-08,13,Wed
81606,3,1,19,115,2017-11-08 14:28:05 UTC,0,2017-11-08,14,Wed
174352,3,1,25,115,2017-11-08 14:32:45 UTC,0,2017-11-08,14,Wed
80305,3,1,41,115,2017-11-08 15:21:40 UTC,0,2017-11-08,15,Wed
58529,3,1,8,115,2017-11-08 15:28:34 UTC,0,2017-11-08,15,Wed
100275,1,1,3,115,2017-11-08 16:33:59 UTC,0,2017-11-08,16,Wed
236755,3,1,41,115,2017-11-08 16:34:56 UTC,0,2017-11-08,16,Wed
5314,3,1,3,115,2017-11-08 17:04:52 UTC,0,2017-11-08,17,Wed
112775,3,1,19,115,2017-11-08 18:09:17 UTC,0,2017-11-08,18,Wed
288989,1,1,13,115,2017-11-08 18:12:01 UTC,0,2017-11-08,18,Wed
80539,3,1,17,115,2017-11-08 22:58:25 UTC,0,2017-11-08,22,Wed
42159,3,1,20,115,2017-11-08 23:14:10 UTC,0,2017-11-08,23,Wed
88,1,1,22,115,2017-11-08 23:27:25 UTC,0,2017-11-08,23,Wed
295203,1,1,13,115,2017-11-08 23:49:40 UTC,0,2017-11-08,23,Wed
88118,3,1,15,115,2017-11-08 23:56:51 UTC,0,2017-11-08,23,Wed
78564,3,1,13,115,2017-11-09 00:25:28 UTC,0,2017-11-09,0,Thu
40077,3,2,8,115,2017-11-09 01:26:59 UTC,0,2017-11-09,1,Thu
68014,3,1,17,115,2017-11-09 02:04:26 UTC,0,2017-11-09,2,Thu
37836,3,1,19,115,2017-11-09 05:41:44 UTC,0,2017-11-09,5,Thu
97030,1,1,13,115,2017-11-09 05:57:21 UTC,0,2017-11-09,5,Thu
48615,3,1,17,115,2017-11-09 06:43:40 UTC,0,2017-11-09,6,Thu
40241,1,1,18,115,2017-11-09 06:44:38 UTC,0,2017-11-09,6,Thu
27086,3,1,19,115,2017-11-09 06:46:19 UTC,0,2017-11-09,6,Thu
78223,3,1,18,115,2017-11-09 07:03:37 UTC,0,2017-11-09,7,Thu
151929,3,1,19,115,2017-11-09 07:54:18 UTC,0,2017-11-09,7,Thu
58028,3,1,31,115,2017-11-09 08:59:45 UTC,0,2017-11-09,8,Thu
66821,3,1,16,115,2017-11-09 10:33:30 UTC,0,2017-11-09,10,Thu
121994,3,1,58,115,2017-11-09 11:21:01 UTC,0,2017-11-09,11,Thu
4446,3,1,13,115,2017-11-09 11:55:03 UTC,0,2017-11-09,11,Thu
201800,3,1,19,115,2017-11-09 12:15:57 UTC,0,2017-11-09,12,Thu
336891,3,1,13,115,2017-11-09 13:31:10 UTC,0,2017-11-09,13,Thu
174153,3,1,18,115,2017-11-09 13:35:11 UTC,0,2017-11-09,13,Thu
193045,3,1,13,115,2017-11-09 14:27:56 UTC,0,2017-11-09,14,Thu
116762,3,1,13,115,2017-11-09 15:45:29 UTC,0,2017-11-09,15,Thu
55275,22,1,18,116,2017-11-07 05:04:18 UTC,0,2017-11-07,5,Tue
109630,22,1,36,116,2017-11-07 07:33:37 UTC,0,2017-11-07,7,Tue
19125,22,1,10,116,2017-11-07 07:52:28 UTC,0,2017-11-07,7,Tue
46745,22,1,17,116,2017-11-07 08:05:24 UTC,0,2017-11-07,8,Tue
166529,22,1,13,116,2017-11-07 11:14:19 UTC,0,2017-11-07,11,Tue
77041,22,1,41,116,2017-11-08 00:25:01 UTC,0,2017-11-08,0,Wed
239935,22,1,19,116,2017-11-08 05:20:54 UTC,0,2017-11-08,5,Wed
29300,22,1,16,116,2017-11-08 06:05:20 UTC,0,2017-11-08,6,Wed
94874,22,1,13,116,2017-11-08 06:41:28 UTC,0,2017-11-08,6,Wed
125042,22,1,6,116,2017-11-08 09:32:12 UTC,0,2017-11-08,9,Wed
7230,22,1,25,116,2017-11-08 10:18:56 UTC,0,2017-11-08,10,Wed
90997,22,1,13,116,2017-11-08 11:51:40 UTC,0,2017-11-08,11,Wed
74034,22,1,12,116,2017-11-08 13:32:55 UTC,0,2017-11-08,13,Wed
50702,22,1,18,116,2017-11-08 13:44:56 UTC,0,2017-11-08,13,Wed
62001,22,1,14,116,2017-11-08 14:10:30 UTC,0,2017-11-08,14,Wed
42424,22,1,41,116,2017-11-08 23:26:53 UTC,0,2017-11-08,23,Wed
871,22,1,19,116,2017-11-08 23:39:30 UTC,0,2017-11-08,23,Wed
67291,22,1,22,116,2017-11-09 00:21:39 UTC,0,2017-11-09,0,Thu
93232,22,1,19,116,2017-11-09 00:50:39 UTC,0,2017-11-09,0,Thu
212485,22,1,19,116,2017-11-09 01:30:34 UTC,0,2017-11-09,1,Thu
101981,22,1,13,116,2017-11-09 01:39:52 UTC,0,2017-11-09,1,Thu
53651,22,1,14,116,2017-11-09 02:31:59 UTC,0,2017-11-09,2,Thu
69904,22,1,47,116,2017-11-09 03:53:43 UTC,0,2017-11-09,3,Thu
100088,22,1,19,116,2017-11-09 04:42:38 UTC,0,2017-11-09,4,Thu
14301,22,1,19,116,2017-11-09 06:18:13 UTC,0,2017-11-09,6,Thu
5147,22,1,15,116,2017-11-09 08:38:30 UTC,0,2017-11-09,8,Thu
25009,22,1,13,116,2017-11-09 08:42:33 UTC,0,2017-11-09,8,Thu
60527,22,1,19,116,2017-11-09 09:05:25 UTC,0,2017-11-09,9,Thu
140124,22,1,10,116,2017-11-09 10:37:26 UTC,0,2017-11-09,10,Thu
1415,22,1,19,116,2017-11-09 14:01:06 UTC,0,2017-11-09,14,Thu
74497,22,1,16,116,2017-11-09 15:43:30 UTC,0,2017-11-09,15,Thu
85190,1,1,19,118,2017-11-06 23:51:11 UTC,0,2017-11-06,23,Mon
50058,1,1,13,118,2017-11-07 00:13:23 UTC,0,2017-11-07,0,Tue
193700,1,1,13,118,2017-11-07 00:29:31 UTC,0,2017-11-07,0,Tue
8924,1,1,13,118,2017-11-08 00:45:42 UTC,0,2017-11-08,0,Wed
114235,14,1,27,118,2017-11-08 02:32:47 UTC,0,2017-11-08,2,Wed
65793,14,1,19,118,2017-11-09 03:43:02 UTC,0,2017-11-09,3,Thu
48212,14,1,15,118,2017-11-09 07:42:41 UTC,0,2017-11-09,7,Thu
117269,14,1,11,118,2017-11-09 08:01:57 UTC,0,2017-11-09,8,Thu
44595,14,2,25,118,2017-11-09 09:33:07 UTC,0,2017-11-09,9,Thu
79857,15,1,19,118,2017-11-09 09:43:50 UTC,0,2017-11-09,9,Thu
221694,14,1,13,118,2017-11-09 09:59:08 UTC,0,2017-11-09,9,Thu
56007,14,1,13,118,2017-11-09 11:57:47 UTC,0,2017-11-09,11,Thu
343722,14,1,41,118,2017-11-09 12:15:57 UTC,0,2017-11-09,12,Thu
345228,14,2,19,118,2017-11-09 13:45:51 UTC,0,2017-11-09,13,Thu
3505,9,1,36,120,2017-11-08 02:12:59 UTC,0,2017-11-08,2,Wed
163662,58,1,19,120,2017-11-08 02:32:12 UTC,0,2017-11-08,2,Wed
114276,9,1,20,120,2017-11-08 03:05:49 UTC,0,2017-11-08,3,Wed
111638,58,1,18,120,2017-11-09 11:49:41 UTC,0,2017-11-09,11,Thu
5574,26,1,3,121,2017-11-06 16:09:50 UTC,0,2017-11-06,16,Mon
69117,18,1,47,121,2017-11-06 16:33:40 UTC,0,2017-11-06,16,Mon
1780,18,1,25,121,2017-11-06 16:40:55 UTC,0,2017-11-06,16,Mon
104188,18,1,19,121,2017-11-06 16:54:44 UTC,0,2017-11-06,16,Mon
75794,18,1,19,121,2017-11-06 17:17:18 UTC,0,2017-11-06,17,Mon
65982,18,1,18,121,2017-11-06 17:27:22 UTC,0,2017-11-06,17,Mon
58723,18,1,19,121,2017-11-06 17:42:28 UTC,0,2017-11-06,17,Mon
123759,18,1,27,121,2017-11-06 17:46:33 UTC,0,2017-11-06,17,Mon
5314,18,1,19,121,2017-11-06 17:48:39 UTC,0,2017-11-06,17,Mon
4633,18,1,20,121,2017-11-06 18:00:27 UTC,0,2017-11-06,18,Mon
70248,18,1,20,121,2017-11-06 18:02:38 UTC,0,2017-11-06,18,Mon
204884,18,1,10,121,2017-11-06 18:25:21 UTC,0,2017-11-06,18,Mon
50390,18,1,19,121,2017-11-06 19:23:39 UTC,0,2017-11-06,19,Mon
100971,18,1,26,121,2017-11-06 20:21:26 UTC,0,2017-11-06,20,Mon
85208,18,1,19,121,2017-11-06 22:10:41 UTC,0,2017-11-06,22,Mon
104836,26,1,53,121,2017-11-06 22:30:21 UTC,0,2017-11-06,22,Mon
43233,26,1,13,121,2017-11-06 23:10:26 UTC,0,2017-11-06,23,Mon
18589,26,1,19,121,2017-11-06 23:12:07 UTC,0,2017-11-06,23,Mon
8378,18,1,13,121,2017-11-06 23:14:14 UTC,0,2017-11-06,23,Mon
77695,18,1,18,121,2017-11-06 23:20:11 UTC,0,2017-11-06,23,Mon
164132,18,1,13,121,2017-11-06 23:23:32 UTC,0,2017-11-06,23,Mon
102394,18,1,10,121,2017-11-06 23:32:12 UTC,0,2017-11-06,23,Mon
103108,26,1,22,121,2017-11-06 23:44:00 UTC,0,2017-11-06,23,Mon
67606,18,1,3,121,2017-11-07 00:00:32 UTC,0,2017-11-07,0,Tue
210561,18,1,13,121,2017-11-07 00:15:55 UTC,0,2017-11-07,0,Tue
107828,18,1,18,121,2017-11-07 00:16:28 UTC,0,2017-11-07,0,Tue
66769,26,1,19,121,2017-11-07 00:25:49 UTC,0,2017-11-07,0,Tue
83451,26,1,14,121,2017-11-07 00:35:18 UTC,0,2017-11-07,0,Tue
163178,18,1,19,121,2017-11-07 01:10:36 UTC,0,2017-11-07,1,Tue
178105,18,1,13,121,2017-11-07 02:15:09 UTC,0,2017-11-07,2,Tue
100929,18,1,47,121,2017-11-07 02:43:35 UTC,0,2017-11-07,2,Tue
8940,18,1,13,121,2017-11-07 03:03:28 UTC,0,2017-11-07,3,Tue
81698,18,1,13,121,2017-11-07 03:15:40 UTC,0,2017-11-07,3,Tue
192648,26,1,11,121,2017-11-07 04:31:34 UTC,0,2017-11-07,4,Tue
109734,26,1,41,121,2017-11-07 04:51:03 UTC,0,2017-11-07,4,Tue
17289,18,1,27,121,2017-11-07 05:41:27 UTC,0,2017-11-07,5,Tue
93836,26,1,19,121,2017-11-07 05:44:29 UTC,0,2017-11-07,5,Tue
162678,18,1,13,121,2017-11-07 06:01:23 UTC,0,2017-11-07,6,Tue
10316,18,1,19,121,2017-11-07 06:05:33 UTC,0,2017-11-07,6,Tue
55726,18,1,19,121,2017-11-07 06:07:54 UTC,0,2017-11-07,6,Tue
196973,26,1,41,121,2017-11-07 06:19:25 UTC,0,2017-11-07,6,Tue
108103,26,1,12,121,2017-11-07 06:34:57 UTC,0,2017-11-07,6,Tue
75177,26,1,41,121,2017-11-07 06:44:14 UTC,0,2017-11-07,6,Tue
58741,26,1,19,121,2017-11-07 06:57:07 UTC,0,2017-11-07,6,Tue
34562,26,1,13,121,2017-11-07 07:14:20 UTC,0,2017-11-07,7,Tue
106537,18,1,9,121,2017-11-07 08:04:40 UTC,0,2017-11-07,8,Tue
156730,26,1,42,121,2017-11-07 08:29:06 UTC,0,2017-11-07,8,Tue
102135,18,1,19,121,2017-11-07 08:34:28 UTC,0,2017-11-07,8,Tue
8718,26,1,19,121,2017-11-07 09:10:09 UTC,0,2017-11-07,9,Tue
154925,18,1,15,121,2017-11-07 09:24:57 UTC,0,2017-11-07,9,Tue
4529,26,1,19,121,2017-11-07 09:28:14 UTC,0,2017-11-07,9,Tue
140993,18,1,8,121,2017-11-07 09:43:06 UTC,0,2017-11-07,9,Tue
2896,18,1,13,121,2017-11-07 09:43:53 UTC,0,2017-11-07,9,Tue
11042,18,1,19,121,2017-11-07 09:52:14 UTC,0,2017-11-07,9,Tue
15769,18,1,19,121,2017-11-07 10:05:28 UTC,0,2017-11-07,10,Tue
66596,18,1,13,121,2017-11-07 10:09:57 UTC,0,2017-11-07,10,Tue
199488,18,1,13,121,2017-11-07 10:11:10 UTC,0,2017-11-07,10,Tue
8749,26,1,9,121,2017-11-07 10:11:42 UTC,0,2017-11-07,10,Tue
180643,18,1,13,121,2017-11-07 10:36:37 UTC,0,2017-11-07,10,Tue
28222,26,1,20,121,2017-11-07 11:00:33 UTC,0,2017-11-07,11,Tue
32623,18,1,17,121,2017-11-07 11:02:47 UTC,0,2017-11-07,11,Tue
3218,26,1,40,121,2017-11-07 11:30:25 UTC,0,2017-11-07,11,Tue
138561,18,1,11,121,2017-11-07 11:32:22 UTC,0,2017-11-07,11,Tue
116785,26,1,13,121,2017-11-07 12:44:13 UTC,0,2017-11-07,12,Tue
86349,18,1,25,121,2017-11-07 13:07:35 UTC,0,2017-11-07,13,Tue
92610,18,1,6,121,2017-11-07 13:08:28 UTC,0,2017-11-07,13,Tue
67800,18,1,13,121,2017-11-07 14:06:57 UTC,0,2017-11-07,14,Tue
50197,18,1,19,121,2017-11-07 14:21:51 UTC,0,2017-11-07,14,Tue
111025,26,1,13,121,2017-11-07 14:40:18 UTC,0,2017-11-07,14,Tue
42041,18,1,13,121,2017-11-07 15:01:35 UTC,0,2017-11-07,15,Tue
203803,18,1,18,121,2017-11-07 15:26:30 UTC,0,2017-11-07,15,Tue
63636,26,1,25,121,2017-11-07 15:38:48 UTC,0,2017-11-07,15,Tue
95585,26,1,43,121,2017-11-07 15:48:38 UTC,0,2017-11-07,15,Tue
81079,18,1,13,121,2017-11-07 15:56:06 UTC,0,2017-11-07,15,Tue
250443,26,1,13,121,2017-11-07 16:08:18 UTC,0,2017-11-07,16,Tue
145896,18,1,28,121,2017-11-07 17:15:18 UTC,0,2017-11-07,17,Tue
202064,18,1,19,121,2017-11-07 17:23:50 UTC,0,2017-11-07,17,Tue
235903,26,1,10,121,2017-11-07 17:25:00 UTC,0,2017-11-07,17,Tue
69266,18,1,19,121,2017-11-07 17:54:07 UTC,0,2017-11-07,17,Tue
50197,18,1,19,121,2017-11-07 18:17:44 UTC,0,2017-11-07,18,Tue
218373,18,1,22,121,2017-11-07 18:30:24 UTC,0,2017-11-07,18,Tue
117867,18,1,19,121,2017-11-07 20:21:47 UTC,0,2017-11-07,20,Tue
55402,18,1,37,121,2017-11-07 20:31:08 UTC,0,2017-11-07,20,Tue
251446,26,1,19,121,2017-11-07 21:31:40 UTC,0,2017-11-07,21,Tue
50883,26,1,11,121,2017-11-07 22:22:22 UTC,0,2017-11-07,22,Tue
107276,18,1,13,121,2017-11-07 23:38:13 UTC,0,2017-11-07,23,Tue
77523,18,1,20,121,2017-11-07 23:46:30 UTC,0,2017-11-07,23,Tue
108697,26,1,17,121,2017-11-07 23:55:20 UTC,0,2017-11-07,23,Tue
9972,26,1,13,121,2017-11-08 00:31:55 UTC,0,2017-11-08,0,Wed
68965,26,1,20,121,2017-11-08 01:00:22 UTC,0,2017-11-08,1,Wed
140192,18,1,17,121,2017-11-08 01:13:34 UTC,0,2017-11-08,1,Wed
80405,26,1,15,121,2017-11-08 02:00:48 UTC,0,2017-11-08,2,Wed
92642,18,1,26,121,2017-11-08 02:01:53 UTC,0,2017-11-08,2,Wed
121278,26,1,28,121,2017-11-08 02:09:00 UTC,0,2017-11-08,2,Wed
84640,18,1,19,121,2017-11-08 02:21:28 UTC,0,2017-11-08,2,Wed
100602,26,1,19,121,2017-11-08 02:27:23 UTC,0,2017-11-08,2,Wed
162550,18,1,20,121,2017-11-08 02:33:30 UTC,0,2017-11-08,2,Wed
68530,18,1,19,121,2017-11-08 03:01:31 UTC,0,2017-11-08,3,Wed
67597,18,1,26,121,2017-11-08 04:03:23 UTC,0,2017-11-08,4,Wed
53454,26,1,19,121,2017-11-08 04:04:10 UTC,0,2017-11-08,4,Wed
38227,18,1,13,121,2017-11-08 04:30:36 UTC,0,2017-11-08,4,Wed
135049,18,1,19,121,2017-11-08 04:45:34 UTC,0,2017-11-08,4,Wed
219430,18,1,8,121,2017-11-08 04:58:38 UTC,0,2017-11-08,4,Wed
54009,18,1,8,121,2017-11-08 05:10:35 UTC,0,2017-11-08,5,Wed
59395,18,2,19,121,2017-11-08 05:14:47 UTC,0,2017-11-08,5,Wed
41446,26,1,10,121,2017-11-08 05:16:19 UTC,0,2017-11-08,5,Wed
53964,18,1,20,121,2017-11-08 05:27:26 UTC,0,2017-11-08,5,Wed
125222,18,1,19,121,2017-11-08 05:34:17 UTC,0,2017-11-08,5,Wed
226253,18,1,19,121,2017-11-08 05:39:09 UTC,0,2017-11-08,5,Wed
118410,26,1,53,121,2017-11-08 05:39:38 UTC,0,2017-11-08,5,Wed
241520,26,1,19,121,2017-11-08 06:30:09 UTC,0,2017-11-08,6,Wed
208036,18,1,6,121,2017-11-08 06:40:51 UTC,0,2017-11-08,6,Wed
117939,26,1,13,121,2017-11-08 07:01:21 UTC,0,2017-11-08,7,Wed
21894,26,1,17,121,2017-11-08 07:09:08 UTC,0,2017-11-08,7,Wed
11281,26,1,6,121,2017-11-08 07:32:23 UTC,0,2017-11-08,7,Wed
48939,26,1,19,121,2017-11-08 07:40:14 UTC,0,2017-11-08,7,Wed
88281,18,1,3,121,2017-11-08 07:44:34 UTC,0,2017-11-08,7,Wed
5314,18,1,19,121,2017-11-08 07:55:10 UTC,0,2017-11-08,7,Wed
83699,18,1,35,121,2017-11-08 08:29:34 UTC,0,2017-11-08,8,Wed
33443,18,1,47,121,2017-11-08 08:33:26 UTC,0,2017-11-08,8,Wed
103611,18,1,17,121,2017-11-08 08:38:08 UTC,0,2017-11-08,8,Wed
50169,18,1,23,121,2017-11-08 08:46:29 UTC,0,2017-11-08,8,Wed
50631,26,1,13,121,2017-11-08 08:59:26 UTC,0,2017-11-08,8,Wed
283472,26,1,18,121,2017-11-08 09:19:51 UTC,0,2017-11-08,9,Wed
89581,26,1,37,121,2017-11-08 10:06:52 UTC,0,2017-11-08,10,Wed
106559,18,1,22,121,2017-11-08 10:19:44 UTC,0,2017-11-08,10,Wed
20861,18,1,20,121,2017-11-08 10:24:19 UTC,0,2017-11-08,10,Wed
68499,18,1,19,121,2017-11-08 10:27:46 UTC,0,2017-11-08,10,Wed
48418,26,1,19,121,2017-11-08 10:32:59 UTC,0,2017-11-08,10,Wed
37161,18,1,13,121,2017-11-08 10:36:43 UTC,0,2017-11-08,10,Wed
14955,26,1,19,121,2017-11-08 10:45:56 UTC,0,2017-11-08,10,Wed
77400,18,1,13,121,2017-11-08 10:58:25 UTC,0,2017-11-08,10,Wed
46677,18,1,13,121,2017-11-08 11:15:01 UTC,0,2017-11-08,11,Wed
92673,18,1,19,121,2017-11-08 11:21:15 UTC,0,2017-11-08,11,Wed
265898,26,1,35,121,2017-11-08 11:25:08 UTC,0,2017-11-08,11,Wed
26995,26,1,27,121,2017-11-08 11:53:14 UTC,0,2017-11-08,11,Wed
115729,26,1,13,121,2017-11-08 12:38:01 UTC,0,2017-11-08,12,Wed
85118,18,1,1,121,2017-11-08 13:07:33 UTC,0,2017-11-08,13,Wed
124446,18,2,97,121,2017-11-08 13:24:59 UTC,0,2017-11-08,13,Wed
88777,18,1,13,121,2017-11-08 13:29:06 UTC,0,2017-11-08,13,Wed
107527,18,1,22,121,2017-11-08 13:51:16 UTC,0,2017-11-08,13,Wed
23907,26,1,20,121,2017-11-08 14:46:08 UTC,0,2017-11-08,14,Wed
83206,18,1,13,121,2017-11-08 15:56:16 UTC,0,2017-11-08,15,Wed
40639,26,1,10,121,2017-11-08 16:06:07 UTC,0,2017-11-08,16,Wed
106437,18,1,22,121,2017-11-08 16:25:18 UTC,0,2017-11-08,16,Wed
73516,18,1,19,121,2017-11-08 16:26:00 UTC,0,2017-11-08,16,Wed
18496,18,1,9,121,2017-11-08 16:27:13 UTC,0,2017-11-08,16,Wed
118315,26,1,13,121,2017-11-08 16:48:09 UTC,0,2017-11-08,16,Wed
63369,26,1,13,121,2017-11-08 16:54:13 UTC,0,2017-11-08,16,Wed
71458,18,1,19,121,2017-11-08 17:02:12 UTC,0,2017-11-08,17,Wed
106929,26,1,16,121,2017-11-08 17:08:16 UTC,0,2017-11-08,17,Wed
95324,18,1,18,121,2017-11-08 17:50:07 UTC,0,2017-11-08,17,Wed
3178,18,1,18,121,2017-11-08 18:06:43 UTC,0,2017-11-08,18,Wed
76488,26,1,3,121,2017-11-08 22:21:10 UTC,0,2017-11-08,22,Wed
191236,18,1,41,121,2017-11-08 23:43:30 UTC,0,2017-11-08,23,Wed
177921,26,1,8,121,2017-11-08 23:44:19 UTC,0,2017-11-08,23,Wed
53660,18,1,13,121,2017-11-09 00:18:09 UTC,0,2017-11-09,0,Thu
87653,18,1,19,121,2017-11-09 00:34:39 UTC,0,2017-11-09,0,Thu
94386,18,1,13,121,2017-11-09 01:05:48 UTC,0,2017-11-09,1,Thu
5348,18,1,13,121,2017-11-09 01:24:00 UTC,0,2017-11-09,1,Thu
37948,18,1,13,121,2017-11-09 02:10:41 UTC,0,2017-11-09,2,Thu
33843,26,1,15,121,2017-11-09 02:45:11 UTC,0,2017-11-09,2,Thu
13974,26,1,13,121,2017-11-09 03:20:13 UTC,0,2017-11-09,3,Thu
100971,18,1,19,121,2017-11-09 03:52:17 UTC,0,2017-11-09,3,Thu
13186,26,1,37,121,2017-11-09 04:05:13 UTC,0,2017-11-09,4,Thu
13634,18,1,18,121,2017-11-09 04:19:26 UTC,0,2017-11-09,4,Thu
11448,18,1,20,121,2017-11-09 04:26:13 UTC,0,2017-11-09,4,Thu
85028,18,1,22,121,2017-11-09 04:29:12 UTC,0,2017-11-09,4,Thu
120055,26,1,19,121,2017-11-09 04:47:37 UTC,0,2017-11-09,4,Thu
93021,18,1,13,121,2017-11-09 04:50:21 UTC,0,2017-11-09,4,Thu
34450,26,1,25,121,2017-11-09 05:45:42 UTC,0,2017-11-09,5,Thu
107025,18,1,19,121,2017-11-09 06:16:21 UTC,0,2017-11-09,6,Thu
100186,18,1,37,121,2017-11-09 06:59:34 UTC,0,2017-11-09,6,Thu
101001,26,1,19,121,2017-11-09 07:01:52 UTC,0,2017-11-09,7,Thu
32432,18,1,13,121,2017-11-09 07:02:18 UTC,0,2017-11-09,7,Thu
10356,26,1,13,121,2017-11-09 07:08:49 UTC,0,2017-11-09,7,Thu
123871,18,1,17,121,2017-11-09 07:09:40 UTC,0,2017-11-09,7,Thu
81922,26,1,19,121,2017-11-09 07:11:58 UTC,0,2017-11-09,7,Thu
139555,18,1,19,121,2017-11-09 07:13:13 UTC,0,2017-11-09,7,Thu
79751,26,1,10,121,2017-11-09 07:14:26 UTC,0,2017-11-09,7,Thu
283194,26,1,37,121,2017-11-09 07:20:05 UTC,0,2017-11-09,7,Thu
30565,18,1,25,121,2017-11-09 07:23:04 UTC,0,2017-11-09,7,Thu
73516,18,1,15,121,2017-11-09 07:29:01 UTC,0,2017-11-09,7,Thu
99809,18,1,16,121,2017-11-09 07:52:59 UTC,0,2017-11-09,7,Thu
276708,26,1,20,121,2017-11-09 08:12:01 UTC,0,2017-11-09,8,Thu
41256,26,1,13,121,2017-11-09 08:22:25 UTC,0,2017-11-09,8,Thu
105475,18,1,20,121,2017-11-09 09:06:21 UTC,0,2017-11-09,9,Thu
123803,26,1,19,121,2017-11-09 09:31:29 UTC,0,2017-11-09,9,Thu
40314,18,1,13,121,2017-11-09 09:42:43 UTC,0,2017-11-09,9,Thu
132431,18,1,22,121,2017-11-09 10:17:07 UTC,0,2017-11-09,10,Thu
28501,26,1,13,121,2017-11-09 10:45:02 UTC,0,2017-11-09,10,Thu
197864,26,1,19,121,2017-11-09 10:53:53 UTC,0,2017-11-09,10,Thu
238986,18,1,13,121,2017-11-09 10:56:56 UTC,0,2017-11-09,10,Thu
95509,26,1,13,121,2017-11-09 11:13:50 UTC,0,2017-11-09,11,Thu
4019,18,1,41,121,2017-11-09 11:19:11 UTC,0,2017-11-09,11,Thu
108180,18,1,27,121,2017-11-09 11:52:51 UTC,0,2017-11-09,11,Thu
113602,26,1,3,121,2017-11-09 12:09:56 UTC,0,2017-11-09,12,Thu
5348,26,1,35,121,2017-11-09 12:32:20 UTC,0,2017-11-09,12,Thu
48212,18,1,13,121,2017-11-09 12:38:54 UTC,0,2017-11-09,12,Thu
74013,18,1,19,121,2017-11-09 12:59:53 UTC,0,2017-11-09,12,Thu
119369,18,1,19,121,2017-11-09 13:03:50 UTC,0,2017-11-09,13,Thu
81001,18,1,28,121,2017-11-09 13:07:07 UTC,0,2017-11-09,13,Thu
111298,18,1,19,121,2017-11-09 13:44:59 UTC,0,2017-11-09,13,Thu
93632,18,1,19,121,2017-11-09 13:45:04 UTC,0,2017-11-09,13,Thu
51973,26,1,32,121,2017-11-09 13:57:17 UTC,0,2017-11-09,13,Thu
19743,18,1,3,121,2017-11-09 14:05:10 UTC,0,2017-11-09,14,Thu
5348,18,1,19,121,2017-11-09 14:19:52 UTC,0,2017-11-09,14,Thu
15815,26,1,19,121,2017-11-09 14:28:45 UTC,0,2017-11-09,14,Thu
93739,26,1,49,121,2017-11-09 14:45:14 UTC,0,2017-11-09,14,Thu
84896,18,1,19,121,2017-11-09 14:47:32 UTC,0,2017-11-09,14,Thu
67708,18,1,35,121,2017-11-09 14:59:49 UTC,0,2017-11-09,14,Thu
112012,18,1,19,121,2017-11-09 15:15:40 UTC,0,2017-11-09,15,Thu
137667,26,1,2,121,2017-11-09 15:19:19 UTC,0,2017-11-09,15,Thu
92376,18,1,17,121,2017-11-09 15:41:42 UTC,0,2017-11-09,15,Thu
5314,18,1,15,121,2017-11-09 15:55:06 UTC,0,2017-11-09,15,Thu
89661,2,1,10,122,2017-11-06 16:49:33 UTC,0,2017-11-06,16,Mon
191922,2,1,19,122,2017-11-06 17:24:15 UTC,0,2017-11-06,17,Mon
161370,11,1,10,122,2017-11-06 23:38:35 UTC,0,2017-11-06,23,Mon
51464,2,1,8,122,2017-11-06 23:49:13 UTC,0,2017-11-06,23,Mon
53570,2,1,3,122,2017-11-06 23:51:43 UTC,0,2017-11-06,23,Mon
134957,27,1,19,122,2017-11-07 00:20:05 UTC,0,2017-11-07,0,Tue
121442,2,1,10,122,2017-11-07 00:46:42 UTC,0,2017-11-07,0,Tue
115690,2,1,19,122,2017-11-07 01:16:00 UTC,0,2017-11-07,1,Tue
70677,11,1,13,122,2017-11-07 01:36:04 UTC,0,2017-11-07,1,Tue
154943,2,1,17,122,2017-11-07 02:56:39 UTC,0,2017-11-07,2,Tue
60045,11,1,1,122,2017-11-07 03:37:08 UTC,0,2017-11-07,3,Tue
145205,2,1,3,122,2017-11-07 04:38:22 UTC,0,2017-11-07,4,Tue
57886,27,1,14,122,2017-11-07 04:54:49 UTC,0,2017-11-07,4,Tue
167025,27,1,37,122,2017-11-07 05:47:37 UTC,0,2017-11-07,5,Tue
137030,2,1,13,122,2017-11-07 05:49:12 UTC,0,2017-11-07,5,Tue
59882,2,1,22,122,2017-11-07 06:05:11 UTC,0,2017-11-07,6,Tue
9631,2,1,19,122,2017-11-07 06:10:10 UTC,0,2017-11-07,6,Tue
128051,2,1,22,122,2017-11-07 07:24:59 UTC,0,2017-11-07,7,Tue
37892,2,1,13,122,2017-11-07 07:27:03 UTC,0,2017-11-07,7,Tue
86231,2,1,11,122,2017-11-07 07:44:01 UTC,0,2017-11-07,7,Tue
68963,11,1,19,122,2017-11-07 09:31:38 UTC,0,2017-11-07,9,Tue
198025,2,1,19,122,2017-11-07 09:40:11 UTC,0,2017-11-07,9,Tue
203223,27,1,36,122,2017-11-07 09:52:42 UTC,0,2017-11-07,9,Tue
36728,27,1,19,122,2017-11-07 09:53:42 UTC,0,2017-11-07,9,Tue
22321,2,1,40,122,2017-11-07 09:59:05 UTC,0,2017-11-07,9,Tue
96015,11,1,13,122,2017-11-07 10:15:59 UTC,0,2017-11-07,10,Tue
37118,27,1,13,122,2017-11-07 10:16:25 UTC,0,2017-11-07,10,Tue
131583,2,1,23,122,2017-11-07 10:41:36 UTC,0,2017-11-07,10,Tue
165408,2,1,3,122,2017-11-07 10:42:56 UTC,0,2017-11-07,10,Tue
67241,27,1,19,122,2017-11-07 10:44:17 UTC,0,2017-11-07,10,Tue
169912,2,1,13,122,2017-11-07 11:00:49 UTC,0,2017-11-07,11,Tue
5348,2,2,32,122,2017-11-07 11:41:59 UTC,0,2017-11-07,11,Tue
41963,2,1,19,122,2017-11-07 12:12:46 UTC,0,2017-11-07,12,Tue
127896,2,2,41,122,2017-11-07 12:27:00 UTC,0,2017-11-07,12,Tue
73487,2,1,6,122,2017-11-07 13:27:41 UTC,0,2017-11-07,13,Tue
59170,27,1,17,122,2017-11-07 14:01:56 UTC,0,2017-11-07,14,Tue
88255,2,1,13,122,2017-11-07 14:01:59 UTC,0,2017-11-07,14,Tue
61664,2,1,22,122,2017-11-07 14:14:42 UTC,0,2017-11-07,14,Tue
48282,2,1,13,122,2017-11-07 14:24:47 UTC,0,2017-11-07,14,Tue
66176,11,1,19,122,2017-11-07 15:08:34 UTC,0,2017-11-07,15,Tue
82449,2,1,13,122,2017-11-07 15:42:54 UTC,0,2017-11-07,15,Tue
121224,12,1,13,122,2017-11-07 16:26:26 UTC,0,2017-11-07,16,Tue
69930,2,1,13,122,2017-11-07 16:29:42 UTC,0,2017-11-07,16,Tue
90874,2,1,23,122,2017-11-07 16:32:20 UTC,0,2017-11-07,16,Tue
52766,2,1,13,122,2017-11-07 17:11:14 UTC,0,2017-11-07,17,Tue
207967,27,1,19,122,2017-11-07 18:42:45 UTC,0,2017-11-07,18,Tue
95029,2,1,13,122,2017-11-07 19:48:13 UTC,0,2017-11-07,19,Tue
7572,2,1,10,122,2017-11-07 21:38:32 UTC,0,2017-11-07,21,Tue
98471,2,1,9,122,2017-11-07 22:03:37 UTC,0,2017-11-07,22,Tue
37434,2,1,1,122,2017-11-07 22:57:06 UTC,0,2017-11-07,22,Tue
159355,27,1,19,122,2017-11-07 23:38:26 UTC,0,2017-11-07,23,Tue
152545,12,1,37,122,2017-11-07 23:44:21 UTC,0,2017-11-07,23,Tue
96105,2,1,18,122,2017-11-08 00:01:37 UTC,0,2017-11-08,0,Wed
63246,2,1,18,122,2017-11-08 01:01:00 UTC,0,2017-11-08,1,Wed
259470,2,1,19,122,2017-11-08 01:26:06 UTC,0,2017-11-08,1,Wed
114617,27,1,25,122,2017-11-08 02:04:38 UTC,0,2017-11-08,2,Wed
111162,2,1,19,122,2017-11-08 02:21:49 UTC,0,2017-11-08,2,Wed
47842,2,1,17,122,2017-11-08 03:17:32 UTC,0,2017-11-08,3,Wed
183462,12,1,9,122,2017-11-08 03:29:00 UTC,0,2017-11-08,3,Wed
18122,2,1,13,122,2017-11-08 04:48:08 UTC,0,2017-11-08,4,Wed
97952,2,1,53,122,2017-11-08 04:50:51 UTC,0,2017-11-08,4,Wed
237101,2,2,13,122,2017-11-08 04:51:50 UTC,0,2017-11-08,4,Wed
37438,11,1,47,122,2017-11-08 05:30:10 UTC,0,2017-11-08,5,Wed
35180,27,1,47,122,2017-11-08 06:05:02 UTC,0,2017-11-08,6,Wed
40914,2,1,35,122,2017-11-08 06:28:42 UTC,0,2017-11-08,6,Wed
50938,27,1,19,122,2017-11-08 07:13:41 UTC,0,2017-11-08,7,Wed
95197,27,1,17,122,2017-11-08 07:20:47 UTC,0,2017-11-08,7,Wed
80058,2,1,13,122,2017-11-08 07:37:30 UTC,0,2017-11-08,7,Wed
8208,2,1,8,122,2017-11-08 08:28:58 UTC,0,2017-11-08,8,Wed
119531,2,1,19,122,2017-11-08 09:06:24 UTC,0,2017-11-08,9,Wed
122733,2,1,19,122,2017-11-08 09:08:17 UTC,0,2017-11-08,9,Wed
71809,2,1,19,122,2017-11-08 09:37:06 UTC,0,2017-11-08,9,Wed
98472,2,1,19,122,2017-11-08 10:24:50 UTC,0,2017-11-08,10,Wed
84587,2,1,19,122,2017-11-08 11:42:23 UTC,0,2017-11-08,11,Wed
33777,27,1,15,122,2017-11-08 11:54:07 UTC,0,2017-11-08,11,Wed
80676,11,1,11,122,2017-11-08 12:04:01 UTC,0,2017-11-08,12,Wed
45745,11,1,47,122,2017-11-08 12:08:20 UTC,0,2017-11-08,12,Wed
53454,2,2,8,122,2017-11-08 12:16:54 UTC,0,2017-11-08,12,Wed
106655,27,1,10,122,2017-11-08 13:03:58 UTC,0,2017-11-08,13,Wed
75808,27,1,19,122,2017-11-08 14:04:41 UTC,0,2017-11-08,14,Wed
85321,11,1,20,122,2017-11-08 15:13:09 UTC,0,2017-11-08,15,Wed
238590,2,1,19,122,2017-11-08 15:21:16 UTC,0,2017-11-08,15,Wed
80142,2,1,13,122,2017-11-08 15:25:00 UTC,0,2017-11-08,15,Wed
34680,2,1,3,122,2017-11-08 15:42:00 UTC,0,2017-11-08,15,Wed
31590,11,1,18,122,2017-11-08 15:53:12 UTC,0,2017-11-08,15,Wed
19142,2,2,13,122,2017-11-08 16:14:49 UTC,0,2017-11-08,16,Wed
37972,2,1,19,122,2017-11-08 17:05:30 UTC,0,2017-11-08,17,Wed
59125,27,2,19,122,2017-11-08 22:11:29 UTC,0,2017-11-08,22,Wed
106770,27,1,13,122,2017-11-08 23:17:47 UTC,0,2017-11-08,23,Wed
186808,27,1,18,122,2017-11-08 23:24:33 UTC,0,2017-11-08,23,Wed
66276,2,1,23,122,2017-11-08 23:30:41 UTC,0,2017-11-08,23,Wed
11090,2,1,41,122,2017-11-08 23:32:35 UTC,0,2017-11-08,23,Wed
111330,27,1,13,122,2017-11-08 23:36:26 UTC,0,2017-11-08,23,Wed
116947,2,1,8,122,2017-11-08 23:42:00 UTC,0,2017-11-08,23,Wed
26361,27,1,13,122,2017-11-08 23:55:36 UTC,0,2017-11-08,23,Wed
22507,2,1,3,122,2017-11-09 00:34:01 UTC,0,2017-11-09,0,Thu
99503,27,1,17,122,2017-11-09 00:49:19 UTC,0,2017-11-09,0,Thu
16693,12,1,19,122,2017-11-09 01:00:26 UTC,0,2017-11-09,1,Thu
792,2,1,18,122,2017-11-09 01:36:42 UTC,0,2017-11-09,1,Thu
96592,2,1,32,122,2017-11-09 01:59:31 UTC,0,2017-11-09,1,Thu
14223,2,1,41,122,2017-11-09 02:01:29 UTC,0,2017-11-09,2,Thu
95509,2,1,14,122,2017-11-09 02:03:17 UTC,0,2017-11-09,2,Thu
357260,2,1,13,122,2017-11-09 02:43:29 UTC,0,2017-11-09,2,Thu
65028,2,1,11,122,2017-11-09 02:59:56 UTC,0,2017-11-09,2,Thu
38219,2,1,3,122,2017-11-09 03:06:01 UTC,0,2017-11-09,3,Thu
26204,2,1,17,122,2017-11-09 03:28:30 UTC,0,2017-11-09,3,Thu
16155,27,1,13,122,2017-11-09 04:23:15 UTC,0,2017-11-09,4,Thu
41780,2,1,22,122,2017-11-09 05:06:36 UTC,0,2017-11-09,5,Thu
79456,2,1,17,122,2017-11-09 08:59:42 UTC,0,2017-11-09,8,Thu
3363,2,1,41,122,2017-11-09 09:28:39 UTC,0,2017-11-09,9,Thu
58786,2,1,13,122,2017-11-09 11:04:48 UTC,0,2017-11-09,11,Thu
23086,2,1,13,122,2017-11-09 11:05:10 UTC,0,2017-11-09,11,Thu
13076,27,1,13,122,2017-11-09 11:38:38 UTC,0,2017-11-09,11,Thu
50361,2,1,15,122,2017-11-09 11:42:43 UTC,0,2017-11-09,11,Thu
192096,2,1,35,122,2017-11-09 11:56:59 UTC,0,2017-11-09,11,Thu
17034,2,1,10,122,2017-11-09 12:06:03 UTC,0,2017-11-09,12,Thu
523,2,1,19,122,2017-11-09 12:33:53 UTC,0,2017-11-09,12,Thu
57953,11,1,12,122,2017-11-09 14:07:27 UTC,0,2017-11-09,14,Thu
107921,2,1,19,122,2017-11-09 14:12:23 UTC,0,2017-11-09,14,Thu
105534,2,1,16,122,2017-11-09 14:15:45 UTC,0,2017-11-09,14,Thu
67628,2,1,19,122,2017-11-09 14:32:04 UTC,0,2017-11-09,14,Thu
41666,2,2,28,122,2017-11-09 14:44:45 UTC,0,2017-11-09,14,Thu
140358,14,1,11,123,2017-11-07 02:18:36 UTC,0,2017-11-07,2,Tue
42143,14,1,13,123,2017-11-07 05:03:49 UTC,0,2017-11-07,5,Tue
148208,14,1,43,123,2017-11-07 08:23:13 UTC,0,2017-11-07,8,Tue
5348,14,2,27,123,2017-11-07 08:40:17 UTC,0,2017-11-07,8,Tue
112617,14,1,22,123,2017-11-07 09:53:25 UTC,0,2017-11-07,9,Tue
159355,14,1,17,123,2017-11-07 09:57:26 UTC,0,2017-11-07,9,Tue
210083,14,2,9,123,2017-11-07 10:39:08 UTC,0,2017-11-07,10,Tue
164557,14,1,18,123,2017-11-07 13:39:01 UTC,0,2017-11-07,13,Tue
38998,14,1,19,123,2017-11-07 15:01:21 UTC,0,2017-11-07,15,Tue
152714,14,1,37,123,2017-11-07 22:08:58 UTC,0,2017-11-07,22,Tue
181770,12,1,35,124,2017-11-07 00:08:29 UTC,0,2017-11-07,0,Tue
168365,12,1,15,124,2017-11-07 01:14:37 UTC,0,2017-11-07,1,Tue
12340,1,1,13,124,2017-11-07 09:03:22 UTC,0,2017-11-07,9,Tue
43537,1,1,16,124,2017-11-07 09:30:40 UTC,0,2017-11-07,9,Tue
4646,12,2,19,124,2017-11-07 13:28:03 UTC,0,2017-11-07,13,Tue
113454,1,1,43,124,2017-11-07 14:30:24 UTC,0,2017-11-07,14,Tue
23260,12,1,19,124,2017-11-07 14:34:52 UTC,0,2017-11-07,14,Tue
63248,12,1,11,124,2017-11-08 04:31:08 UTC,0,2017-11-08,4,Wed
249632,1,1,17,124,2017-11-08 15:58:08 UTC,0,2017-11-08,15,Wed
94521,12,1,19,124,2017-11-08 20:05:58 UTC,0,2017-11-08,20,Wed
66316,1,1,23,124,2017-11-08 23:22:30 UTC,0,2017-11-08,23,Wed
7308,1,1,9,124,2017-11-09 01:57:32 UTC,0,2017-11-09,1,Thu
47306,12,1,17,124,2017-11-09 03:28:14 UTC,0,2017-11-09,3,Thu
220589,1,1,10,124,2017-11-09 03:31:23 UTC,0,2017-11-09,3,Thu
26995,1,2,13,124,2017-11-09 04:52:39 UTC,0,2017-11-09,4,Thu
100694,1,1,19,124,2017-11-09 07:12:29 UTC,0,2017-11-09,7,Thu
114220,12,1,19,124,2017-11-09 07:15:14 UTC,0,2017-11-09,7,Thu
84488,1,1,37,124,2017-11-09 09:23:37 UTC,0,2017-11-09,9,Thu
23733,1,1,19,124,2017-11-09 12:23:09 UTC,0,2017-11-09,12,Thu
43166,1,1,37,124,2017-11-09 13:42:11 UTC,0,2017-11-09,13,Thu
302976,1,1,4,124,2017-11-09 15:17:05 UTC,0,2017-11-09,15,Thu
62064,6,1,13,125,2017-11-06 16:21:11 UTC,0,2017-11-06,16,Mon
73144,6,1,19,125,2017-11-06 17:03:13 UTC,0,2017-11-06,17,Mon
68729,6,1,9,125,2017-11-06 22:48:03 UTC,0,2017-11-06,22,Mon
7146,6,1,27,125,2017-11-07 00:53:48 UTC,0,2017-11-07,0,Tue
5348,6,1,13,125,2017-11-07 02:07:09 UTC,0,2017-11-07,2,Tue
37556,6,1,20,125,2017-11-07 02:36:53 UTC,0,2017-11-07,2,Tue
5749,6,1,6,125,2017-11-07 02:45:46 UTC,0,2017-11-07,2,Tue
19054,6,1,13,125,2017-11-07 03:38:58 UTC,0,2017-11-07,3,Tue
15760,6,1,47,125,2017-11-07 04:52:08 UTC,0,2017-11-07,4,Tue
196454,6,1,13,125,2017-11-07 04:54:58 UTC,0,2017-11-07,4,Tue
59059,6,1,32,125,2017-11-07 06:21:50 UTC,0,2017-11-07,6,Tue
208952,1,2,9,125,2017-11-07 06:58:48 UTC,0,2017-11-07,6,Tue
41445,6,1,13,125,2017-11-07 07:02:48 UTC,0,2017-11-07,7,Tue
70335,6,1,36,125,2017-11-07 08:35:12 UTC,0,2017-11-07,8,Tue
46729,1,2,9,125,2017-11-07 09:19:25 UTC,0,2017-11-07,9,Tue
66013,6,1,8,125,2017-11-07 09:29:48 UTC,0,2017-11-07,9,Tue
11852,1,1,19,125,2017-11-07 10:52:55 UTC,0,2017-11-07,10,Tue
55675,6,1,35,125,2017-11-07 10:58:25 UTC,0,2017-11-07,10,Tue
84596,6,1,19,125,2017-11-07 11:04:04 UTC,0,2017-11-07,11,Tue
17572,6,1,58,125,2017-11-07 11:04:18 UTC,0,2017-11-07,11,Tue
37515,1,1,13,125,2017-11-07 11:25:56 UTC,0,2017-11-07,11,Tue
138561,1,1,13,125,2017-11-07 12:06:23 UTC,0,2017-11-07,12,Tue
109734,6,1,19,125,2017-11-07 12:14:24 UTC,0,2017-11-07,12,Tue
32511,6,1,19,125,2017-11-07 12:14:53 UTC,0,2017-11-07,12,Tue
48915,6,1,13,125,2017-11-07 12:37:16 UTC,0,2017-11-07,12,Tue
22517,6,1,20,125,2017-11-07 13:16:16 UTC,0,2017-11-07,13,Tue
159361,6,1,19,125,2017-11-07 14:05:14 UTC,0,2017-11-07,14,Tue
178873,1,1,6,125,2017-11-07 14:12:21 UTC,0,2017-11-07,14,Tue
54786,6,1,19,125,2017-11-07 16:03:41 UTC,0,2017-11-07,16,Tue
25766,1,1,13,125,2017-11-07 17:50:22 UTC,0,2017-11-07,17,Tue
37506,1,1,20,125,2017-11-07 18:23:54 UTC,0,2017-11-07,18,Tue
98424,6,1,19,125,2017-11-07 20:47:32 UTC,0,2017-11-07,20,Tue
64435,6,1,19,125,2017-11-07 21:44:00 UTC,0,2017-11-07,21,Tue
91574,1,1,11,125,2017-11-07 21:57:53 UTC,0,2017-11-07,21,Tue
195434,1,1,19,125,2017-11-07 23:39:04 UTC,0,2017-11-07,23,Tue
58760,6,1,13,125,2017-11-07 23:53:44 UTC,0,2017-11-07,23,Tue
72253,6,1,17,125,2017-11-08 01:03:06 UTC,0,2017-11-08,1,Wed
119222,1,1,22,125,2017-11-08 01:44:18 UTC,0,2017-11-08,1,Wed
37409,6,1,19,125,2017-11-08 05:23:54 UTC,0,2017-11-08,5,Wed
61741,6,1,13,125,2017-11-08 06:29:19 UTC,0,2017-11-08,6,Wed
36862,6,1,19,125,2017-11-08 06:47:53 UTC,0,2017-11-08,6,Wed
353,6,2,77,125,2017-11-08 07:17:27 UTC,0,2017-11-08,7,Wed
189040,6,1,19,125,2017-11-08 07:58:03 UTC,0,2017-11-08,7,Wed
147610,6,1,16,125,2017-11-08 08:38:10 UTC,0,2017-11-08,8,Wed
107008,6,2,9,125,2017-11-08 08:55:43 UTC,0,2017-11-08,8,Wed
225265,6,1,13,125,2017-11-08 09:17:00 UTC,0,2017-11-08,9,Wed
77048,6,1,17,125,2017-11-08 10:05:11 UTC,0,2017-11-08,10,Wed
106598,6,2,9,125,2017-11-08 10:43:14 UTC,0,2017-11-08,10,Wed
64525,6,1,32,125,2017-11-08 10:58:09 UTC,0,2017-11-08,10,Wed
232000,1,1,19,125,2017-11-08 11:28:26 UTC,0,2017-11-08,11,Wed
125833,1,1,6,125,2017-11-08 12:02:05 UTC,0,2017-11-08,12,Wed
93054,6,1,9,125,2017-11-08 12:40:37 UTC,0,2017-11-08,12,Wed
152714,6,1,10,125,2017-11-08 12:46:48 UTC,0,2017-11-08,12,Wed
93523,6,1,11,125,2017-11-08 12:51:20 UTC,0,2017-11-08,12,Wed
129783,6,2,19,125,2017-11-08 12:55:54 UTC,0,2017-11-08,12,Wed
70656,1,2,9,125,2017-11-08 13:04:26 UTC,0,2017-11-08,13,Wed
64619,6,1,19,125,2017-11-08 13:10:22 UTC,0,2017-11-08,13,Wed
162574,6,1,10,125,2017-11-08 13:33:32 UTC,0,2017-11-08,13,Wed
81598,6,1,25,125,2017-11-08 14:57:34 UTC,0,2017-11-08,14,Wed
233808,1,1,3,125,2017-11-08 15:05:28 UTC,0,2017-11-08,15,Wed
115634,1,1,13,125,2017-11-08 15:20:10 UTC,0,2017-11-08,15,Wed
206140,1,1,19,125,2017-11-08 22:16:38 UTC,0,2017-11-08,22,Wed
40067,1,2,22,125,2017-11-09 01:09:55 UTC,0,2017-11-09,1,Thu
128210,6,1,13,125,2017-11-09 01:46:09 UTC,0,2017-11-09,1,Thu
122452,6,1,22,125,2017-11-09 06:41:16 UTC,0,2017-11-09,6,Thu
92816,6,1,3,125,2017-11-09 07:19:41 UTC,0,2017-11-09,7,Thu
65687,6,1,19,125,2017-11-09 08:13:06 UTC,0,2017-11-09,8,Thu
108872,6,1,25,125,2017-11-09 09:17:29 UTC,0,2017-11-09,9,Thu
78420,6,1,16,125,2017-11-09 11:43:53 UTC,0,2017-11-09,11,Thu
23641,6,2,42,125,2017-11-09 13:03:22 UTC,0,2017-11-09,13,Thu
318717,1,1,10,125,2017-11-09 14:23:35 UTC,0,2017-11-09,14,Thu
24905,6,1,19,125,2017-11-09 14:55:04 UTC,0,2017-11-09,14,Thu
226429,1,1,19,125,2017-11-09 15:43:41 UTC,0,2017-11-09,15,Thu
27391,9,1,23,127,2017-11-08 13:42:40 UTC,0,2017-11-08,13,Wed
112608,9,1,15,127,2017-11-08 13:47:05 UTC,0,2017-11-08,13,Wed
9704,9,1,1,127,2017-11-08 15:01:43 UTC,0,2017-11-08,15,Wed
45374,9,1,36,127,2017-11-08 15:29:30 UTC,0,2017-11-08,15,Wed
39007,9,1,17,127,2017-11-08 18:35:18 UTC,0,2017-11-08,18,Wed
59043,9,1,13,127,2017-11-08 23:43:14 UTC,0,2017-11-08,23,Wed
229183,9,1,3,127,2017-11-09 00:22:59 UTC,0,2017-11-09,0,Thu
45745,9,1,19,127,2017-11-09 01:01:45 UTC,0,2017-11-09,1,Thu
112775,9,1,22,127,2017-11-09 01:08:09 UTC,0,2017-11-09,1,Thu
26870,9,1,6,127,2017-11-09 02:30:00 UTC,0,2017-11-09,2,Thu
16010,9,1,13,127,2017-11-09 04:37:12 UTC,0,2017-11-09,4,Thu
67169,9,1,13,127,2017-11-09 08:27:12 UTC,0,2017-11-09,8,Thu
109851,9,1,31,127,2017-11-09 08:57:16 UTC,0,2017-11-09,8,Thu
46516,9,1,47,127,2017-11-09 08:57:57 UTC,0,2017-11-09,8,Thu
51506,9,1,13,127,2017-11-09 09:15:41 UTC,0,2017-11-09,9,Thu
53454,9,1,6,127,2017-11-09 09:38:40 UTC,0,2017-11-09,9,Thu
3313,9,1,19,127,2017-11-09 09:58:33 UTC,0,2017-11-09,9,Thu
10428,9,1,23,127,2017-11-09 10:26:32 UTC,0,2017-11-09,10,Thu
32000,9,1,13,127,2017-11-09 10:44:10 UTC,0,2017-11-09,10,Thu
160812,9,1,19,127,2017-11-09 11:11:18 UTC,0,2017-11-09,11,Thu
34751,9,1,19,127,2017-11-09 11:23:32 UTC,0,2017-11-09,11,Thu
23260,9,1,34,127,2017-11-09 11:25:07 UTC,0,2017-11-09,11,Thu
94167,9,1,10,127,2017-11-09 11:26:48 UTC,0,2017-11-09,11,Thu
239385,9,1,13,127,2017-11-09 11:54:57 UTC,0,2017-11-09,11,Thu
45781,9,1,22,127,2017-11-09 11:57:59 UTC,0,2017-11-09,11,Thu
90891,9,1,3,127,2017-11-09 12:09:24 UTC,0,2017-11-09,12,Thu
168248,9,1,11,127,2017-11-09 12:09:42 UTC,0,2017-11-09,12,Thu
37458,9,1,22,127,2017-11-09 12:11:35 UTC,0,2017-11-09,12,Thu
28780,9,1,28,127,2017-11-09 12:22:30 UTC,0,2017-11-09,12,Thu
112198,9,1,19,127,2017-11-09 12:29:03 UTC,0,2017-11-09,12,Thu
292641,9,1,6,127,2017-11-09 12:39:49 UTC,0,2017-11-09,12,Thu
15719,9,1,13,127,2017-11-09 13:11:39 UTC,0,2017-11-09,13,Thu
41993,9,1,13,127,2017-11-09 13:20:25 UTC,0,2017-11-09,13,Thu
109676,9,1,15,127,2017-11-09 13:42:10 UTC,0,2017-11-09,13,Thu
102879,9,1,13,127,2017-11-09 13:56:50 UTC,0,2017-11-09,13,Thu
73516,9,1,13,127,2017-11-09 15:20:26 UTC,0,2017-11-09,15,Thu
58705,9,1,3,127,2017-11-09 15:24:56 UTC,0,2017-11-09,15,Thu
4177,9,1,13,127,2017-11-09 15:28:51 UTC,0,2017-11-09,15,Thu
350411,9,1,8,127,2017-11-09 15:37:59 UTC,0,2017-11-09,15,Thu
77866,9,1,15,127,2017-11-09 15:38:58 UTC,0,2017-11-09,15,Thu
101445,9,1,4,127,2017-11-09 15:41:07 UTC,0,2017-11-09,15,Thu
126331,9,1,19,127,2017-11-09 15:42:16 UTC,0,2017-11-09,15,Thu
129667,21,1,13,128,2017-11-06 16:05:30 UTC,0,2017-11-06,16,Mon
5328,21,1,17,128,2017-11-06 16:08:13 UTC,0,2017-11-06,16,Mon
149300,21,1,13,128,2017-11-06 16:24:28 UTC,0,2017-11-06,16,Mon
127181,21,1,19,128,2017-11-06 17:00:27 UTC,0,2017-11-06,17,Mon
32323,21,1,8,128,2017-11-06 17:49:26 UTC,0,2017-11-06,17,Mon
66100,21,2,32,128,2017-11-06 17:50:41 UTC,0,2017-11-06,17,Mon
88541,21,1,25,128,2017-11-06 18:51:40 UTC,0,2017-11-06,18,Mon
53960,21,2,9,128,2017-11-06 22:03:49 UTC,0,2017-11-06,22,Mon
124574,21,2,19,128,2017-11-06 22:18:32 UTC,0,2017-11-06,22,Mon
10511,21,1,13,128,2017-11-06 23:01:39 UTC,0,2017-11-06,23,Mon
68891,21,1,19,128,2017-11-06 23:05:04 UTC,0,2017-11-06,23,Mon
123012,21,2,13,128,2017-11-06 23:19:39 UTC,0,2017-11-06,23,Mon
92645,21,1,41,128,2017-11-06 23:31:30 UTC,0,2017-11-06,23,Mon
24876,21,2,6,128,2017-11-06 23:37:34 UTC,0,2017-11-06,23,Mon
5449,21,1,19,128,2017-11-06 23:47:35 UTC,0,2017-11-06,23,Mon
194983,21,1,19,128,2017-11-06 23:53:23 UTC,0,2017-11-06,23,Mon
208090,21,1,37,128,2017-11-07 00:14:04 UTC,0,2017-11-07,0,Tue
70551,21,1,53,128,2017-11-07 00:53:50 UTC,0,2017-11-07,0,Tue
7664,21,1,19,128,2017-11-07 01:12:02 UTC,0,2017-11-07,1,Tue
155357,21,1,19,128,2017-11-07 01:17:15 UTC,0,2017-11-07,1,Tue
109183,21,1,19,128,2017-11-07 01:17:56 UTC,0,2017-11-07,1,Tue
208771,21,1,19,128,2017-11-07 01:34:21 UTC,0,2017-11-07,1,Tue
71710,21,1,13,128,2017-11-07 01:34:48 UTC,0,2017-11-07,1,Tue
837,21,1,25,128,2017-11-07 01:35:04 UTC,0,2017-11-07,1,Tue
77037,21,1,13,128,2017-11-07 01:52:20 UTC,0,2017-11-07,1,Tue
70247,21,1,14,128,2017-11-07 01:58:35 UTC,0,2017-11-07,1,Tue
12087,21,1,17,128,2017-11-07 02:08:23 UTC,0,2017-11-07,2,Tue
38653,21,1,19,128,2017-11-07 02:28:26 UTC,0,2017-11-07,2,Tue
119393,21,1,13,128,2017-11-07 03:16:28 UTC,0,2017-11-07,3,Tue
139490,21,1,19,128,2017-11-07 03:38:12 UTC,0,2017-11-07,3,Tue
185936,21,1,19,128,2017-11-07 04:09:06 UTC,0,2017-11-07,4,Tue
84819,21,1,13,128,2017-11-07 04:12:03 UTC,0,2017-11-07,4,Tue
191265,21,1,17,128,2017-11-07 04:41:59 UTC,0,2017-11-07,4,Tue
165108,21,1,13,128,2017-11-07 04:58:25 UTC,0,2017-11-07,4,Tue
95662,21,1,19,128,2017-11-07 05:07:34 UTC,0,2017-11-07,5,Tue
37628,21,1,10,128,2017-11-07 05:31:29 UTC,0,2017-11-07,5,Tue
925,21,1,26,128,2017-11-07 05:50:49 UTC,0,2017-11-07,5,Tue
34939,21,1,41,128,2017-11-07 06:10:51 UTC,0,2017-11-07,6,Tue
116740,21,1,13,128,2017-11-07 06:43:20 UTC,0,2017-11-07,6,Tue
143423,21,1,19,128,2017-11-07 06:49:13 UTC,0,2017-11-07,6,Tue
55024,21,1,20,128,2017-11-07 06:53:06 UTC,0,2017-11-07,6,Tue
122495,21,1,26,128,2017-11-07 07:27:53 UTC,0,2017-11-07,7,Tue
81287,21,1,19,128,2017-11-07 07:28:17 UTC,0,2017-11-07,7,Tue
94068,21,1,19,128,2017-11-07 07:47:56 UTC,0,2017-11-07,7,Tue
144614,21,1,25,128,2017-11-07 08:18:30 UTC,0,2017-11-07,8,Tue
152918,21,1,27,128,2017-11-07 08:35:52 UTC,0,2017-11-07,8,Tue
42143,21,1,10,128,2017-11-07 08:51:43 UTC,0,2017-11-07,8,Tue
129477,21,1,13,128,2017-11-07 09:14:59 UTC,0,2017-11-07,9,Tue
72467,21,1,13,128,2017-11-07 09:57:02 UTC,0,2017-11-07,9,Tue
128120,21,1,1,128,2017-11-07 09:59:00 UTC,0,2017-11-07,9,Tue
10120,21,1,18,128,2017-11-07 09:59:35 UTC,0,2017-11-07,9,Tue
44907,21,1,19,128,2017-11-07 10:06:37 UTC,0,2017-11-07,10,Tue
185871,21,1,15,128,2017-11-07 10:07:12 UTC,0,2017-11-07,10,Tue
47227,21,1,13,128,2017-11-07 10:38:25 UTC,0,2017-11-07,10,Tue
191290,21,1,17,128,2017-11-07 10:55:55 UTC,0,2017-11-07,10,Tue
16955,21,1,6,128,2017-11-07 11:03:42 UTC,0,2017-11-07,11,Tue
114276,21,2,13,128,2017-11-07 12:52:11 UTC,0,2017-11-07,12,Tue
205134,21,2,19,128,2017-11-07 13:24:56 UTC,0,2017-11-07,13,Tue
196669,21,1,47,128,2017-11-07 13:27:13 UTC,0,2017-11-07,13,Tue
74621,21,1,12,128,2017-11-07 13:49:39 UTC,0,2017-11-07,13,Tue
4118,21,1,9,128,2017-11-07 13:50:45 UTC,0,2017-11-07,13,Tue
5314,21,1,18,128,2017-11-07 13:55:10 UTC,0,2017-11-07,13,Tue
40125,21,1,19,128,2017-11-07 14:22:46 UTC,0,2017-11-07,14,Tue
137716,21,1,19,128,2017-11-07 15:35:08 UTC,0,2017-11-07,15,Tue
144687,21,1,19,128,2017-11-07 15:37:12 UTC,0,2017-11-07,15,Tue
105475,21,2,37,128,2017-11-07 16:06:25 UTC,0,2017-11-07,16,Tue
49821,21,1,14,128,2017-11-07 18:45:07 UTC,0,2017-11-07,18,Tue
15365,21,2,9,128,2017-11-07 21:41:28 UTC,0,2017-11-07,21,Tue
9140,21,1,13,128,2017-11-07 22:29:41 UTC,0,2017-11-07,22,Tue
106293,21,1,19,128,2017-11-07 23:13:43 UTC,0,2017-11-07,23,Tue
50430,21,1,19,128,2017-11-08 00:06:20 UTC,0,2017-11-08,0,Wed
6871,21,1,19,128,2017-11-08 00:20:58 UTC,0,2017-11-08,0,Wed
38527,21,1,11,128,2017-11-08 00:21:02 UTC,0,2017-11-08,0,Wed
223876,21,1,6,128,2017-11-08 01:42:17 UTC,0,2017-11-08,1,Wed
32788,21,1,3,128,2017-11-08 01:48:12 UTC,0,2017-11-08,1,Wed
58570,21,1,22,128,2017-11-08 02:12:25 UTC,0,2017-11-08,2,Wed
59470,21,1,10,128,2017-11-08 02:27:45 UTC,0,2017-11-08,2,Wed
125307,21,1,16,128,2017-11-08 03:42:19 UTC,0,2017-11-08,3,Wed
154226,21,1,13,128,2017-11-08 04:13:00 UTC,0,2017-11-08,4,Wed
88371,21,1,10,128,2017-11-08 04:22:27 UTC,0,2017-11-08,4,Wed
45745,21,1,19,128,2017-11-08 04:27:56 UTC,0,2017-11-08,4,Wed
83306,21,1,19,128,2017-11-08 04:39:31 UTC,0,2017-11-08,4,Wed
77763,21,1,47,128,2017-11-08 04:46:54 UTC,0,2017-11-08,4,Wed
11287,21,1,19,128,2017-11-08 04:50:15 UTC,0,2017-11-08,4,Wed
7131,21,1,9,128,2017-11-08 05:43:31 UTC,0,2017-11-08,5,Wed
125062,21,1,17,128,2017-11-08 05:59:41 UTC,0,2017-11-08,5,Wed
75644,21,1,35,128,2017-11-08 07:26:20 UTC,0,2017-11-08,7,Wed
208468,21,1,19,128,2017-11-08 08:16:20 UTC,0,2017-11-08,8,Wed
3133,21,1,18,128,2017-11-08 09:12:48 UTC,0,2017-11-08,9,Wed
8469,21,1,17,128,2017-11-08 09:33:21 UTC,0,2017-11-08,9,Wed
7895,21,1,3,128,2017-11-08 09:52:09 UTC,0,2017-11-08,9,Wed
81514,21,2,18,128,2017-11-08 09:58:30 UTC,0,2017-11-08,9,Wed
5348,21,2,19,128,2017-11-08 11:27:58 UTC,0,2017-11-08,11,Wed
196513,21,1,15,128,2017-11-08 11:31:58 UTC,0,2017-11-08,11,Wed
114276,21,1,3,128,2017-11-08 12:44:39 UTC,0,2017-11-08,12,Wed
5348,21,2,13,128,2017-11-08 12:50:49 UTC,0,2017-11-08,12,Wed
91611,21,1,13,128,2017-11-08 14:39:55 UTC,0,2017-11-08,14,Wed
49938,21,2,42,128,2017-11-08 14:41:59 UTC,0,2017-11-08,14,Wed
7635,21,1,17,128,2017-11-08 14:47:15 UTC,0,2017-11-08,14,Wed
125984,21,1,22,128,2017-11-08 15:52:46 UTC,0,2017-11-08,15,Wed
15829,21,1,13,128,2017-11-08 16:02:16 UTC,0,2017-11-08,16,Wed
37948,21,2,20,128,2017-11-08 16:47:19 UTC,0,2017-11-08,16,Wed
119304,21,1,47,128,2017-11-08 19:16:01 UTC,0,2017-11-08,19,Wed
287997,21,1,13,128,2017-11-08 20:09:07 UTC,0,2017-11-08,20,Wed
137780,21,1,17,128,2017-11-08 21:24:58 UTC,0,2017-11-08,21,Wed
87879,21,1,6,128,2017-11-08 23:02:19 UTC,0,2017-11-08,23,Wed
65362,21,1,17,128,2017-11-08 23:38:14 UTC,0,2017-11-08,23,Wed
61120,21,1,17,128,2017-11-08 23:41:06 UTC,0,2017-11-08,23,Wed
67725,21,1,18,128,2017-11-09 00:10:40 UTC,0,2017-11-09,0,Thu
144353,21,1,20,128,2017-11-09 00:32:00 UTC,0,2017-11-09,0,Thu
57891,21,1,18,128,2017-11-09 00:46:03 UTC,0,2017-11-09,0,Thu
5178,21,1,19,128,2017-11-09 02:54:16 UTC,0,2017-11-09,2,Thu
58363,21,1,13,128,2017-11-09 03:18:41 UTC,0,2017-11-09,3,Thu
40337,21,1,19,128,2017-11-09 03:28:56 UTC,0,2017-11-09,3,Thu
27627,21,1,19,128,2017-11-09 04:01:25 UTC,0,2017-11-09,4,Thu
42956,21,1,10,128,2017-11-09 04:10:58 UTC,0,2017-11-09,4,Thu
177174,21,1,13,128,2017-11-09 04:37:00 UTC,0,2017-11-09,4,Thu
168961,21,1,9,128,2017-11-09 04:40:01 UTC,0,2017-11-09,4,Thu
205353,21,1,13,128,2017-11-09 04:48:13 UTC,0,2017-11-09,4,Thu
5348,21,1,13,128,2017-11-09 04:51:39 UTC,0,2017-11-09,4,Thu
5314,21,1,13,128,2017-11-09 05:28:08 UTC,0,2017-11-09,5,Thu
33412,21,1,22,128,2017-11-09 05:43:53 UTC,0,2017-11-09,5,Thu
102280,21,1,17,128,2017-11-09 05:46:47 UTC,0,2017-11-09,5,Thu
102768,21,1,19,128,2017-11-09 05:58:28 UTC,0,2017-11-09,5,Thu
103527,21,1,13,128,2017-11-09 06:40:38 UTC,0,2017-11-09,6,Thu
25289,21,1,25,128,2017-11-09 06:51:39 UTC,0,2017-11-09,6,Thu
48679,21,1,19,128,2017-11-09 06:56:53 UTC,0,2017-11-09,6,Thu
110189,21,1,18,128,2017-11-09 07:10:04 UTC,0,2017-11-09,7,Thu
34087,21,1,18,128,2017-11-09 07:44:44 UTC,0,2017-11-09,7,Thu
125339,21,1,13,128,2017-11-09 07:53:18 UTC,0,2017-11-09,7,Thu
50510,21,1,25,128,2017-11-09 08:01:45 UTC,0,2017-11-09,8,Thu
304680,21,1,19,128,2017-11-09 08:11:07 UTC,0,2017-11-09,8,Thu
18667,21,1,18,128,2017-11-09 08:49:46 UTC,0,2017-11-09,8,Thu
18703,21,1,19,128,2017-11-09 08:52:34 UTC,0,2017-11-09,8,Thu
124446,21,1,13,128,2017-11-09 09:26:59 UTC,0,2017-11-09,9,Thu
83616,21,1,26,128,2017-11-09 10:30:15 UTC,0,2017-11-09,10,Thu
39349,21,1,17,128,2017-11-09 10:31:54 UTC,0,2017-11-09,10,Thu
59951,21,1,13,128,2017-11-09 10:36:12 UTC,0,2017-11-09,10,Thu
37776,21,2,13,128,2017-11-09 11:35:50 UTC,0,2017-11-09,11,Thu
73367,21,1,13,128,2017-11-09 11:41:22 UTC,0,2017-11-09,11,Thu
280992,21,2,79,128,2017-11-09 11:47:11 UTC,0,2017-11-09,11,Thu
329098,21,2,22,128,2017-11-09 12:03:27 UTC,0,2017-11-09,12,Thu
6942,21,1,20,128,2017-11-09 12:11:11 UTC,0,2017-11-09,12,Thu
35520,21,1,17,128,2017-11-09 12:12:51 UTC,0,2017-11-09,12,Thu
63964,21,1,37,128,2017-11-09 13:39:16 UTC,0,2017-11-09,13,Thu
34292,21,1,22,128,2017-11-09 13:58:50 UTC,0,2017-11-09,13,Thu
45992,17,1,14,128,2017-11-09 14:22:37 UTC,0,2017-11-09,14,Thu
121278,21,1,19,128,2017-11-09 14:28:34 UTC,0,2017-11-09,14,Thu
90891,17,1,12,128,2017-11-09 14:32:50 UTC,0,2017-11-09,14,Thu
196609,17,1,13,128,2017-11-09 15:12:00 UTC,0,2017-11-09,15,Thu
44744,15,1,19,130,2017-11-06 16:15:53 UTC,0,2017-11-06,16,Mon
2076,15,1,13,130,2017-11-06 17:02:06 UTC,0,2017-11-06,17,Mon
71579,3,1,9,130,2017-11-06 17:24:18 UTC,0,2017-11-06,17,Mon
130834,15,1,22,130,2017-11-06 17:53:17 UTC,0,2017-11-06,17,Mon
182971,3,1,19,130,2017-11-06 18:17:55 UTC,0,2017-11-06,18,Mon
162437,3,1,13,130,2017-11-06 22:55:44 UTC,0,2017-11-06,22,Mon
39755,3,1,8,130,2017-11-06 23:27:14 UTC,0,2017-11-06,23,Mon
43044,3,1,13,130,2017-11-06 23:38:51 UTC,0,2017-11-06,23,Mon
95245,3,1,19,130,2017-11-07 00:02:39 UTC,0,2017-11-07,0,Tue
81571,3,1,10,130,2017-11-07 01:58:50 UTC,0,2017-11-07,1,Tue
46774,3,1,19,130,2017-11-07 02:06:06 UTC,0,2017-11-07,2,Tue
7441,3,1,42,130,2017-11-07 03:34:04 UTC,0,2017-11-07,3,Tue
178099,3,1,25,130,2017-11-07 04:19:37 UTC,0,2017-11-07,4,Tue
50136,3,1,19,130,2017-11-07 04:19:42 UTC,0,2017-11-07,4,Tue
72805,3,1,13,130,2017-11-07 04:59:23 UTC,0,2017-11-07,4,Tue
132703,3,1,13,130,2017-11-07 05:12:37 UTC,0,2017-11-07,5,Tue
121710,3,1,6,130,2017-11-07 06:10:50 UTC,0,2017-11-07,6,Tue
141352,3,1,13,130,2017-11-07 06:23:38 UTC,0,2017-11-07,6,Tue
95766,3,1,8,130,2017-11-07 06:45:08 UTC,0,2017-11-07,6,Tue
83090,3,1,13,130,2017-11-07 07:04:37 UTC,0,2017-11-07,7,Tue
77306,15,1,17,130,2017-11-07 07:54:55 UTC,0,2017-11-07,7,Tue
174062,3,1,10,130,2017-11-07 08:16:56 UTC,0,2017-11-07,8,Tue
141270,3,1,53,130,2017-11-07 08:38:24 UTC,0,2017-11-07,8,Tue
54868,3,1,16,130,2017-11-07 09:15:30 UTC,0,2017-11-07,9,Tue
100276,15,1,53,130,2017-11-07 09:26:26 UTC,0,2017-11-07,9,Tue
65631,3,1,32,130,2017-11-07 10:43:55 UTC,0,2017-11-07,10,Tue
27035,3,1,32,130,2017-11-07 12:42:01 UTC,0,2017-11-07,12,Tue
166433,3,1,19,130,2017-11-07 13:58:14 UTC,0,2017-11-07,13,Tue
26350,15,1,22,130,2017-11-07 14:09:54 UTC,0,2017-11-07,14,Tue
10200,3,1,6,130,2017-11-07 14:24:59 UTC,0,2017-11-07,14,Tue
34632,15,1,19,130,2017-11-07 14:32:40 UTC,0,2017-11-07,14,Tue
78420,15,1,25,130,2017-11-07 14:38:54 UTC,0,2017-11-07,14,Tue
47997,15,1,25,130,2017-11-07 14:58:32 UTC,0,2017-11-07,14,Tue
66378,15,1,19,130,2017-11-07 16:35:49 UTC,0,2017-11-07,16,Tue
197234,15,1,22,130,2017-11-07 18:16:14 UTC,0,2017-11-07,18,Tue
97341,15,1,15,130,2017-11-07 22:15:24 UTC,0,2017-11-07,22,Tue
129931,3,1,13,130,2017-11-07 23:25:39 UTC,0,2017-11-07,23,Tue
77772,3,1,19,130,2017-11-07 23:29:08 UTC,0,2017-11-07,23,Tue
211623,15,1,13,130,2017-11-07 23:30:01 UTC,0,2017-11-07,23,Tue
104400,15,1,13,130,2017-11-07 23:40:33 UTC,0,2017-11-07,23,Tue
202183,3,1,4,130,2017-11-07 23:42:59 UTC,0,2017-11-07,23,Tue
263996,3,1,41,130,2017-11-07 23:57:02 UTC,0,2017-11-07,23,Tue
87073,3,1,15,130,2017-11-08 01:04:01 UTC,0,2017-11-08,1,Wed
10544,15,1,19,130,2017-11-08 01:30:56 UTC,0,2017-11-08,1,Wed
105061,15,1,19,130,2017-11-08 01:33:10 UTC,0,2017-11-08,1,Wed
91641,15,1,19,130,2017-11-08 02:35:32 UTC,0,2017-11-08,2,Wed
58973,15,1,18,130,2017-11-08 03:15:36 UTC,0,2017-11-08,3,Wed
70621,3,1,13,130,2017-11-08 03:19:21 UTC,0,2017-11-08,3,Wed
126371,3,1,13,130,2017-11-08 03:56:40 UTC,0,2017-11-08,3,Wed
237235,3,1,9,130,2017-11-08 04:17:46 UTC,0,2017-11-08,4,Wed
81006,15,1,19,130,2017-11-08 04:30:48 UTC,0,2017-11-08,4,Wed
48529,15,1,13,130,2017-11-08 04:48:27 UTC,0,2017-11-08,4,Wed
180506,15,1,19,130,2017-11-08 04:52:44 UTC,0,2017-11-08,4,Wed
2564,3,1,47,130,2017-11-08 04:53:43 UTC,0,2017-11-08,4,Wed
192452,15,1,35,130,2017-11-08 05:00:14 UTC,0,2017-11-08,5,Wed
26573,15,1,13,130,2017-11-08 05:10:46 UTC,0,2017-11-08,5,Wed
34139,15,1,26,130,2017-11-08 05:44:11 UTC,0,2017-11-08,5,Wed
69710,15,1,19,130,2017-11-08 06:07:34 UTC,0,2017-11-08,6,Wed
175576,15,1,13,130,2017-11-08 06:32:52 UTC,0,2017-11-08,6,Wed
9314,3,1,17,130,2017-11-08 06:44:50 UTC,0,2017-11-08,6,Wed
84410,3,1,13,130,2017-11-08 08:02:16 UTC,0,2017-11-08,8,Wed
248138,15,1,19,130,2017-11-08 08:32:10 UTC,0,2017-11-08,8,Wed
110211,3,1,16,130,2017-11-08 09:37:36 UTC,0,2017-11-08,9,Wed
103396,3,1,13,130,2017-11-08 12:41:28 UTC,0,2017-11-08,12,Wed
5314,15,1,17,130,2017-11-08 12:43:35 UTC,0,2017-11-08,12,Wed
83824,3,1,13,130,2017-11-08 12:46:12 UTC,0,2017-11-08,12,Wed
42289,3,2,49,130,2017-11-08 13:16:42 UTC,0,2017-11-08,13,Wed
40022,3,1,42,130,2017-11-08 14:37:57 UTC,0,2017-11-08,14,Wed
24896,3,1,44,130,2017-11-09 00:49:34 UTC,0,2017-11-09,0,Thu
333092,3,1,17,130,2017-11-09 01:12:13 UTC,0,2017-11-09,1,Thu
8968,15,1,19,130,2017-11-09 01:32:15 UTC,0,2017-11-09,1,Thu
117944,15,1,13,130,2017-11-09 03:06:59 UTC,0,2017-11-09,3,Thu
18365,3,1,25,130,2017-11-09 03:13:27 UTC,0,2017-11-09,3,Thu
181022,3,1,6,130,2017-11-09 03:46:46 UTC,0,2017-11-09,3,Thu
84395,15,1,13,130,2017-11-09 04:26:46 UTC,0,2017-11-09,4,Thu
7645,3,1,19,130,2017-11-09 05:16:13 UTC,0,2017-11-09,5,Thu
89113,15,1,25,130,2017-11-09 07:00:26 UTC,0,2017-11-09,7,Thu
77540,3,1,22,130,2017-11-09 07:01:10 UTC,0,2017-11-09,7,Thu
71591,15,1,19,130,2017-11-09 07:35:11 UTC,0,2017-11-09,7,Thu
104968,15,1,19,130,2017-11-09 07:45:57 UTC,0,2017-11-09,7,Thu
120444,3,1,9,130,2017-11-09 08:11:04 UTC,0,2017-11-09,8,Thu
183647,15,1,19,130,2017-11-09 08:58:51 UTC,0,2017-11-09,8,Thu
48282,15,1,18,130,2017-11-09 11:20:25 UTC,0,2017-11-09,11,Thu
68824,3,1,22,130,2017-11-09 11:56:33 UTC,0,2017-11-09,11,Thu
123974,3,1,30,130,2017-11-09 13:41:01 UTC,0,2017-11-09,13,Thu
318097,3,1,18,130,2017-11-09 13:47:11 UTC,0,2017-11-09,13,Thu
73487,3,1,70,130,2017-11-09 13:52:12 UTC,0,2017-11-09,13,Thu
108881,15,1,22,130,2017-11-09 14:07:17 UTC,0,2017-11-09,14,Thu
3472,15,1,19,130,2017-11-09 14:19:28 UTC,0,2017-11-09,14,Thu
48158,15,1,20,130,2017-11-09 14:50:43 UTC,0,2017-11-09,14,Thu
75912,3,1,19,130,2017-11-09 15:02:36 UTC,0,2017-11-09,15,Thu
103567,3,1,19,130,2017-11-09 15:07:38 UTC,0,2017-11-09,15,Thu
144253,3,1,8,130,2017-11-09 15:17:10 UTC,0,2017-11-09,15,Thu
90855,3,1,13,130,2017-11-09 15:42:03 UTC,0,2017-11-09,15,Thu
75422,3,1,9,130,2017-11-09 15:52:08 UTC,0,2017-11-09,15,Thu
11185,1,1,13,134,2017-11-06 16:01:00 UTC,0,2017-11-06,16,Mon
92767,18,1,14,134,2017-11-06 16:01:34 UTC,0,2017-11-06,16,Mon
153416,9,1,18,134,2017-11-06 16:06:14 UTC,0,2017-11-06,16,Mon
78447,9,1,13,134,2017-11-06 16:13:34 UTC,0,2017-11-06,16,Mon
40898,9,1,18,134,2017-11-06 16:16:02 UTC,0,2017-11-06,16,Mon
29226,9,1,19,134,2017-11-06 16:18:06 UTC,0,2017-11-06,16,Mon
104622,9,1,19,134,2017-11-06 16:20:42 UTC,0,2017-11-06,16,Mon
106223,9,1,13,134,2017-11-06 16:20:49 UTC,0,2017-11-06,16,Mon
184437,9,1,13,134,2017-11-06 16:33:39 UTC,0,2017-11-06,16,Mon
102275,9,1,19,134,2017-11-06 17:57:14 UTC,0,2017-11-06,17,Mon
55742,9,1,17,134,2017-11-06 17:57:43 UTC,0,2017-11-06,17,Mon
99075,1,1,17,134,2017-11-06 18:03:25 UTC,0,2017-11-06,18,Mon
145777,14,1,6,134,2017-11-06 18:58:10 UTC,0,2017-11-06,18,Mon
37385,9,1,25,134,2017-11-06 20:20:03 UTC,0,2017-11-06,20,Mon
66743,1,1,13,134,2017-11-06 20:24:08 UTC,0,2017-11-06,20,Mon
109723,1,1,73,134,2017-11-06 22:01:52 UTC,0,2017-11-06,22,Mon
10434,9,1,13,134,2017-11-06 22:07:43 UTC,0,2017-11-06,22,Mon
182103,9,1,10,134,2017-11-06 22:09:28 UTC,0,2017-11-06,22,Mon
46637,1,1,19,134,2017-11-06 23:00:27 UTC,0,2017-11-06,23,Mon
35038,9,1,3,134,2017-11-06 23:07:02 UTC,0,2017-11-06,23,Mon
115663,1,1,13,134,2017-11-06 23:19:32 UTC,0,2017-11-06,23,Mon
23450,1,2,30,134,2017-11-06 23:19:49 UTC,0,2017-11-06,23,Mon
102206,1,1,22,134,2017-11-06 23:23:11 UTC,0,2017-11-06,23,Mon
1815,1,1,13,134,2017-11-06 23:28:15 UTC,0,2017-11-06,23,Mon
73487,9,2,9,134,2017-11-06 23:43:59 UTC,0,2017-11-06,23,Mon
161985,1,1,41,134,2017-11-06 23:59:54 UTC,0,2017-11-06,23,Mon
16050,1,1,3,134,2017-11-07 00:01:16 UTC,0,2017-11-07,0,Tue
102225,9,1,13,134,2017-11-07 00:08:01 UTC,0,2017-11-07,0,Tue
69362,1,1,20,134,2017-11-07 00:08:41 UTC,0,2017-11-07,0,Tue
147211,9,1,13,134,2017-11-07 00:11:22 UTC,0,2017-11-07,0,Tue
5912,9,1,18,134,2017-11-07 00:12:50 UTC,0,2017-11-07,0,Tue
26927,9,1,13,134,2017-11-07 00:23:44 UTC,0,2017-11-07,0,Tue
114276,1,1,13,134,2017-11-07 00:24:16 UTC,0,2017-11-07,0,Tue
130484,9,1,16,134,2017-11-07 00:24:22 UTC,0,2017-11-07,0,Tue
123572,14,1,19,134,2017-11-07 00:25:09 UTC,0,2017-11-07,0,Tue
118469,9,1,13,134,2017-11-07 00:28:28 UTC,0,2017-11-07,0,Tue
6662,9,1,19,134,2017-11-07 00:29:21 UTC,0,2017-11-07,0,Tue
10005,9,1,10,134,2017-11-07 00:30:21 UTC,0,2017-11-07,0,Tue
210449,9,1,19,134,2017-11-07 00:32:50 UTC,0,2017-11-07,0,Tue
62397,9,1,13,134,2017-11-07 00:33:08 UTC,0,2017-11-07,0,Tue
55047,9,1,26,134,2017-11-07 00:47:21 UTC,0,2017-11-07,0,Tue
27988,1,1,18,134,2017-11-07 00:51:22 UTC,0,2017-11-07,0,Tue
59955,18,1,11,134,2017-11-07 00:54:14 UTC,0,2017-11-07,0,Tue
8469,9,1,19,134,2017-11-07 01:00:16 UTC,0,2017-11-07,1,Tue
55903,1,1,22,134,2017-11-07 01:19:29 UTC,0,2017-11-07,1,Tue
94174,1,1,19,134,2017-11-07 01:25:23 UTC,0,2017-11-07,1,Tue
73487,9,2,13,134,2017-11-07 01:32:49 UTC,0,2017-11-07,1,Tue
195400,14,1,19,134,2017-11-07 01:40:32 UTC,0,2017-11-07,1,Tue
103051,14,1,14,134,2017-11-07 01:41:18 UTC,0,2017-11-07,1,Tue
122517,1,1,28,134,2017-11-07 01:48:54 UTC,0,2017-11-07,1,Tue
31534,1,1,17,134,2017-11-07 01:50:27 UTC,0,2017-11-07,1,Tue
1365,9,1,8,134,2017-11-07 02:36:48 UTC,0,2017-11-07,2,Tue
13963,18,1,3,134,2017-11-07 02:39:45 UTC,0,2017-11-07,2,Tue
78524,18,1,19,134,2017-11-07 02:40:11 UTC,0,2017-11-07,2,Tue
20970,9,1,13,134,2017-11-07 02:43:28 UTC,0,2017-11-07,2,Tue
176471,18,1,32,134,2017-11-07 02:45:33 UTC,0,2017-11-07,2,Tue
18747,14,1,1,134,2017-11-07 03:21:13 UTC,0,2017-11-07,3,Tue
171351,18,1,13,134,2017-11-07 03:22:17 UTC,0,2017-11-07,3,Tue
43793,1,1,3,134,2017-11-07 03:27:42 UTC,0,2017-11-07,3,Tue
116607,18,1,13,134,2017-11-07 04:06:21 UTC,0,2017-11-07,4,Tue
41805,18,1,19,134,2017-11-07 04:07:50 UTC,0,2017-11-07,4,Tue
44926,18,1,19,134,2017-11-07 04:11:24 UTC,0,2017-11-07,4,Tue
103648,18,1,19,134,2017-11-07 04:19:01 UTC,0,2017-11-07,4,Tue
55763,14,1,27,134,2017-11-07 04:59:11 UTC,0,2017-11-07,4,Tue
100896,17,1,25,134,2017-11-07 05:10:51 UTC,0,2017-11-07,5,Tue
66003,18,1,19,134,2017-11-07 05:19:28 UTC,0,2017-11-07,5,Tue
158559,1,1,7,134,2017-11-07 05:40:59 UTC,0,2017-11-07,5,Tue
50217,1,1,13,134,2017-11-07 05:55:44 UTC,0,2017-11-07,5,Tue
147142,18,1,13,134,2017-11-07 06:19:31 UTC,0,2017-11-07,6,Tue
57938,18,1,12,134,2017-11-07 06:44:47 UTC,0,2017-11-07,6,Tue
61293,18,1,13,134,2017-11-07 06:52:48 UTC,0,2017-11-07,6,Tue
34284,18,1,13,134,2017-11-07 06:56:44 UTC,0,2017-11-07,6,Tue
71535,1,1,9,134,2017-11-07 07:08:28 UTC,0,2017-11-07,7,Tue
113723,14,1,9,134,2017-11-07 07:37:38 UTC,0,2017-11-07,7,Tue
19216,1,2,10,134,2017-11-07 07:38:50 UTC,0,2017-11-07,7,Tue
53786,9,1,19,134,2017-11-07 07:47:53 UTC,0,2017-11-07,7,Tue
105560,18,1,27,134,2017-11-07 07:48:21 UTC,0,2017-11-07,7,Tue
106883,18,1,19,134,2017-11-07 07:58:29 UTC,0,2017-11-07,7,Tue
142083,14,1,13,134,2017-11-07 08:11:41 UTC,0,2017-11-07,8,Tue
198822,18,1,14,134,2017-11-07 08:35:30 UTC,0,2017-11-07,8,Tue
86383,1,1,17,134,2017-11-07 08:42:39 UTC,0,2017-11-07,8,Tue
125896,18,1,6,134,2017-11-07 08:45:57 UTC,0,2017-11-07,8,Tue
53964,18,1,13,134,2017-11-07 09:13:22 UTC,0,2017-11-07,9,Tue
2388,17,1,43,134,2017-11-07 09:40:38 UTC,0,2017-11-07,9,Tue
69595,18,1,19,134,2017-11-07 10:24:23 UTC,0,2017-11-07,10,Tue
165072,18,1,37,134,2017-11-07 11:01:05 UTC,0,2017-11-07,11,Tue
125027,18,1,4,134,2017-11-07 11:16:20 UTC,0,2017-11-07,11,Tue
95766,1,1,7,134,2017-11-07 11:26:25 UTC,0,2017-11-07,11,Tue
95837,14,1,19,134,2017-11-07 11:37:24 UTC,0,2017-11-07,11,Tue
191759,1,1,13,134,2017-11-07 11:55:28 UTC,0,2017-11-07,11,Tue
91168,18,1,19,134,2017-11-07 12:04:57 UTC,0,2017-11-07,12,Tue
25097,1,2,18,134,2017-11-07 12:08:45 UTC,0,2017-11-07,12,Tue
148224,18,1,8,134,2017-11-07 12:31:21 UTC,0,2017-11-07,12,Tue
158980,18,1,13,134,2017-11-07 12:37:24 UTC,0,2017-11-07,12,Tue
113836,18,1,40,134,2017-11-07 13:21:34 UTC,0,2017-11-07,13,Tue
63790,9,2,13,134,2017-11-07 13:30:33 UTC,0,2017-11-07,13,Tue
37515,1,1,10,134,2017-11-07 13:33:22 UTC,0,2017-11-07,13,Tue
92852,1,1,14,134,2017-11-07 13:34:58 UTC,0,2017-11-07,13,Tue
44067,1,1,13,134,2017-11-07 14:08:05 UTC,0,2017-11-07,14,Tue
49553,18,1,19,134,2017-11-07 14:25:46 UTC,0,2017-11-07,14,Tue
138561,9,1,19,134,2017-11-07 14:30:19 UTC,0,2017-11-07,14,Tue
78881,18,1,20,134,2017-11-07 14:34:42 UTC,0,2017-11-07,14,Tue
157612,1,1,3,134,2017-11-07 14:37:55 UTC,0,2017-11-07,14,Tue
22804,18,1,19,134,2017-11-07 14:45:33 UTC,0,2017-11-07,14,Tue
93057,18,1,13,134,2017-11-07 14:46:17 UTC,0,2017-11-07,14,Tue
41666,18,1,13,134,2017-11-07 15:06:38 UTC,0,2017-11-07,15,Tue
145951,18,1,10,134,2017-11-07 15:29:41 UTC,0,2017-11-07,15,Tue
37972,18,1,13,134,2017-11-07 15:36:52 UTC,0,2017-11-07,15,Tue
73734,18,1,19,134,2017-11-07 15:52:30 UTC,0,2017-11-07,15,Tue
41082,1,1,19,134,2017-11-07 16:00:12 UTC,0,2017-11-07,16,Tue
55003,18,1,1,134,2017-11-07 16:01:33 UTC,0,2017-11-07,16,Tue
53058,9,1,19,134,2017-11-07 16:07:51 UTC,0,2017-11-07,16,Tue
51887,1,1,15,134,2017-11-07 16:14:49 UTC,0,2017-11-07,16,Tue
18839,9,1,19,134,2017-11-07 16:24:34 UTC,0,2017-11-07,16,Tue
77763,9,1,10,134,2017-11-07 16:27:20 UTC,0,2017-11-07,16,Tue
275129,9,1,13,134,2017-11-07 16:30:16 UTC,0,2017-11-07,16,Tue
28420,9,1,19,134,2017-11-07 16:32:36 UTC,0,2017-11-07,16,Tue
122677,1,1,17,134,2017-11-07 16:40:57 UTC,0,2017-11-07,16,Tue
113293,9,1,19,134,2017-11-07 17:29:16 UTC,0,2017-11-07,17,Tue
13634,18,1,20,134,2017-11-07 17:30:51 UTC,0,2017-11-07,17,Tue
269083,9,1,18,134,2017-11-07 17:33:04 UTC,0,2017-11-07,17,Tue
5348,9,1,19,134,2017-11-07 17:39:18 UTC,0,2017-11-07,17,Tue
83616,18,1,20,134,2017-11-07 18:07:22 UTC,0,2017-11-07,18,Tue
28374,9,1,15,134,2017-11-07 18:28:22 UTC,0,2017-11-07,18,Tue
108816,9,1,13,134,2017-11-07 19:05:34 UTC,0,2017-11-07,19,Tue
57154,18,1,14,134,2017-11-07 20:00:00 UTC,0,2017-11-07,20,Tue
208937,9,1,19,134,2017-11-07 21:44:43 UTC,0,2017-11-07,21,Tue
89596,9,1,13,134,2017-11-07 22:29:19 UTC,0,2017-11-07,22,Tue
239741,9,1,6,134,2017-11-07 22:29:28 UTC,0,2017-11-07,22,Tue
118157,9,1,19,134,2017-11-07 22:33:48 UTC,0,2017-11-07,22,Tue
17865,14,2,19,134,2017-11-07 22:39:22 UTC,0,2017-11-07,22,Tue
5314,1,1,19,134,2017-11-07 22:55:29 UTC,0,2017-11-07,22,Tue
23358,1,1,17,134,2017-11-07 23:06:40 UTC,0,2017-11-07,23,Tue
286608,9,1,13,134,2017-11-07 23:16:35 UTC,0,2017-11-07,23,Tue
105388,9,1,20,134,2017-11-07 23:20:58 UTC,0,2017-11-07,23,Tue
31119,14,1,22,134,2017-11-07 23:26:18 UTC,0,2017-11-07,23,Tue
91040,1,1,19,134,2017-11-07 23:26:23 UTC,0,2017-11-07,23,Tue
60381,1,1,13,134,2017-11-07 23:31:34 UTC,0,2017-11-07,23,Tue
68258,1,1,13,134,2017-11-07 23:37:00 UTC,0,2017-11-07,23,Tue
182248,1,1,13,134,2017-11-07 23:40:33 UTC,0,2017-11-07,23,Tue
72279,1,1,13,134,2017-11-07 23:48:09 UTC,0,2017-11-07,23,Tue
79718,18,1,13,134,2017-11-07 23:55:41 UTC,0,2017-11-07,23,Tue
114597,9,1,9,134,2017-11-08 00:08:16 UTC,0,2017-11-08,0,Wed
248066,9,1,19,134,2017-11-08 00:08:50 UTC,0,2017-11-08,0,Wed
34046,1,1,17,134,2017-11-08 00:13:15 UTC,0,2017-11-08,0,Wed
185906,9,1,13,134,2017-11-08 00:15:42 UTC,0,2017-11-08,0,Wed
73891,9,1,19,134,2017-11-08 00:21:42 UTC,0,2017-11-08,0,Wed
184702,18,1,14,134,2017-11-08 00:33:37 UTC,0,2017-11-08,0,Wed
2753,9,1,6,134,2017-11-08 00:37:05 UTC,0,2017-11-08,0,Wed
106350,17,1,13,134,2017-11-08 00:38:58 UTC,0,2017-11-08,0,Wed
44476,18,1,19,134,2017-11-08 00:41:09 UTC,0,2017-11-08,0,Wed
96367,9,1,15,134,2017-11-08 00:54:10 UTC,0,2017-11-08,0,Wed
108131,9,1,19,134,2017-11-08 00:57:01 UTC,0,2017-11-08,0,Wed
38066,18,1,13,134,2017-11-08 01:00:52 UTC,0,2017-11-08,1,Wed
159333,14,1,19,134,2017-11-08 01:04:14 UTC,0,2017-11-08,1,Wed
121332,9,1,19,134,2017-11-08 01:06:15 UTC,0,2017-11-08,1,Wed
37001,9,1,1,134,2017-11-08 01:07:54 UTC,0,2017-11-08,1,Wed
32587,9,1,9,134,2017-11-08 01:08:41 UTC,0,2017-11-08,1,Wed
79075,9,1,17,134,2017-11-08 01:08:48 UTC,0,2017-11-08,1,Wed
21660,9,1,13,134,2017-11-08 01:19:54 UTC,0,2017-11-08,1,Wed
25119,14,1,19,134,2017-11-08 01:23:36 UTC,0,2017-11-08,1,Wed
60752,1,1,19,134,2017-11-08 01:51:35 UTC,0,2017-11-08,1,Wed
246626,18,1,22,134,2017-11-08 01:53:28 UTC,0,2017-11-08,1,Wed
121228,1,1,3,134,2017-11-08 01:54:35 UTC,0,2017-11-08,1,Wed
84972,14,1,12,134,2017-11-08 02:04:09 UTC,0,2017-11-08,2,Wed
73487,9,2,11,134,2017-11-08 02:44:41 UTC,0,2017-11-08,2,Wed
93021,18,1,13,134,2017-11-08 02:50:38 UTC,0,2017-11-08,2,Wed
68891,14,1,3,134,2017-11-08 02:55:31 UTC,0,2017-11-08,2,Wed
10314,18,1,18,134,2017-11-08 03:07:55 UTC,0,2017-11-08,3,Wed
5348,1,1,3,134,2017-11-08 03:14:19 UTC,0,2017-11-08,3,Wed
101435,18,1,13,134,2017-11-08 03:18:49 UTC,0,2017-11-08,3,Wed
27627,1,1,14,134,2017-11-08 03:55:34 UTC,0,2017-11-08,3,Wed
21336,18,1,37,134,2017-11-08 04:21:30 UTC,0,2017-11-08,4,Wed
23102,18,1,53,134,2017-11-08 05:02:44 UTC,0,2017-11-08,5,Wed
95111,17,1,6,134,2017-11-08 05:03:07 UTC,0,2017-11-08,5,Wed
95766,18,1,70,134,2017-11-08 05:04:20 UTC,0,2017-11-08,5,Wed
111078,9,1,19,134,2017-11-08 05:19:54 UTC,0,2017-11-08,5,Wed
5619,18,1,28,134,2017-11-08 05:34:01 UTC,0,2017-11-08,5,Wed
83429,14,1,17,134,2017-11-08 05:37:50 UTC,0,2017-11-08,5,Wed
48683,18,1,19,134,2017-11-08 05:51:17 UTC,0,2017-11-08,5,Wed
172301,14,1,3,134,2017-11-08 05:55:29 UTC,0,2017-11-08,5,Wed
7352,18,1,8,134,2017-11-08 06:01:34 UTC,0,2017-11-08,6,Wed
275230,1,1,13,134,2017-11-08 06:15:49 UTC,0,2017-11-08,6,Wed
271118,18,1,19,134,2017-11-08 06:16:21 UTC,1,2017-11-08,6,Wed
52600,9,1,13,134,2017-11-08 06:23:45 UTC,0,2017-11-08,6,Wed
215008,14,1,19,134,2017-11-08 06:24:30 UTC,0,2017-11-08,6,Wed
168010,1,1,17,134,2017-11-08 06:31:15 UTC,0,2017-11-08,6,Wed
69853,9,1,18,134,2017-11-08 06:55:06 UTC,0,2017-11-08,6,Wed
3994,1,1,19,134,2017-11-08 06:55:24 UTC,0,2017-11-08,6,Wed
266572,1,1,19,134,2017-11-08 06:56:39 UTC,0,2017-11-08,6,Wed
103284,18,1,41,134,2017-11-08 07:06:54 UTC,0,2017-11-08,7,Wed
110042,18,1,41,134,2017-11-08 07:46:14 UTC,0,2017-11-08,7,Wed
29271,18,1,32,134,2017-11-08 07:54:41 UTC,0,2017-11-08,7,Wed
3189,18,1,13,134,2017-11-08 07:57:13 UTC,0,2017-11-08,7,Wed
37234,1,1,13,134,2017-11-08 08:03:14 UTC,0,2017-11-08,8,Wed
65053,18,1,18,134,2017-11-08 08:04:01 UTC,0,2017-11-08,8,Wed
21627,17,1,19,134,2017-11-08 08:15:36 UTC,0,2017-11-08,8,Wed
20451,18,1,19,134,2017-11-08 08:53:35 UTC,0,2017-11-08,8,Wed
60580,18,1,6,134,2017-11-08 08:58:38 UTC,0,2017-11-08,8,Wed
116065,18,1,53,134,2017-11-08 09:09:54 UTC,0,2017-11-08,9,Wed
60442,18,1,18,134,2017-11-08 09:13:35 UTC,0,2017-11-08,9,Wed
81837,18,1,15,134,2017-11-08 09:29:07 UTC,0,2017-11-08,9,Wed
22593,14,1,19,134,2017-11-08 09:52:57 UTC,0,2017-11-08,9,Wed
249730,18,1,10,134,2017-11-08 10:04:40 UTC,0,2017-11-08,10,Wed
4052,14,1,16,134,2017-11-08 10:07:12 UTC,0,2017-11-08,10,Wed
175592,9,1,25,134,2017-11-08 10:09:54 UTC,0,2017-11-08,10,Wed
39020,14,1,19,134,2017-11-08 10:32:48 UTC,0,2017-11-08,10,Wed
93953,9,1,19,134,2017-11-08 11:00:11 UTC,0,2017-11-08,11,Wed
22593,18,1,13,134,2017-11-08 11:01:55 UTC,0,2017-11-08,11,Wed
87620,18,1,19,134,2017-11-08 11:15:29 UTC,0,2017-11-08,11,Wed
141640,14,1,26,134,2017-11-08 11:46:56 UTC,0,2017-11-08,11,Wed
7938,1,2,19,134,2017-11-08 11:59:35 UTC,0,2017-11-08,11,Wed
42190,18,1,13,134,2017-11-08 12:01:27 UTC,0,2017-11-08,12,Wed
170219,18,1,7,134,2017-11-08 12:18:13 UTC,0,2017-11-08,12,Wed
205408,18,1,35,134,2017-11-08 12:29:20 UTC,0,2017-11-08,12,Wed
171832,18,1,53,134,2017-11-08 12:45:02 UTC,0,2017-11-08,12,Wed
14737,18,1,17,134,2017-11-08 13:02:22 UTC,0,2017-11-08,13,Wed
49602,18,1,19,134,2017-11-08 13:25:11 UTC,0,2017-11-08,13,Wed
29107,1,1,40,134,2017-11-08 13:36:23 UTC,0,2017-11-08,13,Wed
70253,9,1,19,134,2017-11-08 13:42:05 UTC,0,2017-11-08,13,Wed
89959,1,2,9,134,2017-11-08 13:55:27 UTC,0,2017-11-08,13,Wed
208937,18,1,19,134,2017-11-08 14:03:21 UTC,0,2017-11-08,14,Wed
68930,9,1,19,134,2017-11-08 14:15:39 UTC,0,2017-11-08,14,Wed
49939,1,1,13,134,2017-11-08 14:26:17 UTC,0,2017-11-08,14,Wed
5314,18,1,9,134,2017-11-08 15:16:52 UTC,0,2017-11-08,15,Wed
53479,1,2,9,134,2017-11-08 15:17:37 UTC,0,2017-11-08,15,Wed
118625,14,1,18,134,2017-11-08 15:31:21 UTC,0,2017-11-08,15,Wed
62239,18,1,53,134,2017-11-08 15:50:29 UTC,0,2017-11-08,15,Wed
221694,9,2,13,134,2017-11-08 16:02:08 UTC,0,2017-11-08,16,Wed
138599,9,1,13,134,2017-11-08 16:05:12 UTC,0,2017-11-08,16,Wed
60626,14,1,5,134,2017-11-08 16:06:13 UTC,0,2017-11-08,16,Wed
170158,14,1,22,134,2017-11-08 16:19:03 UTC,0,2017-11-08,16,Wed
54472,9,1,20,134,2017-11-08 16:25:55 UTC,0,2017-11-08,16,Wed
146789,9,1,13,134,2017-11-08 16:38:15 UTC,0,2017-11-08,16,Wed
119149,1,1,1,134,2017-11-08 17:20:12 UTC,0,2017-11-08,17,Wed
336917,9,1,19,134,2017-11-08 17:22:37 UTC,0,2017-11-08,17,Wed
105560,1,1,6,134,2017-11-08 18:04:29 UTC,0,2017-11-08,18,Wed
46220,18,1,12,134,2017-11-08 19:35:33 UTC,0,2017-11-08,19,Wed
93587,9,1,2,134,2017-11-08 21:10:10 UTC,0,2017-11-08,21,Wed
109679,18,1,19,134,2017-11-08 21:31:22 UTC,0,2017-11-08,21,Wed
59091,9,1,13,134,2017-11-08 22:16:50 UTC,0,2017-11-08,22,Wed
103131,9,1,58,134,2017-11-08 22:28:42 UTC,0,2017-11-08,22,Wed
102025,9,2,17,134,2017-11-08 22:37:09 UTC,0,2017-11-08,22,Wed
191961,18,1,19,134,2017-11-08 23:03:10 UTC,0,2017-11-08,23,Wed
294731,18,1,19,134,2017-11-08 23:12:31 UTC,0,2017-11-08,23,Wed
197554,14,1,19,134,2017-11-08 23:19:53 UTC,0,2017-11-08,23,Wed
97018,9,1,17,134,2017-11-08 23:26:21 UTC,0,2017-11-08,23,Wed
5314,9,1,19,134,2017-11-08 23:30:15 UTC,0,2017-11-08,23,Wed
82843,9,1,22,134,2017-11-08 23:32:05 UTC,0,2017-11-08,23,Wed
88710,14,1,22,134,2017-11-08 23:43:38 UTC,0,2017-11-08,23,Wed
5306,18,1,22,134,2017-11-09 00:02:57 UTC,0,2017-11-09,0,Thu
168236,1,1,13,134,2017-11-09 00:04:13 UTC,0,2017-11-09,0,Thu
84543,1,1,22,134,2017-11-09 00:16:38 UTC,0,2017-11-09,0,Thu
353099,9,1,13,134,2017-11-09 00:20:26 UTC,0,2017-11-09,0,Thu
100182,1,2,19,134,2017-11-09 00:25:03 UTC,0,2017-11-09,0,Thu
125261,14,1,18,134,2017-11-09 00:31:22 UTC,0,2017-11-09,0,Thu
20242,1,1,12,134,2017-11-09 00:35:16 UTC,0,2017-11-09,0,Thu
109851,9,1,13,134,2017-11-09 00:38:16 UTC,0,2017-11-09,0,Thu
94028,9,1,16,134,2017-11-09 00:39:50 UTC,0,2017-11-09,0,Thu
109880,18,1,37,134,2017-11-09 00:41:20 UTC,0,2017-11-09,0,Thu
114543,18,1,13,134,2017-11-09 00:48:22 UTC,0,2017-11-09,0,Thu
50641,18,1,10,134,2017-11-09 00:59:05 UTC,0,2017-11-09,0,Thu
50433,14,1,8,134,2017-11-09 01:14:13 UTC,0,2017-11-09,1,Thu
92735,9,2,13,134,2017-11-09 01:19:04 UTC,0,2017-11-09,1,Thu
173091,9,1,19,134,2017-11-09 01:28:25 UTC,0,2017-11-09,1,Thu
64531,18,1,40,134,2017-11-09 01:34:44 UTC,0,2017-11-09,1,Thu
61718,9,1,19,134,2017-11-09 01:44:23 UTC,0,2017-11-09,1,Thu
64741,18,1,19,134,2017-11-09 01:44:32 UTC,0,2017-11-09,1,Thu
72627,9,1,8,134,2017-11-09 01:52:51 UTC,0,2017-11-09,1,Thu
100494,18,1,56,134,2017-11-09 01:54:02 UTC,0,2017-11-09,1,Thu
77610,17,1,37,134,2017-11-09 02:08:09 UTC,0,2017-11-09,2,Thu
351763,18,1,8,134,2017-11-09 02:26:42 UTC,0,2017-11-09,2,Thu
170153,9,1,25,134,2017-11-09 02:34:03 UTC,0,2017-11-09,2,Thu
49462,1,2,20,134,2017-11-09 02:37:29 UTC,0,2017-11-09,2,Thu
38219,18,1,17,134,2017-11-09 02:39:36 UTC,0,2017-11-09,2,Thu
130325,1,1,13,134,2017-11-09 03:01:21 UTC,0,2017-11-09,3,Thu
12787,1,1,18,134,2017-11-09 03:12:43 UTC,0,2017-11-09,3,Thu
345462,18,1,31,134,2017-11-09 03:16:22 UTC,0,2017-11-09,3,Thu
55849,18,1,13,134,2017-11-09 03:19:02 UTC,0,2017-11-09,3,Thu
109735,9,1,6,134,2017-11-09 03:19:10 UTC,0,2017-11-09,3,Thu
63267,18,1,13,134,2017-11-09 03:35:09 UTC,0,2017-11-09,3,Thu
67192,18,1,15,134,2017-11-09 03:49:45 UTC,0,2017-11-09,3,Thu
176565,18,1,13,134,2017-11-09 03:52:09 UTC,0,2017-11-09,3,Thu
12903,14,1,28,134,2017-11-09 04:15:28 UTC,0,2017-11-09,4,Thu
10294,9,1,8,134,2017-11-09 04:31:57 UTC,0,2017-11-09,4,Thu
117018,9,1,17,134,2017-11-09 04:40:49 UTC,0,2017-11-09,4,Thu
81571,1,1,6,134,2017-11-09 05:06:04 UTC,0,2017-11-09,5,Thu
641,18,1,13,134,2017-11-09 05:07:19 UTC,0,2017-11-09,5,Thu
73144,1,1,9,134,2017-11-09 05:12:14 UTC,0,2017-11-09,5,Thu
37140,18,1,41,134,2017-11-09 05:59:21 UTC,0,2017-11-09,5,Thu
5178,18,1,19,134,2017-11-09 06:02:31 UTC,0,2017-11-09,6,Thu
43417,18,1,8,134,2017-11-09 06:12:36 UTC,0,2017-11-09,6,Thu
82716,1,1,13,134,2017-11-09 06:22:29 UTC,0,2017-11-09,6,Thu
121352,14,1,20,134,2017-11-09 06:33:57 UTC,0,2017-11-09,6,Thu
357239,18,1,25,134,2017-11-09 06:41:35 UTC,0,2017-11-09,6,Thu
42164,18,1,27,134,2017-11-09 06:46:33 UTC,0,2017-11-09,6,Thu
63812,18,1,17,134,2017-11-09 06:48:55 UTC,0,2017-11-09,6,Thu
43622,18,1,49,134,2017-11-09 06:50:00 UTC,0,2017-11-09,6,Thu
98236,14,1,19,134,2017-11-09 07:00:06 UTC,0,2017-11-09,7,Thu
88080,14,1,18,134,2017-11-09 07:05:23 UTC,0,2017-11-09,7,Thu
47231,18,1,13,134,2017-11-09 07:37:11 UTC,0,2017-11-09,7,Thu
39480,17,1,20,134,2017-11-09 08:00:08 UTC,0,2017-11-09,8,Thu
179199,18,2,3,134,2017-11-09 08:05:57 UTC,0,2017-11-09,8,Thu
38385,1,1,17,134,2017-11-09 08:12:17 UTC,0,2017-11-09,8,Thu
67393,18,1,19,134,2017-11-09 08:26:03 UTC,0,2017-11-09,8,Thu
102918,14,1,18,134,2017-11-09 08:59:42 UTC,0,2017-11-09,8,Thu
7304,14,1,3,134,2017-11-09 09:10:20 UTC,0,2017-11-09,9,Thu
76460,14,1,20,134,2017-11-09 09:17:50 UTC,0,2017-11-09,9,Thu
115938,14,1,18,134,2017-11-09 10:05:24 UTC,0,2017-11-09,10,Thu
60473,9,1,10,134,2017-11-09 10:19:29 UTC,0,2017-11-09,10,Thu
79214,18,1,18,134,2017-11-09 10:28:42 UTC,0,2017-11-09,10,Thu
64393,17,1,19,134,2017-11-09 10:46:20 UTC,0,2017-11-09,10,Thu
60752,1,1,19,134,2017-11-09 10:46:39 UTC,0,2017-11-09,10,Thu
294087,9,2,47,134,2017-11-09 11:13:44 UTC,0,2017-11-09,11,Thu
3239,1,1,13,134,2017-11-09 11:17:08 UTC,0,2017-11-09,11,Thu
137520,18,1,58,134,2017-11-09 11:43:22 UTC,0,2017-11-09,11,Thu
159834,18,1,4,134,2017-11-09 11:51:38 UTC,0,2017-11-09,11,Thu
4345,1,1,13,134,2017-11-09 12:08:26 UTC,0,2017-11-09,12,Thu
350988,1,1,19,134,2017-11-09 12:20:28 UTC,0,2017-11-09,12,Thu
89141,1,1,25,134,2017-11-09 12:28:35 UTC,0,2017-11-09,12,Thu
4573,9,2,17,134,2017-11-09 12:36:49 UTC,0,2017-11-09,12,Thu
207511,1,1,10,134,2017-11-09 12:43:55 UTC,0,2017-11-09,12,Thu
151717,18,1,3,134,2017-11-09 12:54:08 UTC,0,2017-11-09,12,Thu
75813,18,1,13,134,2017-11-09 12:58:59 UTC,0,2017-11-09,12,Thu
26814,18,1,30,134,2017-11-09 13:06:42 UTC,0,2017-11-09,13,Thu
750,9,1,2,134,2017-11-09 13:17:28 UTC,0,2017-11-09,13,Thu
73487,18,1,53,134,2017-11-09 13:21:11 UTC,0,2017-11-09,13,Thu
99140,9,1,17,134,2017-11-09 13:29:07 UTC,0,2017-11-09,13,Thu
97750,18,1,10,134,2017-11-09 13:34:47 UTC,0,2017-11-09,13,Thu
115986,1,1,19,134,2017-11-09 13:51:39 UTC,0,2017-11-09,13,Thu
111685,18,1,19,134,2017-11-09 14:12:35 UTC,0,2017-11-09,14,Thu
32290,9,1,26,134,2017-11-09 14:13:48 UTC,0,2017-11-09,14,Thu
20996,1,1,37,134,2017-11-09 14:14:45 UTC,0,2017-11-09,14,Thu
78966,1,1,15,134,2017-11-09 14:25:30 UTC,0,2017-11-09,14,Thu
39248,9,1,1,134,2017-11-09 14:31:37 UTC,0,2017-11-09,14,Thu
65469,18,1,22,134,2017-11-09 14:32:50 UTC,0,2017-11-09,14,Thu
111755,1,1,37,134,2017-11-09 14:34:20 UTC,0,2017-11-09,14,Thu
300768,9,1,14,134,2017-11-09 14:52:41 UTC,0,2017-11-09,14,Thu
111830,9,1,25,134,2017-11-09 15:56:56 UTC,0,2017-11-09,15,Thu
166874,3,1,6,135,2017-11-06 16:05:37 UTC,0,2017-11-06,16,Mon
54688,3,1,13,135,2017-11-06 16:13:49 UTC,0,2017-11-06,16,Mon
16478,28,1,13,135,2017-11-06 16:20:07 UTC,0,2017-11-06,16,Mon
28950,12,1,13,135,2017-11-06 19:55:00 UTC,0,2017-11-06,19,Mon
166006,28,1,28,135,2017-11-06 20:18:28 UTC,0,2017-11-06,20,Mon
96948,3,1,13,135,2017-11-06 22:33:15 UTC,0,2017-11-06,22,Mon
29140,28,1,19,135,2017-11-06 23:18:42 UTC,0,2017-11-06,23,Mon
144934,28,1,19,135,2017-11-06 23:26:53 UTC,0,2017-11-06,23,Mon
123591,28,1,19,135,2017-11-06 23:41:11 UTC,0,2017-11-06,23,Mon
117651,1,1,13,135,2017-11-07 00:25:33 UTC,0,2017-11-07,0,Tue
70522,1,1,9,135,2017-11-07 00:36:54 UTC,0,2017-11-07,0,Tue
71488,3,1,12,135,2017-11-07 01:37:02 UTC,0,2017-11-07,1,Tue
100203,28,1,19,135,2017-11-07 01:49:44 UTC,0,2017-11-07,1,Tue
55632,28,1,2,135,2017-11-07 02:08:41 UTC,0,2017-11-07,2,Tue
126080,28,1,19,135,2017-11-07 03:55:11 UTC,0,2017-11-07,3,Tue
29453,28,1,19,135,2017-11-07 04:23:41 UTC,0,2017-11-07,4,Tue
184583,3,1,13,135,2017-11-07 04:37:35 UTC,0,2017-11-07,4,Tue
195931,28,1,22,135,2017-11-07 05:35:15 UTC,0,2017-11-07,5,Tue
34636,28,1,18,135,2017-11-07 05:42:03 UTC,0,2017-11-07,5,Tue
173808,3,1,13,135,2017-11-07 05:47:06 UTC,0,2017-11-07,5,Tue
121303,28,1,18,135,2017-11-07 05:52:48 UTC,0,2017-11-07,5,Tue
17292,28,1,19,135,2017-11-07 07:35:18 UTC,0,2017-11-07,7,Tue
96971,28,1,19,135,2017-11-07 07:37:17 UTC,0,2017-11-07,7,Tue
5147,1,1,41,135,2017-11-07 08:10:34 UTC,0,2017-11-07,8,Tue
55100,3,1,14,135,2017-11-07 08:16:45 UTC,0,2017-11-07,8,Tue
14661,1,1,35,135,2017-11-07 08:51:52 UTC,0,2017-11-07,8,Tue
167166,3,1,19,135,2017-11-07 09:42:57 UTC,0,2017-11-07,9,Tue
7597,28,1,19,135,2017-11-07 10:06:07 UTC,0,2017-11-07,10,Tue
54125,3,1,18,135,2017-11-07 10:26:21 UTC,0,2017-11-07,10,Tue
9330,28,1,19,135,2017-11-07 10:33:27 UTC,0,2017-11-07,10,Tue
105339,1,1,20,135,2017-11-07 11:39:32 UTC,0,2017-11-07,11,Tue
94059,3,1,41,135,2017-11-07 11:45:38 UTC,0,2017-11-07,11,Tue
7134,28,1,30,135,2017-11-07 11:47:19 UTC,0,2017-11-07,11,Tue
116001,28,1,13,135,2017-11-07 12:01:19 UTC,0,2017-11-07,12,Tue
5348,28,1,19,135,2017-11-07 12:10:05 UTC,0,2017-11-07,12,Tue
95631,1,1,53,135,2017-11-07 12:14:24 UTC,0,2017-11-07,12,Tue
102280,3,2,11,135,2017-11-07 12:49:59 UTC,0,2017-11-07,12,Tue
12129,28,1,13,135,2017-11-07 13:17:51 UTC,0,2017-11-07,13,Tue
86767,28,1,18,135,2017-11-07 13:26:33 UTC,0,2017-11-07,13,Tue
81587,28,1,10,135,2017-11-07 13:52:11 UTC,0,2017-11-07,13,Tue
145031,28,1,13,135,2017-11-07 14:07:45 UTC,0,2017-11-07,14,Tue
35747,3,1,13,135,2017-11-07 14:11:07 UTC,0,2017-11-07,14,Tue
196489,28,1,10,135,2017-11-07 14:14:25 UTC,0,2017-11-07,14,Tue
74777,28,1,19,135,2017-11-07 14:30:19 UTC,0,2017-11-07,14,Tue
91104,3,1,19,135,2017-11-07 14:40:36 UTC,0,2017-11-07,14,Tue
3964,3,1,13,135,2017-11-07 14:45:31 UTC,0,2017-11-07,14,Tue
87879,1,1,13,135,2017-11-07 14:48:03 UTC,0,2017-11-07,14,Tue
34432,1,1,27,135,2017-11-07 15:06:08 UTC,0,2017-11-07,15,Tue
68188,3,1,19,135,2017-11-07 15:41:35 UTC,0,2017-11-07,15,Tue
90612,28,1,13,135,2017-11-07 15:41:59 UTC,0,2017-11-07,15,Tue
30710,3,1,18,135,2017-11-07 16:15:46 UTC,0,2017-11-07,16,Tue
53454,3,1,1,135,2017-11-07 16:31:59 UTC,0,2017-11-07,16,Tue
15630,1,1,19,135,2017-11-07 17:24:23 UTC,0,2017-11-07,17,Tue
140344,28,1,19,135,2017-11-07 20:30:31 UTC,0,2017-11-07,20,Tue
119289,28,1,19,135,2017-11-07 21:13:30 UTC,0,2017-11-07,21,Tue
6189,28,1,6,135,2017-11-07 23:44:43 UTC,0,2017-11-07,23,Tue
55963,1,1,17,135,2017-11-08 01:00:33 UTC,0,2017-11-08,1,Wed
18676,1,1,1,135,2017-11-08 01:22:17 UTC,0,2017-11-08,1,Wed
84896,28,1,22,135,2017-11-08 01:27:09 UTC,0,2017-11-08,1,Wed
5314,28,1,4,135,2017-11-08 01:57:12 UTC,0,2017-11-08,1,Wed
123876,3,1,17,135,2017-11-08 02:57:18 UTC,0,2017-11-08,2,Wed
53341,28,1,22,135,2017-11-08 03:01:00 UTC,0,2017-11-08,3,Wed
118903,28,1,4,135,2017-11-08 03:11:58 UTC,0,2017-11-08,3,Wed
73516,28,1,13,135,2017-11-08 04:17:09 UTC,0,2017-11-08,4,Wed
102897,1,1,19,135,2017-11-08 04:45:16 UTC,0,2017-11-08,4,Wed
5348,28,1,22,135,2017-11-08 05:00:25 UTC,0,2017-11-08,5,Wed
48255,3,1,13,135,2017-11-08 05:15:02 UTC,0,2017-11-08,5,Wed
63840,3,1,17,135,2017-11-08 05:16:33 UTC,0,2017-11-08,5,Wed
45473,28,1,20,135,2017-11-08 05:56:33 UTC,0,2017-11-08,5,Wed
54524,28,1,15,135,2017-11-08 06:30:59 UTC,0,2017-11-08,6,Wed
38546,28,1,13,135,2017-11-08 06:44:13 UTC,0,2017-11-08,6,Wed
268835,3,1,18,135,2017-11-08 07:14:44 UTC,0,2017-11-08,7,Wed
58172,3,1,20,135,2017-11-08 08:10:34 UTC,0,2017-11-08,8,Wed
12689,3,1,19,135,2017-11-08 08:30:27 UTC,0,2017-11-08,8,Wed
60884,28,1,15,135,2017-11-08 08:33:00 UTC,0,2017-11-08,8,Wed
276831,1,1,19,135,2017-11-08 08:59:16 UTC,0,2017-11-08,8,Wed
80369,3,1,19,135,2017-11-08 09:28:29 UTC,0,2017-11-08,9,Wed
114276,3,1,19,135,2017-11-08 11:58:28 UTC,0,2017-11-08,11,Wed
126105,3,1,8,135,2017-11-08 12:17:10 UTC,0,2017-11-08,12,Wed
14868,1,1,25,135,2017-11-08 13:47:08 UTC,0,2017-11-08,13,Wed
114291,28,1,13,135,2017-11-08 13:48:42 UTC,0,2017-11-08,13,Wed
22374,28,1,13,135,2017-11-08 14:11:52 UTC,0,2017-11-08,14,Wed
2805,12,1,19,135,2017-11-08 15:05:34 UTC,0,2017-11-08,15,Wed
116651,12,1,19,135,2017-11-08 15:14:17 UTC,0,2017-11-08,15,Wed
80114,28,1,13,135,2017-11-08 15:17:34 UTC,0,2017-11-08,15,Wed
177178,28,1,13,135,2017-11-08 15:58:04 UTC,0,2017-11-08,15,Wed
162293,28,1,19,135,2017-11-08 16:25:00 UTC,0,2017-11-08,16,Wed
74497,3,1,13,135,2017-11-08 21:51:49 UTC,0,2017-11-08,21,Wed
14903,1,1,19,135,2017-11-08 22:45:06 UTC,0,2017-11-08,22,Wed
70641,3,1,11,135,2017-11-08 23:33:56 UTC,0,2017-11-08,23,Wed
102027,3,1,17,135,2017-11-09 01:14:03 UTC,0,2017-11-09,1,Thu
102435,1,1,10,135,2017-11-09 02:29:27 UTC,0,2017-11-09,2,Thu
16999,1,1,19,135,2017-11-09 02:44:28 UTC,0,2017-11-09,2,Thu
360112,3,1,6,135,2017-11-09 03:12:47 UTC,0,2017-11-09,3,Thu
152714,28,1,1,135,2017-11-09 03:54:47 UTC,0,2017-11-09,3,Thu
33402,1,1,9,135,2017-11-09 04:02:23 UTC,0,2017-11-09,4,Thu
2348,1,1,19,135,2017-11-09 04:27:18 UTC,0,2017-11-09,4,Thu
80223,28,1,19,135,2017-11-09 04:27:37 UTC,0,2017-11-09,4,Thu
180184,28,1,10,135,2017-11-09 04:43:38 UTC,0,2017-11-09,4,Thu
162820,28,1,19,135,2017-11-09 04:58:02 UTC,0,2017-11-09,4,Thu
7474,1,1,9,135,2017-11-09 05:01:57 UTC,0,2017-11-09,5,Thu
141572,28,1,18,135,2017-11-09 05:18:32 UTC,0,2017-11-09,5,Thu
159857,28,1,8,135,2017-11-09 06:20:52 UTC,0,2017-11-09,6,Thu
119304,28,1,15,135,2017-11-09 08:06:19 UTC,0,2017-11-09,8,Thu
67779,3,2,3,135,2017-11-09 08:09:07 UTC,0,2017-11-09,8,Thu
280687,3,1,17,135,2017-11-09 08:10:36 UTC,0,2017-11-09,8,Thu
43593,3,1,18,135,2017-11-09 08:36:44 UTC,0,2017-11-09,8,Thu
356760,28,1,19,135,2017-11-09 08:48:54 UTC,0,2017-11-09,8,Thu
8383,3,1,4,135,2017-11-09 09:04:59 UTC,0,2017-11-09,9,Thu
14010,28,1,13,135,2017-11-09 09:51:47 UTC,0,2017-11-09,9,Thu
313518,28,1,19,135,2017-11-09 10:58:29 UTC,0,2017-11-09,10,Thu
107520,28,1,37,135,2017-11-09 11:17:04 UTC,0,2017-11-09,11,Thu
60752,28,1,19,135,2017-11-09 12:12:52 UTC,0,2017-11-09,12,Thu
49696,28,1,19,135,2017-11-09 12:13:51 UTC,0,2017-11-09,12,Thu
71969,28,1,19,135,2017-11-09 12:23:32 UTC,0,2017-11-09,12,Thu
20915,28,1,14,135,2017-11-09 12:28:10 UTC,0,2017-11-09,12,Thu
84703,28,1,37,135,2017-11-09 12:50:25 UTC,0,2017-11-09,12,Thu
13034,3,1,19,135,2017-11-09 13:32:12 UTC,0,2017-11-09,13,Thu
38185,28,1,13,135,2017-11-09 13:42:12 UTC,0,2017-11-09,13,Thu
102475,28,1,13,135,2017-11-09 14:02:07 UTC,0,2017-11-09,14,Thu
5314,28,1,27,135,2017-11-09 14:06:32 UTC,0,2017-11-09,14,Thu
835,28,1,18,135,2017-11-09 14:12:18 UTC,0,2017-11-09,14,Thu
28011,28,1,19,135,2017-11-09 14:17:42 UTC,0,2017-11-09,14,Thu
7304,3,1,19,135,2017-11-09 14:28:48 UTC,0,2017-11-09,14,Thu
109634,28,1,6,135,2017-11-09 14:44:36 UTC,0,2017-11-09,14,Thu
332197,12,2,19,135,2017-11-09 14:57:36 UTC,0,2017-11-09,14,Thu
22572,3,1,13,135,2017-11-09 15:09:01 UTC,0,2017-11-09,15,Thu
11051,12,1,19,135,2017-11-09 15:15:36 UTC,0,2017-11-09,15,Thu
16281,3,1,13,137,2017-11-06 17:07:02 UTC,0,2017-11-06,17,Mon
97716,3,1,13,137,2017-11-06 17:07:14 UTC,0,2017-11-06,17,Mon
66985,3,1,20,137,2017-11-06 17:48:39 UTC,0,2017-11-06,17,Mon
141518,3,1,19,137,2017-11-06 17:52:37 UTC,0,2017-11-06,17,Mon
2770,3,2,20,137,2017-11-06 20:12:37 UTC,0,2017-11-06,20,Mon
203553,3,1,13,137,2017-11-06 22:19:08 UTC,0,2017-11-06,22,Mon
52564,3,1,13,137,2017-11-06 23:24:29 UTC,0,2017-11-06,23,Mon
19014,3,1,19,137,2017-11-06 23:36:37 UTC,0,2017-11-06,23,Mon
52801,3,1,8,137,2017-11-07 00:28:09 UTC,0,2017-11-07,0,Tue
18466,3,1,13,137,2017-11-07 02:51:45 UTC,0,2017-11-07,2,Tue
178701,3,1,41,137,2017-11-07 04:51:29 UTC,0,2017-11-07,4,Tue
74323,3,1,19,137,2017-11-07 05:47:49 UTC,0,2017-11-07,5,Tue
41818,3,1,19,137,2017-11-07 06:45:41 UTC,0,2017-11-07,6,Tue
143936,3,1,13,137,2017-11-07 06:52:29 UTC,0,2017-11-07,6,Tue
94020,3,1,17,137,2017-11-07 06:59:13 UTC,0,2017-11-07,6,Tue
74006,3,1,19,137,2017-11-07 07:28:42 UTC,0,2017-11-07,7,Tue
194238,3,1,19,137,2017-11-07 09:14:40 UTC,0,2017-11-07,9,Tue
30981,1,1,22,137,2017-11-07 09:29:57 UTC,0,2017-11-07,9,Tue
4100,3,1,17,137,2017-11-07 09:54:07 UTC,0,2017-11-07,9,Tue
53454,3,2,28,137,2017-11-07 11:21:29 UTC,0,2017-11-07,11,Tue
67535,3,1,19,137,2017-11-07 12:29:55 UTC,0,2017-11-07,12,Tue
114276,3,1,13,137,2017-11-07 12:50:40 UTC,0,2017-11-07,12,Tue
102280,3,2,10,137,2017-11-07 13:12:03 UTC,0,2017-11-07,13,Tue
103052,3,2,13,137,2017-11-07 13:17:14 UTC,0,2017-11-07,13,Tue
106972,1,1,53,137,2017-11-07 13:38:20 UTC,0,2017-11-07,13,Tue
104548,3,1,607,137,2017-11-07 13:47:46 UTC,0,2017-11-07,13,Tue
9236,1,1,19,137,2017-11-07 14:25:30 UTC,0,2017-11-07,14,Tue
79881,1,1,3,137,2017-11-07 14:37:21 UTC,0,2017-11-07,14,Tue
78622,3,1,8,137,2017-11-07 14:42:48 UTC,0,2017-11-07,14,Tue
99944,3,1,43,137,2017-11-07 14:43:53 UTC,0,2017-11-07,14,Tue
105475,3,2,37,137,2017-11-07 16:59:18 UTC,0,2017-11-07,16,Tue
68600,3,1,22,137,2017-11-07 17:00:22 UTC,0,2017-11-07,17,Tue
71436,3,1,25,137,2017-11-07 17:30:26 UTC,0,2017-11-07,17,Tue
114220,3,1,13,137,2017-11-07 20:36:11 UTC,0,2017-11-07,20,Tue
75007,1,1,13,137,2017-11-07 21:53:07 UTC,0,2017-11-07,21,Tue
112231,3,1,8,137,2017-11-07 22:21:07 UTC,0,2017-11-07,22,Tue
17077,3,1,19,137,2017-11-07 22:29:28 UTC,0,2017-11-07,22,Tue
12399,3,1,16,137,2017-11-07 23:26:33 UTC,0,2017-11-07,23,Tue
116664,1,1,19,137,2017-11-07 23:52:11 UTC,0,2017-11-07,23,Tue
95763,3,2,9,137,2017-11-07 23:54:10 UTC,0,2017-11-07,23,Tue
43447,3,1,19,137,2017-11-08 00:21:55 UTC,0,2017-11-08,0,Wed
33841,3,1,17,137,2017-11-08 00:28:05 UTC,0,2017-11-08,0,Wed
181542,3,1,13,137,2017-11-08 01:48:05 UTC,0,2017-11-08,1,Wed
220589,3,2,19,137,2017-11-08 02:52:16 UTC,0,2017-11-08,2,Wed
18927,3,1,47,137,2017-11-08 03:56:30 UTC,0,2017-11-08,3,Wed
112350,3,1,3,137,2017-11-08 04:49:42 UTC,0,2017-11-08,4,Wed
267267,1,1,19,137,2017-11-08 04:50:14 UTC,0,2017-11-08,4,Wed
83268,3,1,10,137,2017-11-08 05:05:08 UTC,0,2017-11-08,5,Wed
262492,1,1,19,137,2017-11-08 06:04:24 UTC,0,2017-11-08,6,Wed
236755,3,1,12,137,2017-11-08 06:17:56 UTC,0,2017-11-08,6,Wed
196790,3,1,19,137,2017-11-08 08:44:16 UTC,0,2017-11-08,8,Wed
121557,3,1,1,137,2017-11-08 09:26:44 UTC,0,2017-11-08,9,Wed
226336,3,1,53,137,2017-11-08 09:41:10 UTC,0,2017-11-08,9,Wed
15080,3,1,15,137,2017-11-08 10:54:32 UTC,0,2017-11-08,10,Wed
61877,3,1,19,137,2017-11-08 12:23:16 UTC,0,2017-11-08,12,Wed
32575,3,1,8,137,2017-11-08 12:32:09 UTC,0,2017-11-08,12,Wed
70056,3,1,31,137,2017-11-08 12:37:26 UTC,0,2017-11-08,12,Wed
101941,11,2,35,137,2017-11-08 12:56:04 UTC,0,2017-11-08,12,Wed
52961,11,1,41,137,2017-11-08 13:52:19 UTC,0,2017-11-08,13,Wed
97500,3,1,9,137,2017-11-08 14:00:23 UTC,0,2017-11-08,14,Wed
108942,3,1,19,137,2017-11-08 14:02:46 UTC,0,2017-11-08,14,Wed
168564,3,1,15,137,2017-11-08 14:21:32 UTC,0,2017-11-08,14,Wed
57676,1,1,41,137,2017-11-08 14:30:12 UTC,0,2017-11-08,14,Wed
63212,3,1,18,137,2017-11-08 14:51:40 UTC,0,2017-11-08,14,Wed
26995,11,2,25,137,2017-11-08 15:14:18 UTC,0,2017-11-08,15,Wed
52549,11,1,19,137,2017-11-08 15:17:55 UTC,0,2017-11-08,15,Wed
225265,11,1,13,137,2017-11-08 15:19:12 UTC,0,2017-11-08,15,Wed
18363,3,2,11,137,2017-11-08 15:28:25 UTC,0,2017-11-08,15,Wed
2770,3,1,13,137,2017-11-08 19:17:29 UTC,0,2017-11-08,19,Wed
42589,1,1,19,137,2017-11-08 21:29:08 UTC,0,2017-11-08,21,Wed
53058,3,1,19,137,2017-11-08 21:48:51 UTC,0,2017-11-08,21,Wed
21097,11,1,13,137,2017-11-08 22:12:45 UTC,0,2017-11-08,22,Wed
66172,3,1,19,137,2017-11-08 22:43:17 UTC,0,2017-11-08,22,Wed
61400,3,1,18,137,2017-11-08 23:58:43 UTC,0,2017-11-08,23,Wed
63527,3,1,49,137,2017-11-09 00:13:45 UTC,0,2017-11-09,0,Thu
102025,11,1,20,137,2017-11-09 00:36:11 UTC,0,2017-11-09,0,Thu
89960,3,1,6,137,2017-11-09 00:46:42 UTC,0,2017-11-09,0,Thu
50164,11,1,18,137,2017-11-09 01:12:43 UTC,0,2017-11-09,1,Thu
93920,3,1,13,137,2017-11-09 02:47:44 UTC,0,2017-11-09,2,Thu
302497,3,1,13,137,2017-11-09 03:18:00 UTC,0,2017-11-09,3,Thu
308666,11,1,18,137,2017-11-09 04:28:32 UTC,0,2017-11-09,4,Thu
65362,1,1,13,137,2017-11-09 04:37:16 UTC,0,2017-11-09,4,Thu
67763,3,1,22,137,2017-11-09 04:43:31 UTC,0,2017-11-09,4,Thu
120378,3,1,35,137,2017-11-09 04:47:54 UTC,0,2017-11-09,4,Thu
101818,11,1,19,137,2017-11-09 04:53:45 UTC,0,2017-11-09,4,Thu
50131,11,1,17,137,2017-11-09 05:11:21 UTC,0,2017-11-09,5,Thu
47148,3,2,9,137,2017-11-09 05:54:19 UTC,0,2017-11-09,5,Thu
92668,11,1,15,137,2017-11-09 06:22:50 UTC,0,2017-11-09,6,Thu
99427,3,1,19,137,2017-11-09 06:32:13 UTC,0,2017-11-09,6,Thu
44299,11,1,19,137,2017-11-09 07:09:27 UTC,0,2017-11-09,7,Thu
3339,3,1,9,137,2017-11-09 07:10:12 UTC,0,2017-11-09,7,Thu
37078,3,1,18,137,2017-11-09 07:11:20 UTC,0,2017-11-09,7,Thu
258385,11,1,19,137,2017-11-09 07:17:26 UTC,0,2017-11-09,7,Thu
90586,3,1,19,137,2017-11-09 07:46:42 UTC,0,2017-11-09,7,Thu
71654,3,1,22,137,2017-11-09 08:02:41 UTC,0,2017-11-09,8,Thu
43855,3,1,19,137,2017-11-09 09:11:13 UTC,0,2017-11-09,9,Thu
7064,3,2,40,137,2017-11-09 09:32:47 UTC,0,2017-11-09,9,Thu
100182,11,1,19,137,2017-11-09 09:47:30 UTC,0,2017-11-09,9,Thu
79190,1,1,19,137,2017-11-09 10:18:11 UTC,0,2017-11-09,10,Thu
110032,3,1,6,137,2017-11-09 10:31:03 UTC,0,2017-11-09,10,Thu
66824,3,1,19,137,2017-11-09 10:35:26 UTC,0,2017-11-09,10,Thu
125962,11,1,31,137,2017-11-09 11:51:46 UTC,0,2017-11-09,11,Thu
48212,3,1,22,137,2017-11-09 12:00:40 UTC,0,2017-11-09,12,Thu
86261,3,1,6,137,2017-11-09 12:03:14 UTC,0,2017-11-09,12,Thu
76900,11,1,15,137,2017-11-09 13:03:14 UTC,0,2017-11-09,13,Thu
57528,3,1,15,137,2017-11-09 13:21:12 UTC,0,2017-11-09,13,Thu
80605,3,1,31,137,2017-11-09 13:54:43 UTC,0,2017-11-09,13,Thu
50131,3,1,53,137,2017-11-09 14:58:44 UTC,0,2017-11-09,14,Thu
203358,3,1,22,137,2017-11-09 15:39:16 UTC,0,2017-11-09,15,Thu
103411,3,2,19,137,2017-11-09 15:42:35 UTC,0,2017-11-09,15,Thu
36813,15,1,13,138,2017-11-09 03:50:39 UTC,0,2017-11-09,3,Thu
268701,15,1,19,138,2017-11-09 04:24:30 UTC,0,2017-11-09,4,Thu
17411,15,1,6,138,2017-11-09 08:45:13 UTC,0,2017-11-09,8,Thu
95766,15,1,9,138,2017-11-09 14:00:29 UTC,0,2017-11-09,14,Thu
5348,15,1,13,140,2017-11-06 16:17:07 UTC,0,2017-11-06,16,Mon
45275,15,1,17,140,2017-11-06 16:32:06 UTC,0,2017-11-06,16,Mon
58705,12,1,15,140,2017-11-06 16:57:22 UTC,0,2017-11-06,16,Mon
114235,15,1,19,140,2017-11-06 17:15:34 UTC,0,2017-11-06,17,Mon
51992,12,1,17,140,2017-11-06 18:05:08 UTC,0,2017-11-06,18,Mon
58288,12,1,6,140,2017-11-06 18:09:41 UTC,0,2017-11-06,18,Mon
167200,12,1,32,140,2017-11-06 21:00:11 UTC,0,2017-11-06,21,Mon
49407,15,1,19,140,2017-11-06 22:44:29 UTC,0,2017-11-06,22,Mon
127559,12,1,11,140,2017-11-06 23:14:12 UTC,0,2017-11-06,23,Mon
179384,12,1,37,140,2017-11-06 23:35:19 UTC,0,2017-11-06,23,Mon
16354,12,1,13,140,2017-11-06 23:45:00 UTC,0,2017-11-06,23,Mon
123788,12,2,9,140,2017-11-07 00:01:02 UTC,0,2017-11-07,0,Tue
107586,15,1,19,140,2017-11-07 00:03:42 UTC,0,2017-11-07,0,Tue
110985,15,1,19,140,2017-11-07 00:06:30 UTC,0,2017-11-07,0,Tue
72000,12,1,19,140,2017-11-07 00:24:20 UTC,0,2017-11-07,0,Tue
49610,15,1,13,140,2017-11-07 00:59:10 UTC,0,2017-11-07,0,Tue
64194,15,1,14,140,2017-11-07 01:27:22 UTC,0,2017-11-07,1,Tue
60603,8,1,18,140,2017-11-07 03:42:47 UTC,0,2017-11-07,3,Tue
78950,15,1,18,140,2017-11-07 05:23:20 UTC,0,2017-11-07,5,Tue
66072,8,2,13,140,2017-11-07 05:33:39 UTC,0,2017-11-07,5,Tue
63523,12,1,10,140,2017-11-07 05:46:27 UTC,0,2017-11-07,5,Tue
124462,12,1,13,140,2017-11-07 06:00:55 UTC,0,2017-11-07,6,Tue
56245,12,1,23,140,2017-11-07 06:20:12 UTC,0,2017-11-07,6,Tue
7265,12,1,19,140,2017-11-07 06:38:19 UTC,0,2017-11-07,6,Tue
97600,8,1,17,140,2017-11-07 08:52:06 UTC,0,2017-11-07,8,Tue
54332,12,2,43,140,2017-11-07 09:11:40 UTC,0,2017-11-07,9,Tue
110296,12,1,13,140,2017-11-07 09:23:32 UTC,0,2017-11-07,9,Tue
60698,12,1,30,140,2017-11-07 09:41:43 UTC,0,2017-11-07,9,Tue
4052,12,2,3,140,2017-11-07 10:02:34 UTC,0,2017-11-07,10,Tue
3918,12,1,19,140,2017-11-07 10:09:41 UTC,0,2017-11-07,10,Tue
148745,12,1,25,140,2017-11-07 11:00:31 UTC,0,2017-11-07,11,Tue
18641,12,1,25,140,2017-11-07 12:06:42 UTC,0,2017-11-07,12,Tue
92873,15,2,15,140,2017-11-07 12:16:16 UTC,0,2017-11-07,12,Tue
42190,12,1,25,140,2017-11-07 12:20:54 UTC,0,2017-11-07,12,Tue
141633,8,1,15,140,2017-11-07 13:06:09 UTC,0,2017-11-07,13,Tue
17149,12,1,22,140,2017-11-07 13:24:16 UTC,0,2017-11-07,13,Tue
93065,12,1,47,140,2017-11-07 14:06:17 UTC,0,2017-11-07,14,Tue
69135,12,1,8,140,2017-11-07 15:09:14 UTC,0,2017-11-07,15,Tue
150112,15,1,19,140,2017-11-07 15:40:08 UTC,0,2017-11-07,15,Tue
37255,15,1,12,140,2017-11-07 15:49:19 UTC,0,2017-11-07,15,Tue
95089,15,1,26,140,2017-11-07 17:53:14 UTC,0,2017-11-07,17,Tue
32335,15,1,32,140,2017-11-07 19:12:35 UTC,0,2017-11-07,19,Tue
77572,15,1,15,140,2017-11-07 20:40:51 UTC,0,2017-11-07,20,Tue
106598,8,1,36,140,2017-11-07 22:43:21 UTC,0,2017-11-07,22,Tue
66397,12,1,10,140,2017-11-07 23:43:55 UTC,0,2017-11-07,23,Tue
242551,12,1,17,140,2017-11-08 00:39:17 UTC,0,2017-11-08,0,Wed
239385,15,1,19,140,2017-11-08 01:01:36 UTC,0,2017-11-08,1,Wed
73610,12,1,19,140,2017-11-08 01:14:27 UTC,0,2017-11-08,1,Wed
124166,12,1,19,140,2017-11-08 01:34:06 UTC,0,2017-11-08,1,Wed
72346,15,1,19,140,2017-11-08 02:10:33 UTC,0,2017-11-08,2,Wed
120694,15,1,13,140,2017-11-08 02:11:16 UTC,0,2017-11-08,2,Wed
124198,12,1,13,140,2017-11-08 02:39:42 UTC,0,2017-11-08,2,Wed
129467,15,1,10,140,2017-11-08 03:57:13 UTC,0,2017-11-08,3,Wed
93587,12,1,37,140,2017-11-08 04:00:33 UTC,0,2017-11-08,4,Wed
69394,15,1,19,140,2017-11-08 04:46:12 UTC,0,2017-11-08,4,Wed
235,12,1,19,140,2017-11-08 05:06:56 UTC,0,2017-11-08,5,Wed
189412,12,1,11,140,2017-11-08 05:24:15 UTC,0,2017-11-08,5,Wed
70474,12,1,18,140,2017-11-08 06:14:07 UTC,0,2017-11-08,6,Wed
231557,12,1,10,140,2017-11-08 06:31:01 UTC,0,2017-11-08,6,Wed
25553,12,2,18,140,2017-11-08 06:55:16 UTC,0,2017-11-08,6,Wed
197271,12,2,22,140,2017-11-08 07:19:20 UTC,0,2017-11-08,7,Wed
123945,8,1,17,140,2017-11-08 07:31:29 UTC,0,2017-11-08,7,Wed
48212,15,2,6,140,2017-11-08 08:02:21 UTC,0,2017-11-08,8,Wed
56719,15,1,19,140,2017-11-08 08:38:04 UTC,0,2017-11-08,8,Wed
145970,15,1,17,140,2017-11-08 09:02:46 UTC,0,2017-11-08,9,Wed
38422,12,1,20,140,2017-11-08 09:08:38 UTC,0,2017-11-08,9,Wed
5348,15,2,16,140,2017-11-08 09:20:16 UTC,0,2017-11-08,9,Wed
105264,12,1,13,140,2017-11-08 09:22:50 UTC,0,2017-11-08,9,Wed
23599,12,1,19,140,2017-11-08 10:50:58 UTC,0,2017-11-08,10,Wed
49602,8,1,13,140,2017-11-08 11:28:03 UTC,0,2017-11-08,11,Wed
109776,15,1,19,140,2017-11-08 11:47:20 UTC,0,2017-11-08,11,Wed
133598,8,1,12,140,2017-11-08 11:57:55 UTC,0,2017-11-08,11,Wed
45318,8,1,13,140,2017-11-08 12:10:27 UTC,0,2017-11-08,12,Wed
75628,15,1,13,140,2017-11-08 12:22:57 UTC,0,2017-11-08,12,Wed
44527,12,2,8,140,2017-11-08 12:59:29 UTC,0,2017-11-08,12,Wed
81776,12,1,12,140,2017-11-08 13:00:11 UTC,0,2017-11-08,13,Wed
112543,12,1,35,140,2017-11-08 13:26:21 UTC,0,2017-11-08,13,Wed
234670,15,1,13,140,2017-11-08 13:30:47 UTC,0,2017-11-08,13,Wed
47273,8,2,25,140,2017-11-08 14:32:38 UTC,0,2017-11-08,14,Wed
2052,15,1,19,140,2017-11-08 17:17:30 UTC,0,2017-11-08,17,Wed
222960,8,1,13,140,2017-11-08 23:20:34 UTC,0,2017-11-08,23,Wed
61894,12,2,9,140,2017-11-09 00:07:32 UTC,0,2017-11-09,0,Thu
119531,15,2,19,140,2017-11-09 01:00:18 UTC,0,2017-11-09,1,Thu
8019,12,1,25,140,2017-11-09 01:13:25 UTC,0,2017-11-09,1,Thu
159228,12,1,13,140,2017-11-09 01:25:41 UTC,0,2017-11-09,1,Thu
4727,15,1,19,140,2017-11-09 01:38:11 UTC,0,2017-11-09,1,Thu
71579,15,1,16,140,2017-11-09 01:46:35 UTC,0,2017-11-09,1,Thu
9057,12,1,19,140,2017-11-09 02:22:06 UTC,0,2017-11-09,2,Thu
8352,12,1,13,140,2017-11-09 03:58:58 UTC,0,2017-11-09,3,Thu
100408,12,1,19,140,2017-11-09 05:05:13 UTC,0,2017-11-09,5,Thu
80568,12,1,18,140,2017-11-09 05:05:41 UTC,0,2017-11-09,5,Thu
14034,15,1,19,140,2017-11-09 07:06:40 UTC,0,2017-11-09,7,Thu
97773,12,1,25,140,2017-11-09 08:07:01 UTC,0,2017-11-09,8,Thu
29804,12,1,19,140,2017-11-09 08:30:29 UTC,0,2017-11-09,8,Thu
205408,12,1,19,140,2017-11-09 09:00:23 UTC,0,2017-11-09,9,Thu
77406,8,1,6,140,2017-11-09 09:09:42 UTC,0,2017-11-09,9,Thu
107335,12,1,8,140,2017-11-09 09:11:46 UTC,0,2017-11-09,9,Thu
90521,12,1,19,140,2017-11-09 09:24:29 UTC,0,2017-11-09,9,Thu
5348,15,2,19,140,2017-11-09 09:28:40 UTC,0,2017-11-09,9,Thu
158889,15,1,13,140,2017-11-09 09:30:47 UTC,0,2017-11-09,9,Thu
37142,12,1,20,140,2017-11-09 10:00:27 UTC,0,2017-11-09,10,Thu
304196,12,1,13,140,2017-11-09 10:15:46 UTC,0,2017-11-09,10,Thu
152977,8,1,37,140,2017-11-09 10:29:30 UTC,0,2017-11-09,10,Thu
111025,15,1,13,140,2017-11-09 10:46:13 UTC,0,2017-11-09,10,Thu
69032,12,2,15,140,2017-11-09 11:17:23 UTC,0,2017-11-09,11,Thu
53408,15,1,17,140,2017-11-09 11:41:17 UTC,0,2017-11-09,11,Thu
123843,8,1,6,140,2017-11-09 11:42:04 UTC,0,2017-11-09,11,Thu
6424,15,1,19,140,2017-11-09 11:48:54 UTC,0,2017-11-09,11,Thu
125679,12,1,19,140,2017-11-09 12:00:09 UTC,0,2017-11-09,12,Thu
203736,15,1,19,140,2017-11-09 12:03:55 UTC,0,2017-11-09,12,Thu
46449,12,2,19,140,2017-11-09 12:04:28 UTC,0,2017-11-09,12,Thu
21126,12,1,19,140,2017-11-09 12:07:03 UTC,0,2017-11-09,12,Thu
52094,8,1,22,140,2017-11-09 12:52:23 UTC,0,2017-11-09,12,Thu
283838,12,1,19,140,2017-11-09 13:06:10 UTC,0,2017-11-09,13,Thu
12491,12,1,13,140,2017-11-09 13:20:55 UTC,0,2017-11-09,13,Thu
76989,12,1,32,140,2017-11-09 14:03:31 UTC,0,2017-11-09,14,Thu
90816,12,1,19,140,2017-11-09 14:06:53 UTC,0,2017-11-09,14,Thu
48212,12,1,20,140,2017-11-09 14:15:41 UTC,0,2017-11-09,14,Thu
53454,15,1,10,140,2017-11-09 14:18:04 UTC,0,2017-11-09,14,Thu
40849,12,1,19,140,2017-11-09 14:20:13 UTC,0,2017-11-09,14,Thu
133331,12,1,37,140,2017-11-09 14:40:24 UTC,0,2017-11-09,14,Thu
53715,12,1,13,140,2017-11-09 15:18:18 UTC,0,2017-11-09,15,Thu
157658,12,1,13,140,2017-11-09 15:42:38 UTC,0,2017-11-09,15,Thu
186512,8,1,19,145,2017-11-06 16:00:48 UTC,0,2017-11-06,16,Mon
100275,8,1,19,145,2017-11-06 16:02:05 UTC,0,2017-11-06,16,Mon
108481,8,1,15,145,2017-11-06 16:04:54 UTC,0,2017-11-06,16,Mon
193602,8,1,18,145,2017-11-06 16:22:54 UTC,0,2017-11-06,16,Mon
73516,8,1,13,145,2017-11-06 16:29:09 UTC,0,2017-11-06,16,Mon
67343,8,1,13,145,2017-11-06 16:42:42 UTC,0,2017-11-06,16,Mon
109776,8,1,6,145,2017-11-06 16:59:02 UTC,0,2017-11-06,16,Mon
200168,12,2,19,145,2017-11-06 18:10:56 UTC,0,2017-11-06,18,Mon
62954,8,1,19,145,2017-11-06 18:24:44 UTC,0,2017-11-06,18,Mon
28795,8,1,32,145,2017-11-06 19:16:40 UTC,0,2017-11-06,19,Mon
201182,12,1,22,145,2017-11-06 20:48:37 UTC,0,2017-11-06,20,Mon
56330,8,1,19,145,2017-11-06 21:58:54 UTC,0,2017-11-06,21,Mon
74687,8,1,13,145,2017-11-06 22:46:07 UTC,0,2017-11-06,22,Mon
146001,12,2,16,145,2017-11-06 22:56:44 UTC,0,2017-11-06,22,Mon
125312,8,1,13,145,2017-11-06 22:57:30 UTC,0,2017-11-06,22,Mon
211537,8,1,13,145,2017-11-06 23:06:27 UTC,0,2017-11-06,23,Mon
40736,8,1,13,145,2017-11-06 23:20:33 UTC,0,2017-11-06,23,Mon
82012,8,1,10,145,2017-11-06 23:24:50 UTC,0,2017-11-06,23,Mon
146698,8,1,13,145,2017-11-06 23:49:59 UTC,0,2017-11-06,23,Mon
35841,8,1,13,145,2017-11-06 23:52:06 UTC,0,2017-11-06,23,Mon
140594,8,1,13,145,2017-11-07 00:00:10 UTC,0,2017-11-07,0,Tue
125397,8,1,10,145,2017-11-07 00:43:54 UTC,0,2017-11-07,0,Tue
43775,8,1,13,145,2017-11-07 01:13:58 UTC,0,2017-11-07,1,Tue
38406,8,1,13,145,2017-11-07 01:25:45 UTC,0,2017-11-07,1,Tue
9647,8,1,17,145,2017-11-07 01:35:55 UTC,0,2017-11-07,1,Tue
53929,8,1,15,145,2017-11-07 01:42:21 UTC,0,2017-11-07,1,Tue
145679,8,1,13,145,2017-11-07 01:47:17 UTC,0,2017-11-07,1,Tue
54841,8,1,19,145,2017-11-07 02:47:51 UTC,0,2017-11-07,2,Tue
99132,8,1,46,145,2017-11-07 02:53:07 UTC,0,2017-11-07,2,Tue
75595,12,1,19,145,2017-11-07 02:59:36 UTC,0,2017-11-07,2,Tue
50512,12,1,17,145,2017-11-07 03:11:56 UTC,0,2017-11-07,3,Tue
8975,8,1,3,145,2017-11-07 04:00:41 UTC,0,2017-11-07,4,Tue
35221,8,1,10,145,2017-11-07 04:07:22 UTC,0,2017-11-07,4,Tue
155761,8,1,13,145,2017-11-07 04:18:53 UTC,0,2017-11-07,4,Tue
67443,8,1,13,145,2017-11-07 04:58:41 UTC,0,2017-11-07,4,Tue
156240,12,1,19,145,2017-11-07 05:17:57 UTC,0,2017-11-07,5,Tue
15488,8,1,13,145,2017-11-07 05:22:41 UTC,0,2017-11-07,5,Tue
125672,8,1,18,145,2017-11-07 05:30:43 UTC,0,2017-11-07,5,Tue
36052,12,1,17,145,2017-11-07 05:41:00 UTC,0,2017-11-07,5,Tue
69509,12,1,13,145,2017-11-07 06:30:33 UTC,0,2017-11-07,6,Tue
6375,8,1,19,145,2017-11-07 06:46:49 UTC,0,2017-11-07,6,Tue
103536,8,1,19,145,2017-11-07 06:53:17 UTC,0,2017-11-07,6,Tue
18667,8,1,8,145,2017-11-07 07:24:13 UTC,0,2017-11-07,7,Tue
106862,8,1,25,145,2017-11-07 07:58:34 UTC,0,2017-11-07,7,Tue
89345,8,1,13,145,2017-11-07 08:05:19 UTC,0,2017-11-07,8,Tue
190464,8,1,10,145,2017-11-07 08:26:48 UTC,0,2017-11-07,8,Tue
115525,8,1,14,145,2017-11-07 09:16:18 UTC,0,2017-11-07,9,Tue
13483,8,1,30,145,2017-11-07 09:16:56 UTC,0,2017-11-07,9,Tue
71128,8,1,19,145,2017-11-07 09:18:54 UTC,0,2017-11-07,9,Tue
89164,8,2,13,145,2017-11-07 09:38:34 UTC,0,2017-11-07,9,Tue
204700,8,1,13,145,2017-11-07 10:01:50 UTC,0,2017-11-07,10,Tue
169973,8,1,13,145,2017-11-07 10:15:53 UTC,0,2017-11-07,10,Tue
38773,8,1,37,145,2017-11-07 10:47:06 UTC,0,2017-11-07,10,Tue
120334,8,1,53,145,2017-11-07 11:18:18 UTC,0,2017-11-07,11,Tue
137052,12,2,13,145,2017-11-07 11:25:33 UTC,0,2017-11-07,11,Tue
73516,8,2,35,145,2017-11-07 11:43:08 UTC,0,2017-11-07,11,Tue
2600,8,1,17,145,2017-11-07 13:08:52 UTC,0,2017-11-07,13,Tue
64454,8,1,22,145,2017-11-07 14:02:08 UTC,0,2017-11-07,14,Tue
9513,8,1,19,145,2017-11-07 14:13:56 UTC,0,2017-11-07,14,Tue
41229,8,1,15,145,2017-11-07 14:16:25 UTC,0,2017-11-07,14,Tue
120163,8,1,19,145,2017-11-07 14:26:19 UTC,0,2017-11-07,14,Tue
114220,8,1,19,145,2017-11-07 14:35:54 UTC,0,2017-11-07,14,Tue
77048,8,2,19,145,2017-11-07 14:46:02 UTC,0,2017-11-07,14,Tue
88474,8,1,13,145,2017-11-07 14:49:58 UTC,0,2017-11-07,14,Tue
144617,8,1,25,145,2017-11-07 15:14:36 UTC,0,2017-11-07,15,Tue
60348,12,1,13,145,2017-11-07 15:44:46 UTC,0,2017-11-07,15,Tue
27445,8,1,20,145,2017-11-07 15:48:05 UTC,0,2017-11-07,15,Tue
105649,12,2,4,145,2017-11-07 16:00:05 UTC,0,2017-11-07,16,Tue
105889,12,1,17,145,2017-11-07 16:14:00 UTC,0,2017-11-07,16,Tue
95388,8,1,19,145,2017-11-07 16:26:09 UTC,0,2017-11-07,16,Tue
65589,8,1,18,145,2017-11-07 16:30:10 UTC,0,2017-11-07,16,Tue
72287,8,1,13,145,2017-11-07 16:33:55 UTC,0,2017-11-07,16,Tue
109979,8,1,13,145,2017-11-07 16:39:57 UTC,0,2017-11-07,16,Tue
9602,8,1,19,145,2017-11-07 16:56:00 UTC,0,2017-11-07,16,Tue
35799,12,2,9,145,2017-11-07 17:11:44 UTC,0,2017-11-07,17,Tue
6641,8,1,40,145,2017-11-07 17:23:45 UTC,0,2017-11-07,17,Tue
105264,12,1,3,145,2017-11-07 18:14:11 UTC,0,2017-11-07,18,Tue
75634,8,1,17,145,2017-11-07 18:52:56 UTC,0,2017-11-07,18,Tue
5314,8,2,19,145,2017-11-07 19:12:12 UTC,0,2017-11-07,19,Tue
100519,8,1,3,145,2017-11-07 20:53:52 UTC,0,2017-11-07,20,Tue
127531,8,1,41,145,2017-11-07 21:53:28 UTC,0,2017-11-07,21,Tue
70260,8,1,19,145,2017-11-07 22:33:33 UTC,0,2017-11-07,22,Tue
5314,8,2,13,145,2017-11-07 22:52:32 UTC,0,2017-11-07,22,Tue
79092,12,1,32,145,2017-11-07 22:59:21 UTC,0,2017-11-07,22,Tue
90555,8,1,17,145,2017-11-07 23:19:29 UTC,0,2017-11-07,23,Tue
7360,8,1,3,145,2017-11-07 23:21:01 UTC,0,2017-11-07,23,Tue
48296,8,1,13,145,2017-11-07 23:26:59 UTC,0,2017-11-07,23,Tue
44503,8,1,13,145,2017-11-07 23:29:53 UTC,0,2017-11-07,23,Tue
105560,8,1,19,145,2017-11-07 23:45:31 UTC,0,2017-11-07,23,Tue
57803,8,1,19,145,2017-11-07 23:52:26 UTC,0,2017-11-07,23,Tue
75588,8,1,19,145,2017-11-08 00:04:26 UTC,0,2017-11-08,0,Wed
14967,8,1,19,145,2017-11-08 00:22:40 UTC,0,2017-11-08,0,Wed
88680,8,1,18,145,2017-11-08 00:37:15 UTC,0,2017-11-08,0,Wed
125222,8,1,9,145,2017-11-08 00:55:30 UTC,0,2017-11-08,0,Wed
29372,8,1,8,145,2017-11-08 02:03:07 UTC,0,2017-11-08,2,Wed
4475,8,1,19,145,2017-11-08 03:10:06 UTC,0,2017-11-08,3,Wed
118307,8,1,19,145,2017-11-08 03:50:40 UTC,0,2017-11-08,3,Wed
69029,8,1,20,145,2017-11-08 04:56:10 UTC,0,2017-11-08,4,Wed
45745,8,1,5,145,2017-11-08 05:08:36 UTC,0,2017-11-08,5,Wed
99150,8,1,13,145,2017-11-08 05:15:15 UTC,0,2017-11-08,5,Wed
154076,8,1,22,145,2017-11-08 05:34:04 UTC,0,2017-11-08,5,Wed
34714,8,1,19,145,2017-11-08 06:23:23 UTC,0,2017-11-08,6,Wed
148349,8,1,13,145,2017-11-08 07:11:24 UTC,0,2017-11-08,7,Wed
106267,8,1,10,145,2017-11-08 08:05:14 UTC,0,2017-11-08,8,Wed
5348,8,1,1,145,2017-11-08 09:05:29 UTC,0,2017-11-08,9,Wed
175643,8,1,18,145,2017-11-08 09:36:24 UTC,0,2017-11-08,9,Wed
194292,9,1,19,145,2017-11-08 10:03:53 UTC,0,2017-11-08,10,Wed
5314,9,2,9,145,2017-11-08 10:34:14 UTC,0,2017-11-08,10,Wed
75858,8,2,9,145,2017-11-08 10:38:46 UTC,0,2017-11-08,10,Wed
86799,8,1,13,145,2017-11-08 10:40:47 UTC,0,2017-11-08,10,Wed
91128,9,1,11,145,2017-11-08 11:09:41 UTC,0,2017-11-08,11,Wed
119289,12,2,27,145,2017-11-08 11:20:25 UTC,0,2017-11-08,11,Wed
75885,8,1,10,145,2017-11-08 11:48:36 UTC,0,2017-11-08,11,Wed
121505,8,2,13,145,2017-11-08 16:00:48 UTC,0,2017-11-08,16,Wed
5168,12,1,15,145,2017-11-08 16:33:37 UTC,0,2017-11-08,16,Wed
80193,8,1,12,145,2017-11-08 17:22:43 UTC,0,2017-11-08,17,Wed
117269,8,1,9,145,2017-11-08 17:56:16 UTC,0,2017-11-08,17,Wed
108170,8,1,17,145,2017-11-08 18:42:15 UTC,0,2017-11-08,18,Wed
12313,8,1,13,145,2017-11-08 22:25:45 UTC,0,2017-11-08,22,Wed
250288,8,1,6,145,2017-11-08 22:52:05 UTC,0,2017-11-08,22,Wed
110176,8,1,13,145,2017-11-08 23:25:34 UTC,0,2017-11-08,23,Wed
119163,8,1,19,145,2017-11-08 23:27:21 UTC,0,2017-11-08,23,Wed
80140,12,1,27,145,2017-11-08 23:36:31 UTC,0,2017-11-08,23,Wed
88923,8,1,19,145,2017-11-08 23:41:21 UTC,0,2017-11-08,23,Wed
8499,8,1,13,145,2017-11-08 23:52:50 UTC,0,2017-11-08,23,Wed
101501,8,1,13,145,2017-11-08 23:52:51 UTC,0,2017-11-08,23,Wed
110450,8,1,13,145,2017-11-09 00:44:55 UTC,0,2017-11-09,0,Thu
71762,12,1,10,145,2017-11-09 01:09:28 UTC,0,2017-11-09,1,Thu
83252,8,1,19,145,2017-11-09 02:08:51 UTC,0,2017-11-09,2,Thu
14116,8,1,22,145,2017-11-09 02:28:19 UTC,0,2017-11-09,2,Thu
105475,8,2,10,145,2017-11-09 02:56:32 UTC,0,2017-11-09,2,Thu
81012,12,1,18,145,2017-11-09 03:07:04 UTC,0,2017-11-09,3,Thu
88311,8,1,13,145,2017-11-09 03:07:05 UTC,0,2017-11-09,3,Thu
2919,8,1,19,145,2017-11-09 03:43:49 UTC,0,2017-11-09,3,Thu
81030,8,1,3,145,2017-11-09 03:50:29 UTC,0,2017-11-09,3,Thu
62671,8,1,19,145,2017-11-09 03:57:42 UTC,0,2017-11-09,3,Thu
308464,8,1,6,145,2017-11-09 04:03:20 UTC,0,2017-11-09,4,Thu
298118,8,1,10,145,2017-11-09 04:20:16 UTC,0,2017-11-09,4,Thu
5314,8,2,9,145,2017-11-09 04:28:40 UTC,0,2017-11-09,4,Thu
106200,8,1,13,145,2017-11-09 04:48:58 UTC,0,2017-11-09,4,Thu
104454,8,1,19,145,2017-11-09 04:50:13 UTC,0,2017-11-09,4,Thu
60207,8,1,3,145,2017-11-09 04:55:15 UTC,0,2017-11-09,4,Thu
46754,8,1,10,145,2017-11-09 04:59:32 UTC,0,2017-11-09,4,Thu
91250,8,1,17,145,2017-11-09 05:02:57 UTC,0,2017-11-09,5,Thu
131406,8,1,22,145,2017-11-09 05:03:01 UTC,0,2017-11-09,5,Thu
81980,8,1,27,145,2017-11-09 05:07:09 UTC,0,2017-11-09,5,Thu
137135,8,1,19,145,2017-11-09 05:41:51 UTC,0,2017-11-09,5,Thu
61120,8,1,20,145,2017-11-09 05:42:44 UTC,0,2017-11-09,5,Thu
5348,12,1,19,145,2017-11-09 05:55:55 UTC,0,2017-11-09,5,Thu
25761,8,1,9,145,2017-11-09 06:14:31 UTC,0,2017-11-09,6,Thu
16444,8,1,13,145,2017-11-09 06:16:29 UTC,0,2017-11-09,6,Thu
74924,8,1,19,145,2017-11-09 06:25:22 UTC,0,2017-11-09,6,Thu
4126,8,1,23,145,2017-11-09 06:42:00 UTC,0,2017-11-09,6,Thu
65937,8,1,13,145,2017-11-09 06:44:03 UTC,0,2017-11-09,6,Thu
20242,8,1,35,145,2017-11-09 07:02:44 UTC,0,2017-11-09,7,Thu
9400,8,1,13,145,2017-11-09 07:03:02 UTC,0,2017-11-09,7,Thu
3488,8,1,19,145,2017-11-09 07:07:32 UTC,0,2017-11-09,7,Thu
116427,8,1,15,145,2017-11-09 07:25:13 UTC,0,2017-11-09,7,Thu
1456,8,1,13,145,2017-11-09 07:39:06 UTC,0,2017-11-09,7,Thu
103866,8,1,9,145,2017-11-09 07:54:09 UTC,0,2017-11-09,7,Thu
57828,8,1,13,145,2017-11-09 08:00:57 UTC,0,2017-11-09,8,Thu
116198,8,1,25,145,2017-11-09 08:04:51 UTC,0,2017-11-09,8,Thu
45769,8,1,19,145,2017-11-09 08:13:16 UTC,0,2017-11-09,8,Thu
119531,9,2,17,145,2017-11-09 08:14:56 UTC,0,2017-11-09,8,Thu
173467,8,1,35,145,2017-11-09 08:40:04 UTC,0,2017-11-09,8,Thu
119349,8,1,9,145,2017-11-09 08:50:13 UTC,0,2017-11-09,8,Thu
34189,8,1,15,145,2017-11-09 09:03:58 UTC,0,2017-11-09,9,Thu
38628,8,1,19,145,2017-11-09 09:06:27 UTC,0,2017-11-09,9,Thu
35282,8,1,13,145,2017-11-09 09:12:20 UTC,0,2017-11-09,9,Thu
95991,8,1,13,145,2017-11-09 09:22:57 UTC,0,2017-11-09,9,Thu
77065,8,1,13,145,2017-11-09 09:23:22 UTC,0,2017-11-09,9,Thu
145604,8,1,13,145,2017-11-09 09:33:38 UTC,0,2017-11-09,9,Thu
102038,8,1,13,145,2017-11-09 09:35:54 UTC,0,2017-11-09,9,Thu
39338,8,1,13,145,2017-11-09 09:52:53 UTC,0,2017-11-09,9,Thu
30614,8,1,6,145,2017-11-09 09:55:06 UTC,0,2017-11-09,9,Thu
116681,8,1,25,145,2017-11-09 09:56:46 UTC,0,2017-11-09,9,Thu
89372,8,1,19,145,2017-11-09 10:08:21 UTC,0,2017-11-09,10,Thu
83614,8,1,25,145,2017-11-09 10:12:15 UTC,0,2017-11-09,10,Thu
73011,8,2,13,145,2017-11-09 10:13:40 UTC,0,2017-11-09,10,Thu
113350,8,1,17,145,2017-11-09 10:27:41 UTC,0,2017-11-09,10,Thu
60182,8,1,19,145,2017-11-09 10:31:31 UTC,0,2017-11-09,10,Thu
96266,8,1,13,145,2017-11-09 10:48:45 UTC,0,2017-11-09,10,Thu
46320,8,2,9,145,2017-11-09 11:07:02 UTC,0,2017-11-09,11,Thu
1313,8,1,22,145,2017-11-09 11:09:46 UTC,0,2017-11-09,11,Thu
73516,8,1,13,145,2017-11-09 11:18:08 UTC,0,2017-11-09,11,Thu
198559,8,1,25,145,2017-11-09 11:29:03 UTC,0,2017-11-09,11,Thu
47273,8,1,6,145,2017-11-09 11:40:32 UTC,0,2017-11-09,11,Thu
20996,8,1,25,145,2017-11-09 11:57:52 UTC,0,2017-11-09,11,Thu
24943,8,1,19,145,2017-11-09 12:08:26 UTC,0,2017-11-09,12,Thu
43793,12,2,13,145,2017-11-09 12:21:43 UTC,0,2017-11-09,12,Thu
89427,8,1,8,145,2017-11-09 12:27:49 UTC,0,2017-11-09,12,Thu
5314,8,1,8,145,2017-11-09 12:28:57 UTC,0,2017-11-09,12,Thu
62803,8,1,13,145,2017-11-09 13:10:29 UTC,0,2017-11-09,13,Thu
25097,8,2,17,145,2017-11-09 13:18:58 UTC,0,2017-11-09,13,Thu
115388,8,1,19,145,2017-11-09 13:25:34 UTC,0,2017-11-09,13,Thu
93542,8,2,13,145,2017-11-09 13:37:06 UTC,0,2017-11-09,13,Thu
17149,8,1,19,145,2017-11-09 14:35:07 UTC,0,2017-11-09,14,Thu
38922,9,1,13,145,2017-11-09 14:50:16 UTC,0,2017-11-09,14,Thu
8595,12,1,18,145,2017-11-09 15:25:08 UTC,0,2017-11-09,15,Thu
120936,12,2,22,145,2017-11-09 15:59:32 UTC,0,2017-11-09,15,Thu
182971,1,1,3,150,2017-11-07 02:25:31 UTC,0,2017-11-07,2,Tue
58535,1,1,19,150,2017-11-07 06:25:31 UTC,0,2017-11-07,6,Tue
209611,1,1,16,150,2017-11-07 11:57:19 UTC,0,2017-11-07,11,Tue
7567,1,1,53,150,2017-11-07 16:02:32 UTC,0,2017-11-07,16,Tue
35017,1,1,19,150,2017-11-09 00:06:36 UTC,0,2017-11-09,0,Thu
84860,1,1,19,150,2017-11-09 06:31:23 UTC,0,2017-11-09,6,Thu
55569,1,1,13,150,2017-11-09 07:00:08 UTC,0,2017-11-09,7,Thu
24008,23,1,20,153,2017-11-06 16:36:01 UTC,0,2017-11-06,16,Mon
199694,27,1,8,153,2017-11-06 16:56:32 UTC,0,2017-11-06,16,Mon
100212,23,1,13,153,2017-11-06 17:13:37 UTC,0,2017-11-06,17,Mon
67494,3,1,17,153,2017-11-06 17:35:24 UTC,0,2017-11-06,17,Mon
48451,1,1,13,153,2017-11-06 19:34:32 UTC,0,2017-11-06,19,Mon
18161,15,1,18,153,2017-11-06 20:26:33 UTC,0,2017-11-06,20,Mon
111517,23,1,55,153,2017-11-06 22:13:53 UTC,0,2017-11-06,22,Mon
13756,27,1,19,153,2017-11-06 22:55:18 UTC,0,2017-11-06,22,Mon
52390,23,1,3,153,2017-11-06 23:08:46 UTC,0,2017-11-06,23,Mon
98424,23,1,13,153,2017-11-06 23:34:03 UTC,0,2017-11-06,23,Mon
123871,23,1,13,153,2017-11-06 23:52:21 UTC,0,2017-11-06,23,Mon
62863,23,1,20,153,2017-11-07 00:04:09 UTC,0,2017-11-07,0,Tue
111517,1,1,13,153,2017-11-07 00:13:03 UTC,0,2017-11-07,0,Tue
100735,27,1,19,153,2017-11-07 00:59:06 UTC,0,2017-11-07,0,Tue
43855,1,1,12,153,2017-11-07 01:00:36 UTC,0,2017-11-07,1,Tue
46471,23,1,8,153,2017-11-07 01:01:05 UTC,0,2017-11-07,1,Tue
18165,23,1,13,153,2017-11-07 01:19:37 UTC,0,2017-11-07,1,Tue
190388,15,1,19,153,2017-11-07 01:20:56 UTC,0,2017-11-07,1,Tue
125736,1,1,3,153,2017-11-07 01:21:42 UTC,0,2017-11-07,1,Tue
64960,23,1,19,153,2017-11-07 01:38:40 UTC,0,2017-11-07,1,Tue
198535,1,1,13,153,2017-11-07 01:47:41 UTC,0,2017-11-07,1,Tue
40995,23,1,13,153,2017-11-07 02:03:19 UTC,0,2017-11-07,2,Tue
98995,23,1,13,153,2017-11-07 02:28:26 UTC,0,2017-11-07,2,Tue
3133,23,1,37,153,2017-11-07 02:33:54 UTC,0,2017-11-07,2,Tue
7944,1,1,15,153,2017-11-07 02:37:09 UTC,0,2017-11-07,2,Tue
161986,23,1,19,153,2017-11-07 02:37:37 UTC,0,2017-11-07,2,Tue
49177,27,1,13,153,2017-11-07 02:42:19 UTC,0,2017-11-07,2,Tue
90626,23,1,41,153,2017-11-07 03:01:49 UTC,0,2017-11-07,3,Tue
89210,1,1,17,153,2017-11-07 03:07:59 UTC,0,2017-11-07,3,Tue
28168,23,1,16,153,2017-11-07 03:10:40 UTC,0,2017-11-07,3,Tue
73516,3,1,19,153,2017-11-07 03:12:53 UTC,0,2017-11-07,3,Tue
189640,15,1,19,153,2017-11-07 03:14:50 UTC,0,2017-11-07,3,Tue
134034,23,1,19,153,2017-11-07 03:29:24 UTC,0,2017-11-07,3,Tue
117753,1,1,25,153,2017-11-07 03:32:23 UTC,0,2017-11-07,3,Tue
137052,23,1,18,153,2017-11-07 03:38:20 UTC,0,2017-11-07,3,Tue
31723,3,1,19,153,2017-11-07 03:49:22 UTC,0,2017-11-07,3,Tue
48679,23,1,19,153,2017-11-07 03:55:40 UTC,0,2017-11-07,3,Tue
38247,27,1,41,153,2017-11-07 04:04:22 UTC,0,2017-11-07,4,Tue
180643,15,1,22,153,2017-11-07 04:12:15 UTC,0,2017-11-07,4,Tue
78355,23,1,22,153,2017-11-07 04:14:45 UTC,0,2017-11-07,4,Tue
9624,1,1,19,153,2017-11-07 04:18:14 UTC,0,2017-11-07,4,Tue
116499,23,1,19,153,2017-11-07 04:19:46 UTC,0,2017-11-07,4,Tue
25150,23,1,3,153,2017-11-07 04:22:44 UTC,0,2017-11-07,4,Tue
76953,15,1,19,153,2017-11-07 04:25:27 UTC,0,2017-11-07,4,Tue
27879,1,1,25,153,2017-11-07 04:40:48 UTC,0,2017-11-07,4,Tue
101250,1,2,36,153,2017-11-07 05:07:44 UTC,0,2017-11-07,5,Tue
61970,23,1,18,153,2017-11-07 05:13:12 UTC,0,2017-11-07,5,Tue
158274,23,1,31,153,2017-11-07 05:17:01 UTC,0,2017-11-07,5,Tue
73487,23,1,19,153,2017-11-07 05:23:37 UTC,0,2017-11-07,5,Tue
84477,23,1,10,153,2017-11-07 05:36:15 UTC,0,2017-11-07,5,Tue
24943,23,1,13,153,2017-11-07 05:42:00 UTC,0,2017-11-07,5,Tue
15459,23,1,17,153,2017-11-07 06:27:12 UTC,0,2017-11-07,6,Tue
119349,27,1,19,153,2017-11-07 06:27:14 UTC,0,2017-11-07,6,Tue
73296,1,1,37,153,2017-11-07 06:36:06 UTC,0,2017-11-07,6,Tue
200066,27,1,3,153,2017-11-07 06:38:09 UTC,0,2017-11-07,6,Tue
119236,23,1,6,153,2017-11-07 06:57:36 UTC,0,2017-11-07,6,Tue
1699,23,1,6,153,2017-11-07 07:03:47 UTC,0,2017-11-07,7,Tue
73516,3,2,27,153,2017-11-07 07:15:34 UTC,0,2017-11-07,7,Tue
29501,23,1,18,153,2017-11-07 07:50:48 UTC,0,2017-11-07,7,Tue
100168,1,1,32,153,2017-11-07 07:59:18 UTC,0,2017-11-07,7,Tue
55979,15,1,19,153,2017-11-07 08:06:26 UTC,0,2017-11-07,8,Tue
205511,1,1,19,153,2017-11-07 08:07:16 UTC,0,2017-11-07,8,Tue
64014,15,1,12,153,2017-11-07 08:23:59 UTC,0,2017-11-07,8,Tue
101267,15,1,17,153,2017-11-07 08:36:15 UTC,0,2017-11-07,8,Tue
55149,27,1,10,153,2017-11-07 08:57:29 UTC,0,2017-11-07,8,Tue
83252,23,1,6,153,2017-11-07 09:01:26 UTC,0,2017-11-07,9,Tue
128368,23,1,19,153,2017-11-07 09:23:20 UTC,0,2017-11-07,9,Tue
52024,3,1,19,153,2017-11-07 09:40:16 UTC,0,2017-11-07,9,Tue
73487,3,2,41,153,2017-11-07 09:42:22 UTC,0,2017-11-07,9,Tue
152009,23,1,22,153,2017-11-07 09:52:58 UTC,0,2017-11-07,9,Tue
114276,1,1,9,153,2017-11-07 10:24:19 UTC,0,2017-11-07,10,Tue
39135,1,1,6,153,2017-11-07 10:24:50 UTC,0,2017-11-07,10,Tue
128210,15,1,31,153,2017-11-07 10:27:39 UTC,0,2017-11-07,10,Tue
76822,1,1,6,153,2017-11-07 11:01:32 UTC,0,2017-11-07,11,Tue
54612,15,1,13,153,2017-11-07 11:09:29 UTC,0,2017-11-07,11,Tue
10853,23,1,13,153,2017-11-07 11:12:37 UTC,0,2017-11-07,11,Tue
66232,23,1,25,153,2017-11-07 11:42:02 UTC,0,2017-11-07,11,Tue
92712,3,1,13,153,2017-11-07 12:01:09 UTC,0,2017-11-07,12,Tue
135218,23,1,18,153,2017-11-07 12:35:49 UTC,0,2017-11-07,12,Tue
73839,15,1,32,153,2017-11-07 12:39:49 UTC,0,2017-11-07,12,Tue
84510,1,1,19,153,2017-11-07 12:55:55 UTC,0,2017-11-07,12,Tue
133522,15,1,19,153,2017-11-07 13:24:33 UTC,0,2017-11-07,13,Tue
147957,27,1,19,153,2017-11-07 13:26:44 UTC,0,2017-11-07,13,Tue
108942,15,1,37,153,2017-11-07 13:31:21 UTC,0,2017-11-07,13,Tue
13831,15,1,18,153,2017-11-07 13:50:23 UTC,0,2017-11-07,13,Tue
33060,23,1,12,153,2017-11-07 14:01:42 UTC,0,2017-11-07,14,Tue
105239,1,1,18,153,2017-11-07 14:23:11 UTC,0,2017-11-07,14,Tue
5314,27,1,19,153,2017-11-07 14:27:11 UTC,0,2017-11-07,14,Tue
66371,23,1,19,153,2017-11-07 14:29:15 UTC,0,2017-11-07,14,Tue
59081,23,1,20,153,2017-11-07 14:50:45 UTC,0,2017-11-07,14,Tue
92673,3,2,44,153,2017-11-07 14:59:56 UTC,0,2017-11-07,14,Tue
21963,23,1,6,153,2017-11-07 15:07:40 UTC,0,2017-11-07,15,Tue
167881,23,1,6,153,2017-11-07 15:09:13 UTC,0,2017-11-07,15,Tue
59384,1,1,19,153,2017-11-07 15:14:29 UTC,0,2017-11-07,15,Tue
110354,27,1,13,153,2017-11-07 15:54:22 UTC,0,2017-11-07,15,Tue
77318,15,1,13,153,2017-11-07 16:11:43 UTC,0,2017-11-07,16,Tue
99613,23,1,13,153,2017-11-07 16:46:33 UTC,0,2017-11-07,16,Tue
44494,3,1,20,153,2017-11-07 16:56:10 UTC,0,2017-11-07,16,Tue
44494,3,1,1,153,2017-11-07 17:04:58 UTC,0,2017-11-07,17,Tue
197864,15,1,19,153,2017-11-07 17:07:31 UTC,0,2017-11-07,17,Tue
19170,23,1,19,153,2017-11-07 19:08:12 UTC,0,2017-11-07,19,Tue
38265,15,1,11,153,2017-11-07 19:10:24 UTC,0,2017-11-07,19,Tue
92766,3,2,31,153,2017-11-07 19:19:06 UTC,0,2017-11-07,19,Tue
84896,23,1,18,153,2017-11-07 20:11:01 UTC,0,2017-11-07,20,Tue
93054,3,1,19,153,2017-11-07 22:09:19 UTC,0,2017-11-07,22,Tue
284170,27,1,19,153,2017-11-07 22:16:57 UTC,0,2017-11-07,22,Tue
265483,23,1,13,153,2017-11-07 22:26:59 UTC,0,2017-11-07,22,Tue
73487,3,1,19,153,2017-11-07 22:30:06 UTC,0,2017-11-07,22,Tue
261520,23,1,14,153,2017-11-07 22:45:10 UTC,0,2017-11-07,22,Tue
42651,23,1,18,153,2017-11-07 23:11:16 UTC,0,2017-11-07,23,Tue
81076,27,1,20,153,2017-11-07 23:33:04 UTC,0,2017-11-07,23,Tue
100694,1,1,22,153,2017-11-07 23:35:05 UTC,0,2017-11-07,23,Tue
200808,23,1,13,153,2017-11-07 23:38:04 UTC,0,2017-11-07,23,Tue
73313,23,1,13,153,2017-11-07 23:42:32 UTC,0,2017-11-07,23,Tue
73516,27,1,9,153,2017-11-07 23:45:33 UTC,0,2017-11-07,23,Tue
236269,27,1,2,153,2017-11-07 23:53:04 UTC,0,2017-11-07,23,Tue
111086,23,1,32,153,2017-11-08 00:04:44 UTC,0,2017-11-08,0,Wed
214842,27,1,10,153,2017-11-08 00:12:55 UTC,0,2017-11-08,0,Wed
107569,23,1,18,153,2017-11-08 00:27:29 UTC,0,2017-11-08,0,Wed
118098,15,1,19,153,2017-11-08 01:11:14 UTC,0,2017-11-08,1,Wed
111363,1,2,9,153,2017-11-08 01:37:47 UTC,0,2017-11-08,1,Wed
89430,15,1,19,153,2017-11-08 01:50:18 UTC,0,2017-11-08,1,Wed
133850,23,1,19,153,2017-11-08 01:53:12 UTC,0,2017-11-08,1,Wed
10973,23,1,47,153,2017-11-08 02:22:52 UTC,0,2017-11-08,2,Wed
24437,27,2,13,153,2017-11-08 02:26:31 UTC,0,2017-11-08,2,Wed
163593,27,1,19,153,2017-11-08 02:28:04 UTC,0,2017-11-08,2,Wed
74816,27,1,13,153,2017-11-08 02:30:13 UTC,0,2017-11-08,2,Wed
67606,3,1,14,153,2017-11-08 02:38:08 UTC,0,2017-11-08,2,Wed
14116,23,1,18,153,2017-11-08 02:45:46 UTC,0,2017-11-08,2,Wed
31652,23,1,19,153,2017-11-08 03:02:38 UTC,0,2017-11-08,3,Wed
57493,15,1,19,153,2017-11-08 03:12:32 UTC,0,2017-11-08,3,Wed
221767,27,1,26,153,2017-11-08 03:37:48 UTC,0,2017-11-08,3,Wed
76473,23,1,17,153,2017-11-08 03:41:59 UTC,0,2017-11-08,3,Wed
81013,27,1,13,153,2017-11-08 03:44:14 UTC,0,2017-11-08,3,Wed
24850,23,1,17,153,2017-11-08 03:59:03 UTC,0,2017-11-08,3,Wed
15643,1,1,37,153,2017-11-08 03:59:42 UTC,0,2017-11-08,3,Wed
8580,27,1,19,153,2017-11-08 04:05:54 UTC,0,2017-11-08,4,Wed
153926,1,1,47,153,2017-11-08 04:12:09 UTC,0,2017-11-08,4,Wed
120203,23,1,14,153,2017-11-08 04:20:25 UTC,0,2017-11-08,4,Wed
30587,1,1,18,153,2017-11-08 04:22:30 UTC,0,2017-11-08,4,Wed
69735,23,1,26,153,2017-11-08 04:29:23 UTC,0,2017-11-08,4,Wed
31047,27,1,13,153,2017-11-08 04:44:10 UTC,0,2017-11-08,4,Wed
77361,23,1,20,153,2017-11-08 04:58:45 UTC,0,2017-11-08,4,Wed
115671,23,1,13,153,2017-11-08 05:04:41 UTC,0,2017-11-08,5,Wed
70770,23,1,17,153,2017-11-08 05:19:41 UTC,0,2017-11-08,5,Wed
2387,15,1,6,153,2017-11-08 06:01:44 UTC,0,2017-11-08,6,Wed
73516,3,2,16,153,2017-11-08 06:03:15 UTC,0,2017-11-08,6,Wed
27174,23,1,13,153,2017-11-08 06:19:01 UTC,0,2017-11-08,6,Wed
199542,15,1,4,153,2017-11-08 06:22:40 UTC,0,2017-11-08,6,Wed
127537,15,1,3,153,2017-11-08 06:26:05 UTC,0,2017-11-08,6,Wed
35588,23,1,13,153,2017-11-08 06:39:03 UTC,0,2017-11-08,6,Wed
46783,1,1,18,153,2017-11-08 06:55:55 UTC,0,2017-11-08,6,Wed
214767,23,1,13,153,2017-11-08 07:24:19 UTC,0,2017-11-08,7,Wed
81598,27,1,31,153,2017-11-08 08:12:29 UTC,0,2017-11-08,8,Wed
93486,23,1,18,153,2017-11-08 08:34:28 UTC,0,2017-11-08,8,Wed
113721,23,1,19,153,2017-11-08 08:55:30 UTC,0,2017-11-08,8,Wed
49479,1,1,37,153,2017-11-08 09:15:57 UTC,0,2017-11-08,9,Wed
70795,27,1,13,153,2017-11-08 09:16:09 UTC,0,2017-11-08,9,Wed
87337,23,1,19,153,2017-11-08 09:17:21 UTC,0,2017-11-08,9,Wed
23286,23,1,22,153,2017-11-08 09:20:36 UTC,0,2017-11-08,9,Wed
270168,1,1,46,153,2017-11-08 09:25:41 UTC,0,2017-11-08,9,Wed
217578,23,1,19,153,2017-11-08 09:29:43 UTC,0,2017-11-08,9,Wed
107204,3,1,19,153,2017-11-08 09:35:06 UTC,0,2017-11-08,9,Wed
112005,15,1,13,153,2017-11-08 09:45:38 UTC,0,2017-11-08,9,Wed
95509,1,1,9,153,2017-11-08 09:45:57 UTC,0,2017-11-08,9,Wed
141432,15,1,10,153,2017-11-08 09:49:11 UTC,0,2017-11-08,9,Wed
42132,23,1,19,153,2017-11-08 10:07:25 UTC,0,2017-11-08,10,Wed
79827,1,1,6,153,2017-11-08 10:09:57 UTC,0,2017-11-08,10,Wed
89429,27,1,13,153,2017-11-08 10:25:00 UTC,0,2017-11-08,10,Wed
59426,23,1,19,153,2017-11-08 10:35:34 UTC,0,2017-11-08,10,Wed
32305,15,1,15,153,2017-11-08 10:36:22 UTC,0,2017-11-08,10,Wed
95820,15,1,19,153,2017-11-08 10:57:43 UTC,0,2017-11-08,10,Wed
132464,23,1,22,153,2017-11-08 10:58:16 UTC,0,2017-11-08,10,Wed
43778,23,1,40,153,2017-11-08 11:02:05 UTC,0,2017-11-08,11,Wed
114276,15,1,13,153,2017-11-08 11:10:31 UTC,0,2017-11-08,11,Wed
22978,23,1,22,153,2017-11-08 11:34:55 UTC,0,2017-11-08,11,Wed
3268,1,1,19,153,2017-11-08 11:42:30 UTC,0,2017-11-08,11,Wed
73487,3,1,17,153,2017-11-08 12:02:22 UTC,0,2017-11-08,12,Wed
154111,1,1,19,153,2017-11-08 12:08:18 UTC,0,2017-11-08,12,Wed
79745,27,1,14,153,2017-11-08 12:18:54 UTC,0,2017-11-08,12,Wed
145896,27,1,19,153,2017-11-08 12:37:11 UTC,0,2017-11-08,12,Wed
79671,27,1,15,153,2017-11-08 12:58:23 UTC,0,2017-11-08,12,Wed
35696,1,1,13,153,2017-11-08 12:59:42 UTC,0,2017-11-08,12,Wed
106511,1,1,19,153,2017-11-08 13:00:19 UTC,0,2017-11-08,13,Wed
146536,23,1,37,153,2017-11-08 13:13:03 UTC,0,2017-11-08,13,Wed
25074,15,1,31,153,2017-11-08 13:28:06 UTC,0,2017-11-08,13,Wed
3964,15,1,10,153,2017-11-08 13:48:37 UTC,0,2017-11-08,13,Wed
6330,3,2,19,153,2017-11-08 13:57:34 UTC,0,2017-11-08,13,Wed
220540,23,1,19,153,2017-11-08 13:58:02 UTC,0,2017-11-08,13,Wed
37892,23,1,6,153,2017-11-08 14:20:18 UTC,0,2017-11-08,14,Wed
95063,1,1,20,153,2017-11-08 14:27:37 UTC,0,2017-11-08,14,Wed
124763,1,1,13,153,2017-11-08 14:36:28 UTC,0,2017-11-08,14,Wed
11607,1,2,2,153,2017-11-08 14:45:19 UTC,0,2017-11-08,14,Wed
67772,3,1,35,153,2017-11-08 14:58:55 UTC,0,2017-11-08,14,Wed
5348,1,1,18,153,2017-11-08 15:00:16 UTC,0,2017-11-08,15,Wed
67734,3,1,13,153,2017-11-08 15:11:42 UTC,0,2017-11-08,15,Wed
250546,23,1,9,153,2017-11-08 15:14:14 UTC,0,2017-11-08,15,Wed
30636,23,1,13,153,2017-11-08 15:16:41 UTC,0,2017-11-08,15,Wed
98476,23,1,13,153,2017-11-08 15:26:29 UTC,0,2017-11-08,15,Wed
93780,23,1,22,153,2017-11-08 17:03:39 UTC,0,2017-11-08,17,Wed
18848,15,1,18,153,2017-11-08 17:13:06 UTC,0,2017-11-08,17,Wed
44527,3,1,19,153,2017-11-08 17:52:03 UTC,0,2017-11-08,17,Wed
64268,15,1,13,153,2017-11-08 17:57:49 UTC,0,2017-11-08,17,Wed
47148,15,1,19,153,2017-11-08 17:58:53 UTC,0,2017-11-08,17,Wed
90891,3,1,19,153,2017-11-08 19:07:36 UTC,0,2017-11-08,19,Wed
56430,23,1,16,153,2017-11-08 19:19:51 UTC,0,2017-11-08,19,Wed
85006,23,1,13,153,2017-11-08 19:57:33 UTC,0,2017-11-08,19,Wed
189183,1,1,19,153,2017-11-08 21:32:20 UTC,0,2017-11-08,21,Wed
109703,23,1,15,153,2017-11-08 22:30:52 UTC,0,2017-11-08,22,Wed
51627,23,1,49,153,2017-11-08 22:34:41 UTC,0,2017-11-08,22,Wed
115746,23,1,19,153,2017-11-08 22:51:29 UTC,0,2017-11-08,22,Wed
67944,23,1,19,153,2017-11-08 23:36:46 UTC,0,2017-11-08,23,Wed
26801,23,1,11,153,2017-11-09 00:07:44 UTC,0,2017-11-09,0,Thu
90866,27,1,28,153,2017-11-09 00:08:17 UTC,0,2017-11-09,0,Thu
163523,15,1,13,153,2017-11-09 00:08:59 UTC,0,2017-11-09,0,Thu
89272,23,1,18,153,2017-11-09 00:17:10 UTC,0,2017-11-09,0,Thu
67838,23,1,8,153,2017-11-09 00:22:22 UTC,0,2017-11-09,0,Thu
73516,3,1,14,153,2017-11-09 00:26:50 UTC,0,2017-11-09,0,Thu
60314,1,1,10,153,2017-11-09 00:39:37 UTC,0,2017-11-09,0,Thu
38633,27,1,8,153,2017-11-09 00:57:19 UTC,0,2017-11-09,0,Thu
71267,27,1,16,153,2017-11-09 01:56:11 UTC,0,2017-11-09,1,Thu
94245,23,1,41,153,2017-11-09 02:24:22 UTC,0,2017-11-09,2,Thu
96083,23,1,22,153,2017-11-09 02:33:15 UTC,0,2017-11-09,2,Thu
7350,23,1,19,153,2017-11-09 02:49:54 UTC,0,2017-11-09,2,Thu
30912,27,1,19,153,2017-11-09 03:03:16 UTC,0,2017-11-09,3,Thu
65716,23,1,13,153,2017-11-09 03:05:33 UTC,0,2017-11-09,3,Thu
32639,23,1,19,153,2017-11-09 03:07:04 UTC,0,2017-11-09,3,Thu
141043,1,1,41,153,2017-11-09 03:09:37 UTC,0,2017-11-09,3,Thu
15968,23,2,19,153,2017-11-09 03:16:44 UTC,0,2017-11-09,3,Thu
105039,27,1,19,153,2017-11-09 03:17:19 UTC,0,2017-11-09,3,Thu
88312,23,1,35,153,2017-11-09 03:22:46 UTC,0,2017-11-09,3,Thu
28476,27,1,14,153,2017-11-09 03:31:59 UTC,0,2017-11-09,3,Thu
31518,1,1,8,153,2017-11-09 03:38:56 UTC,0,2017-11-09,3,Thu
255310,23,1,28,153,2017-11-09 03:42:23 UTC,0,2017-11-09,3,Thu
190786,23,1,13,153,2017-11-09 03:52:14 UTC,0,2017-11-09,3,Thu
11272,23,1,13,153,2017-11-09 03:52:27 UTC,0,2017-11-09,3,Thu
30022,23,1,19,153,2017-11-09 03:55:24 UTC,0,2017-11-09,3,Thu
93953,1,1,19,153,2017-11-09 04:01:17 UTC,0,2017-11-09,4,Thu
75898,1,1,19,153,2017-11-09 04:19:12 UTC,0,2017-11-09,4,Thu
7510,27,1,17,153,2017-11-09 04:22:56 UTC,0,2017-11-09,4,Thu
45256,23,1,16,153,2017-11-09 04:39:47 UTC,0,2017-11-09,4,Thu
90855,3,1,8,153,2017-11-09 04:54:20 UTC,0,2017-11-09,4,Thu
73487,3,1,13,153,2017-11-09 05:16:09 UTC,0,2017-11-09,5,Thu
315661,23,1,19,153,2017-11-09 05:16:16 UTC,0,2017-11-09,5,Thu
162378,1,1,3,153,2017-11-09 05:22:11 UTC,0,2017-11-09,5,Thu
105603,15,2,6,153,2017-11-09 05:29:06 UTC,0,2017-11-09,5,Thu
45411,27,1,19,153,2017-11-09 06:36:46 UTC,0,2017-11-09,6,Thu
118229,23,1,58,153,2017-11-09 06:43:24 UTC,0,2017-11-09,6,Thu
77523,23,1,12,153,2017-11-09 06:51:23 UTC,0,2017-11-09,6,Thu
137933,15,1,19,153,2017-11-09 07:08:39 UTC,0,2017-11-09,7,Thu
53964,3,1,25,153,2017-11-09 07:43:11 UTC,0,2017-11-09,7,Thu
270296,23,1,15,153,2017-11-09 08:03:55 UTC,0,2017-11-09,8,Thu
30310,23,1,31,153,2017-11-09 08:11:37 UTC,0,2017-11-09,8,Thu
94267,23,1,13,153,2017-11-09 08:54:17 UTC,0,2017-11-09,8,Thu
118190,27,1,41,153,2017-11-09 08:55:50 UTC,0,2017-11-09,8,Thu
76727,23,1,19,153,2017-11-09 09:08:59 UTC,0,2017-11-09,9,Thu
187273,23,1,13,153,2017-11-09 09:38:36 UTC,0,2017-11-09,9,Thu
123596,1,1,2,153,2017-11-09 09:43:28 UTC,0,2017-11-09,9,Thu
113654,1,1,8,153,2017-11-09 09:46:29 UTC,0,2017-11-09,9,Thu
5348,15,1,3,153,2017-11-09 10:10:45 UTC,0,2017-11-09,10,Thu
94987,23,1,17,153,2017-11-09 10:13:56 UTC,0,2017-11-09,10,Thu
195916,15,1,22,153,2017-11-09 10:22:34 UTC,0,2017-11-09,10,Thu
57191,23,1,19,153,2017-11-09 10:28:43 UTC,0,2017-11-09,10,Thu
88719,23,1,25,153,2017-11-09 10:40:28 UTC,0,2017-11-09,10,Thu
117712,27,1,19,153,2017-11-09 10:42:23 UTC,0,2017-11-09,10,Thu
48176,27,1,13,153,2017-11-09 10:49:37 UTC,0,2017-11-09,10,Thu
5314,27,1,27,153,2017-11-09 11:15:38 UTC,0,2017-11-09,11,Thu
34284,27,1,42,153,2017-11-09 11:18:33 UTC,0,2017-11-09,11,Thu
184260,27,1,11,153,2017-11-09 11:40:57 UTC,0,2017-11-09,11,Thu
66845,27,1,6,153,2017-11-09 12:16:21 UTC,0,2017-11-09,12,Thu
300702,23,1,37,153,2017-11-09 12:19:13 UTC,0,2017-11-09,12,Thu
81513,15,1,19,153,2017-11-09 12:52:09 UTC,0,2017-11-09,12,Thu
308779,23,1,19,153,2017-11-09 12:57:38 UTC,0,2017-11-09,12,Thu
108075,27,1,13,153,2017-11-09 13:32:13 UTC,0,2017-11-09,13,Thu
31385,23,1,15,153,2017-11-09 13:32:23 UTC,0,2017-11-09,13,Thu
38935,23,1,13,153,2017-11-09 13:33:15 UTC,0,2017-11-09,13,Thu
125008,1,1,18,153,2017-11-09 14:00:20 UTC,0,2017-11-09,14,Thu
39818,23,1,19,153,2017-11-09 14:13:05 UTC,0,2017-11-09,14,Thu
49520,1,1,13,153,2017-11-09 14:26:39 UTC,0,2017-11-09,14,Thu
96165,15,1,13,153,2017-11-09 14:47:43 UTC,0,2017-11-09,14,Thu
84610,15,1,13,153,2017-11-09 14:56:34 UTC,0,2017-11-09,14,Thu
40838,23,1,13,153,2017-11-09 15:04:59 UTC,0,2017-11-09,15,Thu
46573,23,1,13,153,2017-11-09 15:10:59 UTC,0,2017-11-09,15,Thu
62963,23,1,13,153,2017-11-09 15:31:52 UTC,0,2017-11-09,15,Thu
109340,1,1,6,153,2017-11-09 15:41:46 UTC,0,2017-11-09,15,Thu
5314,27,1,22,153,2017-11-09 15:56:11 UTC,0,2017-11-09,15,Thu
73814,12,1,13,160,2017-11-07 23:41:27 UTC,0,2017-11-07,23,Tue
24932,14,1,19,160,2017-11-09 14:32:28 UTC,0,2017-11-09,14,Thu
105475,12,1,13,160,2017-11-09 15:46:23 UTC,0,2017-11-09,15,Thu
91311,107,1,18,171,2017-11-07 07:47:14 UTC,0,2017-11-07,7,Tue
116896,3,1,30,173,2017-11-06 16:50:40 UTC,0,2017-11-06,16,Mon
206925,3,1,16,173,2017-11-06 21:03:00 UTC,0,2017-11-06,21,Mon
168878,3,1,18,173,2017-11-06 21:10:25 UTC,0,2017-11-06,21,Mon
175250,3,1,17,173,2017-11-06 22:38:41 UTC,0,2017-11-06,22,Mon
171402,3,1,18,173,2017-11-06 22:57:53 UTC,0,2017-11-06,22,Mon
83636,11,1,19,173,2017-11-06 23:36:18 UTC,0,2017-11-06,23,Mon
125241,3,1,22,173,2017-11-07 00:34:09 UTC,0,2017-11-07,0,Tue
58877,11,1,25,173,2017-11-07 00:41:36 UTC,0,2017-11-07,0,Tue
209984,3,1,13,173,2017-11-07 00:53:55 UTC,0,2017-11-07,0,Tue
37855,3,1,19,173,2017-11-07 01:02:44 UTC,0,2017-11-07,1,Tue
60529,3,1,19,173,2017-11-07 02:25:55 UTC,0,2017-11-07,2,Tue
69595,11,1,13,173,2017-11-07 02:32:54 UTC,0,2017-11-07,2,Tue
4324,3,1,6,173,2017-11-07 02:37:12 UTC,0,2017-11-07,2,Tue
64049,3,1,13,173,2017-11-07 02:46:17 UTC,0,2017-11-07,2,Tue
19295,3,1,13,173,2017-11-07 03:11:43 UTC,0,2017-11-07,3,Tue
44361,11,1,19,173,2017-11-07 04:14:35 UTC,0,2017-11-07,4,Tue
31724,3,1,13,173,2017-11-07 05:08:29 UTC,0,2017-11-07,5,Tue
111324,11,1,19,173,2017-11-07 05:47:19 UTC,0,2017-11-07,5,Tue
109800,11,1,13,173,2017-11-07 07:12:36 UTC,0,2017-11-07,7,Tue
166017,3,1,13,173,2017-11-07 08:26:05 UTC,0,2017-11-07,8,Tue
200021,3,1,19,173,2017-11-07 08:36:26 UTC,0,2017-11-07,8,Tue
38732,3,1,13,173,2017-11-07 08:55:50 UTC,0,2017-11-07,8,Tue
76921,11,1,19,173,2017-11-07 09:14:08 UTC,0,2017-11-07,9,Tue
113358,3,1,10,173,2017-11-07 09:58:49 UTC,0,2017-11-07,9,Tue
41437,3,1,6,173,2017-11-07 10:12:30 UTC,0,2017-11-07,10,Tue
71093,3,1,30,173,2017-11-07 12:15:50 UTC,0,2017-11-07,12,Tue
29489,3,1,9,173,2017-11-07 12:48:36 UTC,0,2017-11-07,12,Tue
41285,11,1,27,173,2017-11-07 12:56:11 UTC,0,2017-11-07,12,Tue
89722,3,1,19,173,2017-11-07 13:14:35 UTC,0,2017-11-07,13,Tue
198793,3,1,19,173,2017-11-07 14:20:30 UTC,0,2017-11-07,14,Tue
27714,3,1,15,173,2017-11-07 14:49:29 UTC,0,2017-11-07,14,Tue
11083,3,1,13,173,2017-11-07 17:59:44 UTC,0,2017-11-07,17,Tue
197144,3,1,22,173,2017-11-08 00:06:10 UTC,0,2017-11-08,0,Wed
59145,3,1,25,173,2017-11-08 00:30:59 UTC,0,2017-11-08,0,Wed
65773,3,1,13,173,2017-11-08 00:48:03 UTC,0,2017-11-08,0,Wed
63205,3,1,19,173,2017-11-08 00:57:15 UTC,0,2017-11-08,0,Wed
123563,11,1,27,173,2017-11-08 01:14:40 UTC,0,2017-11-08,1,Wed
103527,3,1,20,173,2017-11-08 02:13:50 UTC,0,2017-11-08,2,Wed
5348,11,1,19,173,2017-11-08 02:42:50 UTC,0,2017-11-08,2,Wed
3133,3,1,18,173,2017-11-08 03:16:37 UTC,0,2017-11-08,3,Wed
101074,3,1,37,173,2017-11-08 04:07:03 UTC,0,2017-11-08,4,Wed
18772,3,1,37,173,2017-11-08 04:54:23 UTC,0,2017-11-08,4,Wed
56918,3,1,13,173,2017-11-08 05:44:30 UTC,0,2017-11-08,5,Wed
16244,3,1,27,173,2017-11-08 05:53:01 UTC,0,2017-11-08,5,Wed
88162,11,1,19,173,2017-11-08 06:36:54 UTC,0,2017-11-08,6,Wed
30647,3,1,8,173,2017-11-08 06:58:43 UTC,0,2017-11-08,6,Wed
33777,3,1,12,173,2017-11-08 07:56:48 UTC,0,2017-11-08,7,Wed
66254,3,1,6,173,2017-11-08 09:36:05 UTC,0,2017-11-08,9,Wed
23522,11,1,20,173,2017-11-08 10:02:38 UTC,0,2017-11-08,10,Wed
22593,3,1,13,173,2017-11-08 11:02:16 UTC,0,2017-11-08,11,Wed
73724,3,1,18,173,2017-11-08 11:32:35 UTC,0,2017-11-08,11,Wed
52722,3,1,37,173,2017-11-08 12:00:12 UTC,0,2017-11-08,12,Wed
60271,3,1,19,173,2017-11-08 14:07:52 UTC,0,2017-11-08,14,Wed
84817,11,1,13,173,2017-11-08 14:38:14 UTC,0,2017-11-08,14,Wed
276985,11,1,6,173,2017-11-08 15:33:22 UTC,0,2017-11-08,15,Wed
15967,11,1,37,173,2017-11-08 15:57:05 UTC,0,2017-11-08,15,Wed
55569,3,1,3,173,2017-11-08 17:44:47 UTC,0,2017-11-08,17,Wed
2254,3,1,13,173,2017-11-08 17:50:13 UTC,0,2017-11-08,17,Wed
45745,3,1,17,173,2017-11-08 18:07:21 UTC,0,2017-11-08,18,Wed
65813,3,1,15,173,2017-11-08 23:58:47 UTC,0,2017-11-08,23,Wed
69944,3,1,13,173,2017-11-09 00:10:49 UTC,0,2017-11-09,0,Thu
19873,3,1,13,173,2017-11-09 00:18:47 UTC,0,2017-11-09,0,Thu
73823,3,1,22,173,2017-11-09 00:22:23 UTC,0,2017-11-09,0,Thu
59059,11,1,37,173,2017-11-09 01:02:46 UTC,0,2017-11-09,1,Thu
125581,11,1,8,173,2017-11-09 02:23:07 UTC,0,2017-11-09,2,Thu
67682,3,1,19,173,2017-11-09 05:11:48 UTC,0,2017-11-09,5,Thu
100724,3,1,13,173,2017-11-09 05:22:57 UTC,0,2017-11-09,5,Thu
153706,3,1,19,173,2017-11-09 06:03:52 UTC,0,2017-11-09,6,Thu
206765,3,1,19,173,2017-11-09 06:13:49 UTC,0,2017-11-09,6,Thu
21274,3,1,6,173,2017-11-09 06:48:31 UTC,0,2017-11-09,6,Thu
47902,3,1,13,173,2017-11-09 06:51:10 UTC,0,2017-11-09,6,Thu
11133,3,1,6,173,2017-11-09 06:54:39 UTC,0,2017-11-09,6,Thu
86926,11,1,13,173,2017-11-09 07:34:33 UTC,0,2017-11-09,7,Thu
36339,11,1,19,173,2017-11-09 07:42:05 UTC,0,2017-11-09,7,Thu
100383,11,1,13,173,2017-11-09 08:15:46 UTC,0,2017-11-09,8,Thu
205316,3,1,37,173,2017-11-09 08:16:49 UTC,0,2017-11-09,8,Thu
310927,3,1,49,173,2017-11-09 08:48:22 UTC,0,2017-11-09,8,Thu
53454,11,1,13,173,2017-11-09 12:31:03 UTC,0,2017-11-09,12,Thu
107809,11,1,37,173,2017-11-09 12:56:30 UTC,0,2017-11-09,12,Thu
42139,3,1,36,173,2017-11-09 13:08:33 UTC,0,2017-11-09,13,Thu
99754,3,1,13,173,2017-11-09 13:33:59 UTC,0,2017-11-09,13,Thu
33012,3,1,12,173,2017-11-09 14:43:55 UTC,0,2017-11-09,14,Thu
3994,3,1,53,173,2017-11-09 15:13:00 UTC,0,2017-11-09,15,Thu
63149,12,1,17,174,2017-11-07 00:37:12 UTC,0,2017-11-07,0,Tue
27114,12,1,10,174,2017-11-07 00:45:35 UTC,0,2017-11-07,0,Tue
162684,12,1,13,174,2017-11-07 00:47:32 UTC,0,2017-11-07,0,Tue
100180,12,1,1,178,2017-11-06 16:18:49 UTC,0,2017-11-06,16,Mon
119760,12,1,22,178,2017-11-06 16:28:58 UTC,0,2017-11-06,16,Mon
48142,12,1,16,178,2017-11-06 16:36:20 UTC,0,2017-11-06,16,Mon
149608,24,1,17,178,2017-11-06 16:54:50 UTC,0,2017-11-06,16,Mon
15683,12,1,19,178,2017-11-06 16:59:57 UTC,0,2017-11-06,16,Mon
22978,12,1,19,178,2017-11-06 17:44:37 UTC,0,2017-11-06,17,Mon
197705,12,1,22,178,2017-11-06 17:59:56 UTC,0,2017-11-06,17,Mon
173226,12,1,19,178,2017-11-06 22:08:29 UTC,0,2017-11-06,22,Mon
72387,12,1,22,178,2017-11-06 22:33:18 UTC,0,2017-11-06,22,Mon
116366,12,1,19,178,2017-11-06 23:02:01 UTC,0,2017-11-06,23,Mon
198832,12,1,16,178,2017-11-06 23:25:06 UTC,0,2017-11-06,23,Mon
79187,1,1,19,178,2017-11-06 23:51:44 UTC,0,2017-11-06,23,Mon
22283,12,1,13,178,2017-11-06 23:58:26 UTC,0,2017-11-06,23,Mon
31784,12,1,13,178,2017-11-07 00:14:15 UTC,0,2017-11-07,0,Tue
198768,12,1,19,178,2017-11-07 00:16:35 UTC,0,2017-11-07,0,Tue
37617,12,1,22,178,2017-11-07 00:52:39 UTC,0,2017-11-07,0,Tue
22792,1,1,3,178,2017-11-07 01:01:39 UTC,0,2017-11-07,1,Tue
99927,12,1,19,178,2017-11-07 01:13:34 UTC,0,2017-11-07,1,Tue
40816,12,1,18,178,2017-11-07 01:21:58 UTC,0,2017-11-07,1,Tue
144920,12,1,10,178,2017-11-07 01:32:01 UTC,0,2017-11-07,1,Tue
29835,12,1,31,178,2017-11-07 01:32:20 UTC,0,2017-11-07,1,Tue
41978,12,1,40,178,2017-11-07 01:36:03 UTC,0,2017-11-07,1,Tue
79787,12,2,13,178,2017-11-07 01:53:14 UTC,0,2017-11-07,1,Tue
63812,1,1,17,178,2017-11-07 02:10:02 UTC,0,2017-11-07,2,Tue
26995,12,2,19,178,2017-11-07 02:29:57 UTC,0,2017-11-07,2,Tue
198081,12,1,19,178,2017-11-07 02:35:18 UTC,0,2017-11-07,2,Tue
105239,12,1,44,178,2017-11-07 02:39:18 UTC,0,2017-11-07,2,Tue
80571,12,1,19,178,2017-11-07 02:45:08 UTC,0,2017-11-07,2,Tue
3835,12,1,15,178,2017-11-07 02:50:19 UTC,0,2017-11-07,2,Tue
73516,12,2,13,178,2017-11-07 03:03:26 UTC,0,2017-11-07,3,Tue
152743,12,1,13,178,2017-11-07 03:05:17 UTC,0,2017-11-07,3,Tue
133827,12,1,13,178,2017-11-07 03:08:04 UTC,0,2017-11-07,3,Tue
20893,12,1,9,178,2017-11-07 03:14:00 UTC,0,2017-11-07,3,Tue
64187,12,1,19,178,2017-11-07 03:21:21 UTC,0,2017-11-07,3,Tue
166046,12,1,20,178,2017-11-07 03:28:15 UTC,0,2017-11-07,3,Tue
158417,1,1,20,178,2017-11-07 03:32:21 UTC,0,2017-11-07,3,Tue
48282,12,1,25,178,2017-11-07 03:40:22 UTC,0,2017-11-07,3,Tue
45868,12,1,22,178,2017-11-07 03:45:12 UTC,0,2017-11-07,3,Tue
171793,12,1,17,178,2017-11-07 04:01:40 UTC,0,2017-11-07,4,Tue
123994,12,1,19,178,2017-11-07 04:06:17 UTC,0,2017-11-07,4,Tue
159797,12,1,13,178,2017-11-07 04:12:35 UTC,0,2017-11-07,4,Tue
67008,12,1,23,178,2017-11-07 04:23:10 UTC,0,2017-11-07,4,Tue
161546,24,1,13,178,2017-11-07 04:25:34 UTC,0,2017-11-07,4,Tue
212504,12,1,19,178,2017-11-07 04:33:40 UTC,0,2017-11-07,4,Tue
69173,12,1,19,178,2017-11-07 04:38:05 UTC,0,2017-11-07,4,Tue
45591,12,1,13,178,2017-11-07 04:40:47 UTC,0,2017-11-07,4,Tue
103396,12,1,13,178,2017-11-07 04:47:54 UTC,0,2017-11-07,4,Tue
138309,12,1,13,178,2017-11-07 05:21:06 UTC,0,2017-11-07,5,Tue
200198,12,1,22,178,2017-11-07 05:27:00 UTC,0,2017-11-07,5,Tue
3071,1,1,35,178,2017-11-07 05:58:56 UTC,0,2017-11-07,5,Tue
34223,1,1,13,178,2017-11-07 06:00:43 UTC,0,2017-11-07,6,Tue
59719,12,1,19,178,2017-11-07 06:01:46 UTC,0,2017-11-07,6,Tue
50906,12,1,3,178,2017-11-07 06:32:21 UTC,0,2017-11-07,6,Tue
127969,1,1,18,178,2017-11-07 06:55:07 UTC,0,2017-11-07,6,Tue
127583,12,1,16,178,2017-11-07 07:30:06 UTC,0,2017-11-07,7,Tue
26814,12,1,6,178,2017-11-07 07:30:29 UTC,0,2017-11-07,7,Tue
157634,12,1,17,178,2017-11-07 07:36:37 UTC,0,2017-11-07,7,Tue
5348,12,2,8,178,2017-11-07 07:50:00 UTC,0,2017-11-07,7,Tue
149367,1,1,19,178,2017-11-07 07:50:48 UTC,0,2017-11-07,7,Tue
105981,12,1,6,178,2017-11-07 08:16:42 UTC,0,2017-11-07,8,Tue
115481,12,1,6,178,2017-11-07 08:21:11 UTC,0,2017-11-07,8,Tue
154636,12,1,20,178,2017-11-07 08:23:35 UTC,0,2017-11-07,8,Tue
86767,12,1,19,178,2017-11-07 08:39:58 UTC,0,2017-11-07,8,Tue
145934,12,1,28,178,2017-11-07 09:00:00 UTC,0,2017-11-07,9,Tue
21660,12,1,13,178,2017-11-07 09:00:46 UTC,0,2017-11-07,9,Tue
59837,12,1,19,178,2017-11-07 09:07:46 UTC,0,2017-11-07,9,Tue
91360,12,1,15,178,2017-11-07 09:10:27 UTC,0,2017-11-07,9,Tue
73487,12,1,19,178,2017-11-07 09:14:05 UTC,0,2017-11-07,9,Tue
28176,12,1,20,178,2017-11-07 09:17:01 UTC,0,2017-11-07,9,Tue
143837,12,1,12,178,2017-11-07 09:35:43 UTC,0,2017-11-07,9,Tue
108568,12,1,20,178,2017-11-07 09:37:37 UTC,0,2017-11-07,9,Tue
178716,12,1,1,178,2017-11-07 09:38:17 UTC,0,2017-11-07,9,Tue
75856,12,1,13,178,2017-11-07 09:44:13 UTC,0,2017-11-07,9,Tue
35046,12,1,19,178,2017-11-07 10:02:07 UTC,0,2017-11-07,10,Tue
38876,12,1,9,178,2017-11-07 10:04:31 UTC,0,2017-11-07,10,Tue
37502,12,1,9,178,2017-11-07 10:17:14 UTC,0,2017-11-07,10,Tue
52961,12,1,8,178,2017-11-07 10:20:55 UTC,0,2017-11-07,10,Tue
100485,12,1,13,178,2017-11-07 10:22:32 UTC,0,2017-11-07,10,Tue
64435,12,1,19,178,2017-11-07 10:23:04 UTC,0,2017-11-07,10,Tue
53454,1,1,19,178,2017-11-07 10:33:57 UTC,0,2017-11-07,10,Tue
63762,12,2,9,178,2017-11-07 10:35:26 UTC,0,2017-11-07,10,Tue
171240,1,1,13,178,2017-11-07 10:38:15 UTC,0,2017-11-07,10,Tue
116209,12,1,22,178,2017-11-07 10:40:18 UTC,0,2017-11-07,10,Tue
5448,1,1,13,178,2017-11-07 10:43:02 UTC,0,2017-11-07,10,Tue
50169,12,2,13,178,2017-11-07 10:53:29 UTC,0,2017-11-07,10,Tue
31401,24,1,16,178,2017-11-07 10:55:31 UTC,0,2017-11-07,10,Tue
7006,12,1,19,178,2017-11-07 11:01:51 UTC,0,2017-11-07,11,Tue
93289,12,1,13,178,2017-11-07 11:08:41 UTC,0,2017-11-07,11,Tue
41369,12,1,25,178,2017-11-07 11:12:14 UTC,0,2017-11-07,11,Tue
105292,12,1,13,178,2017-11-07 11:13:49 UTC,0,2017-11-07,11,Tue
5314,12,2,17,178,2017-11-07 11:25:25 UTC,0,2017-11-07,11,Tue
32591,24,1,19,178,2017-11-07 11:39:28 UTC,0,2017-11-07,11,Tue
184205,12,1,19,178,2017-11-07 11:48:09 UTC,0,2017-11-07,11,Tue
5314,12,1,13,178,2017-11-07 11:53:01 UTC,0,2017-11-07,11,Tue
50055,12,1,15,178,2017-11-07 11:59:36 UTC,0,2017-11-07,11,Tue
85489,12,1,19,178,2017-11-07 12:03:39 UTC,0,2017-11-07,12,Tue
105519,12,2,13,178,2017-11-07 12:15:09 UTC,0,2017-11-07,12,Tue
89845,12,1,10,178,2017-11-07 12:19:40 UTC,0,2017-11-07,12,Tue
92471,12,1,19,178,2017-11-07 12:24:49 UTC,0,2017-11-07,12,Tue
25251,12,1,17,178,2017-11-07 12:26:48 UTC,0,2017-11-07,12,Tue
149129,12,2,13,178,2017-11-07 12:31:25 UTC,0,2017-11-07,12,Tue
178581,12,1,13,178,2017-11-07 12:43:46 UTC,0,2017-11-07,12,Tue
79757,24,1,13,178,2017-11-07 12:49:27 UTC,0,2017-11-07,12,Tue
193464,12,1,22,178,2017-11-07 13:03:21 UTC,0,2017-11-07,13,Tue
76187,12,1,10,178,2017-11-07 13:09:52 UTC,0,2017-11-07,13,Tue
2770,12,1,17,178,2017-11-07 13:18:39 UTC,0,2017-11-07,13,Tue
63932,12,1,19,178,2017-11-07 13:20:00 UTC,0,2017-11-07,13,Tue
50284,12,1,17,178,2017-11-07 13:20:20 UTC,0,2017-11-07,13,Tue
200154,12,1,17,178,2017-11-07 13:26:59 UTC,0,2017-11-07,13,Tue
26814,12,1,13,178,2017-11-07 13:35:03 UTC,0,2017-11-07,13,Tue
76616,12,1,9,178,2017-11-07 13:42:18 UTC,0,2017-11-07,13,Tue
7072,12,2,65,178,2017-11-07 14:29:20 UTC,0,2017-11-07,14,Tue
9287,12,1,13,178,2017-11-07 14:46:27 UTC,0,2017-11-07,14,Tue
53454,12,1,19,178,2017-11-07 15:01:46 UTC,0,2017-11-07,15,Tue
189286,12,1,6,178,2017-11-07 15:08:47 UTC,0,2017-11-07,15,Tue
12129,12,1,19,178,2017-11-07 15:22:40 UTC,0,2017-11-07,15,Tue
95585,12,1,19,178,2017-11-07 16:05:53 UTC,0,2017-11-07,16,Tue
118146,12,1,13,178,2017-11-07 16:10:34 UTC,0,2017-11-07,16,Tue
257714,12,1,15,178,2017-11-07 16:12:22 UTC,0,2017-11-07,16,Tue
21894,12,1,19,178,2017-11-07 16:38:34 UTC,0,2017-11-07,16,Tue
48212,12,2,13,178,2017-11-07 16:49:12 UTC,0,2017-11-07,16,Tue
114107,24,1,13,178,2017-11-07 17:09:06 UTC,0,2017-11-07,17,Tue
81550,12,1,13,178,2017-11-07 17:17:47 UTC,0,2017-11-07,17,Tue
84900,12,1,18,178,2017-11-07 23:16:18 UTC,0,2017-11-07,23,Tue
137678,12,2,18,178,2017-11-07 23:24:08 UTC,0,2017-11-07,23,Tue
38300,12,1,19,178,2017-11-07 23:29:34 UTC,0,2017-11-07,23,Tue
56516,12,1,19,178,2017-11-07 23:39:42 UTC,0,2017-11-07,23,Tue
240578,12,1,3,178,2017-11-07 23:58:31 UTC,0,2017-11-07,23,Tue
58237,12,1,17,178,2017-11-08 01:08:42 UTC,0,2017-11-08,1,Wed
113958,12,1,13,178,2017-11-08 01:15:09 UTC,0,2017-11-08,1,Wed
103036,12,2,22,178,2017-11-08 01:31:21 UTC,0,2017-11-08,1,Wed
130629,12,1,17,178,2017-11-08 02:02:35 UTC,0,2017-11-08,2,Wed
161544,12,1,13,178,2017-11-08 02:14:00 UTC,0,2017-11-08,2,Wed
35884,12,1,8,178,2017-11-08 02:19:08 UTC,0,2017-11-08,2,Wed
56370,12,1,19,178,2017-11-08 02:34:13 UTC,0,2017-11-08,2,Wed
79717,12,1,19,178,2017-11-08 02:38:25 UTC,0,2017-11-08,2,Wed
24266,12,1,18,178,2017-11-08 02:38:38 UTC,0,2017-11-08,2,Wed
238693,12,1,19,178,2017-11-08 02:49:53 UTC,0,2017-11-08,2,Wed
159671,12,1,19,178,2017-11-08 02:53:28 UTC,0,2017-11-08,2,Wed
82843,12,2,15,178,2017-11-08 02:59:31 UTC,0,2017-11-08,2,Wed
81898,12,1,13,178,2017-11-08 03:07:20 UTC,0,2017-11-08,3,Wed
82663,12,1,17,178,2017-11-08 03:10:22 UTC,0,2017-11-08,3,Wed
14764,12,1,17,178,2017-11-08 03:11:40 UTC,0,2017-11-08,3,Wed
27056,12,1,13,178,2017-11-08 03:43:44 UTC,0,2017-11-08,3,Wed
133811,12,1,18,178,2017-11-08 05:00:09 UTC,0,2017-11-08,5,Wed
8632,12,1,17,178,2017-11-08 05:05:39 UTC,0,2017-11-08,5,Wed
93860,12,1,10,178,2017-11-08 05:07:08 UTC,0,2017-11-08,5,Wed
18246,12,1,19,178,2017-11-08 05:59:04 UTC,0,2017-11-08,5,Wed
116317,12,1,13,178,2017-11-08 06:03:43 UTC,0,2017-11-08,6,Wed
188049,12,1,19,178,2017-11-08 06:23:54 UTC,0,2017-11-08,6,Wed
106385,12,1,19,178,2017-11-08 06:30:54 UTC,0,2017-11-08,6,Wed
100896,12,1,13,178,2017-11-08 07:07:02 UTC,0,2017-11-08,7,Wed
176863,12,1,19,178,2017-11-08 07:15:14 UTC,0,2017-11-08,7,Wed
216496,12,1,22,178,2017-11-08 07:19:01 UTC,0,2017-11-08,7,Wed
84168,12,1,19,178,2017-11-08 07:47:21 UTC,0,2017-11-08,7,Wed
50296,12,1,13,178,2017-11-08 07:53:19 UTC,0,2017-11-08,7,Wed
37426,12,1,3,178,2017-11-08 08:00:17 UTC,0,2017-11-08,8,Wed
52766,12,1,19,178,2017-11-08 08:17:34 UTC,0,2017-11-08,8,Wed
50526,12,1,22,178,2017-11-08 08:21:33 UTC,0,2017-11-08,8,Wed
184271,12,1,19,178,2017-11-08 08:41:39 UTC,0,2017-11-08,8,Wed
85928,12,1,19,178,2017-11-08 08:45:58 UTC,0,2017-11-08,8,Wed
215924,12,1,10,178,2017-11-08 08:46:01 UTC,0,2017-11-08,8,Wed
111324,12,1,18,178,2017-11-08 08:47:45 UTC,0,2017-11-08,8,Wed
90891,12,1,19,178,2017-11-08 08:56:16 UTC,0,2017-11-08,8,Wed
284751,12,1,19,178,2017-11-08 08:58:27 UTC,0,2017-11-08,8,Wed
120673,12,1,19,178,2017-11-08 09:04:15 UTC,0,2017-11-08,9,Wed
14877,12,1,19,178,2017-11-08 09:20:16 UTC,0,2017-11-08,9,Wed
114220,12,1,17,178,2017-11-08 09:37:13 UTC,0,2017-11-08,9,Wed
8215,12,1,19,178,2017-11-08 09:46:01 UTC,0,2017-11-08,9,Wed
199611,12,1,17,178,2017-11-08 09:47:20 UTC,0,2017-11-08,9,Wed
1673,12,1,17,178,2017-11-08 09:47:53 UTC,0,2017-11-08,9,Wed
74447,12,1,13,178,2017-11-08 10:03:30 UTC,0,2017-11-08,10,Wed
91885,12,1,10,178,2017-11-08 10:19:37 UTC,0,2017-11-08,10,Wed
46899,12,1,13,178,2017-11-08 10:31:37 UTC,0,2017-11-08,10,Wed
925,24,2,13,178,2017-11-08 10:33:46 UTC,0,2017-11-08,10,Wed
55920,12,1,18,178,2017-11-08 10:34:42 UTC,0,2017-11-08,10,Wed
36150,12,1,19,178,2017-11-08 10:47:19 UTC,0,2017-11-08,10,Wed
271903,12,1,18,178,2017-11-08 10:49:07 UTC,0,2017-11-08,10,Wed
88551,12,2,9,178,2017-11-08 10:49:29 UTC,0,2017-11-08,10,Wed
51967,12,1,19,178,2017-11-08 10:51:31 UTC,0,2017-11-08,10,Wed
74725,12,1,17,178,2017-11-08 10:53:20 UTC,0,2017-11-08,10,Wed
96105,12,1,20,178,2017-11-08 11:00:12 UTC,0,2017-11-08,11,Wed
22368,12,1,18,178,2017-11-08 11:14:11 UTC,0,2017-11-08,11,Wed
185236,12,1,13,178,2017-11-08 11:33:54 UTC,0,2017-11-08,11,Wed
20215,24,1,44,178,2017-11-08 11:52:26 UTC,0,2017-11-08,11,Wed
1519,12,1,19,178,2017-11-08 11:52:35 UTC,0,2017-11-08,11,Wed
145896,12,1,49,178,2017-11-08 11:57:36 UTC,0,2017-11-08,11,Wed
106749,12,1,15,178,2017-11-08 12:01:54 UTC,0,2017-11-08,12,Wed
147144,12,1,19,178,2017-11-08 12:16:32 UTC,0,2017-11-08,12,Wed
55179,12,1,17,178,2017-11-08 12:21:55 UTC,0,2017-11-08,12,Wed
137052,12,1,15,178,2017-11-08 12:23:43 UTC,0,2017-11-08,12,Wed
28089,12,1,14,178,2017-11-08 12:29:02 UTC,0,2017-11-08,12,Wed
273910,12,2,10,178,2017-11-08 12:35:46 UTC,0,2017-11-08,12,Wed
91232,12,2,13,178,2017-11-08 12:55:35 UTC,0,2017-11-08,12,Wed
74122,24,1,13,178,2017-11-08 12:57:07 UTC,0,2017-11-08,12,Wed
118930,12,1,18,178,2017-11-08 13:37:11 UTC,0,2017-11-08,13,Wed
39268,12,1,19,178,2017-11-08 14:06:41 UTC,0,2017-11-08,14,Wed
81897,24,2,13,178,2017-11-08 14:12:51 UTC,0,2017-11-08,14,Wed
191021,12,2,19,178,2017-11-08 14:41:07 UTC,0,2017-11-08,14,Wed
80336,12,2,9,178,2017-11-08 14:45:38 UTC,0,2017-11-08,14,Wed
249497,12,1,13,178,2017-11-08 15:50:39 UTC,0,2017-11-08,15,Wed
124715,12,1,18,178,2017-11-08 15:51:32 UTC,0,2017-11-08,15,Wed
86767,12,1,13,178,2017-11-08 16:06:50 UTC,0,2017-11-08,16,Wed
344509,12,1,14,178,2017-11-08 16:07:15 UTC,0,2017-11-08,16,Wed
1413,24,1,17,178,2017-11-08 16:31:28 UTC,0,2017-11-08,16,Wed
181871,12,1,13,178,2017-11-08 16:51:22 UTC,0,2017-11-08,16,Wed
86474,12,1,8,178,2017-11-08 17:00:08 UTC,0,2017-11-08,17,Wed
361422,24,1,2,178,2017-11-08 17:38:33 UTC,0,2017-11-08,17,Wed
85154,12,1,35,178,2017-11-08 23:07:19 UTC,0,2017-11-08,23,Wed
3488,12,1,19,178,2017-11-08 23:44:44 UTC,0,2017-11-08,23,Wed
238978,12,1,25,178,2017-11-08 23:58:58 UTC,0,2017-11-08,23,Wed
39140,12,1,19,178,2017-11-09 00:14:30 UTC,0,2017-11-09,0,Thu
78500,12,1,13,178,2017-11-09 00:41:59 UTC,0,2017-11-09,0,Thu
73516,12,2,9,178,2017-11-09 01:11:52 UTC,0,2017-11-09,1,Thu
25818,12,1,13,178,2017-11-09 01:48:10 UTC,0,2017-11-09,1,Thu
80147,12,1,19,178,2017-11-09 01:57:01 UTC,0,2017-11-09,1,Thu
162150,12,1,22,178,2017-11-09 01:58:15 UTC,0,2017-11-09,1,Thu
37002,12,1,19,178,2017-11-09 02:08:27 UTC,0,2017-11-09,2,Thu
332261,12,1,6,178,2017-11-09 02:18:51 UTC,0,2017-11-09,2,Thu
973,12,1,13,178,2017-11-09 02:35:38 UTC,0,2017-11-09,2,Thu
89198,12,1,17,178,2017-11-09 02:43:12 UTC,0,2017-11-09,2,Thu
19023,12,1,19,178,2017-11-09 02:52:47 UTC,0,2017-11-09,2,Thu
124953,12,1,15,178,2017-11-09 03:09:13 UTC,0,2017-11-09,3,Thu
27045,24,1,27,178,2017-11-09 03:16:15 UTC,0,2017-11-09,3,Thu
75634,12,1,18,178,2017-11-09 03:20:45 UTC,0,2017-11-09,3,Thu
106200,12,1,6,178,2017-11-09 03:20:49 UTC,0,2017-11-09,3,Thu
18126,12,1,25,178,2017-11-09 03:23:37 UTC,0,2017-11-09,3,Thu
107364,12,1,13,178,2017-11-09 03:38:07 UTC,0,2017-11-09,3,Thu
105339,12,1,19,178,2017-11-09 03:41:43 UTC,0,2017-11-09,3,Thu
355971,12,2,13,178,2017-11-09 03:48:35 UTC,0,2017-11-09,3,Thu
101931,12,1,3,178,2017-11-09 05:18:46 UTC,0,2017-11-09,5,Thu
32661,12,1,19,178,2017-11-09 05:20:57 UTC,0,2017-11-09,5,Thu
96964,12,1,19,178,2017-11-09 05:21:27 UTC,0,2017-11-09,5,Thu
124136,12,2,9,178,2017-11-09 05:28:39 UTC,0,2017-11-09,5,Thu
47999,12,1,20,178,2017-11-09 05:42:25 UTC,0,2017-11-09,5,Thu
18204,12,1,19,178,2017-11-09 05:51:17 UTC,0,2017-11-09,5,Thu
24039,12,1,19,178,2017-11-09 05:51:29 UTC,0,2017-11-09,5,Thu
31467,12,1,19,178,2017-11-09 05:55:09 UTC,0,2017-11-09,5,Thu
76181,12,2,9,178,2017-11-09 06:01:03 UTC,0,2017-11-09,6,Thu
77184,12,1,12,178,2017-11-09 06:33:02 UTC,0,2017-11-09,6,Thu
195346,12,1,13,178,2017-11-09 06:42:07 UTC,0,2017-11-09,6,Thu
83388,12,1,10,178,2017-11-09 06:55:16 UTC,0,2017-11-09,6,Thu
83616,12,1,3,178,2017-11-09 07:01:11 UTC,0,2017-11-09,7,Thu
48212,12,2,9,178,2017-11-09 07:14:11 UTC,0,2017-11-09,7,Thu
2805,12,1,19,178,2017-11-09 07:30:42 UTC,0,2017-11-09,7,Thu
31540,12,1,19,178,2017-11-09 07:48:33 UTC,0,2017-11-09,7,Thu
317869,12,1,13,178,2017-11-09 08:14:40 UTC,0,2017-11-09,8,Thu
157529,12,1,19,178,2017-11-09 08:15:27 UTC,0,2017-11-09,8,Thu
98944,12,1,13,178,2017-11-09 08:20:02 UTC,0,2017-11-09,8,Thu
102919,12,1,19,178,2017-11-09 08:23:24 UTC,0,2017-11-09,8,Thu
107229,12,1,19,178,2017-11-09 08:26:55 UTC,0,2017-11-09,8,Thu
132492,24,1,10,178,2017-11-09 08:27:19 UTC,0,2017-11-09,8,Thu
5325,12,1,13,178,2017-11-09 08:36:44 UTC,0,2017-11-09,8,Thu
14025,24,2,13,178,2017-11-09 08:57:36 UTC,0,2017-11-09,8,Thu
120546,12,1,20,178,2017-11-09 09:07:07 UTC,0,2017-11-09,9,Thu
209944,12,1,19,178,2017-11-09 09:16:18 UTC,0,2017-11-09,9,Thu
130810,12,1,10,178,2017-11-09 09:23:04 UTC,0,2017-11-09,9,Thu
75463,12,1,19,178,2017-11-09 09:46:55 UTC,0,2017-11-09,9,Thu
146180,12,1,9,178,2017-11-09 09:56:02 UTC,0,2017-11-09,9,Thu
327479,12,1,19,178,2017-11-09 10:03:38 UTC,0,2017-11-09,10,Thu
83252,12,1,13,178,2017-11-09 10:16:00 UTC,0,2017-11-09,10,Thu
112356,12,1,19,178,2017-11-09 10:23:34 UTC,0,2017-11-09,10,Thu
51859,12,1,19,178,2017-11-09 10:33:36 UTC,0,2017-11-09,10,Thu
111389,12,1,13,178,2017-11-09 10:36:29 UTC,0,2017-11-09,10,Thu
114276,12,1,17,178,2017-11-09 10:42:43 UTC,0,2017-11-09,10,Thu
106354,12,1,19,178,2017-11-09 10:45:24 UTC,0,2017-11-09,10,Thu
200755,12,1,19,178,2017-11-09 10:56:38 UTC,0,2017-11-09,10,Thu
13634,12,1,15,178,2017-11-09 11:01:04 UTC,0,2017-11-09,11,Thu
42164,12,1,19,178,2017-11-09 11:03:51 UTC,0,2017-11-09,11,Thu
20411,12,2,13,178,2017-11-09 11:04:18 UTC,0,2017-11-09,11,Thu
38376,12,1,15,178,2017-11-09 11:09:24 UTC,0,2017-11-09,11,Thu
26792,24,2,9,178,2017-11-09 11:10:13 UTC,0,2017-11-09,11,Thu
230325,12,1,13,178,2017-11-09 11:20:18 UTC,0,2017-11-09,11,Thu
67806,12,2,13,178,2017-11-09 11:26:21 UTC,0,2017-11-09,11,Thu
109145,24,1,19,178,2017-11-09 11:54:32 UTC,0,2017-11-09,11,Thu
14751,12,1,20,178,2017-11-09 12:05:30 UTC,0,2017-11-09,12,Thu
14087,12,1,6,178,2017-11-09 12:25:10 UTC,0,2017-11-09,12,Thu
28113,12,1,17,178,2017-11-09 12:58:11 UTC,0,2017-11-09,12,Thu
114276,12,1,14,178,2017-11-09 13:03:12 UTC,0,2017-11-09,13,Thu
85642,12,1,13,178,2017-11-09 13:16:42 UTC,0,2017-11-09,13,Thu
54587,12,1,13,178,2017-11-09 13:17:43 UTC,0,2017-11-09,13,Thu
26995,12,1,13,178,2017-11-09 13:28:33 UTC,0,2017-11-09,13,Thu
77318,12,1,19,178,2017-11-09 13:33:43 UTC,0,2017-11-09,13,Thu
288760,12,1,13,178,2017-11-09 14:06:43 UTC,0,2017-11-09,14,Thu
76764,12,2,1,178,2017-11-09 14:10:52 UTC,0,2017-11-09,14,Thu
204260,12,1,6,178,2017-11-09 14:30:17 UTC,0,2017-11-09,14,Thu
77107,12,1,22,178,2017-11-09 14:35:45 UTC,0,2017-11-09,14,Thu
5314,12,2,13,178,2017-11-09 14:37:45 UTC,0,2017-11-09,14,Thu
102357,12,2,20,178,2017-11-09 14:57:44 UTC,0,2017-11-09,14,Thu
127804,12,1,13,178,2017-11-09 15:16:50 UTC,0,2017-11-09,15,Thu
113389,12,1,8,178,2017-11-09 15:28:43 UTC,0,2017-11-09,15,Thu
42869,12,1,22,182,2017-11-08 02:26:27 UTC,0,2017-11-08,2,Wed
12457,3,1,6,182,2017-11-08 02:27:47 UTC,0,2017-11-08,2,Wed
53454,3,1,19,182,2017-11-08 03:00:55 UTC,0,2017-11-08,3,Wed
304407,3,1,35,182,2017-11-09 09:44:53 UTC,0,2017-11-09,9,Thu
363653,3,1,6,182,2017-11-09 10:07:41 UTC,0,2017-11-09,10,Thu
13186,3,1,22,182,2017-11-09 12:45:53 UTC,0,2017-11-09,12,Thu
79779,51,0,38,203,2017-11-06 22:53:51 UTC,0,2017-11-06,22,Mon
151188,2,1,19,205,2017-11-06 17:14:32 UTC,0,2017-11-06,17,Mon
209155,12,1,16,205,2017-11-06 17:17:59 UTC,0,2017-11-06,17,Mon
39756,2,1,8,205,2017-11-06 17:27:54 UTC,0,2017-11-06,17,Mon
53960,2,1,3,205,2017-11-06 17:44:43 UTC,0,2017-11-06,17,Mon
105519,2,1,19,205,2017-11-06 19:11:17 UTC,0,2017-11-06,19,Mon
201181,3,1,22,205,2017-11-06 19:42:08 UTC,0,2017-11-06,19,Mon
96078,3,1,13,205,2017-11-06 22:01:05 UTC,0,2017-11-06,22,Mon
54524,2,2,13,205,2017-11-06 23:07:33 UTC,0,2017-11-06,23,Mon
101894,3,1,13,205,2017-11-06 23:15:47 UTC,0,2017-11-06,23,Mon
80432,12,1,13,205,2017-11-06 23:20:29 UTC,0,2017-11-06,23,Mon
21065,3,1,22,205,2017-11-06 23:20:36 UTC,0,2017-11-06,23,Mon
173751,3,1,15,205,2017-11-06 23:24:05 UTC,0,2017-11-06,23,Mon
100393,2,1,13,205,2017-11-06 23:43:37 UTC,0,2017-11-06,23,Mon
60136,2,1,17,205,2017-11-06 23:59:31 UTC,0,2017-11-06,23,Mon
91694,2,1,17,205,2017-11-07 00:03:04 UTC,0,2017-11-07,0,Tue
105534,2,1,13,205,2017-11-07 00:22:46 UTC,0,2017-11-07,0,Tue
176923,3,1,19,205,2017-11-07 00:37:21 UTC,0,2017-11-07,0,Tue
161799,3,1,19,205,2017-11-07 00:38:17 UTC,0,2017-11-07,0,Tue
105569,2,1,13,205,2017-11-07 00:39:27 UTC,0,2017-11-07,0,Tue
98384,3,1,13,205,2017-11-07 01:12:54 UTC,0,2017-11-07,1,Tue
189134,2,1,19,205,2017-11-07 01:49:00 UTC,0,2017-11-07,1,Tue
105433,2,1,10,205,2017-11-07 02:31:08 UTC,0,2017-11-07,2,Tue
20901,3,1,4,205,2017-11-07 02:33:43 UTC,0,2017-11-07,2,Tue
91574,2,1,18,205,2017-11-07 02:43:37 UTC,0,2017-11-07,2,Tue
12505,2,1,19,205,2017-11-07 02:45:04 UTC,0,2017-11-07,2,Tue
124897,2,1,19,205,2017-11-07 02:56:05 UTC,0,2017-11-07,2,Tue
48996,3,1,19,205,2017-11-07 03:38:20 UTC,0,2017-11-07,3,Tue
115557,2,1,19,205,2017-11-07 03:51:21 UTC,0,2017-11-07,3,Tue
178822,3,1,6,205,2017-11-07 04:18:01 UTC,0,2017-11-07,4,Tue
36213,2,1,22,205,2017-11-07 04:44:00 UTC,0,2017-11-07,4,Tue
53960,2,1,13,205,2017-11-07 04:46:35 UTC,0,2017-11-07,4,Tue
6242,12,1,25,205,2017-11-07 04:54:50 UTC,0,2017-11-07,4,Tue
178851,2,1,19,205,2017-11-07 04:55:19 UTC,0,2017-11-07,4,Tue
152056,12,1,13,205,2017-11-07 04:59:43 UTC,0,2017-11-07,4,Tue
18703,2,1,13,205,2017-11-07 05:10:23 UTC,0,2017-11-07,5,Tue
44673,12,1,15,205,2017-11-07 05:10:23 UTC,0,2017-11-07,5,Tue
87797,12,1,17,205,2017-11-07 05:19:41 UTC,0,2017-11-07,5,Tue
209663,2,1,12,205,2017-11-07 05:23:33 UTC,0,2017-11-07,5,Tue
114490,2,2,65,205,2017-11-07 05:30:22 UTC,0,2017-11-07,5,Tue
77943,12,1,18,205,2017-11-07 05:32:35 UTC,0,2017-11-07,5,Tue
36213,2,2,17,205,2017-11-07 05:48:21 UTC,0,2017-11-07,5,Tue
126222,2,1,19,205,2017-11-07 06:09:34 UTC,0,2017-11-07,6,Tue
39175,3,1,22,205,2017-11-07 06:32:03 UTC,0,2017-11-07,6,Tue
18703,2,2,8,205,2017-11-07 07:39:23 UTC,0,2017-11-07,7,Tue
21802,3,1,13,205,2017-11-07 07:49:09 UTC,0,2017-11-07,7,Tue
53960,2,1,19,205,2017-11-07 07:53:04 UTC,0,2017-11-07,7,Tue
114904,2,1,19,205,2017-11-07 08:57:54 UTC,0,2017-11-07,8,Tue
100245,3,1,42,205,2017-11-07 09:13:24 UTC,0,2017-11-07,9,Tue
7146,3,1,41,205,2017-11-07 09:20:10 UTC,0,2017-11-07,9,Tue
75786,2,1,19,205,2017-11-07 09:25:10 UTC,0,2017-11-07,9,Tue
34680,3,1,19,205,2017-11-07 09:29:50 UTC,0,2017-11-07,9,Tue
42360,3,1,20,205,2017-11-07 09:31:24 UTC,0,2017-11-07,9,Tue
115634,2,1,15,205,2017-11-07 09:57:48 UTC,0,2017-11-07,9,Tue
114276,3,1,22,205,2017-11-07 10:38:10 UTC,0,2017-11-07,10,Tue
135050,2,2,19,205,2017-11-07 10:40:56 UTC,0,2017-11-07,10,Tue
36150,2,2,10,205,2017-11-07 11:00:55 UTC,0,2017-11-07,11,Tue
24985,2,1,13,205,2017-11-07 11:06:04 UTC,0,2017-11-07,11,Tue
42013,3,1,13,205,2017-11-07 11:23:03 UTC,0,2017-11-07,11,Tue
59395,3,1,14,205,2017-11-07 11:42:31 UTC,0,2017-11-07,11,Tue
26990,3,1,17,205,2017-11-07 11:47:55 UTC,0,2017-11-07,11,Tue
5348,12,1,16,205,2017-11-07 12:29:20 UTC,0,2017-11-07,12,Tue
105292,2,1,6,205,2017-11-07 12:39:38 UTC,0,2017-11-07,12,Tue
147957,3,1,6,205,2017-11-07 12:44:21 UTC,0,2017-11-07,12,Tue
111668,3,1,19,205,2017-11-07 13:04:42 UTC,0,2017-11-07,13,Tue
39756,2,2,97,205,2017-11-07 13:16:54 UTC,0,2017-11-07,13,Tue
25588,2,1,19,205,2017-11-07 13:17:37 UTC,0,2017-11-07,13,Tue
1763,3,1,19,205,2017-11-07 13:25:00 UTC,0,2017-11-07,13,Tue
70552,2,1,15,205,2017-11-07 13:31:26 UTC,0,2017-11-07,13,Tue
178851,2,1,15,205,2017-11-07 13:35:44 UTC,0,2017-11-07,13,Tue
36213,2,1,19,205,2017-11-07 13:52:45 UTC,0,2017-11-07,13,Tue
76855,12,1,19,205,2017-11-07 14:01:44 UTC,0,2017-11-07,14,Tue
111639,2,1,3,205,2017-11-07 14:06:15 UTC,0,2017-11-07,14,Tue
12505,2,1,17,205,2017-11-07 14:10:37 UTC,0,2017-11-07,14,Tue
7528,3,1,3,205,2017-11-07 14:28:12 UTC,0,2017-11-07,14,Tue
75634,2,1,19,205,2017-11-07 14:54:03 UTC,0,2017-11-07,14,Tue
53929,2,1,19,205,2017-11-07 14:59:31 UTC,0,2017-11-07,14,Tue
14782,2,1,13,205,2017-11-07 15:00:32 UTC,0,2017-11-07,15,Tue
65631,3,1,10,205,2017-11-07 15:07:52 UTC,0,2017-11-07,15,Tue
8210,2,2,22,205,2017-11-07 15:09:18 UTC,0,2017-11-07,15,Tue
25614,2,1,19,205,2017-11-07 15:09:33 UTC,0,2017-11-07,15,Tue
174526,3,1,19,205,2017-11-07 15:10:53 UTC,0,2017-11-07,15,Tue
59125,2,2,19,205,2017-11-07 15:45:06 UTC,0,2017-11-07,15,Tue
59125,2,1,13,205,2017-11-07 16:10:05 UTC,0,2017-11-07,16,Tue
75595,2,1,19,205,2017-11-07 16:19:03 UTC,0,2017-11-07,16,Tue
60136,2,1,6,205,2017-11-07 16:56:07 UTC,0,2017-11-07,16,Tue
25553,2,1,3,205,2017-11-07 17:38:04 UTC,0,2017-11-07,17,Tue
105587,2,1,19,205,2017-11-07 17:39:14 UTC,0,2017-11-07,17,Tue
45327,2,1,19,205,2017-11-07 17:47:49 UTC,0,2017-11-07,17,Tue
105485,2,1,8,205,2017-11-07 18:18:53 UTC,0,2017-11-07,18,Tue
25761,2,1,19,205,2017-11-07 18:41:45 UTC,0,2017-11-07,18,Tue
105292,2,1,8,205,2017-11-07 20:49:17 UTC,0,2017-11-07,20,Tue
105475,3,1,19,205,2017-11-07 21:34:31 UTC,0,2017-11-07,21,Tue
53929,2,1,19,205,2017-11-07 22:11:56 UTC,0,2017-11-07,22,Tue
107049,3,1,20,205,2017-11-07 22:30:02 UTC,0,2017-11-07,22,Tue
75595,2,1,19,205,2017-11-08 00:12:51 UTC,0,2017-11-08,0,Wed
178851,2,1,19,205,2017-11-08 00:18:17 UTC,0,2017-11-08,0,Wed
91536,2,2,16,205,2017-11-08 00:24:58 UTC,0,2017-11-08,0,Wed
104868,3,1,13,205,2017-11-08 00:37:10 UTC,0,2017-11-08,0,Wed
100157,12,1,53,205,2017-11-08 00:57:38 UTC,0,2017-11-08,0,Wed
267144,3,1,19,205,2017-11-08 00:58:42 UTC,0,2017-11-08,0,Wed
91734,2,1,13,205,2017-11-08 01:10:15 UTC,0,2017-11-08,1,Wed
193346,3,1,4,205,2017-11-08 01:35:12 UTC,0,2017-11-08,1,Wed
78966,12,1,19,205,2017-11-08 01:38:02 UTC,0,2017-11-08,1,Wed
100393,2,1,17,205,2017-11-08 02:16:39 UTC,0,2017-11-08,2,Wed
101214,2,1,17,205,2017-11-08 02:31:16 UTC,0,2017-11-08,2,Wed
181243,12,1,18,205,2017-11-08 02:41:33 UTC,0,2017-11-08,2,Wed
54524,2,1,13,205,2017-11-08 03:23:20 UTC,0,2017-11-08,3,Wed
39736,3,1,2,205,2017-11-08 03:23:46 UTC,0,2017-11-08,3,Wed
59125,2,1,13,205,2017-11-08 03:39:46 UTC,0,2017-11-08,3,Wed
108341,2,1,13,205,2017-11-08 03:45:33 UTC,0,2017-11-08,3,Wed
36150,2,1,8,205,2017-11-08 03:48:00 UTC,0,2017-11-08,3,Wed
53960,2,1,19,205,2017-11-08 03:52:37 UTC,0,2017-11-08,3,Wed
60163,2,1,9,205,2017-11-08 03:55:36 UTC,0,2017-11-08,3,Wed
60163,2,2,43,205,2017-11-08 04:23:45 UTC,0,2017-11-08,4,Wed
109743,2,1,41,205,2017-11-08 04:25:34 UTC,0,2017-11-08,4,Wed
77799,3,1,19,205,2017-11-08 04:45:21 UTC,0,2017-11-08,4,Wed
46797,3,1,19,205,2017-11-08 04:51:28 UTC,0,2017-11-08,4,Wed
120729,3,1,13,205,2017-11-08 05:03:26 UTC,0,2017-11-08,5,Wed
105649,2,2,10,205,2017-11-08 05:04:38 UTC,0,2017-11-08,5,Wed
114904,2,2,11,205,2017-11-08 05:23:54 UTC,0,2017-11-08,5,Wed
159850,2,1,25,205,2017-11-08 06:02:24 UTC,0,2017-11-08,6,Wed
115634,2,1,19,205,2017-11-08 06:22:09 UTC,0,2017-11-08,6,Wed
93460,3,1,13,205,2017-11-08 06:25:17 UTC,0,2017-11-08,6,Wed
92352,3,1,13,205,2017-11-08 07:02:38 UTC,0,2017-11-08,7,Wed
79187,3,1,19,205,2017-11-08 07:13:00 UTC,0,2017-11-08,7,Wed
45327,2,1,10,205,2017-11-08 07:21:17 UTC,0,2017-11-08,7,Wed
93314,3,1,27,205,2017-11-08 07:28:20 UTC,0,2017-11-08,7,Wed
12524,2,1,6,205,2017-11-08 07:28:21 UTC,0,2017-11-08,7,Wed
56233,12,1,17,205,2017-11-08 07:32:30 UTC,0,2017-11-08,7,Wed
114904,2,1,19,205,2017-11-08 07:57:47 UTC,0,2017-11-08,7,Wed
53960,2,2,9,205,2017-11-08 08:37:01 UTC,0,2017-11-08,8,Wed
20143,12,1,20,205,2017-11-08 08:46:47 UTC,0,2017-11-08,8,Wed
92544,12,1,19,205,2017-11-08 09:02:15 UTC,0,2017-11-08,9,Wed
105603,2,1,19,205,2017-11-08 09:04:18 UTC,0,2017-11-08,9,Wed
108341,2,1,13,205,2017-11-08 09:04:21 UTC,0,2017-11-08,9,Wed
18446,2,1,10,205,2017-11-08 09:06:13 UTC,0,2017-11-08,9,Wed
4324,2,1,19,205,2017-11-08 09:16:22 UTC,0,2017-11-08,9,Wed
177760,12,1,12,205,2017-11-08 09:30:18 UTC,0,2017-11-08,9,Wed
165017,3,1,13,205,2017-11-08 09:51:56 UTC,0,2017-11-08,9,Wed
124936,12,1,13,205,2017-11-08 10:11:02 UTC,0,2017-11-08,10,Wed
178851,2,1,15,205,2017-11-08 10:31:28 UTC,0,2017-11-08,10,Wed
178873,2,1,15,205,2017-11-08 11:37:19 UTC,0,2017-11-08,11,Wed
105485,2,1,19,205,2017-11-08 12:00:21 UTC,0,2017-11-08,12,Wed
44615,2,1,9,205,2017-11-08 12:14:17 UTC,0,2017-11-08,12,Wed
7813,3,1,19,205,2017-11-08 12:20:30 UTC,0,2017-11-08,12,Wed
41265,3,1,18,205,2017-11-08 12:27:06 UTC,0,2017-11-08,12,Wed
240210,2,1,10,205,2017-11-08 12:59:03 UTC,0,2017-11-08,12,Wed
114878,2,2,49,205,2017-11-08 13:02:30 UTC,0,2017-11-08,13,Wed
75007,3,1,19,205,2017-11-08 13:25:14 UTC,0,2017-11-08,13,Wed
167667,3,1,19,205,2017-11-08 13:36:49 UTC,0,2017-11-08,13,Wed
105649,2,2,8,205,2017-11-08 13:47:23 UTC,0,2017-11-08,13,Wed
105433,2,1,31,205,2017-11-08 13:58:13 UTC,0,2017-11-08,13,Wed
12479,2,1,18,205,2017-11-08 14:07:25 UTC,0,2017-11-08,14,Wed
105603,2,1,16,205,2017-11-08 14:08:24 UTC,0,2017-11-08,14,Wed
25818,2,1,20,205,2017-11-08 14:14:38 UTC,0,2017-11-08,14,Wed
144757,3,1,22,205,2017-11-08 14:52:58 UTC,0,2017-11-08,14,Wed
73278,12,1,53,205,2017-11-08 14:56:57 UTC,0,2017-11-08,14,Wed
77048,2,1,13,205,2017-11-08 15:05:53 UTC,0,2017-11-08,15,Wed
75355,2,1,17,205,2017-11-08 15:10:36 UTC,0,2017-11-08,15,Wed
25737,2,1,13,205,2017-11-08 15:18:48 UTC,0,2017-11-08,15,Wed
91536,2,2,6,205,2017-11-08 15:21:56 UTC,0,2017-11-08,15,Wed
79909,12,1,8,205,2017-11-08 15:36:23 UTC,0,2017-11-08,15,Wed
60271,2,1,53,205,2017-11-08 15:43:24 UTC,0,2017-11-08,15,Wed
91574,2,2,9,205,2017-11-08 15:45:40 UTC,0,2017-11-08,15,Wed
45416,2,2,13,205,2017-11-08 15:47:08 UTC,0,2017-11-08,15,Wed
36183,2,2,9,205,2017-11-08 16:31:24 UTC,0,2017-11-08,16,Wed
59118,2,1,13,205,2017-11-08 16:56:37 UTC,0,2017-11-08,16,Wed
105323,2,1,19,205,2017-11-08 17:01:43 UTC,0,2017-11-08,17,Wed
58960,3,1,18,205,2017-11-08 17:25:00 UTC,0,2017-11-08,17,Wed
119289,3,1,19,205,2017-11-08 19:04:23 UTC,0,2017-11-08,19,Wed
73671,2,1,37,205,2017-11-08 19:36:53 UTC,0,2017-11-08,19,Wed
31542,12,1,18,205,2017-11-08 20:32:27 UTC,0,2017-11-08,20,Wed
45386,2,1,13,205,2017-11-08 21:23:15 UTC,0,2017-11-08,21,Wed
51745,12,1,17,205,2017-11-08 21:50:05 UTC,0,2017-11-08,21,Wed
14645,2,1,10,205,2017-11-08 22:09:41 UTC,0,2017-11-08,22,Wed
53960,2,1,43,205,2017-11-08 23:01:59 UTC,0,2017-11-08,23,Wed
310375,3,1,13,205,2017-11-08 23:32:54 UTC,0,2017-11-08,23,Wed
3994,12,1,13,205,2017-11-08 23:33:44 UTC,0,2017-11-08,23,Wed
17477,3,1,28,205,2017-11-08 23:54:17 UTC,0,2017-11-08,23,Wed
122880,3,1,13,205,2017-11-09 01:08:35 UTC,0,2017-11-09,1,Thu
25588,2,1,19,205,2017-11-09 01:10:46 UTC,0,2017-11-09,1,Thu
61623,3,1,17,205,2017-11-09 01:26:57 UTC,0,2017-11-09,1,Thu
60348,2,1,19,205,2017-11-09 01:39:54 UTC,0,2017-11-09,1,Thu
24404,2,2,49,205,2017-11-09 02:00:05 UTC,0,2017-11-09,2,Thu
45299,2,2,37,205,2017-11-09 02:16:56 UTC,0,2017-11-09,2,Thu
91574,2,1,19,205,2017-11-09 02:28:56 UTC,0,2017-11-09,2,Thu
89757,2,1,19,205,2017-11-09 03:14:29 UTC,0,2017-11-09,3,Thu
78901,12,1,13,205,2017-11-09 03:39:10 UTC,0,2017-11-09,3,Thu
119885,3,1,14,205,2017-11-09 03:41:46 UTC,0,2017-11-09,3,Thu
79902,3,1,19,205,2017-11-09 04:00:57 UTC,0,2017-11-09,4,Thu
12479,2,1,19,205,2017-11-09 04:06:50 UTC,0,2017-11-09,4,Thu
219838,3,1,13,205,2017-11-09 04:27:36 UTC,0,2017-11-09,4,Thu
54524,2,2,53,205,2017-11-09 04:28:25 UTC,0,2017-11-09,4,Thu
101250,2,1,13,205,2017-11-09 04:28:49 UTC,0,2017-11-09,4,Thu
36213,2,1,37,205,2017-11-09 04:30:18 UTC,0,2017-11-09,4,Thu
43881,3,1,19,205,2017-11-09 04:31:31 UTC,0,2017-11-09,4,Thu
60191,2,1,19,205,2017-11-09 04:37:12 UTC,0,2017-11-09,4,Thu
60314,2,1,22,205,2017-11-09 04:55:27 UTC,0,2017-11-09,4,Thu
46077,3,1,13,205,2017-11-09 05:08:39 UTC,0,2017-11-09,5,Thu
79095,2,1,19,205,2017-11-09 05:20:37 UTC,0,2017-11-09,5,Thu
224991,3,1,19,205,2017-11-09 05:28:51 UTC,0,2017-11-09,5,Thu
5348,12,1,3,205,2017-11-09 05:29:22 UTC,0,2017-11-09,5,Thu
105414,12,1,13,205,2017-11-09 05:31:35 UTC,0,2017-11-09,5,Thu
25588,2,1,25,205,2017-11-09 05:38:11 UTC,0,2017-11-09,5,Thu
211177,3,1,13,205,2017-11-09 06:06:31 UTC,0,2017-11-09,6,Thu
79066,2,2,9,205,2017-11-09 06:14:19 UTC,0,2017-11-09,6,Thu
93230,2,1,13,205,2017-11-09 06:31:29 UTC,0,2017-11-09,6,Thu
85631,3,1,18,205,2017-11-09 07:53:06 UTC,0,2017-11-09,7,Thu
90485,12,1,19,205,2017-11-09 08:03:31 UTC,0,2017-11-09,8,Thu
39756,2,2,19,205,2017-11-09 08:13:53 UTC,0,2017-11-09,8,Thu
105649,2,1,19,205,2017-11-09 08:21:32 UTC,0,2017-11-09,8,Thu
145008,3,1,35,205,2017-11-09 08:46:40 UTC,0,2017-11-09,8,Thu
340563,3,1,13,205,2017-11-09 08:58:38 UTC,0,2017-11-09,8,Thu
322041,3,1,9,205,2017-11-09 09:03:08 UTC,0,2017-11-09,9,Thu
93263,2,2,65,205,2017-11-09 09:23:16 UTC,0,2017-11-09,9,Thu
68371,12,1,13,205,2017-11-09 11:05:34 UTC,0,2017-11-09,11,Thu
105603,2,1,18,205,2017-11-09 11:17:47 UTC,0,2017-11-09,11,Thu
36213,2,2,12,205,2017-11-09 11:27:46 UTC,0,2017-11-09,11,Thu
81463,12,1,14,205,2017-11-09 11:46:57 UTC,0,2017-11-09,11,Thu
280918,2,2,49,205,2017-11-09 11:53:31 UTC,0,2017-11-09,11,Thu
193346,3,1,13,205,2017-11-09 12:37:45 UTC,0,2017-11-09,12,Thu
105456,2,1,26,205,2017-11-09 12:47:41 UTC,0,2017-11-09,12,Thu
79049,2,1,15,205,2017-11-09 12:49:48 UTC,0,2017-11-09,12,Thu
35188,3,1,13,205,2017-11-09 12:52:29 UTC,0,2017-11-09,12,Thu
105433,2,2,32,205,2017-11-09 12:59:15 UTC,0,2017-11-09,12,Thu
99150,12,1,3,205,2017-11-09 13:13:59 UTC,0,2017-11-09,13,Thu
44663,2,1,13,205,2017-11-09 14:00:20 UTC,0,2017-11-09,14,Thu
36150,2,1,15,205,2017-11-09 14:02:35 UTC,0,2017-11-09,14,Thu
43881,2,1,44,205,2017-11-09 14:04:53 UTC,0,2017-11-09,14,Thu
42117,3,1,13,205,2017-11-09 14:05:25 UTC,0,2017-11-09,14,Thu
112302,3,1,19,205,2017-11-09 14:08:27 UTC,0,2017-11-09,14,Thu
25679,2,1,19,205,2017-11-09 14:09:13 UTC,0,2017-11-09,14,Thu
101074,2,1,19,205,2017-11-09 14:12:33 UTC,0,2017-11-09,14,Thu
153624,3,1,13,205,2017-11-09 14:35:34 UTC,0,2017-11-09,14,Thu
20905,12,1,14,205,2017-11-09 14:41:00 UTC,0,2017-11-09,14,Thu
114904,2,1,18,205,2017-11-09 14:55:42 UTC,0,2017-11-09,14,Thu
44926,12,1,16,205,2017-11-09 14:56:53 UTC,0,2017-11-09,14,Thu
39782,2,2,25,205,2017-11-09 15:30:58 UTC,0,2017-11-09,15,Thu
39834,2,2,19,205,2017-11-09 15:40:42 UTC,0,2017-11-09,15,Thu
14516,2,1,14,205,2017-11-09 15:41:09 UTC,0,2017-11-09,15,Thu
36213,2,2,9,205,2017-11-09 15:58:07 UTC,0,2017-11-09,15,Thu
123681,14,1,13,208,2017-11-07 00:33:32 UTC,0,2017-11-07,0,Tue
175442,14,1,19,208,2017-11-07 00:51:31 UTC,0,2017-11-07,0,Tue
32434,14,1,13,208,2017-11-07 01:46:45 UTC,0,2017-11-07,1,Tue
105292,14,1,19,208,2017-11-08 00:49:06 UTC,0,2017-11-08,0,Wed
12524,14,1,17,208,2017-11-08 01:06:20 UTC,0,2017-11-08,1,Wed
324,14,1,13,208,2017-11-08 01:16:51 UTC,0,2017-11-08,1,Wed
5314,19,0,21,210,2017-11-07 16:58:07 UTC,0,2017-11-07,16,Tue
80058,29,1,27,210,2017-11-09 10:37:00 UTC,0,2017-11-09,10,Thu
12874,19,0,0,210,2017-11-09 15:06:17 UTC,0,2017-11-09,15,Thu
103411,3,1,27,211,2017-11-06 17:49:26 UTC,0,2017-11-06,17,Mon
15474,3,1,19,211,2017-11-06 20:47:47 UTC,0,2017-11-06,20,Mon
30564,3,2,97,211,2017-11-06 22:51:45 UTC,0,2017-11-06,22,Mon
117033,3,1,22,211,2017-11-07 01:28:18 UTC,0,2017-11-07,1,Tue
108942,3,1,37,211,2017-11-07 02:49:03 UTC,0,2017-11-07,2,Tue
183147,3,1,18,211,2017-11-07 11:11:23 UTC,0,2017-11-07,11,Tue
114314,3,1,1,211,2017-11-08 02:53:40 UTC,0,2017-11-08,2,Wed
233814,3,1,17,211,2017-11-08 05:01:10 UTC,0,2017-11-08,5,Wed
42139,3,2,13,211,2017-11-08 05:58:09 UTC,0,2017-11-08,5,Wed
30077,3,2,49,211,2017-11-08 06:36:05 UTC,0,2017-11-08,6,Wed
125260,3,1,13,211,2017-11-08 07:44:48 UTC,0,2017-11-08,7,Wed
85085,3,1,19,211,2017-11-08 07:57:42 UTC,0,2017-11-08,7,Wed
80357,3,1,19,211,2017-11-08 08:04:15 UTC,0,2017-11-08,8,Wed
85256,3,1,13,211,2017-11-08 08:06:08 UTC,0,2017-11-08,8,Wed
55364,3,1,19,211,2017-11-08 08:48:04 UTC,0,2017-11-08,8,Wed
98045,3,1,32,211,2017-11-08 08:50:39 UTC,0,2017-11-08,8,Wed
67530,3,1,49,211,2017-11-08 10:24:05 UTC,0,2017-11-08,10,Wed
5954,3,1,30,211,2017-11-08 11:50:09 UTC,0,2017-11-08,11,Wed
120533,3,1,14,211,2017-11-08 12:08:41 UTC,0,2017-11-08,12,Wed
97536,3,1,23,211,2017-11-08 12:38:31 UTC,0,2017-11-08,12,Wed
276450,3,1,41,211,2017-11-08 13:21:23 UTC,0,2017-11-08,13,Wed
43827,3,1,1,211,2017-11-08 13:29:12 UTC,0,2017-11-08,13,Wed
12506,3,2,13,211,2017-11-08 14:24:02 UTC,0,2017-11-08,14,Wed
82943,3,1,19,211,2017-11-08 15:26:35 UTC,0,2017-11-08,15,Wed
201182,3,1,13,211,2017-11-08 15:39:13 UTC,0,2017-11-08,15,Wed
81287,3,1,19,211,2017-11-08 16:08:52 UTC,0,2017-11-08,16,Wed
297731,3,1,39,211,2017-11-08 16:09:49 UTC,0,2017-11-08,16,Wed
2941,3,1,13,211,2017-11-08 16:10:51 UTC,0,2017-11-08,16,Wed
66356,3,1,13,211,2017-11-08 16:32:00 UTC,0,2017-11-08,16,Wed
106598,3,1,37,211,2017-11-08 16:32:42 UTC,0,2017-11-08,16,Wed
118844,3,1,13,211,2017-11-08 16:50:20 UTC,0,2017-11-08,16,Wed
93003,3,1,41,211,2017-11-08 17:08:10 UTC,0,2017-11-08,17,Wed
55142,3,1,23,211,2017-11-08 17:35:29 UTC,0,2017-11-08,17,Wed
1074,3,1,11,211,2017-11-08 22:33:22 UTC,0,2017-11-08,22,Wed
129243,3,1,37,211,2017-11-08 23:16:28 UTC,0,2017-11-08,23,Wed
50657,3,1,8,211,2017-11-08 23:38:02 UTC,0,2017-11-08,23,Wed
38265,3,1,13,211,2017-11-08 23:39:31 UTC,0,2017-11-08,23,Wed
118475,3,1,19,211,2017-11-09 00:16:27 UTC,0,2017-11-09,0,Thu
288578,3,1,55,211,2017-11-09 01:57:42 UTC,0,2017-11-09,1,Thu
112088,3,1,7,211,2017-11-09 05:38:54 UTC,0,2017-11-09,5,Thu
48490,3,1,13,211,2017-11-09 05:44:24 UTC,0,2017-11-09,5,Thu
30564,3,1,23,211,2017-11-09 07:30:28 UTC,0,2017-11-09,7,Thu
31403,3,1,8,211,2017-11-09 08:20:44 UTC,0,2017-11-09,8,Thu
202200,3,1,39,211,2017-11-09 09:09:59 UTC,0,2017-11-09,9,Thu
97773,3,1,22,211,2017-11-09 10:02:35 UTC,0,2017-11-09,10,Thu
350870,3,1,13,211,2017-11-09 11:54:51 UTC,0,2017-11-09,11,Thu
50169,3,2,3,211,2017-11-09 12:36:50 UTC,0,2017-11-09,12,Thu
172738,3,1,18,211,2017-11-09 12:42:05 UTC,0,2017-11-09,12,Thu
100401,3,1,17,211,2017-11-09 15:17:18 UTC,0,2017-11-09,15,Thu
4019,3,1,17,211,2017-11-09 15:49:19 UTC,0,2017-11-09,15,Thu
1659,2,1,13,212,2017-11-06 18:39:21 UTC,0,2017-11-06,18,Mon
54868,2,1,19,212,2017-11-06 19:08:21 UTC,0,2017-11-06,19,Mon
158713,2,1,18,212,2017-11-06 20:24:51 UTC,0,2017-11-06,20,Mon
13669,2,1,13,212,2017-11-06 23:05:54 UTC,0,2017-11-06,23,Mon
166784,2,1,19,212,2017-11-07 04:01:33 UTC,0,2017-11-07,4,Tue
180298,2,1,25,212,2017-11-07 04:17:08 UTC,0,2017-11-07,4,Tue
62315,12,1,13,212,2017-11-07 04:50:45 UTC,0,2017-11-07,4,Tue
88541,12,1,47,212,2017-11-07 05:41:26 UTC,0,2017-11-07,5,Tue
86947,2,1,20,212,2017-11-07 06:07:01 UTC,0,2017-11-07,6,Tue
93027,2,1,22,212,2017-11-07 07:56:54 UTC,0,2017-11-07,7,Tue
139451,2,1,19,212,2017-11-07 09:41:09 UTC,0,2017-11-07,9,Tue
73487,2,1,17,212,2017-11-07 09:46:08 UTC,0,2017-11-07,9,Tue
72900,2,1,19,212,2017-11-07 12:17:44 UTC,0,2017-11-07,12,Tue
52554,2,1,6,212,2017-11-07 12:28:40 UTC,0,2017-11-07,12,Tue
79352,2,1,18,212,2017-11-07 12:41:52 UTC,0,2017-11-07,12,Tue
120662,2,1,32,212,2017-11-07 13:57:10 UTC,0,2017-11-07,13,Tue
86767,2,1,10,212,2017-11-07 14:19:16 UTC,0,2017-11-07,14,Tue
42297,2,1,17,212,2017-11-07 14:24:12 UTC,0,2017-11-07,14,Tue
5348,2,1,53,212,2017-11-07 15:22:35 UTC,0,2017-11-07,15,Tue
83481,2,1,13,212,2017-11-07 15:51:23 UTC,0,2017-11-07,15,Tue
17610,2,1,19,212,2017-11-07 16:29:05 UTC,0,2017-11-07,16,Tue
200612,2,1,18,212,2017-11-07 21:12:53 UTC,0,2017-11-07,21,Tue
109693,2,1,53,212,2017-11-08 00:31:26 UTC,0,2017-11-08,0,Wed
3262,2,1,13,212,2017-11-08 00:32:01 UTC,0,2017-11-08,0,Wed
100212,12,1,13,212,2017-11-08 00:42:53 UTC,0,2017-11-08,0,Wed
64435,2,1,20,212,2017-11-08 03:35:41 UTC,0,2017-11-08,3,Wed
120496,12,1,22,212,2017-11-08 04:09:24 UTC,0,2017-11-08,4,Wed
223956,2,1,13,212,2017-11-08 05:36:57 UTC,0,2017-11-08,5,Wed
247171,2,1,19,212,2017-11-08 06:18:30 UTC,0,2017-11-08,6,Wed
7057,2,1,10,212,2017-11-08 06:42:07 UTC,0,2017-11-08,6,Wed
195974,12,1,19,212,2017-11-08 07:25:03 UTC,0,2017-11-08,7,Wed
102581,2,1,13,212,2017-11-08 08:33:10 UTC,0,2017-11-08,8,Wed
261898,12,1,19,212,2017-11-08 08:57:38 UTC,0,2017-11-08,8,Wed
85603,12,1,8,212,2017-11-08 09:12:05 UTC,0,2017-11-08,9,Wed
81689,2,1,22,212,2017-11-08 09:35:04 UTC,0,2017-11-08,9,Wed
28379,2,1,9,212,2017-11-08 12:41:45 UTC,0,2017-11-08,12,Wed
38633,2,1,13,212,2017-11-08 12:50:24 UTC,0,2017-11-08,12,Wed
164157,12,1,15,212,2017-11-08 12:57:20 UTC,0,2017-11-08,12,Wed
107263,2,1,53,212,2017-11-08 13:15:21 UTC,0,2017-11-08,13,Wed
75634,2,1,19,212,2017-11-08 13:25:17 UTC,0,2017-11-08,13,Wed
59882,2,1,8,212,2017-11-08 14:26:10 UTC,0,2017-11-08,14,Wed
28176,2,1,37,212,2017-11-08 14:41:48 UTC,0,2017-11-08,14,Wed
68988,2,1,13,212,2017-11-08 14:52:47 UTC,0,2017-11-08,14,Wed
70253,2,1,19,212,2017-11-08 15:06:44 UTC,0,2017-11-08,15,Wed
9886,2,1,13,212,2017-11-08 15:12:58 UTC,0,2017-11-08,15,Wed
149726,2,1,25,212,2017-11-08 15:15:09 UTC,0,2017-11-08,15,Wed
141925,2,1,15,212,2017-11-08 15:56:45 UTC,0,2017-11-08,15,Wed
39209,2,1,13,212,2017-11-08 17:26:54 UTC,0,2017-11-08,17,Wed
89038,2,1,13,212,2017-11-08 17:33:36 UTC,0,2017-11-08,17,Wed
9876,2,1,18,212,2017-11-08 20:05:46 UTC,0,2017-11-08,20,Wed
333710,2,1,27,212,2017-11-08 20:41:12 UTC,0,2017-11-08,20,Wed
67450,2,1,13,212,2017-11-08 22:53:42 UTC,0,2017-11-08,22,Wed
90904,2,1,19,212,2017-11-09 00:07:03 UTC,0,2017-11-09,0,Thu
52024,2,1,19,212,2017-11-09 01:48:26 UTC,0,2017-11-09,1,Thu
51571,2,1,19,212,2017-11-09 03:28:06 UTC,0,2017-11-09,3,Thu
68491,2,1,16,212,2017-11-09 03:29:16 UTC,0,2017-11-09,3,Thu
84587,2,1,13,212,2017-11-09 03:36:08 UTC,0,2017-11-09,3,Thu
170616,2,1,18,212,2017-11-09 04:42:21 UTC,0,2017-11-09,4,Thu
204671,12,1,19,212,2017-11-09 06:18:24 UTC,0,2017-11-09,6,Thu
49649,2,1,26,212,2017-11-09 09:18:50 UTC,0,2017-11-09,9,Thu
115093,2,1,8,212,2017-11-09 09:40:10 UTC,0,2017-11-09,9,Thu
5314,2,1,13,212,2017-11-09 10:13:00 UTC,0,2017-11-09,10,Thu
68371,2,1,13,212,2017-11-09 11:16:05 UTC,0,2017-11-09,11,Thu
306019,2,1,17,212,2017-11-09 12:26:08 UTC,0,2017-11-09,12,Thu
91166,12,1,36,212,2017-11-09 12:54:13 UTC,0,2017-11-09,12,Thu
24157,2,1,19,212,2017-11-09 13:16:34 UTC,0,2017-11-09,13,Thu
17552,2,1,8,212,2017-11-09 14:44:56 UTC,0,2017-11-09,14,Thu
61132,19,0,0,213,2017-11-06 16:43:37 UTC,1,2017-11-06,16,Mon
161649,19,0,29,213,2017-11-06 22:00:10 UTC,1,2017-11-06,22,Mon
78124,19,0,29,213,2017-11-07 04:05:27 UTC,0,2017-11-07,4,Tue
71475,19,114,0,213,2017-11-07 04:39:50 UTC,0,2017-11-07,4,Tue
162427,19,114,0,213,2017-11-07 06:41:55 UTC,0,2017-11-07,6,Tue
112295,19,0,24,213,2017-11-07 08:09:42 UTC,1,2017-11-07,8,Tue
27948,29,1,13,213,2017-11-07 09:35:43 UTC,1,2017-11-07,9,Tue
67621,19,18,0,213,2017-11-07 09:39:51 UTC,0,2017-11-07,9,Tue
193551,19,0,24,213,2017-11-07 11:02:17 UTC,1,2017-11-07,11,Tue
163744,19,0,24,213,2017-11-07 11:10:43 UTC,0,2017-11-07,11,Tue
121656,19,0,21,213,2017-11-07 14:43:11 UTC,0,2017-11-07,14,Tue
109540,19,0,24,213,2017-11-07 15:05:51 UTC,0,2017-11-07,15,Tue
134074,19,0,0,213,2017-11-07 15:33:23 UTC,0,2017-11-07,15,Tue
37253,19,0,21,213,2017-11-07 19:33:43 UTC,0,2017-11-07,19,Tue
45522,19,0,0,213,2017-11-08 00:15:22 UTC,0,2017-11-08,0,Wed
14301,29,1,19,213,2017-11-08 01:15:38 UTC,0,2017-11-08,1,Wed
34520,19,0,76,213,2017-11-08 02:59:36 UTC,0,2017-11-08,2,Wed
121979,19,0,21,213,2017-11-08 06:47:13 UTC,0,2017-11-08,6,Wed
232636,29,1,13,213,2017-11-08 08:48:20 UTC,0,2017-11-08,8,Wed
24951,19,37,24,213,2017-11-08 09:36:24 UTC,0,2017-11-08,9,Wed
8356,19,0,50,213,2017-11-08 09:51:10 UTC,0,2017-11-08,9,Wed
2770,19,0,0,213,2017-11-08 10:00:53 UTC,0,2017-11-08,10,Wed
218415,19,0,0,213,2017-11-08 10:59:35 UTC,1,2017-11-08,10,Wed
105560,19,0,24,213,2017-11-08 13:18:00 UTC,0,2017-11-08,13,Wed
78910,19,0,24,213,2017-11-08 13:41:07 UTC,0,2017-11-08,13,Wed
220834,19,0,24,213,2017-11-08 15:05:53 UTC,0,2017-11-08,15,Wed
269985,19,40,24,213,2017-11-08 15:17:04 UTC,0,2017-11-08,15,Wed
91611,19,0,0,213,2017-11-08 15:52:12 UTC,0,2017-11-08,15,Wed
119303,19,0,38,213,2017-11-08 16:05:46 UTC,0,2017-11-08,16,Wed
66520,19,3371,24,213,2017-11-08 21:37:57 UTC,0,2017-11-08,21,Wed
345694,19,281,76,213,2017-11-08 21:52:44 UTC,0,2017-11-08,21,Wed
146210,19,0,24,213,2017-11-08 22:58:10 UTC,0,2017-11-08,22,Wed
17149,50,0,24,213,2017-11-09 00:59:54 UTC,1,2017-11-09,0,Thu
114802,19,0,29,213,2017-11-09 04:07:47 UTC,0,2017-11-09,4,Thu
17149,19,0,24,213,2017-11-09 04:08:29 UTC,0,2017-11-09,4,Thu
353225,1,1,15,213,2017-11-09 05:01:51 UTC,0,2017-11-09,5,Thu
221639,19,0,50,213,2017-11-09 05:59:51 UTC,0,2017-11-09,5,Thu
296258,29,1,19,213,2017-11-09 06:27:06 UTC,1,2017-11-09,6,Thu
15899,45,1,17,213,2017-11-09 08:06:35 UTC,0,2017-11-09,8,Thu
48296,19,0,0,213,2017-11-09 08:29:55 UTC,0,2017-11-09,8,Thu
66240,19,0,24,213,2017-11-09 08:33:04 UTC,0,2017-11-09,8,Thu
90655,50,0,21,213,2017-11-09 08:52:32 UTC,0,2017-11-09,8,Thu
44595,29,1,18,213,2017-11-09 09:08:55 UTC,0,2017-11-09,9,Thu
62803,19,0,29,213,2017-11-09 09:17:39 UTC,0,2017-11-09,9,Thu
35300,19,0,0,213,2017-11-09 09:26:14 UTC,0,2017-11-09,9,Thu
79787,19,0,29,213,2017-11-09 11:48:30 UTC,0,2017-11-09,11,Thu
99150,29,1,6,213,2017-11-09 12:51:28 UTC,0,2017-11-09,12,Thu
14895,19,0,21,213,2017-11-09 13:56:36 UTC,0,2017-11-09,13,Thu
338551,19,0,24,213,2017-11-09 14:48:33 UTC,0,2017-11-09,14,Thu
16188,19,0,21,213,2017-11-09 15:04:12 UTC,1,2017-11-09,15,Thu
25553,9,1,22,215,2017-11-06 16:02:34 UTC,0,2017-11-06,16,Mon
178416,9,1,23,215,2017-11-06 16:03:12 UTC,0,2017-11-06,16,Mon
39421,9,1,17,215,2017-11-06 16:08:41 UTC,0,2017-11-06,16,Mon
19235,9,1,19,215,2017-11-06 16:18:16 UTC,0,2017-11-06,16,Mon
8610,9,1,37,215,2017-11-06 16:56:00 UTC,0,2017-11-06,16,Mon
6713,9,1,13,215,2017-11-06 17:51:41 UTC,0,2017-11-06,17,Mon
82754,9,1,23,215,2017-11-06 21:08:59 UTC,0,2017-11-06,21,Mon
149367,9,1,12,215,2017-11-06 22:44:20 UTC,0,2017-11-06,22,Mon
150786,9,1,17,215,2017-11-06 23:42:19 UTC,0,2017-11-06,23,Mon
50512,9,2,9,215,2017-11-07 00:01:57 UTC,0,2017-11-07,0,Tue
4919,9,1,19,215,2017-11-07 00:10:18 UTC,0,2017-11-07,0,Tue
78526,9,1,28,215,2017-11-07 00:12:56 UTC,0,2017-11-07,0,Tue
47168,9,1,17,215,2017-11-07 00:25:13 UTC,0,2017-11-07,0,Tue
101919,9,1,22,215,2017-11-07 00:39:31 UTC,0,2017-11-07,0,Tue
40440,9,1,19,215,2017-11-07 00:48:27 UTC,0,2017-11-07,0,Tue
66015,9,1,13,215,2017-11-07 01:04:58 UTC,0,2017-11-07,1,Tue
193073,9,1,36,215,2017-11-07 01:34:13 UTC,0,2017-11-07,1,Tue
13886,9,1,3,215,2017-11-07 01:51:11 UTC,0,2017-11-07,1,Tue
85964,9,1,35,215,2017-11-07 02:19:38 UTC,0,2017-11-07,2,Tue
125608,9,1,8,215,2017-11-07 02:34:10 UTC,0,2017-11-07,2,Tue
196678,9,1,19,215,2017-11-07 02:35:19 UTC,0,2017-11-07,2,Tue
15866,9,1,6,215,2017-11-07 03:04:15 UTC,0,2017-11-07,3,Tue
100895,9,1,19,215,2017-11-07 03:10:44 UTC,0,2017-11-07,3,Tue
111025,9,1,25,215,2017-11-07 05:19:15 UTC,0,2017-11-07,5,Tue
183696,9,1,10,215,2017-11-07 05:33:06 UTC,0,2017-11-07,5,Tue
55663,9,1,1,215,2017-11-07 06:08:27 UTC,0,2017-11-07,6,Tue
18580,9,1,17,215,2017-11-07 07:00:30 UTC,0,2017-11-07,7,Tue
20425,9,1,19,215,2017-11-07 07:56:43 UTC,1,2017-11-07,7,Tue
5729,9,1,35,215,2017-11-07 09:08:23 UTC,0,2017-11-07,9,Tue
53964,9,1,13,215,2017-11-07 09:19:30 UTC,0,2017-11-07,9,Tue
23776,9,1,22,215,2017-11-07 09:47:30 UTC,0,2017-11-07,9,Tue
5418,9,1,3,215,2017-11-07 10:46:40 UTC,0,2017-11-07,10,Tue
201182,9,2,13,215,2017-11-07 11:16:10 UTC,0,2017-11-07,11,Tue
50033,9,1,9,215,2017-11-07 11:59:55 UTC,0,2017-11-07,11,Tue
79332,9,1,25,215,2017-11-07 12:05:47 UTC,0,2017-11-07,12,Tue
53479,9,2,18,215,2017-11-07 12:58:33 UTC,0,2017-11-07,12,Tue
108858,9,1,19,215,2017-11-07 13:25:26 UTC,0,2017-11-07,13,Tue
119558,9,1,19,215,2017-11-07 13:42:16 UTC,0,2017-11-07,13,Tue
76022,9,1,37,215,2017-11-07 13:45:13 UTC,0,2017-11-07,13,Tue
26995,9,2,77,215,2017-11-07 14:24:00 UTC,0,2017-11-07,14,Tue
27388,9,1,19,215,2017-11-07 14:44:15 UTC,0,2017-11-07,14,Tue
1881,9,1,13,215,2017-11-07 14:54:04 UTC,0,2017-11-07,14,Tue
89083,9,1,12,215,2017-11-07 16:01:31 UTC,0,2017-11-07,16,Tue
37233,9,1,17,215,2017-11-07 16:02:08 UTC,0,2017-11-07,16,Tue
52424,9,1,22,215,2017-11-07 16:39:47 UTC,0,2017-11-07,16,Tue
61168,9,1,31,215,2017-11-07 16:57:59 UTC,0,2017-11-07,16,Tue
83257,9,1,25,215,2017-11-08 00:16:19 UTC,0,2017-11-08,0,Wed
36613,9,1,19,215,2017-11-08 02:17:26 UTC,0,2017-11-08,2,Wed
18082,9,1,13,215,2017-11-08 02:17:48 UTC,0,2017-11-08,2,Wed
120385,9,1,9,215,2017-11-08 03:18:37 UTC,0,2017-11-08,3,Wed
99836,9,1,19,215,2017-11-08 03:25:39 UTC,0,2017-11-08,3,Wed
107768,9,1,19,215,2017-11-08 05:24:52 UTC,0,2017-11-08,5,Wed
43250,9,1,14,215,2017-11-08 05:47:55 UTC,0,2017-11-08,5,Wed
52278,9,1,22,215,2017-11-08 05:59:14 UTC,0,2017-11-08,5,Wed
63624,9,1,13,215,2017-11-08 06:00:05 UTC,0,2017-11-08,6,Wed
96030,9,1,10,215,2017-11-08 06:22:34 UTC,0,2017-11-08,6,Wed
69017,9,1,13,215,2017-11-08 06:33:48 UTC,0,2017-11-08,6,Wed
249725,9,1,23,215,2017-11-08 07:26:28 UTC,0,2017-11-08,7,Wed
207144,9,1,13,215,2017-11-08 08:54:43 UTC,0,2017-11-08,8,Wed
256779,9,1,8,215,2017-11-08 09:39:35 UTC,0,2017-11-08,9,Wed
98321,9,1,13,215,2017-11-08 12:40:41 UTC,0,2017-11-08,12,Wed
19248,9,2,9,215,2017-11-08 14:00:31 UTC,0,2017-11-08,14,Wed
48282,9,1,15,215,2017-11-08 14:27:27 UTC,0,2017-11-08,14,Wed
107155,9,1,12,215,2017-11-08 15:12:59 UTC,0,2017-11-08,15,Wed
95585,9,1,13,215,2017-11-08 15:25:02 UTC,0,2017-11-08,15,Wed
17551,9,1,19,215,2017-11-08 15:43:35 UTC,0,2017-11-08,15,Wed
119125,9,1,25,215,2017-11-08 15:43:37 UTC,0,2017-11-08,15,Wed
32539,9,1,19,215,2017-11-08 15:51:08 UTC,0,2017-11-08,15,Wed
275692,9,2,9,215,2017-11-08 23:58:15 UTC,0,2017-11-08,23,Wed
176165,9,1,19,215,2017-11-09 01:41:43 UTC,0,2017-11-09,1,Thu
295474,9,1,13,215,2017-11-09 03:27:25 UTC,0,2017-11-09,3,Thu
118525,9,1,13,215,2017-11-09 04:01:20 UTC,0,2017-11-09,4,Thu
99862,9,1,9,215,2017-11-09 04:11:47 UTC,0,2017-11-09,4,Thu
100186,9,1,34,215,2017-11-09 04:12:38 UTC,0,2017-11-09,4,Thu
6123,9,1,19,215,2017-11-09 04:36:52 UTC,0,2017-11-09,4,Thu
96224,9,1,19,215,2017-11-09 05:01:08 UTC,0,2017-11-09,5,Thu
64555,9,1,19,215,2017-11-09 05:05:05 UTC,0,2017-11-09,5,Thu
21633,9,2,9,215,2017-11-09 05:09:33 UTC,0,2017-11-09,5,Thu
71575,9,1,13,215,2017-11-09 07:12:13 UTC,0,2017-11-09,7,Thu
57060,9,2,37,215,2017-11-09 07:33:23 UTC,0,2017-11-09,7,Thu
351685,9,1,18,215,2017-11-09 08:05:31 UTC,0,2017-11-09,8,Thu
73487,9,1,19,215,2017-11-09 08:54:42 UTC,0,2017-11-09,8,Thu
72164,9,1,16,215,2017-11-09 09:50:06 UTC,0,2017-11-09,9,Thu
60384,9,1,22,215,2017-11-09 10:30:05 UTC,0,2017-11-09,10,Thu
121269,9,1,3,215,2017-11-09 11:00:44 UTC,0,2017-11-09,11,Thu
8109,9,1,18,215,2017-11-09 12:26:53 UTC,0,2017-11-09,12,Thu
59391,9,1,22,215,2017-11-09 12:36:19 UTC,0,2017-11-09,12,Thu
64381,9,1,47,215,2017-11-09 14:09:34 UTC,0,2017-11-09,14,Thu
323175,9,2,19,215,2017-11-09 14:12:22 UTC,0,2017-11-09,14,Thu
37774,9,1,8,215,2017-11-09 14:41:47 UTC,0,2017-11-09,14,Thu
104437,9,1,19,215,2017-11-09 14:52:38 UTC,0,2017-11-09,14,Thu
63305,9,1,19,215,2017-11-09 15:03:03 UTC,0,2017-11-09,15,Thu
45655,9,1,19,215,2017-11-09 15:46:51 UTC,0,2017-11-09,15,Thu
90509,9,1,13,215,2017-11-09 15:56:32 UTC,0,2017-11-09,15,Thu
23733,2,1,32,219,2017-11-06 17:52:32 UTC,0,2017-11-06,17,Mon
99024,2,1,13,219,2017-11-06 20:05:36 UTC,0,2017-11-06,20,Mon
128864,2,1,10,219,2017-11-06 20:12:52 UTC,0,2017-11-06,20,Mon
104922,2,1,25,219,2017-11-06 23:24:09 UTC,0,2017-11-06,23,Mon
152307,2,1,15,219,2017-11-07 00:02:29 UTC,0,2017-11-07,0,Tue
200987,2,1,13,219,2017-11-07 00:19:55 UTC,0,2017-11-07,0,Tue
140993,2,1,19,219,2017-11-07 00:22:08 UTC,0,2017-11-07,0,Tue
113326,2,1,25,219,2017-11-07 01:31:38 UTC,0,2017-11-07,1,Tue
99226,11,1,19,219,2017-11-07 02:19:59 UTC,0,2017-11-07,2,Tue
152257,2,1,9,219,2017-11-07 02:28:54 UTC,0,2017-11-07,2,Tue
137933,2,1,19,219,2017-11-07 02:29:10 UTC,0,2017-11-07,2,Tue
64367,2,1,13,219,2017-11-07 02:33:38 UTC,0,2017-11-07,2,Tue
201182,2,1,12,219,2017-11-07 02:46:14 UTC,0,2017-11-07,2,Tue
211425,2,1,41,219,2017-11-07 02:58:40 UTC,0,2017-11-07,2,Tue
156753,2,1,19,219,2017-11-07 03:41:22 UTC,0,2017-11-07,3,Tue
22349,12,1,32,219,2017-11-07 03:42:58 UTC,0,2017-11-07,3,Tue
53836,2,1,11,219,2017-11-07 04:35:48 UTC,0,2017-11-07,4,Tue
159971,12,1,19,219,2017-11-07 05:05:59 UTC,0,2017-11-07,5,Tue
117414,12,1,19,219,2017-11-07 05:11:19 UTC,0,2017-11-07,5,Tue
58962,2,1,37,219,2017-11-07 05:36:17 UTC,0,2017-11-07,5,Tue
29252,2,1,18,219,2017-11-07 05:39:53 UTC,0,2017-11-07,5,Tue
87007,2,1,19,219,2017-11-07 06:19:30 UTC,0,2017-11-07,6,Tue
12062,2,1,19,219,2017-11-07 06:49:27 UTC,0,2017-11-07,6,Tue
88252,2,1,13,219,2017-11-07 07:04:03 UTC,0,2017-11-07,7,Tue
141432,2,1,19,219,2017-11-07 08:25:51 UTC,0,2017-11-07,8,Tue
40001,11,1,13,219,2017-11-07 09:21:35 UTC,0,2017-11-07,9,Tue
85644,2,1,37,219,2017-11-07 09:59:11 UTC,0,2017-11-07,9,Tue
148745,2,1,19,219,2017-11-07 10:15:00 UTC,0,2017-11-07,10,Tue
108260,2,1,15,219,2017-11-07 10:42:33 UTC,0,2017-11-07,10,Tue
58357,12,1,18,219,2017-11-07 10:48:51 UTC,0,2017-11-07,10,Tue
75177,11,1,17,219,2017-11-07 10:50:21 UTC,0,2017-11-07,10,Tue
5348,2,1,15,219,2017-11-07 11:12:53 UTC,0,2017-11-07,11,Tue
7991,11,1,19,219,2017-11-07 11:16:37 UTC,0,2017-11-07,11,Tue
100324,2,1,13,219,2017-11-07 11:43:43 UTC,0,2017-11-07,11,Tue
44229,2,1,22,219,2017-11-07 12:19:00 UTC,0,2017-11-07,12,Tue
32265,2,1,37,219,2017-11-07 14:32:15 UTC,0,2017-11-07,14,Tue
124520,2,1,13,219,2017-11-07 14:41:10 UTC,0,2017-11-07,14,Tue
66831,2,1,19,219,2017-11-07 14:59:36 UTC,0,2017-11-07,14,Tue
190731,2,1,10,219,2017-11-07 15:36:50 UTC,0,2017-11-07,15,Tue
48859,12,1,19,219,2017-11-07 15:56:28 UTC,0,2017-11-07,15,Tue
46701,2,1,20,219,2017-11-07 16:03:38 UTC,0,2017-11-07,16,Tue
108913,12,1,13,219,2017-11-07 17:00:01 UTC,0,2017-11-07,17,Tue
119930,2,1,19,219,2017-11-07 18:25:23 UTC,0,2017-11-07,18,Tue
728,2,1,22,219,2017-11-07 21:01:35 UTC,0,2017-11-07,21,Tue
220483,2,1,37,219,2017-11-07 23:59:13 UTC,0,2017-11-07,23,Tue
62413,2,1,22,219,2017-11-08 00:14:34 UTC,0,2017-11-08,0,Wed
66175,2,1,34,219,2017-11-08 00:38:00 UTC,0,2017-11-08,0,Wed
116836,2,1,19,219,2017-11-08 00:52:39 UTC,0,2017-11-08,0,Wed
44555,2,1,19,219,2017-11-08 01:48:07 UTC,0,2017-11-08,1,Wed
56625,2,1,35,219,2017-11-08 02:04:48 UTC,0,2017-11-08,2,Wed
27561,2,1,13,219,2017-11-08 02:33:30 UTC,0,2017-11-08,2,Wed
66478,2,1,8,219,2017-11-08 02:38:21 UTC,0,2017-11-08,2,Wed
73997,2,1,16,219,2017-11-08 02:39:13 UTC,0,2017-11-08,2,Wed
41112,2,1,13,219,2017-11-08 02:58:16 UTC,0,2017-11-08,2,Wed
232047,2,1,13,219,2017-11-08 05:29:52 UTC,0,2017-11-08,5,Wed
108803,2,1,13,219,2017-11-08 05:40:32 UTC,0,2017-11-08,5,Wed
59295,2,1,10,219,2017-11-08 06:33:13 UTC,0,2017-11-08,6,Wed
44377,2,1,19,219,2017-11-08 06:56:18 UTC,0,2017-11-08,6,Wed
26785,2,1,16,219,2017-11-08 07:31:28 UTC,0,2017-11-08,7,Wed
112496,2,1,22,219,2017-11-08 07:50:48 UTC,0,2017-11-08,7,Wed
21274,12,1,18,219,2017-11-08 08:02:58 UTC,0,2017-11-08,8,Wed
119369,2,1,35,219,2017-11-08 08:03:08 UTC,0,2017-11-08,8,Wed
267177,2,1,13,219,2017-11-08 09:32:57 UTC,0,2017-11-08,9,Wed
12562,2,1,8,219,2017-11-08 10:47:20 UTC,0,2017-11-08,10,Wed
75634,2,1,13,219,2017-11-08 11:14:41 UTC,0,2017-11-08,11,Wed
119369,11,1,12,219,2017-11-08 12:07:26 UTC,0,2017-11-08,12,Wed
69899,2,1,19,219,2017-11-08 12:14:51 UTC,0,2017-11-08,12,Wed
178822,2,1,19,219,2017-11-08 12:20:13 UTC,0,2017-11-08,12,Wed
14256,2,1,8,219,2017-11-08 12:25:12 UTC,0,2017-11-08,12,Wed
5178,2,1,19,219,2017-11-08 13:24:45 UTC,0,2017-11-08,13,Wed
4942,2,1,19,219,2017-11-08 13:34:03 UTC,0,2017-11-08,13,Wed
257183,2,1,10,219,2017-11-08 13:50:39 UTC,0,2017-11-08,13,Wed
257422,2,1,13,219,2017-11-08 15:16:12 UTC,0,2017-11-08,15,Wed
66745,2,1,13,219,2017-11-08 15:22:06 UTC,0,2017-11-08,15,Wed
100393,2,1,36,219,2017-11-08 15:41:28 UTC,0,2017-11-08,15,Wed
26593,2,1,32,219,2017-11-08 16:09:25 UTC,0,2017-11-08,16,Wed
291772,2,1,19,219,2017-11-08 23:30:46 UTC,0,2017-11-08,23,Wed
29569,2,1,6,219,2017-11-08 23:37:41 UTC,0,2017-11-08,23,Wed
47083,2,1,16,219,2017-11-08 23:52:28 UTC,0,2017-11-08,23,Wed
97491,2,1,6,219,2017-11-09 00:54:45 UTC,0,2017-11-09,0,Thu
67322,2,1,18,219,2017-11-09 01:15:09 UTC,0,2017-11-09,1,Thu
77277,2,1,16,219,2017-11-09 01:52:42 UTC,0,2017-11-09,1,Thu
78787,2,1,18,219,2017-11-09 03:48:58 UTC,0,2017-11-09,3,Thu
2666,2,1,53,219,2017-11-09 04:12:57 UTC,0,2017-11-09,4,Thu
8451,2,1,15,219,2017-11-09 04:55:22 UTC,0,2017-11-09,4,Thu
103164,2,1,8,219,2017-11-09 05:06:12 UTC,0,2017-11-09,5,Thu
96198,2,1,19,219,2017-11-09 05:16:49 UTC,0,2017-11-09,5,Thu
105339,2,1,27,219,2017-11-09 05:17:49 UTC,0,2017-11-09,5,Thu
45362,11,1,23,219,2017-11-09 05:19:51 UTC,0,2017-11-09,5,Thu
69873,2,1,35,219,2017-11-09 05:48:28 UTC,0,2017-11-09,5,Thu
31823,2,1,19,219,2017-11-09 05:53:55 UTC,0,2017-11-09,5,Thu
52660,11,1,1,219,2017-11-09 06:05:33 UTC,0,2017-11-09,6,Thu
94081,2,1,25,219,2017-11-09 06:37:34 UTC,0,2017-11-09,6,Thu
239820,11,1,13,219,2017-11-09 07:02:08 UTC,0,2017-11-09,7,Thu
142432,11,1,25,219,2017-11-09 07:12:42 UTC,0,2017-11-09,7,Thu
105069,11,1,13,219,2017-11-09 07:15:37 UTC,0,2017-11-09,7,Thu
117373,2,1,19,219,2017-11-09 08:07:42 UTC,0,2017-11-09,8,Thu
116557,2,1,20,219,2017-11-09 08:57:11 UTC,0,2017-11-09,8,Thu
44256,2,1,10,219,2017-11-09 09:24:52 UTC,0,2017-11-09,9,Thu
81263,11,1,17,219,2017-11-09 11:33:06 UTC,0,2017-11-09,11,Thu
197265,2,1,4,219,2017-11-09 11:39:50 UTC,0,2017-11-09,11,Thu
113812,2,1,19,219,2017-11-09 11:42:40 UTC,0,2017-11-09,11,Thu
157480,2,1,10,219,2017-11-09 12:14:29 UTC,0,2017-11-09,12,Thu
11196,11,1,19,219,2017-11-09 12:22:37 UTC,0,2017-11-09,12,Thu
52710,2,1,30,219,2017-11-09 13:18:11 UTC,0,2017-11-09,13,Thu
78124,2,1,19,219,2017-11-09 13:31:04 UTC,0,2017-11-09,13,Thu
48054,2,1,17,219,2017-11-09 13:42:36 UTC,0,2017-11-09,13,Thu
334967,2,1,13,219,2017-11-09 13:46:15 UTC,0,2017-11-09,13,Thu
43686,11,1,20,219,2017-11-09 13:47:46 UTC,0,2017-11-09,13,Thu
15192,2,1,13,219,2017-11-09 13:50:00 UTC,0,2017-11-09,13,Thu
46160,2,1,13,219,2017-11-09 13:51:43 UTC,0,2017-11-09,13,Thu
26995,2,1,19,219,2017-11-09 14:10:35 UTC,0,2017-11-09,14,Thu
45745,12,1,19,219,2017-11-09 14:13:08 UTC,0,2017-11-09,14,Thu
26241,2,1,12,219,2017-11-09 14:19:54 UTC,0,2017-11-09,14,Thu
63158,2,1,37,219,2017-11-09 14:52:44 UTC,0,2017-11-09,14,Thu
66215,12,1,19,219,2017-11-09 15:07:43 UTC,0,2017-11-09,15,Thu
114913,2,1,13,219,2017-11-09 15:49:12 UTC,0,2017-11-09,15,Thu
213877,98,1,18,224,2017-11-07 18:57:19 UTC,1,2017-11-07,18,Tue
45213,14,1,57,224,2017-11-08 10:53:33 UTC,0,2017-11-08,10,Wed
114341,9,1,41,232,2017-11-06 19:20:00 UTC,0,2017-11-06,19,Mon
54481,9,1,30,232,2017-11-06 22:49:38 UTC,0,2017-11-06,22,Mon
63205,9,1,19,232,2017-11-06 23:03:12 UTC,0,2017-11-06,23,Mon
5785,9,1,13,232,2017-11-06 23:04:11 UTC,0,2017-11-06,23,Mon
42479,9,1,70,232,2017-11-06 23:49:24 UTC,0,2017-11-06,23,Mon
3363,9,1,19,232,2017-11-07 00:33:10 UTC,0,2017-11-07,0,Tue
165741,9,1,19,232,2017-11-07 00:41:04 UTC,0,2017-11-07,0,Tue
79827,9,1,1,232,2017-11-07 01:33:12 UTC,0,2017-11-07,1,Tue
136327,9,1,19,232,2017-11-07 02:25:09 UTC,0,2017-11-07,2,Tue
90654,9,1,13,232,2017-11-07 04:58:07 UTC,0,2017-11-07,4,Tue
118056,9,1,17,232,2017-11-07 05:42:42 UTC,0,2017-11-07,5,Tue
86474,9,1,19,232,2017-11-07 06:52:29 UTC,0,2017-11-07,6,Tue
55161,9,1,19,232,2017-11-07 07:07:54 UTC,0,2017-11-07,7,Tue
198017,9,1,19,232,2017-11-07 07:25:11 UTC,0,2017-11-07,7,Tue
134147,9,1,19,232,2017-11-07 07:40:42 UTC,0,2017-11-07,7,Tue
200296,9,1,30,232,2017-11-07 08:15:27 UTC,0,2017-11-07,8,Tue
26807,9,1,17,232,2017-11-07 08:26:25 UTC,0,2017-11-07,8,Tue
80995,21,1,19,232,2017-11-07 11:45:22 UTC,0,2017-11-07,11,Tue
50489,9,1,25,232,2017-11-07 11:55:57 UTC,0,2017-11-07,11,Tue
121209,9,1,32,232,2017-11-07 13:17:02 UTC,0,2017-11-07,13,Tue
84428,21,1,18,232,2017-11-07 13:41:57 UTC,0,2017-11-07,13,Tue
75895,9,1,13,232,2017-11-07 14:22:57 UTC,0,2017-11-07,14,Tue
10034,21,1,13,232,2017-11-07 16:02:06 UTC,0,2017-11-07,16,Tue
44744,21,1,18,232,2017-11-07 16:29:33 UTC,0,2017-11-07,16,Tue
66898,21,1,19,232,2017-11-07 16:33:57 UTC,0,2017-11-07,16,Tue
37935,21,1,20,232,2017-11-07 17:03:08 UTC,0,2017-11-07,17,Tue
167482,21,1,18,232,2017-11-07 17:11:38 UTC,0,2017-11-07,17,Tue
91166,21,1,22,232,2017-11-07 17:12:37 UTC,0,2017-11-07,17,Tue
100176,9,1,58,232,2017-11-07 18:13:58 UTC,0,2017-11-07,18,Tue
101941,21,1,6,232,2017-11-07 22:29:45 UTC,0,2017-11-07,22,Tue
177104,9,1,13,232,2017-11-08 00:35:51 UTC,0,2017-11-08,0,Wed
100785,9,1,15,232,2017-11-08 01:37:54 UTC,0,2017-11-08,1,Wed
121851,9,1,37,232,2017-11-08 01:46:30 UTC,0,2017-11-08,1,Wed
123947,21,1,34,232,2017-11-08 01:47:54 UTC,0,2017-11-08,1,Wed
234634,21,1,41,232,2017-11-08 03:00:17 UTC,0,2017-11-08,3,Wed
100933,21,1,19,232,2017-11-08 03:59:27 UTC,0,2017-11-08,3,Wed
9182,21,1,15,232,2017-11-08 04:20:01 UTC,0,2017-11-08,4,Wed
53635,9,1,22,232,2017-11-08 05:55:13 UTC,0,2017-11-08,5,Wed
75329,21,1,16,232,2017-11-08 09:06:54 UTC,0,2017-11-08,9,Wed
197705,21,1,19,232,2017-11-08 09:58:50 UTC,0,2017-11-08,9,Wed
81613,9,1,13,232,2017-11-08 10:26:27 UTC,0,2017-11-08,10,Wed
102264,21,1,19,232,2017-11-08 11:26:23 UTC,0,2017-11-08,11,Wed
50033,9,1,15,232,2017-11-08 12:30:35 UTC,0,2017-11-08,12,Wed
77399,9,1,23,232,2017-11-08 12:30:41 UTC,0,2017-11-08,12,Wed
279448,9,1,19,232,2017-11-08 13:01:32 UTC,0,2017-11-08,13,Wed
4784,9,1,6,232,2017-11-08 14:06:10 UTC,0,2017-11-08,14,Wed
20362,21,2,9,232,2017-11-08 14:30:50 UTC,0,2017-11-08,14,Wed
60698,9,1,13,232,2017-11-08 14:46:39 UTC,0,2017-11-08,14,Wed
73887,9,1,13,232,2017-11-08 14:58:38 UTC,0,2017-11-08,14,Wed
79620,9,1,14,232,2017-11-08 15:12:56 UTC,0,2017-11-08,15,Wed
81736,9,1,19,232,2017-11-08 16:41:07 UTC,0,2017-11-08,16,Wed
32457,21,1,35,232,2017-11-08 17:14:49 UTC,0,2017-11-08,17,Wed
50924,9,1,19,232,2017-11-08 17:19:05 UTC,0,2017-11-08,17,Wed
77361,21,1,7,232,2017-11-08 19:10:57 UTC,0,2017-11-08,19,Wed
110354,21,2,37,232,2017-11-08 22:29:48 UTC,0,2017-11-08,22,Wed
2321,9,1,13,232,2017-11-08 23:21:47 UTC,0,2017-11-08,23,Wed
72262,21,1,19,232,2017-11-09 00:06:30 UTC,0,2017-11-09,0,Thu
95006,21,1,3,232,2017-11-09 01:18:57 UTC,0,2017-11-09,1,Thu
137258,21,1,8,232,2017-11-09 01:49:02 UTC,0,2017-11-09,1,Thu
43349,21,1,19,232,2017-11-09 02:08:23 UTC,0,2017-11-09,2,Thu
265385,9,1,13,232,2017-11-09 03:37:13 UTC,0,2017-11-09,3,Thu
70421,9,1,15,232,2017-11-09 03:47:43 UTC,0,2017-11-09,3,Thu
90509,9,1,13,232,2017-11-09 03:51:30 UTC,0,2017-11-09,3,Thu
63262,9,1,19,232,2017-11-09 03:58:07 UTC,0,2017-11-09,3,Thu
26379,21,1,19,232,2017-11-09 04:10:00 UTC,0,2017-11-09,4,Thu
19836,9,1,20,232,2017-11-09 04:18:23 UTC,0,2017-11-09,4,Thu
58813,9,1,25,232,2017-11-09 04:21:57 UTC,0,2017-11-09,4,Thu
114314,9,1,20,232,2017-11-09 04:29:47 UTC,0,2017-11-09,4,Thu
81211,9,1,35,232,2017-11-09 04:48:08 UTC,0,2017-11-09,4,Thu
85894,21,1,19,232,2017-11-09 05:08:59 UTC,0,2017-11-09,5,Thu
32526,9,1,19,232,2017-11-09 05:19:32 UTC,0,2017-11-09,5,Thu
64815,21,1,13,232,2017-11-09 05:21:55 UTC,0,2017-11-09,5,Thu
97773,9,1,17,232,2017-11-09 06:18:53 UTC,0,2017-11-09,6,Thu
85482,9,1,41,232,2017-11-09 06:29:53 UTC,0,2017-11-09,6,Thu
83268,9,1,13,232,2017-11-09 08:05:46 UTC,0,2017-11-09,8,Thu
5178,21,1,2,232,2017-11-09 08:21:19 UTC,0,2017-11-09,8,Thu
114314,21,1,19,232,2017-11-09 08:36:27 UTC,0,2017-11-09,8,Thu
108341,21,2,49,232,2017-11-09 08:46:49 UTC,0,2017-11-09,8,Thu
61136,21,1,10,232,2017-11-09 08:56:31 UTC,0,2017-11-09,8,Thu
23035,9,1,19,232,2017-11-09 08:59:15 UTC,0,2017-11-09,8,Thu
70522,9,2,36,232,2017-11-09 09:00:45 UTC,0,2017-11-09,9,Thu
339057,9,1,13,232,2017-11-09 09:19:41 UTC,0,2017-11-09,9,Thu
115407,21,1,9,232,2017-11-09 09:21:55 UTC,0,2017-11-09,9,Thu
309581,9,1,13,232,2017-11-09 09:22:51 UTC,0,2017-11-09,9,Thu
298226,9,1,15,232,2017-11-09 09:30:58 UTC,0,2017-11-09,9,Thu
80416,21,1,13,232,2017-11-09 09:47:49 UTC,0,2017-11-09,9,Thu
128777,9,1,19,232,2017-11-09 09:54:43 UTC,0,2017-11-09,9,Thu
81895,9,1,13,232,2017-11-09 09:55:03 UTC,0,2017-11-09,9,Thu
108202,9,1,866,232,2017-11-09 10:01:31 UTC,0,2017-11-09,10,Thu
78374,21,1,19,232,2017-11-09 10:33:29 UTC,0,2017-11-09,10,Thu
41497,21,1,13,232,2017-11-09 10:35:32 UTC,0,2017-11-09,10,Thu
232067,21,1,19,232,2017-11-09 10:39:59 UTC,0,2017-11-09,10,Thu
103147,9,2,13,232,2017-11-09 10:51:36 UTC,0,2017-11-09,10,Thu
107892,9,1,19,232,2017-11-09 11:14:03 UTC,0,2017-11-09,11,Thu
40440,9,1,19,232,2017-11-09 11:16:48 UTC,0,2017-11-09,11,Thu
77399,21,1,3,232,2017-11-09 11:24:11 UTC,0,2017-11-09,11,Thu
102919,9,1,13,232,2017-11-09 11:36:37 UTC,0,2017-11-09,11,Thu
2076,21,1,20,232,2017-11-09 11:52:15 UTC,0,2017-11-09,11,Thu
125222,21,1,19,232,2017-11-09 12:00:08 UTC,0,2017-11-09,12,Thu
66906,21,1,32,232,2017-11-09 12:22:07 UTC,0,2017-11-09,12,Thu
166206,9,1,13,232,2017-11-09 12:46:34 UTC,0,2017-11-09,12,Thu
102897,9,1,9,232,2017-11-09 12:47:29 UTC,0,2017-11-09,12,Thu
97067,9,1,13,232,2017-11-09 12:51:26 UTC,0,2017-11-09,12,Thu
99728,9,1,19,232,2017-11-09 12:58:17 UTC,0,2017-11-09,12,Thu
21063,21,1,19,232,2017-11-09 13:01:17 UTC,0,2017-11-09,13,Thu
81013,9,1,15,232,2017-11-09 13:06:57 UTC,0,2017-11-09,13,Thu
228795,21,1,13,232,2017-11-09 13:19:13 UTC,0,2017-11-09,13,Thu
5314,9,1,13,232,2017-11-09 13:42:47 UTC,0,2017-11-09,13,Thu
69449,21,1,10,232,2017-11-09 13:44:11 UTC,0,2017-11-09,13,Thu
103946,21,1,17,232,2017-11-09 13:54:57 UTC,0,2017-11-09,13,Thu
118094,9,1,8,232,2017-11-09 14:05:07 UTC,0,2017-11-09,14,Thu
114220,21,1,13,232,2017-11-09 14:17:47 UTC,0,2017-11-09,14,Thu
333429,9,2,13,232,2017-11-09 14:35:25 UTC,0,2017-11-09,14,Thu
92872,9,1,13,232,2017-11-09 14:46:32 UTC,0,2017-11-09,14,Thu
95766,9,1,47,232,2017-11-09 15:14:00 UTC,0,2017-11-09,15,Thu
33060,21,1,41,232,2017-11-09 15:36:00 UTC,0,2017-11-09,15,Thu
93021,9,1,19,232,2017-11-09 15:49:18 UTC,0,2017-11-09,15,Thu
77869,9,1,19,232,2017-11-09 15:56:56 UTC,0,2017-11-09,15,Thu
37774,9,2,9,234,2017-11-06 16:29:40 UTC,0,2017-11-06,16,Mon
107954,9,1,70,234,2017-11-06 16:54:21 UTC,0,2017-11-06,16,Mon
49034,9,1,25,234,2017-11-06 17:30:06 UTC,0,2017-11-06,17,Mon
105447,9,1,13,234,2017-11-06 19:40:52 UTC,0,2017-11-06,19,Mon
52043,9,2,43,234,2017-11-07 09:21:01 UTC,0,2017-11-07,9,Tue
52043,9,1,3,234,2017-11-07 09:50:58 UTC,0,2017-11-07,9,Tue
39742,9,1,13,234,2017-11-07 11:58:53 UTC,0,2017-11-07,11,Tue
51992,9,1,19,234,2017-11-07 13:50:10 UTC,0,2017-11-07,13,Tue
67606,9,1,19,234,2017-11-07 15:56:38 UTC,0,2017-11-07,15,Tue
73516,9,1,19,234,2017-11-07 16:07:00 UTC,0,2017-11-07,16,Tue
53454,9,1,12,234,2017-11-07 20:08:49 UTC,0,2017-11-07,20,Tue
247279,9,2,65,234,2017-11-07 22:53:16 UTC,0,2017-11-07,22,Tue
84916,9,1,13,234,2017-11-08 07:46:38 UTC,0,2017-11-08,7,Wed
73487,9,2,13,234,2017-11-08 09:57:54 UTC,0,2017-11-08,9,Wed
119350,9,1,85,234,2017-11-08 15:17:11 UTC,0,2017-11-08,15,Wed
81837,9,2,35,234,2017-11-08 15:57:24 UTC,0,2017-11-08,15,Wed
175316,9,1,41,234,2017-11-08 17:43:06 UTC,0,2017-11-08,17,Wed
92766,9,2,9,234,2017-11-08 19:33:10 UTC,0,2017-11-08,19,Wed
92766,9,1,20,234,2017-11-08 22:08:33 UTC,0,2017-11-08,22,Wed
150844,9,1,13,234,2017-11-09 00:44:42 UTC,0,2017-11-09,0,Thu
20411,9,1,22,234,2017-11-09 01:53:45 UTC,0,2017-11-09,1,Thu
92766,9,1,37,234,2017-11-09 06:45:06 UTC,0,2017-11-09,6,Thu
234955,9,1,41,234,2017-11-09 07:11:24 UTC,0,2017-11-09,7,Thu
110574,9,1,18,234,2017-11-09 12:39:38 UTC,0,2017-11-09,12,Thu
325395,9,1,19,234,2017-11-09 12:57:43 UTC,0,2017-11-09,12,Thu
313428,9,1,19,234,2017-11-09 14:28:30 UTC,0,2017-11-09,14,Thu
156284,9,1,20,234,2017-11-09 15:03:50 UTC,0,2017-11-09,15,Thu
32262,9,1,40,234,2017-11-09 15:14:14 UTC,0,2017-11-09,15,Thu
86621,2,1,13,236,2017-11-06 16:44:44 UTC,0,2017-11-06,16,Mon
206125,2,1,41,236,2017-11-06 22:31:04 UTC,0,2017-11-06,22,Mon
37109,2,1,17,236,2017-11-06 22:46:12 UTC,0,2017-11-06,22,Mon
149177,2,1,47,236,2017-11-06 22:57:02 UTC,0,2017-11-06,22,Mon
82012,2,1,19,236,2017-11-07 00:20:55 UTC,0,2017-11-07,0,Tue
136421,2,2,13,236,2017-11-07 00:32:27 UTC,0,2017-11-07,0,Tue
50165,2,1,22,236,2017-11-07 00:38:52 UTC,0,2017-11-07,0,Tue
122949,2,1,13,236,2017-11-07 01:15:46 UTC,0,2017-11-07,1,Tue
137762,2,1,19,236,2017-11-07 01:26:14 UTC,0,2017-11-07,1,Tue
52805,2,1,34,236,2017-11-07 02:17:44 UTC,0,2017-11-07,2,Tue
136695,2,1,8,236,2017-11-07 02:21:21 UTC,0,2017-11-07,2,Tue
10456,2,1,17,236,2017-11-07 04:04:37 UTC,0,2017-11-07,4,Tue
148947,2,1,19,236,2017-11-07 04:10:52 UTC,0,2017-11-07,4,Tue
189635,2,1,13,236,2017-11-07 04:36:47 UTC,0,2017-11-07,4,Tue
123994,2,1,19,236,2017-11-07 05:00:48 UTC,0,2017-11-07,5,Tue
48581,2,1,13,236,2017-11-07 06:31:52 UTC,0,2017-11-07,6,Tue
121806,2,1,8,236,2017-11-07 08:56:49 UTC,0,2017-11-07,8,Tue
53479,2,1,13,236,2017-11-07 09:05:44 UTC,0,2017-11-07,9,Tue
41963,2,1,13,236,2017-11-07 10:07:14 UTC,0,2017-11-07,10,Tue
69550,2,1,19,236,2017-11-07 10:57:53 UTC,0,2017-11-07,10,Tue
58237,2,1,14,236,2017-11-07 12:45:35 UTC,0,2017-11-07,12,Tue
164229,2,1,19,236,2017-11-07 12:54:37 UTC,0,2017-11-07,12,Tue
93808,2,1,17,236,2017-11-08 00:18:16 UTC,0,2017-11-08,0,Wed
124608,2,1,3,236,2017-11-08 01:03:53 UTC,0,2017-11-08,1,Wed
121564,2,1,19,236,2017-11-08 02:09:28 UTC,0,2017-11-08,2,Wed
18788,2,1,3,236,2017-11-08 02:20:20 UTC,0,2017-11-08,2,Wed
21069,2,1,3,236,2017-11-08 02:36:29 UTC,0,2017-11-08,2,Wed
83069,2,1,14,236,2017-11-08 02:52:35 UTC,0,2017-11-08,2,Wed
58538,2,1,19,236,2017-11-08 02:56:16 UTC,0,2017-11-08,2,Wed
266205,2,1,19,236,2017-11-08 03:11:05 UTC,0,2017-11-08,3,Wed
61313,2,1,13,236,2017-11-08 03:23:02 UTC,0,2017-11-08,3,Wed
28722,2,1,8,236,2017-11-08 04:20:12 UTC,0,2017-11-08,4,Wed
41106,2,1,18,236,2017-11-08 05:14:00 UTC,0,2017-11-08,5,Wed
71789,2,1,23,236,2017-11-08 05:23:18 UTC,0,2017-11-08,5,Wed
67586,2,1,19,236,2017-11-08 05:32:12 UTC,0,2017-11-08,5,Wed
4420,2,1,15,236,2017-11-08 06:01:27 UTC,0,2017-11-08,6,Wed
47083,2,1,19,236,2017-11-08 06:04:52 UTC,0,2017-11-08,6,Wed
100602,2,1,18,236,2017-11-08 06:53:50 UTC,0,2017-11-08,6,Wed
3964,2,1,10,236,2017-11-08 07:42:12 UTC,0,2017-11-08,7,Wed
91574,2,1,18,236,2017-11-08 08:00:02 UTC,0,2017-11-08,8,Wed
162208,2,1,13,236,2017-11-08 08:34:54 UTC,0,2017-11-08,8,Wed
66933,2,1,19,236,2017-11-08 09:06:56 UTC,0,2017-11-08,9,Wed
102062,2,1,49,236,2017-11-08 11:53:09 UTC,0,2017-11-08,11,Wed
37437,2,1,19,236,2017-11-08 12:42:09 UTC,0,2017-11-08,12,Wed
60909,2,1,15,236,2017-11-08 13:26:25 UTC,0,2017-11-08,13,Wed
46740,2,1,9,236,2017-11-08 13:28:37 UTC,0,2017-11-08,13,Wed
110768,2,1,17,236,2017-11-08 14:00:50 UTC,0,2017-11-08,14,Wed
85150,2,1,6,236,2017-11-08 16:12:11 UTC,0,2017-11-08,16,Wed
114795,2,1,22,236,2017-11-08 21:03:08 UTC,0,2017-11-08,21,Wed
73487,2,1,13,236,2017-11-08 22:05:45 UTC,0,2017-11-08,22,Wed
25614,2,1,13,236,2017-11-08 23:14:03 UTC,0,2017-11-08,23,Wed
88951,2,1,19,236,2017-11-09 00:14:11 UTC,0,2017-11-09,0,Thu
78289,2,1,19,236,2017-11-09 01:01:49 UTC,0,2017-11-09,1,Thu
78801,2,1,22,236,2017-11-09 01:24:39 UTC,0,2017-11-09,1,Thu
27820,2,1,13,236,2017-11-09 01:29:50 UTC,0,2017-11-09,1,Thu
121839,2,1,18,236,2017-11-09 01:55:06 UTC,0,2017-11-09,1,Thu
163204,2,1,23,236,2017-11-09 02:14:45 UTC,0,2017-11-09,2,Thu
17262,2,1,22,236,2017-11-09 02:24:43 UTC,0,2017-11-09,2,Thu
42035,2,1,10,236,2017-11-09 02:35:56 UTC,0,2017-11-09,2,Thu
58982,2,1,30,236,2017-11-09 02:50:49 UTC,0,2017-11-09,2,Thu
41963,2,1,17,236,2017-11-09 02:52:38 UTC,0,2017-11-09,2,Thu
115663,2,1,22,236,2017-11-09 03:04:43 UTC,0,2017-11-09,3,Thu
39328,2,1,28,236,2017-11-09 03:29:12 UTC,0,2017-11-09,3,Thu
5348,2,1,13,236,2017-11-09 03:59:26 UTC,0,2017-11-09,3,Thu
74284,2,1,13,236,2017-11-09 04:04:12 UTC,0,2017-11-09,4,Thu
41437,2,1,1,236,2017-11-09 04:15:13 UTC,0,2017-11-09,4,Thu
86835,2,1,15,236,2017-11-09 04:45:20 UTC,0,2017-11-09,4,Thu
101603,2,1,15,236,2017-11-09 05:00:46 UTC,0,2017-11-09,5,Thu
49462,2,1,25,236,2017-11-09 05:07:36 UTC,0,2017-11-09,5,Thu
81699,2,1,23,236,2017-11-09 05:09:18 UTC,0,2017-11-09,5,Thu
4573,2,1,19,236,2017-11-09 06:52:43 UTC,0,2017-11-09,6,Thu
103147,2,1,19,236,2017-11-09 07:26:30 UTC,0,2017-11-09,7,Thu
178771,2,1,19,236,2017-11-09 07:49:31 UTC,0,2017-11-09,7,Thu
77112,2,1,17,236,2017-11-09 08:28:34 UTC,0,2017-11-09,8,Thu
4760,2,1,23,236,2017-11-09 12:06:21 UTC,0,2017-11-09,12,Thu
172223,2,1,13,236,2017-11-09 12:11:58 UTC,0,2017-11-09,12,Thu
54125,2,1,13,236,2017-11-09 12:16:55 UTC,0,2017-11-09,12,Thu
118648,2,1,19,236,2017-11-09 12:31:39 UTC,0,2017-11-09,12,Thu
99856,2,1,23,236,2017-11-09 12:55:34 UTC,0,2017-11-09,12,Thu
5348,2,1,13,236,2017-11-09 14:01:36 UTC,0,2017-11-09,14,Thu
69575,2,1,8,236,2017-11-09 15:23:16 UTC,0,2017-11-09,15,Thu
123586,2,1,13,236,2017-11-09 15:51:28 UTC,0,2017-11-09,15,Thu
105290,2,1,13,237,2017-11-06 16:15:54 UTC,0,2017-11-06,16,Mon
67037,2,1,15,237,2017-11-06 20:24:36 UTC,0,2017-11-06,20,Mon
110938,2,1,13,237,2017-11-06 23:27:44 UTC,0,2017-11-06,23,Mon
68216,2,1,19,237,2017-11-07 00:21:00 UTC,0,2017-11-07,0,Tue
121042,2,1,19,237,2017-11-07 00:29:48 UTC,0,2017-11-07,0,Tue
41151,2,1,19,237,2017-11-07 00:49:54 UTC,0,2017-11-07,0,Tue
4503,2,1,19,237,2017-11-07 00:55:46 UTC,0,2017-11-07,0,Tue
124686,2,1,20,237,2017-11-07 01:15:14 UTC,0,2017-11-07,1,Tue
115265,2,1,13,237,2017-11-07 01:21:45 UTC,0,2017-11-07,1,Tue
140525,2,1,27,237,2017-11-07 01:32:32 UTC,0,2017-11-07,1,Tue
120415,2,1,1,237,2017-11-07 02:09:59 UTC,0,2017-11-07,2,Tue
58556,2,2,22,237,2017-11-07 02:25:55 UTC,0,2017-11-07,2,Tue
80703,2,1,19,237,2017-11-07 02:28:11 UTC,0,2017-11-07,2,Tue
114655,2,1,22,237,2017-11-07 03:07:42 UTC,0,2017-11-07,3,Tue
120757,2,1,3,237,2017-11-07 03:22:33 UTC,0,2017-11-07,3,Tue
36407,2,2,10,237,2017-11-07 03:30:37 UTC,0,2017-11-07,3,Tue
178404,2,1,8,237,2017-11-07 03:34:02 UTC,0,2017-11-07,3,Tue
6595,2,1,8,237,2017-11-07 03:52:24 UTC,0,2017-11-07,3,Tue
76987,2,1,19,237,2017-11-07 04:04:12 UTC,0,2017-11-07,4,Tue
19318,2,1,19,237,2017-11-07 04:11:00 UTC,0,2017-11-07,4,Tue
51299,2,1,25,237,2017-11-07 04:11:41 UTC,0,2017-11-07,4,Tue
5178,2,1,6,237,2017-11-07 04:28:47 UTC,0,2017-11-07,4,Tue
163168,2,1,13,237,2017-11-07 04:36:15 UTC,0,2017-11-07,4,Tue
88881,2,1,19,237,2017-11-07 04:39:35 UTC,0,2017-11-07,4,Tue
194193,2,1,12,237,2017-11-07 04:55:55 UTC,0,2017-11-07,4,Tue
106136,2,1,19,237,2017-11-07 05:15:34 UTC,0,2017-11-07,5,Tue
95766,2,1,13,237,2017-11-07 05:17:06 UTC,0,2017-11-07,5,Tue
64341,2,1,19,237,2017-11-07 05:31:15 UTC,0,2017-11-07,5,Tue
133598,2,1,22,237,2017-11-07 05:36:28 UTC,0,2017-11-07,5,Tue
9660,2,1,47,237,2017-11-07 05:38:08 UTC,0,2017-11-07,5,Tue
22338,2,1,1,237,2017-11-07 06:02:06 UTC,0,2017-11-07,6,Tue
123316,2,1,17,237,2017-11-07 07:22:14 UTC,0,2017-11-07,7,Tue
67037,2,1,17,237,2017-11-07 08:29:11 UTC,0,2017-11-07,8,Tue
122110,2,1,3,237,2017-11-07 10:20:29 UTC,0,2017-11-07,10,Tue
66964,2,1,19,237,2017-11-07 11:03:41 UTC,0,2017-11-07,11,Tue
118512,2,1,13,237,2017-11-07 12:01:53 UTC,0,2017-11-07,12,Tue
202528,2,1,19,237,2017-11-07 12:25:26 UTC,0,2017-11-07,12,Tue
18332,2,1,13,237,2017-11-07 12:36:09 UTC,0,2017-11-07,12,Tue
95766,2,1,13,237,2017-11-07 13:19:27 UTC,0,2017-11-07,13,Tue
48240,2,1,12,237,2017-11-07 13:23:14 UTC,0,2017-11-07,13,Tue
4466,2,1,4,237,2017-11-07 13:59:18 UTC,0,2017-11-07,13,Tue
152137,2,1,35,237,2017-11-07 14:00:27 UTC,0,2017-11-07,14,Tue
52043,2,1,19,237,2017-11-07 14:40:23 UTC,0,2017-11-07,14,Tue
18332,2,1,19,237,2017-11-07 14:41:54 UTC,0,2017-11-07,14,Tue
75595,2,1,17,237,2017-11-07 15:36:16 UTC,0,2017-11-07,15,Tue
119920,2,1,16,237,2017-11-07 15:54:00 UTC,0,2017-11-07,15,Tue
1810,2,1,16,237,2017-11-07 17:29:11 UTC,0,2017-11-07,17,Tue
39480,2,1,19,237,2017-11-07 18:03:11 UTC,0,2017-11-07,18,Tue
12479,2,1,2,237,2017-11-07 21:30:56 UTC,0,2017-11-07,21,Tue
232378,2,1,19,237,2017-11-07 22:51:40 UTC,0,2017-11-07,22,Tue
23496,2,1,18,237,2017-11-07 22:59:25 UTC,0,2017-11-07,22,Tue
37883,2,1,19,237,2017-11-07 23:39:02 UTC,0,2017-11-07,23,Tue
83045,2,1,15,237,2017-11-08 00:29:18 UTC,0,2017-11-08,0,Wed
220072,2,1,18,237,2017-11-08 00:51:27 UTC,0,2017-11-08,0,Wed
248858,2,1,53,237,2017-11-08 01:19:12 UTC,0,2017-11-08,1,Wed
55846,2,1,18,237,2017-11-08 02:14:35 UTC,0,2017-11-08,2,Wed
111324,2,1,19,237,2017-11-08 02:32:11 UTC,0,2017-11-08,2,Wed
277165,2,1,19,237,2017-11-08 02:34:28 UTC,0,2017-11-08,2,Wed
14085,2,1,12,237,2017-11-08 02:40:33 UTC,0,2017-11-08,2,Wed
37506,2,1,41,237,2017-11-08 02:45:17 UTC,0,2017-11-08,2,Wed
144508,2,1,19,237,2017-11-08 02:55:48 UTC,0,2017-11-08,2,Wed
31065,2,1,15,237,2017-11-08 02:56:31 UTC,0,2017-11-08,2,Wed
44757,2,1,16,237,2017-11-08 03:00:42 UTC,0,2017-11-08,3,Wed
5740,2,1,32,237,2017-11-08 03:08:44 UTC,0,2017-11-08,3,Wed
100393,2,1,25,237,2017-11-08 03:09:30 UTC,0,2017-11-08,3,Wed
107008,2,1,18,237,2017-11-08 03:24:22 UTC,0,2017-11-08,3,Wed
102405,2,1,13,237,2017-11-08 03:51:48 UTC,0,2017-11-08,3,Wed
121505,2,1,13,237,2017-11-08 03:59:27 UTC,0,2017-11-08,3,Wed
44051,2,1,15,237,2017-11-08 04:13:44 UTC,0,2017-11-08,4,Wed
282570,2,1,18,237,2017-11-08 04:14:47 UTC,0,2017-11-08,4,Wed
103032,2,1,19,237,2017-11-08 04:21:44 UTC,0,2017-11-08,4,Wed
101074,2,1,18,237,2017-11-08 04:23:23 UTC,0,2017-11-08,4,Wed
104132,2,1,20,237,2017-11-08 04:40:51 UTC,0,2017-11-08,4,Wed
37183,2,1,19,237,2017-11-08 04:43:26 UTC,0,2017-11-08,4,Wed
116718,2,1,17,237,2017-11-08 04:52:59 UTC,0,2017-11-08,4,Wed
38300,2,1,22,237,2017-11-08 04:55:16 UTC,0,2017-11-08,4,Wed
77445,2,1,13,237,2017-11-08 04:57:58 UTC,0,2017-11-08,4,Wed
2805,2,1,10,237,2017-11-08 05:05:54 UTC,0,2017-11-08,5,Wed
64673,2,1,19,237,2017-11-08 05:07:07 UTC,0,2017-11-08,5,Wed
230514,2,1,18,237,2017-11-08 05:11:50 UTC,0,2017-11-08,5,Wed
98944,2,1,32,237,2017-11-08 05:24:08 UTC,0,2017-11-08,5,Wed
63893,2,1,9,237,2017-11-08 05:37:08 UTC,0,2017-11-08,5,Wed
156664,2,1,22,237,2017-11-08 05:39:48 UTC,0,2017-11-08,5,Wed
60453,2,1,13,237,2017-11-08 05:55:29 UTC,0,2017-11-08,5,Wed
148650,2,1,19,237,2017-11-08 05:59:07 UTC,0,2017-11-08,5,Wed
163326,2,1,17,237,2017-11-08 06:05:19 UTC,0,2017-11-08,6,Wed
106492,2,1,8,237,2017-11-08 06:12:30 UTC,0,2017-11-08,6,Wed
271586,2,1,23,237,2017-11-08 06:17:32 UTC,0,2017-11-08,6,Wed
59142,2,1,17,237,2017-11-08 06:52:18 UTC,0,2017-11-08,6,Wed
43827,2,1,13,237,2017-11-08 06:59:14 UTC,0,2017-11-08,6,Wed
75504,2,1,19,237,2017-11-08 07:25:23 UTC,0,2017-11-08,7,Wed
13643,2,1,13,237,2017-11-08 07:29:11 UTC,0,2017-11-08,7,Wed
216309,2,1,19,237,2017-11-08 07:52:21 UTC,0,2017-11-08,7,Wed
264067,2,1,13,237,2017-11-08 09:16:02 UTC,0,2017-11-08,9,Wed
146208,2,1,9,237,2017-11-08 10:11:34 UTC,0,2017-11-08,10,Wed
75885,2,1,9,237,2017-11-08 10:15:23 UTC,0,2017-11-08,10,Wed
74068,2,1,8,237,2017-11-08 10:51:02 UTC,0,2017-11-08,10,Wed
84774,2,1,19,237,2017-11-08 12:17:20 UTC,0,2017-11-08,12,Wed
48212,2,1,19,237,2017-11-08 12:25:56 UTC,0,2017-11-08,12,Wed
70522,2,1,8,237,2017-11-08 12:32:09 UTC,0,2017-11-08,12,Wed
209627,2,1,13,237,2017-11-08 13:14:15 UTC,0,2017-11-08,13,Wed
48170,2,1,19,237,2017-11-08 13:52:14 UTC,0,2017-11-08,13,Wed
48170,2,1,17,237,2017-11-08 14:00:03 UTC,0,2017-11-08,14,Wed
18774,2,1,10,237,2017-11-08 15:04:28 UTC,0,2017-11-08,15,Wed
108913,2,1,13,237,2017-11-08 18:41:50 UTC,0,2017-11-08,18,Wed
106524,2,1,13,237,2017-11-08 18:49:38 UTC,0,2017-11-08,18,Wed
66973,2,1,13,237,2017-11-08 23:49:32 UTC,0,2017-11-08,23,Wed
88637,2,1,13,237,2017-11-09 00:11:58 UTC,0,2017-11-09,0,Thu
119356,2,1,19,237,2017-11-09 00:34:04 UTC,0,2017-11-09,0,Thu
91588,2,1,13,237,2017-11-09 00:37:52 UTC,0,2017-11-09,0,Thu
107622,2,1,19,237,2017-11-09 01:03:54 UTC,0,2017-11-09,1,Thu
99944,2,1,19,237,2017-11-09 01:13:48 UTC,0,2017-11-09,1,Thu
74497,2,1,26,237,2017-11-09 01:21:09 UTC,0,2017-11-09,1,Thu
82971,2,1,19,237,2017-11-09 01:25:33 UTC,0,2017-11-09,1,Thu
235828,2,1,18,237,2017-11-09 01:31:34 UTC,0,2017-11-09,1,Thu
4062,2,2,13,237,2017-11-09 01:35:39 UTC,0,2017-11-09,1,Thu
71514,2,1,6,237,2017-11-09 01:36:49 UTC,0,2017-11-09,1,Thu
301394,2,1,16,237,2017-11-09 01:41:53 UTC,0,2017-11-09,1,Thu
58637,2,1,19,237,2017-11-09 01:43:06 UTC,0,2017-11-09,1,Thu
73487,2,1,19,237,2017-11-09 01:43:57 UTC,0,2017-11-09,1,Thu
323993,2,1,16,237,2017-11-09 01:49:35 UTC,0,2017-11-09,1,Thu
360276,2,1,19,237,2017-11-09 01:53:52 UTC,0,2017-11-09,1,Thu
251341,2,1,13,237,2017-11-09 02:04:20 UTC,0,2017-11-09,2,Thu
24067,2,1,16,237,2017-11-09 02:47:07 UTC,0,2017-11-09,2,Thu
149061,2,1,19,237,2017-11-09 02:51:02 UTC,0,2017-11-09,2,Thu
116812,2,1,16,237,2017-11-09 03:06:43 UTC,0,2017-11-09,3,Thu
69395,2,1,8,237,2017-11-09 03:08:52 UTC,0,2017-11-09,3,Thu
132062,2,1,35,237,2017-11-09 03:30:00 UTC,0,2017-11-09,3,Thu
56412,2,1,13,237,2017-11-09 03:30:12 UTC,0,2017-11-09,3,Thu
38866,2,1,27,237,2017-11-09 03:48:25 UTC,0,2017-11-09,3,Thu
8208,2,1,19,237,2017-11-09 04:20:23 UTC,0,2017-11-09,4,Thu
315679,2,1,19,237,2017-11-09 04:20:35 UTC,0,2017-11-09,4,Thu
48523,2,1,19,237,2017-11-09 04:22:28 UTC,0,2017-11-09,4,Thu
68724,2,1,19,237,2017-11-09 04:33:26 UTC,0,2017-11-09,4,Thu
19934,2,1,18,237,2017-11-09 04:45:51 UTC,0,2017-11-09,4,Thu
24896,2,1,27,237,2017-11-09 04:48:46 UTC,0,2017-11-09,4,Thu
170136,2,1,25,237,2017-11-09 04:53:45 UTC,0,2017-11-09,4,Thu
33607,2,1,19,237,2017-11-09 04:53:47 UTC,0,2017-11-09,4,Thu
63793,2,1,41,237,2017-11-09 04:55:13 UTC,0,2017-11-09,4,Thu
69667,2,1,19,237,2017-11-09 04:58:06 UTC,0,2017-11-09,4,Thu
29533,2,1,17,237,2017-11-09 05:02:08 UTC,0,2017-11-09,5,Thu
132723,2,1,13,237,2017-11-09 05:10:46 UTC,0,2017-11-09,5,Thu
10675,2,1,22,237,2017-11-09 05:39:10 UTC,0,2017-11-09,5,Thu
123701,2,1,13,237,2017-11-09 05:45:24 UTC,0,2017-11-09,5,Thu
156937,2,1,13,237,2017-11-09 05:45:57 UTC,0,2017-11-09,5,Thu
65937,2,1,19,237,2017-11-09 06:00:35 UTC,0,2017-11-09,6,Thu
12031,2,1,18,237,2017-11-09 06:35:13 UTC,0,2017-11-09,6,Thu
8259,2,1,19,237,2017-11-09 06:39:43 UTC,0,2017-11-09,6,Thu
77368,2,1,32,237,2017-11-09 07:04:58 UTC,0,2017-11-09,7,Thu
195049,2,1,16,237,2017-11-09 07:32:24 UTC,0,2017-11-09,7,Thu
14116,2,1,10,237,2017-11-09 07:33:33 UTC,0,2017-11-09,7,Thu
99810,2,1,6,237,2017-11-09 07:48:14 UTC,0,2017-11-09,7,Thu
50375,2,1,10,237,2017-11-09 07:57:08 UTC,0,2017-11-09,7,Thu
84612,2,1,17,237,2017-11-09 08:12:08 UTC,0,2017-11-09,8,Thu
27001,2,1,19,237,2017-11-09 09:02:11 UTC,0,2017-11-09,9,Thu
103377,2,2,28,237,2017-11-09 09:47:19 UTC,0,2017-11-09,9,Thu
4437,2,1,6,237,2017-11-09 10:47:10 UTC,0,2017-11-09,10,Thu
103337,2,1,13,237,2017-11-09 11:02:00 UTC,0,2017-11-09,11,Thu
55119,2,1,35,237,2017-11-09 11:02:46 UTC,0,2017-11-09,11,Thu
64341,2,1,22,237,2017-11-09 11:27:54 UTC,0,2017-11-09,11,Thu
48170,2,1,13,237,2017-11-09 13:00:51 UTC,0,2017-11-09,13,Thu
102511,2,1,18,237,2017-11-09 13:26:27 UTC,0,2017-11-09,13,Thu
168248,2,1,13,237,2017-11-09 14:20:31 UTC,0,2017-11-09,14,Thu
5761,2,1,17,237,2017-11-09 14:37:26 UTC,0,2017-11-09,14,Thu
48240,2,1,19,237,2017-11-09 14:54:11 UTC,0,2017-11-09,14,Thu
111215,2,1,19,237,2017-11-09 15:57:57 UTC,0,2017-11-09,15,Thu
68382,12,1,13,242,2017-11-07 01:32:10 UTC,0,2017-11-07,1,Tue
145086,12,1,22,242,2017-11-07 06:30:30 UTC,0,2017-11-07,6,Tue
3167,12,1,7,242,2017-11-07 10:51:40 UTC,0,2017-11-07,10,Tue
162293,12,1,16,242,2017-11-07 23:44:08 UTC,0,2017-11-07,23,Tue
13487,12,1,13,242,2017-11-08 00:18:00 UTC,0,2017-11-08,0,Wed
2976,12,1,18,242,2017-11-08 06:46:05 UTC,0,2017-11-08,6,Wed
81776,12,1,22,242,2017-11-08 07:54:25 UTC,0,2017-11-08,7,Wed
73916,12,1,9,242,2017-11-08 10:47:22 UTC,0,2017-11-08,10,Wed
105560,12,1,53,242,2017-11-09 01:39:33 UTC,0,2017-11-09,1,Thu
111277,12,1,19,242,2017-11-09 03:59:39 UTC,0,2017-11-09,3,Thu
31544,12,1,8,242,2017-11-09 06:16:08 UTC,0,2017-11-09,6,Thu
86767,12,1,22,242,2017-11-09 13:29:28 UTC,0,2017-11-09,13,Thu
124608,2,1,13,243,2017-11-06 17:33:59 UTC,0,2017-11-06,17,Mon
133825,2,1,17,243,2017-11-06 20:48:51 UTC,0,2017-11-06,20,Mon
145970,2,1,19,243,2017-11-07 00:38:11 UTC,0,2017-11-07,0,Tue
36934,2,1,13,243,2017-11-07 00:45:42 UTC,0,2017-11-07,0,Tue
88479,2,1,13,243,2017-11-07 05:13:13 UTC,0,2017-11-07,5,Tue
169081,2,1,13,243,2017-11-07 07:29:43 UTC,0,2017-11-07,7,Tue
105727,2,1,14,243,2017-11-07 07:46:56 UTC,0,2017-11-07,7,Tue
196072,2,1,13,243,2017-11-07 08:13:26 UTC,0,2017-11-07,8,Tue
105560,2,2,19,243,2017-11-07 09:44:55 UTC,0,2017-11-07,9,Tue
141511,2,1,17,243,2017-11-07 11:55:05 UTC,0,2017-11-07,11,Tue
7800,2,1,14,243,2017-11-07 15:26:56 UTC,0,2017-11-07,15,Tue
8848,2,1,17,243,2017-11-07 21:55:07 UTC,0,2017-11-07,21,Tue
58453,2,1,12,243,2017-11-08 01:53:01 UTC,0,2017-11-08,1,Wed
76811,2,1,13,243,2017-11-08 10:55:38 UTC,0,2017-11-08,10,Wed
100275,2,1,13,243,2017-11-08 15:06:21 UTC,0,2017-11-08,15,Wed
41584,2,1,13,243,2017-11-09 00:01:53 UTC,0,2017-11-09,0,Thu
74268,2,1,19,243,2017-11-09 03:47:06 UTC,0,2017-11-09,3,Thu
16741,2,1,13,243,2017-11-09 03:59:23 UTC,0,2017-11-09,3,Thu
78992,2,1,20,243,2017-11-09 04:15:51 UTC,0,2017-11-09,4,Thu
47146,2,1,13,243,2017-11-09 04:21:05 UTC,0,2017-11-09,4,Thu
111159,2,1,13,243,2017-11-09 05:14:42 UTC,0,2017-11-09,5,Thu
201285,2,1,19,243,2017-11-09 05:30:29 UTC,0,2017-11-09,5,Thu
77468,2,1,10,243,2017-11-09 06:51:00 UTC,0,2017-11-09,6,Thu
300014,2,1,19,243,2017-11-09 08:43:55 UTC,0,2017-11-09,8,Thu
271769,2,1,23,243,2017-11-09 11:52:25 UTC,0,2017-11-09,11,Thu
41369,2,1,19,243,2017-11-09 15:17:38 UTC,0,2017-11-09,15,Thu
79881,9,1,20,244,2017-11-07 01:33:24 UTC,0,2017-11-07,1,Tue
45832,9,1,17,244,2017-11-07 01:34:43 UTC,0,2017-11-07,1,Tue
186377,9,1,20,244,2017-11-07 01:51:37 UTC,0,2017-11-07,1,Tue
89680,9,1,34,244,2017-11-07 03:20:35 UTC,0,2017-11-07,3,Tue
24905,9,1,13,244,2017-11-07 03:52:35 UTC,0,2017-11-07,3,Tue
75312,9,1,1,244,2017-11-07 03:57:42 UTC,0,2017-11-07,3,Tue
169049,9,1,19,244,2017-11-07 05:35:01 UTC,0,2017-11-07,5,Tue
60735,9,1,20,244,2017-11-07 05:38:45 UTC,0,2017-11-07,5,Tue
5348,9,1,3,244,2017-11-07 05:40:45 UTC,0,2017-11-07,5,Tue
43837,9,1,37,244,2017-11-07 06:04:33 UTC,0,2017-11-07,6,Tue
108075,9,1,13,244,2017-11-07 08:26:31 UTC,0,2017-11-07,8,Tue
122431,9,1,13,244,2017-11-07 08:42:14 UTC,0,2017-11-07,8,Tue
91366,9,1,17,244,2017-11-07 09:22:50 UTC,0,2017-11-07,9,Tue
51361,9,1,16,244,2017-11-07 10:02:58 UTC,0,2017-11-07,10,Tue
88212,9,1,13,244,2017-11-07 10:57:57 UTC,0,2017-11-07,10,Tue
13073,9,1,22,244,2017-11-07 11:15:51 UTC,0,2017-11-07,11,Tue
81501,9,1,25,244,2017-11-07 11:18:48 UTC,0,2017-11-07,11,Tue
31403,9,1,19,244,2017-11-07 11:52:12 UTC,0,2017-11-07,11,Tue
190191,9,1,25,244,2017-11-07 11:54:37 UTC,0,2017-11-07,11,Tue
65207,9,1,19,244,2017-11-07 13:21:52 UTC,0,2017-11-07,13,Tue
123994,9,1,19,244,2017-11-07 14:41:17 UTC,0,2017-11-07,14,Tue
13483,9,1,8,244,2017-11-07 14:52:46 UTC,0,2017-11-07,14,Tue
105215,9,1,13,244,2017-11-07 20:48:28 UTC,0,2017-11-07,20,Tue
109451,9,1,25,244,2017-11-07 21:03:43 UTC,0,2017-11-07,21,Tue
34419,9,1,13,244,2017-11-07 23:00:51 UTC,0,2017-11-07,23,Tue
35973,9,1,28,244,2017-11-08 01:06:12 UTC,0,2017-11-08,1,Wed
262619,9,1,18,244,2017-11-08 02:03:23 UTC,0,2017-11-08,2,Wed
114276,9,1,8,244,2017-11-08 02:17:28 UTC,0,2017-11-08,2,Wed
23496,9,1,10,244,2017-11-08 03:52:08 UTC,0,2017-11-08,3,Wed
86767,9,1,8,244,2017-11-08 04:00:35 UTC,0,2017-11-08,4,Wed
86767,9,1,17,244,2017-11-08 05:58:26 UTC,0,2017-11-08,5,Wed
57803,9,1,19,244,2017-11-08 08:17:25 UTC,0,2017-11-08,8,Wed
65552,9,1,19,244,2017-11-08 08:20:15 UTC,0,2017-11-08,8,Wed
73671,9,2,77,244,2017-11-08 08:51:31 UTC,0,2017-11-08,8,Wed
77619,9,1,19,244,2017-11-08 09:58:26 UTC,0,2017-11-08,9,Wed
56298,9,1,17,244,2017-11-08 11:26:34 UTC,0,2017-11-08,11,Wed
106712,9,1,13,244,2017-11-08 11:33:13 UTC,0,2017-11-08,11,Wed
81187,9,1,16,244,2017-11-08 21:57:51 UTC,0,2017-11-08,21,Wed
98912,9,1,37,244,2017-11-09 03:06:56 UTC,0,2017-11-09,3,Thu
360070,9,1,13,244,2017-11-09 03:11:37 UTC,0,2017-11-09,3,Thu
136299,9,1,10,244,2017-11-09 04:01:11 UTC,0,2017-11-09,4,Thu
27997,9,1,13,244,2017-11-09 04:04:56 UTC,0,2017-11-09,4,Thu
48919,9,1,22,244,2017-11-09 04:12:31 UTC,0,2017-11-09,4,Thu
304608,9,1,25,244,2017-11-09 04:27:07 UTC,0,2017-11-09,4,Thu
103104,9,1,10,244,2017-11-09 05:42:04 UTC,0,2017-11-09,5,Thu
305354,9,1,8,244,2017-11-09 08:37:10 UTC,0,2017-11-09,8,Thu
74550,9,1,14,244,2017-11-09 09:08:02 UTC,0,2017-11-09,9,Thu
121561,9,1,13,244,2017-11-09 09:09:35 UTC,0,2017-11-09,9,Thu
103077,9,1,4,244,2017-11-09 10:48:28 UTC,0,2017-11-09,10,Thu
5178,9,2,78,244,2017-11-09 10:53:33 UTC,0,2017-11-09,10,Thu
3994,9,1,19,244,2017-11-09 10:59:09 UTC,0,2017-11-09,10,Thu
69716,9,1,19,244,2017-11-09 11:11:36 UTC,0,2017-11-09,11,Thu
43793,9,1,18,244,2017-11-09 12:56:18 UTC,0,2017-11-09,12,Thu
348142,9,2,19,244,2017-11-09 13:59:59 UTC,0,2017-11-09,13,Thu
90991,9,1,10,244,2017-11-09 14:46:44 UTC,0,2017-11-09,14,Thu
38242,9,1,18,244,2017-11-09 15:03:17 UTC,0,2017-11-09,15,Thu
5314,9,1,53,244,2017-11-09 15:27:37 UTC,0,2017-11-09,15,Thu
124478,15,1,10,245,2017-11-06 16:01:35 UTC,0,2017-11-06,16,Mon
64485,15,1,19,245,2017-11-06 16:02:02 UTC,0,2017-11-06,16,Mon
73516,12,2,13,245,2017-11-06 16:05:10 UTC,0,2017-11-06,16,Mon
5596,15,1,6,245,2017-11-06 16:05:58 UTC,0,2017-11-06,16,Mon
47073,12,1,9,245,2017-11-06 16:15:10 UTC,0,2017-11-06,16,Mon
60298,15,1,23,245,2017-11-06 16:16:52 UTC,0,2017-11-06,16,Mon
41471,12,1,19,245,2017-11-06 16:16:58 UTC,0,2017-11-06,16,Mon
177384,15,1,19,245,2017-11-06 16:18:54 UTC,0,2017-11-06,16,Mon
75539,15,1,10,245,2017-11-06 16:19:12 UTC,0,2017-11-06,16,Mon
117272,15,1,18,245,2017-11-06 16:28:23 UTC,0,2017-11-06,16,Mon
108913,15,1,19,245,2017-11-06 16:32:19 UTC,0,2017-11-06,16,Mon
209663,15,1,19,245,2017-11-06 16:32:34 UTC,0,2017-11-06,16,Mon
25737,15,1,6,245,2017-11-06 16:36:29 UTC,0,2017-11-06,16,Mon
114678,15,1,19,245,2017-11-06 16:42:14 UTC,0,2017-11-06,16,Mon
5449,12,1,18,245,2017-11-06 16:43:48 UTC,0,2017-11-06,16,Mon
64322,12,1,28,245,2017-11-06 16:53:46 UTC,0,2017-11-06,16,Mon
99311,15,1,1,245,2017-11-06 16:56:28 UTC,0,2017-11-06,16,Mon
54401,12,1,20,245,2017-11-06 16:58:51 UTC,0,2017-11-06,16,Mon
182003,15,1,19,245,2017-11-06 16:59:31 UTC,0,2017-11-06,16,Mon
120962,12,1,13,245,2017-11-06 17:04:32 UTC,0,2017-11-06,17,Mon
151411,12,1,13,245,2017-11-06 17:06:17 UTC,0,2017-11-06,17,Mon
4123,15,1,19,245,2017-11-06 17:16:02 UTC,0,2017-11-06,17,Mon
88180,15,1,19,245,2017-11-06 17:17:56 UTC,0,2017-11-06,17,Mon
45466,15,1,19,245,2017-11-06 17:20:27 UTC,0,2017-11-06,17,Mon
93587,15,1,22,245,2017-11-06 17:37:28 UTC,0,2017-11-06,17,Mon
40190,12,1,13,245,2017-11-06 17:46:50 UTC,0,2017-11-06,17,Mon
100275,15,1,13,245,2017-11-06 17:52:26 UTC,0,2017-11-06,17,Mon
89652,15,1,18,245,2017-11-06 17:58:25 UTC,0,2017-11-06,17,Mon
111299,12,1,40,245,2017-11-06 18:02:58 UTC,0,2017-11-06,18,Mon
21960,12,1,18,245,2017-11-06 18:06:28 UTC,0,2017-11-06,18,Mon
210107,12,1,14,245,2017-11-06 18:17:22 UTC,0,2017-11-06,18,Mon
38716,12,1,19,245,2017-11-06 18:36:37 UTC,0,2017-11-06,18,Mon
199680,12,1,19,245,2017-11-06 19:00:44 UTC,0,2017-11-06,19,Mon
56346,12,1,13,245,2017-11-06 19:05:07 UTC,0,2017-11-06,19,Mon
78910,12,1,13,245,2017-11-06 19:26:47 UTC,0,2017-11-06,19,Mon
163713,12,1,14,245,2017-11-06 19:44:56 UTC,0,2017-11-06,19,Mon
154111,15,1,13,245,2017-11-06 19:55:52 UTC,0,2017-11-06,19,Mon
155833,15,1,41,245,2017-11-06 19:57:54 UTC,0,2017-11-06,19,Mon
192756,15,1,13,245,2017-11-06 20:37:46 UTC,0,2017-11-06,20,Mon
26481,15,1,10,245,2017-11-06 21:16:25 UTC,0,2017-11-06,21,Mon
3197,15,1,13,245,2017-11-06 22:27:55 UTC,0,2017-11-06,22,Mon
95766,15,1,41,245,2017-11-06 22:52:34 UTC,0,2017-11-06,22,Mon
18994,15,1,19,245,2017-11-06 23:37:20 UTC,0,2017-11-06,23,Mon
201529,15,1,13,245,2017-11-06 23:48:54 UTC,0,2017-11-06,23,Mon
17988,15,1,6,245,2017-11-06 23:49:15 UTC,0,2017-11-06,23,Mon
91611,12,1,13,245,2017-11-06 23:49:16 UTC,0,2017-11-06,23,Mon
89762,15,1,27,245,2017-11-07 00:14:54 UTC,0,2017-11-07,0,Tue
114326,12,1,13,245,2017-11-07 00:15:30 UTC,0,2017-11-07,0,Tue
105587,15,1,13,245,2017-11-07 00:16:18 UTC,0,2017-11-07,0,Tue
155890,15,1,17,245,2017-11-07 00:29:50 UTC,0,2017-11-07,0,Tue
51945,15,1,19,245,2017-11-07 00:36:33 UTC,0,2017-11-07,0,Tue
8590,15,1,20,245,2017-11-07 00:48:01 UTC,0,2017-11-07,0,Tue
45738,15,1,20,245,2017-11-07 01:03:28 UTC,0,2017-11-07,1,Tue
107932,15,1,10,245,2017-11-07 01:37:52 UTC,0,2017-11-07,1,Tue
72936,15,1,13,245,2017-11-07 01:38:45 UTC,0,2017-11-07,1,Tue
32457,15,1,19,245,2017-11-07 01:49:38 UTC,0,2017-11-07,1,Tue
116956,15,1,17,245,2017-11-07 02:05:33 UTC,0,2017-11-07,2,Tue
197093,15,1,15,245,2017-11-07 02:31:51 UTC,0,2017-11-07,2,Tue
93021,15,1,3,245,2017-11-07 02:38:12 UTC,0,2017-11-07,2,Tue
205797,15,1,13,245,2017-11-07 02:50:52 UTC,0,2017-11-07,2,Tue
28652,15,1,17,245,2017-11-07 02:54:14 UTC,0,2017-11-07,2,Tue
95908,15,1,13,245,2017-11-07 02:58:07 UTC,0,2017-11-07,2,Tue
14615,15,1,13,245,2017-11-07 03:01:06 UTC,0,2017-11-07,3,Tue
72543,15,1,13,245,2017-11-07 03:22:06 UTC,0,2017-11-07,3,Tue
67776,15,1,16,245,2017-11-07 03:22:34 UTC,0,2017-11-07,3,Tue
137007,15,1,48,245,2017-11-07 03:28:07 UTC,0,2017-11-07,3,Tue
97103,12,1,13,245,2017-11-07 03:31:33 UTC,0,2017-11-07,3,Tue
102880,15,1,19,245,2017-11-07 03:34:11 UTC,0,2017-11-07,3,Tue
105437,15,1,19,245,2017-11-07 03:36:19 UTC,0,2017-11-07,3,Tue
101878,15,1,19,245,2017-11-07 03:38:35 UTC,0,2017-11-07,3,Tue
44663,15,1,14,245,2017-11-07 03:39:10 UTC,0,2017-11-07,3,Tue
73487,12,1,19,245,2017-11-07 03:49:58 UTC,0,2017-11-07,3,Tue
15046,15,1,13,245,2017-11-07 04:01:27 UTC,0,2017-11-07,4,Tue
124166,15,1,6,245,2017-11-07 04:11:04 UTC,0,2017-11-07,4,Tue
38719,15,1,31,245,2017-11-07 04:11:13 UTC,0,2017-11-07,4,Tue
57757,15,1,10,245,2017-11-07 04:22:55 UTC,0,2017-11-07,4,Tue
53218,15,1,6,245,2017-11-07 04:31:05 UTC,0,2017-11-07,4,Tue
123350,15,1,19,245,2017-11-07 04:41:54 UTC,0,2017-11-07,4,Tue
72322,12,1,13,245,2017-11-07 04:52:05 UTC,0,2017-11-07,4,Tue
74816,12,1,37,245,2017-11-07 05:15:01 UTC,0,2017-11-07,5,Tue
79827,15,1,13,245,2017-11-07 05:15:13 UTC,0,2017-11-07,5,Tue
120503,12,1,10,245,2017-11-07 05:17:50 UTC,0,2017-11-07,5,Tue
117979,12,1,23,245,2017-11-07 05:22:12 UTC,0,2017-11-07,5,Tue
124608,12,1,19,245,2017-11-07 05:34:24 UTC,0,2017-11-07,5,Tue
100176,15,1,19,245,2017-11-07 05:36:22 UTC,0,2017-11-07,5,Tue
59456,15,1,13,245,2017-11-07 05:41:24 UTC,0,2017-11-07,5,Tue
99181,12,1,22,245,2017-11-07 05:43:57 UTC,0,2017-11-07,5,Tue
95766,12,1,1,245,2017-11-07 05:45:04 UTC,0,2017-11-07,5,Tue
170063,15,1,3,245,2017-11-07 05:48:00 UTC,0,2017-11-07,5,Tue
178866,15,1,8,245,2017-11-07 05:49:15 UTC,0,2017-11-07,5,Tue
3811,15,1,13,245,2017-11-07 06:01:49 UTC,0,2017-11-07,6,Tue
62009,12,1,17,245,2017-11-07 06:31:59 UTC,0,2017-11-07,6,Tue
127748,12,1,19,245,2017-11-07 06:41:23 UTC,0,2017-11-07,6,Tue
68271,15,1,18,245,2017-11-07 06:42:29 UTC,0,2017-11-07,6,Tue
95766,15,1,34,245,2017-11-07 06:44:20 UTC,0,2017-11-07,6,Tue
8827,15,1,19,245,2017-11-07 06:44:53 UTC,0,2017-11-07,6,Tue
202653,15,1,19,245,2017-11-07 06:45:26 UTC,0,2017-11-07,6,Tue
151507,12,1,23,245,2017-11-07 06:47:15 UTC,0,2017-11-07,6,Tue
73487,15,1,19,245,2017-11-07 06:48:04 UTC,0,2017-11-07,6,Tue
110727,15,1,18,245,2017-11-07 06:57:44 UTC,0,2017-11-07,6,Tue
99075,15,1,23,245,2017-11-07 06:57:48 UTC,0,2017-11-07,6,Tue
1074,12,1,10,245,2017-11-07 06:59:03 UTC,0,2017-11-07,6,Tue
92327,12,1,13,245,2017-11-07 07:00:29 UTC,0,2017-11-07,7,Tue
163353,12,1,18,245,2017-11-07 07:01:53 UTC,0,2017-11-07,7,Tue
96773,15,1,13,245,2017-11-07 07:12:52 UTC,0,2017-11-07,7,Tue
190108,15,1,19,245,2017-11-07 07:21:30 UTC,0,2017-11-07,7,Tue
93162,15,1,19,245,2017-11-07 07:34:07 UTC,0,2017-11-07,7,Tue
38653,15,1,19,245,2017-11-07 07:48:07 UTC,0,2017-11-07,7,Tue
48337,12,1,13,245,2017-11-07 07:49:10 UTC,0,2017-11-07,7,Tue
8391,12,1,28,245,2017-11-07 07:51:30 UTC,0,2017-11-07,7,Tue
79909,12,1,23,245,2017-11-07 07:59:49 UTC,0,2017-11-07,7,Tue
1909,15,1,13,245,2017-11-07 08:12:31 UTC,0,2017-11-07,8,Tue
66305,12,1,13,245,2017-11-07 08:35:52 UTC,0,2017-11-07,8,Tue
111438,15,1,13,245,2017-11-07 08:41:05 UTC,0,2017-11-07,8,Tue
112418,15,1,13,245,2017-11-07 08:41:20 UTC,0,2017-11-07,8,Tue
56448,15,1,18,245,2017-11-07 08:51:09 UTC,0,2017-11-07,8,Tue
201438,12,1,19,245,2017-11-07 08:52:32 UTC,0,2017-11-07,8,Tue
198173,15,1,13,245,2017-11-07 08:57:22 UTC,0,2017-11-07,8,Tue
21021,15,1,20,245,2017-11-07 08:58:38 UTC,0,2017-11-07,8,Tue
10265,15,1,9,245,2017-11-07 08:58:45 UTC,0,2017-11-07,8,Tue
19124,15,1,20,245,2017-11-07 09:04:26 UTC,0,2017-11-07,9,Tue
65792,12,1,18,245,2017-11-07 09:09:24 UTC,0,2017-11-07,9,Tue
150129,12,1,13,245,2017-11-07 09:27:03 UTC,0,2017-11-07,9,Tue
73516,15,1,35,245,2017-11-07 09:40:55 UTC,0,2017-11-07,9,Tue
77050,12,1,13,245,2017-11-07 09:52:05 UTC,0,2017-11-07,9,Tue
16464,15,1,13,245,2017-11-07 10:15:00 UTC,0,2017-11-07,10,Tue
19507,12,1,13,245,2017-11-07 10:16:07 UTC,0,2017-11-07,10,Tue
54203,12,1,20,245,2017-11-07 10:29:05 UTC,0,2017-11-07,10,Tue
15225,15,1,11,245,2017-11-07 10:35:36 UTC,0,2017-11-07,10,Tue
18837,12,1,15,245,2017-11-07 10:39:51 UTC,0,2017-11-07,10,Tue
107571,12,1,19,245,2017-11-07 11:01:30 UTC,0,2017-11-07,11,Tue
77355,15,1,19,245,2017-11-07 11:02:02 UTC,0,2017-11-07,11,Tue
150484,15,1,11,245,2017-11-07 11:19:48 UTC,0,2017-11-07,11,Tue
157047,12,1,25,245,2017-11-07 11:20:39 UTC,0,2017-11-07,11,Tue
30443,15,1,13,245,2017-11-07 11:21:31 UTC,0,2017-11-07,11,Tue
439,15,1,32,245,2017-11-07 11:41:15 UTC,0,2017-11-07,11,Tue
22758,15,1,8,245,2017-11-07 11:44:53 UTC,0,2017-11-07,11,Tue
182081,15,1,19,245,2017-11-07 11:51:43 UTC,0,2017-11-07,11,Tue
89981,15,1,20,245,2017-11-07 11:59:14 UTC,0,2017-11-07,11,Tue
119929,12,1,19,245,2017-11-07 12:05:42 UTC,0,2017-11-07,12,Tue
199172,12,1,19,245,2017-11-07 12:12:25 UTC,0,2017-11-07,12,Tue
835,15,2,97,245,2017-11-07 12:15:15 UTC,0,2017-11-07,12,Tue
106040,12,1,18,245,2017-11-07 12:15:35 UTC,0,2017-11-07,12,Tue
49652,15,2,13,245,2017-11-07 12:23:22 UTC,0,2017-11-07,12,Tue
29403,15,1,17,245,2017-11-07 12:26:59 UTC,0,2017-11-07,12,Tue
34380,15,1,13,245,2017-11-07 12:33:19 UTC,0,2017-11-07,12,Tue
169013,15,1,13,245,2017-11-07 12:39:25 UTC,0,2017-11-07,12,Tue
15696,12,1,20,245,2017-11-07 12:39:57 UTC,0,2017-11-07,12,Tue
168318,15,1,22,245,2017-11-07 12:43:03 UTC,0,2017-11-07,12,Tue
33694,12,1,6,245,2017-11-07 12:51:31 UTC,0,2017-11-07,12,Tue
56298,12,1,19,245,2017-11-07 13:08:15 UTC,0,2017-11-07,13,Tue
119473,15,1,11,245,2017-11-07 13:11:05 UTC,0,2017-11-07,13,Tue
12874,15,1,35,245,2017-11-07 13:17:28 UTC,0,2017-11-07,13,Tue
110426,15,1,13,245,2017-11-07 13:18:33 UTC,0,2017-11-07,13,Tue
14973,15,1,13,245,2017-11-07 13:20:40 UTC,0,2017-11-07,13,Tue
40631,15,1,19,245,2017-11-07 13:40:33 UTC,0,2017-11-07,13,Tue
187146,12,1,20,245,2017-11-07 13:45:41 UTC,0,2017-11-07,13,Tue
139206,15,1,19,245,2017-11-07 13:53:47 UTC,0,2017-11-07,13,Tue
88856,12,1,19,245,2017-11-07 13:56:07 UTC,0,2017-11-07,13,Tue
37515,15,1,19,245,2017-11-07 14:06:11 UTC,0,2017-11-07,14,Tue
105140,15,1,18,245,2017-11-07 14:06:37 UTC,0,2017-11-07,14,Tue
73839,15,1,19,245,2017-11-07 14:06:53 UTC,0,2017-11-07,14,Tue
160220,12,1,26,245,2017-11-07 14:16:55 UTC,0,2017-11-07,14,Tue
111251,15,1,49,245,2017-11-07 14:22:30 UTC,0,2017-11-07,14,Tue
26888,15,1,13,245,2017-11-07 14:31:07 UTC,0,2017-11-07,14,Tue
175837,12,1,19,245,2017-11-07 14:31:34 UTC,0,2017-11-07,14,Tue
121475,12,1,13,245,2017-11-07 14:37:27 UTC,0,2017-11-07,14,Tue
146575,12,1,13,245,2017-11-07 14:38:16 UTC,0,2017-11-07,14,Tue
79827,15,1,18,245,2017-11-07 14:48:18 UTC,0,2017-11-07,14,Tue
69196,15,1,19,245,2017-11-07 14:50:34 UTC,0,2017-11-07,14,Tue
92648,12,1,13,245,2017-11-07 14:53:06 UTC,0,2017-11-07,14,Tue
196,15,1,11,245,2017-11-07 15:01:25 UTC,0,2017-11-07,15,Tue
27705,15,1,19,245,2017-11-07 15:04:49 UTC,0,2017-11-07,15,Tue
171221,15,1,32,245,2017-11-07 15:07:11 UTC,0,2017-11-07,15,Tue
163311,12,1,6,245,2017-11-07 15:08:38 UTC,0,2017-11-07,15,Tue
126786,15,1,53,245,2017-11-07 15:16:22 UTC,0,2017-11-07,15,Tue
2511,15,1,18,245,2017-11-07 15:20:03 UTC,0,2017-11-07,15,Tue
1074,12,2,49,245,2017-11-07 15:20:20 UTC,0,2017-11-07,15,Tue
48671,12,1,6,245,2017-11-07 15:21:43 UTC,0,2017-11-07,15,Tue
41666,15,1,19,245,2017-11-07 15:23:50 UTC,0,2017-11-07,15,Tue
39338,12,1,19,245,2017-11-07 15:26:05 UTC,0,2017-11-07,15,Tue
32395,15,1,19,245,2017-11-07 15:29:43 UTC,0,2017-11-07,15,Tue
42313,15,1,13,245,2017-11-07 15:30:00 UTC,0,2017-11-07,15,Tue
17380,12,1,32,245,2017-11-07 15:31:54 UTC,0,2017-11-07,15,Tue
85072,15,1,10,245,2017-11-07 15:33:31 UTC,0,2017-11-07,15,Tue
98510,12,2,13,245,2017-11-07 15:34:48 UTC,0,2017-11-07,15,Tue
27406,12,1,13,245,2017-11-07 15:37:00 UTC,0,2017-11-07,15,Tue
1104,12,1,53,245,2017-11-07 15:43:38 UTC,0,2017-11-07,15,Tue
41106,15,1,13,245,2017-11-07 15:44:13 UTC,0,2017-11-07,15,Tue
81736,15,1,19,245,2017-11-07 15:47:38 UTC,0,2017-11-07,15,Tue
206406,15,1,19,245,2017-11-07 15:53:11 UTC,0,2017-11-07,15,Tue
44067,12,1,13,245,2017-11-07 15:54:08 UTC,0,2017-11-07,15,Tue
51347,12,1,32,245,2017-11-07 15:55:35 UTC,0,2017-11-07,15,Tue
74061,12,1,19,245,2017-11-07 15:56:35 UTC,0,2017-11-07,15,Tue
53715,15,1,16,245,2017-11-07 15:57:03 UTC,0,2017-11-07,15,Tue
43855,15,1,19,245,2017-11-07 16:01:00 UTC,0,2017-11-07,16,Tue
84728,15,1,13,245,2017-11-07 16:01:32 UTC,0,2017-11-07,16,Tue
9925,15,1,13,245,2017-11-07 16:02:02 UTC,0,2017-11-07,16,Tue
50482,15,1,19,245,2017-11-07 16:03:03 UTC,0,2017-11-07,16,Tue
75539,12,1,26,245,2017-11-07 16:04:20 UTC,0,2017-11-07,16,Tue
38050,12,1,19,245,2017-11-07 16:08:00 UTC,0,2017-11-07,16,Tue
28131,15,1,13,245,2017-11-07 16:10:06 UTC,0,2017-11-07,16,Tue
925,15,1,13,245,2017-11-07 16:14:24 UTC,0,2017-11-07,16,Tue
110095,12,1,19,245,2017-11-07 16:21:34 UTC,0,2017-11-07,16,Tue
4405,15,1,13,245,2017-11-07 16:25:02 UTC,0,2017-11-07,16,Tue
87000,15,1,35,245,2017-11-07 16:25:31 UTC,0,2017-11-07,16,Tue
101951,15,1,53,245,2017-11-07 16:26:16 UTC,0,2017-11-07,16,Tue
4489,12,1,19,245,2017-11-07 16:34:56 UTC,0,2017-11-07,16,Tue
197271,12,1,19,245,2017-11-07 16:35:55 UTC,0,2017-11-07,16,Tue
261776,12,1,19,245,2017-11-07 16:38:47 UTC,0,2017-11-07,16,Tue
138561,15,1,19,245,2017-11-07 16:42:13 UTC,0,2017-11-07,16,Tue
63624,12,1,16,245,2017-11-07 16:50:37 UTC,0,2017-11-07,16,Tue
239518,15,1,19,245,2017-11-07 16:53:01 UTC,0,2017-11-07,16,Tue
245237,12,1,13,245,2017-11-07 16:53:05 UTC,0,2017-11-07,16,Tue
78446,15,1,19,245,2017-11-07 16:57:52 UTC,0,2017-11-07,16,Tue
125062,15,1,8,245,2017-11-07 17:22:32 UTC,0,2017-11-07,17,Tue
110880,12,1,13,245,2017-11-07 17:29:44 UTC,0,2017-11-07,17,Tue
270379,15,1,19,245,2017-11-07 17:34:14 UTC,0,2017-11-07,17,Tue
16067,12,1,19,245,2017-11-07 17:59:27 UTC,0,2017-11-07,17,Tue
13597,12,1,22,245,2017-11-07 18:05:37 UTC,0,2017-11-07,18,Tue
160887,15,1,13,245,2017-11-07 18:09:54 UTC,0,2017-11-07,18,Tue
62083,15,1,13,245,2017-11-07 18:10:06 UTC,0,2017-11-07,18,Tue
226237,12,1,13,245,2017-11-07 18:24:01 UTC,0,2017-11-07,18,Tue
39049,15,1,13,245,2017-11-07 18:25:33 UTC,0,2017-11-07,18,Tue
56754,15,1,27,245,2017-11-07 18:29:41 UTC,0,2017-11-07,18,Tue
91006,15,1,25,245,2017-11-07 18:30:03 UTC,0,2017-11-07,18,Tue
15114,15,1,53,245,2017-11-07 18:31:46 UTC,0,2017-11-07,18,Tue
55032,15,1,36,245,2017-11-07 18:55:15 UTC,0,2017-11-07,18,Tue
108329,15,1,22,245,2017-11-07 19:08:42 UTC,0,2017-11-07,19,Tue
105606,15,1,16,245,2017-11-07 19:28:41 UTC,0,2017-11-07,19,Tue
54722,12,1,11,245,2017-11-07 20:39:34 UTC,0,2017-11-07,20,Tue
194117,15,1,18,245,2017-11-07 21:24:05 UTC,0,2017-11-07,21,Tue
77048,15,1,19,245,2017-11-07 22:20:57 UTC,0,2017-11-07,22,Tue
122207,12,1,19,245,2017-11-07 22:23:04 UTC,0,2017-11-07,22,Tue
52710,15,1,13,245,2017-11-07 22:24:26 UTC,0,2017-11-07,22,Tue
266393,15,1,19,245,2017-11-07 22:38:25 UTC,0,2017-11-07,22,Tue
105714,15,1,6,245,2017-11-07 22:41:25 UTC,0,2017-11-07,22,Tue
225617,15,1,35,245,2017-11-07 22:41:58 UTC,0,2017-11-07,22,Tue
209663,15,1,13,245,2017-11-07 22:59:40 UTC,0,2017-11-07,22,Tue
111976,12,1,19,245,2017-11-07 23:06:00 UTC,0,2017-11-07,23,Tue
38163,12,1,13,245,2017-11-07 23:08:09 UTC,0,2017-11-07,23,Tue
69856,15,1,32,245,2017-11-07 23:12:31 UTC,0,2017-11-07,23,Tue
112139,12,2,49,245,2017-11-07 23:35:43 UTC,0,2017-11-07,23,Tue
8356,12,1,19,245,2017-11-07 23:39:39 UTC,0,2017-11-07,23,Tue
49431,12,1,13,245,2017-11-07 23:41:04 UTC,0,2017-11-07,23,Tue
98635,12,1,35,245,2017-11-07 23:52:33 UTC,0,2017-11-07,23,Tue
39209,15,1,19,245,2017-11-07 23:55:31 UTC,0,2017-11-07,23,Tue
15565,12,1,20,245,2017-11-08 00:04:36 UTC,0,2017-11-08,0,Wed
42103,12,1,22,245,2017-11-08 00:07:02 UTC,0,2017-11-08,0,Wed
34768,12,1,19,245,2017-11-08 00:14:52 UTC,0,2017-11-08,0,Wed
19452,12,1,16,245,2017-11-08 00:21:53 UTC,0,2017-11-08,0,Wed
109147,15,1,19,245,2017-11-08 00:33:31 UTC,0,2017-11-08,0,Wed
28140,15,1,19,245,2017-11-08 00:52:25 UTC,0,2017-11-08,0,Wed
263183,12,1,9,245,2017-11-08 01:08:51 UTC,0,2017-11-08,1,Wed
124526,15,1,17,245,2017-11-08 01:15:38 UTC,0,2017-11-08,1,Wed
5912,15,1,19,245,2017-11-08 01:23:37 UTC,0,2017-11-08,1,Wed
72538,15,1,13,245,2017-11-08 01:30:09 UTC,0,2017-11-08,1,Wed
100203,12,1,25,245,2017-11-08 01:31:53 UTC,0,2017-11-08,1,Wed
73487,12,1,19,245,2017-11-08 01:36:36 UTC,0,2017-11-08,1,Wed
25980,12,1,19,245,2017-11-08 01:40:01 UTC,0,2017-11-08,1,Wed
73278,15,1,19,245,2017-11-08 01:45:45 UTC,0,2017-11-08,1,Wed
96922,15,1,19,245,2017-11-08 02:15:02 UTC,0,2017-11-08,2,Wed
100042,15,1,19,245,2017-11-08 02:20:12 UTC,0,2017-11-08,2,Wed
268343,15,1,19,245,2017-11-08 02:32:29 UTC,0,2017-11-08,2,Wed
121026,15,1,15,245,2017-11-08 02:34:48 UTC,0,2017-11-08,2,Wed
22170,15,1,9,245,2017-11-08 02:34:51 UTC,0,2017-11-08,2,Wed
167733,12,1,16,245,2017-11-08 02:50:31 UTC,0,2017-11-08,2,Wed
75634,12,1,19,245,2017-11-08 02:52:35 UTC,0,2017-11-08,2,Wed
280467,15,1,13,245,2017-11-08 02:54:54 UTC,0,2017-11-08,2,Wed
90766,15,1,23,245,2017-11-08 03:00:54 UTC,0,2017-11-08,3,Wed
10445,12,1,6,245,2017-11-08 03:34:11 UTC,0,2017-11-08,3,Wed
83660,15,1,13,245,2017-11-08 03:39:09 UTC,0,2017-11-08,3,Wed
135306,15,1,19,245,2017-11-08 03:40:22 UTC,0,2017-11-08,3,Wed
228982,15,1,4,245,2017-11-08 03:43:48 UTC,0,2017-11-08,3,Wed
113357,15,1,23,245,2017-11-08 03:45:00 UTC,0,2017-11-08,3,Wed
92092,15,1,22,245,2017-11-08 03:49:52 UTC,0,2017-11-08,3,Wed
52024,12,1,15,245,2017-11-08 03:51:18 UTC,0,2017-11-08,3,Wed
14617,12,1,13,245,2017-11-08 03:51:45 UTC,0,2017-11-08,3,Wed
92506,15,1,22,245,2017-11-08 03:53:13 UTC,0,2017-11-08,3,Wed
58097,15,1,13,245,2017-11-08 03:53:29 UTC,0,2017-11-08,3,Wed
4052,15,2,19,245,2017-11-08 04:04:02 UTC,0,2017-11-08,4,Wed
35757,15,1,13,245,2017-11-08 04:04:50 UTC,0,2017-11-08,4,Wed
15367,15,1,19,245,2017-11-08 04:04:53 UTC,0,2017-11-08,4,Wed
41203,15,1,19,245,2017-11-08 04:10:33 UTC,0,2017-11-08,4,Wed
208308,12,1,19,245,2017-11-08 04:20:02 UTC,0,2017-11-08,4,Wed
80084,12,1,20,245,2017-11-08 04:21:39 UTC,0,2017-11-08,4,Wed
30463,15,1,19,245,2017-11-08 04:42:04 UTC,0,2017-11-08,4,Wed
90891,15,1,13,245,2017-11-08 04:47:25 UTC,0,2017-11-08,4,Wed
107488,15,1,8,245,2017-11-08 04:54:26 UTC,0,2017-11-08,4,Wed
5147,15,1,16,245,2017-11-08 04:55:19 UTC,0,2017-11-08,4,Wed
65785,15,2,13,245,2017-11-08 05:01:29 UTC,0,2017-11-08,5,Wed
25071,12,1,13,245,2017-11-08 05:03:00 UTC,0,2017-11-08,5,Wed
65555,12,1,13,245,2017-11-08 05:19:03 UTC,0,2017-11-08,5,Wed
3279,12,1,19,245,2017-11-08 05:20:07 UTC,0,2017-11-08,5,Wed
125175,15,1,19,245,2017-11-08 05:24:54 UTC,0,2017-11-08,5,Wed
108341,12,1,18,245,2017-11-08 05:35:47 UTC,0,2017-11-08,5,Wed
69449,12,1,13,245,2017-11-08 05:38:13 UTC,0,2017-11-08,5,Wed
236339,15,1,17,245,2017-11-08 05:52:12 UTC,0,2017-11-08,5,Wed
239540,12,1,13,245,2017-11-08 05:57:29 UTC,0,2017-11-08,5,Wed
16993,15,1,11,245,2017-11-08 06:01:53 UTC,0,2017-11-08,6,Wed
283045,15,1,16,245,2017-11-08 06:12:50 UTC,0,2017-11-08,6,Wed
36938,15,1,19,245,2017-11-08 06:16:34 UTC,0,2017-11-08,6,Wed
150579,15,1,17,245,2017-11-08 06:17:52 UTC,0,2017-11-08,6,Wed
121091,12,1,22,245,2017-11-08 06:28:22 UTC,0,2017-11-08,6,Wed
60271,12,1,19,245,2017-11-08 06:48:56 UTC,0,2017-11-08,6,Wed
111324,15,1,18,245,2017-11-08 06:56:49 UTC,0,2017-11-08,6,Wed
13639,15,1,20,245,2017-11-08 06:59:15 UTC,0,2017-11-08,6,Wed
120056,12,1,8,245,2017-11-08 07:21:16 UTC,0,2017-11-08,7,Wed
68776,12,1,27,245,2017-11-08 07:28:12 UTC,0,2017-11-08,7,Wed
220858,12,1,47,245,2017-11-08 07:39:46 UTC,0,2017-11-08,7,Wed
90855,15,1,6,245,2017-11-08 07:41:08 UTC,0,2017-11-08,7,Wed
163168,12,1,13,245,2017-11-08 07:43:08 UTC,0,2017-11-08,7,Wed
77813,15,1,14,245,2017-11-08 08:09:27 UTC,0,2017-11-08,8,Wed
39248,12,1,13,245,2017-11-08 08:25:11 UTC,0,2017-11-08,8,Wed
239518,15,1,18,245,2017-11-08 08:31:36 UTC,0,2017-11-08,8,Wed
120194,15,1,10,245,2017-11-08 08:36:45 UTC,0,2017-11-08,8,Wed
102511,12,1,20,245,2017-11-08 09:27:28 UTC,0,2017-11-08,9,Wed
107954,12,1,18,245,2017-11-08 09:33:49 UTC,0,2017-11-08,9,Wed
209663,12,2,19,245,2017-11-08 09:50:27 UTC,0,2017-11-08,9,Wed
160869,15,1,41,245,2017-11-08 09:58:32 UTC,0,2017-11-08,9,Wed
216665,12,1,13,245,2017-11-08 10:18:51 UTC,0,2017-11-08,10,Wed
67772,12,1,41,245,2017-11-08 10:19:56 UTC,0,2017-11-08,10,Wed
63188,15,1,19,245,2017-11-08 10:42:39 UTC,0,2017-11-08,10,Wed
65598,12,1,19,245,2017-11-08 10:44:50 UTC,0,2017-11-08,10,Wed
43793,15,1,13,245,2017-11-08 10:45:22 UTC,0,2017-11-08,10,Wed
76178,12,1,28,245,2017-11-08 10:52:35 UTC,0,2017-11-08,10,Wed
74515,15,1,17,245,2017-11-08 10:55:44 UTC,0,2017-11-08,10,Wed
103147,15,1,13,245,2017-11-08 11:12:56 UTC,0,2017-11-08,11,Wed
160058,15,1,23,245,2017-11-08 11:12:57 UTC,0,2017-11-08,11,Wed
66437,12,1,19,245,2017-11-08 11:17:38 UTC,0,2017-11-08,11,Wed
81514,15,1,41,245,2017-11-08 11:20:41 UTC,0,2017-11-08,11,Wed
44410,12,1,23,245,2017-11-08 11:30:24 UTC,0,2017-11-08,11,Wed
21245,15,1,19,245,2017-11-08 11:37:11 UTC,0,2017-11-08,11,Wed
17946,12,1,13,245,2017-11-08 11:54:32 UTC,0,2017-11-08,11,Wed
83713,12,1,17,245,2017-11-08 11:55:39 UTC,0,2017-11-08,11,Wed
73516,15,2,77,245,2017-11-08 11:58:25 UTC,0,2017-11-08,11,Wed
69070,15,1,13,245,2017-11-08 12:15:59 UTC,0,2017-11-08,12,Wed
39517,12,1,13,245,2017-11-08 12:50:31 UTC,0,2017-11-08,12,Wed
4486,15,1,31,245,2017-11-08 12:56:13 UTC,0,2017-11-08,12,Wed
72951,12,1,14,245,2017-11-08 13:01:39 UTC,0,2017-11-08,13,Wed
90948,12,1,18,245,2017-11-08 13:25:52 UTC,0,2017-11-08,13,Wed
26814,15,1,11,245,2017-11-08 13:37:19 UTC,0,2017-11-08,13,Wed
27132,12,1,13,245,2017-11-08 13:40:26 UTC,0,2017-11-08,13,Wed
100571,15,1,19,245,2017-11-08 13:46:02 UTC,0,2017-11-08,13,Wed
109676,12,1,22,245,2017-11-08 13:47:16 UTC,0,2017-11-08,13,Wed
45083,15,1,28,245,2017-11-08 13:48:24 UTC,0,2017-11-08,13,Wed
94448,12,1,19,245,2017-11-08 13:48:55 UTC,0,2017-11-08,13,Wed
214686,15,1,15,245,2017-11-08 13:49:19 UTC,0,2017-11-08,13,Wed
81398,15,1,27,245,2017-11-08 13:59:16 UTC,0,2017-11-08,13,Wed
45929,12,1,19,245,2017-11-08 13:59:34 UTC,0,2017-11-08,13,Wed
64619,15,1,3,245,2017-11-08 14:03:53 UTC,0,2017-11-08,14,Wed
10797,15,1,6,245,2017-11-08 14:05:59 UTC,0,2017-11-08,14,Wed
140338,15,1,8,245,2017-11-08 14:07:34 UTC,0,2017-11-08,14,Wed
138561,12,1,13,245,2017-11-08 14:08:49 UTC,0,2017-11-08,14,Wed
33008,15,1,19,245,2017-11-08 14:15:45 UTC,0,2017-11-08,14,Wed
225640,12,1,47,245,2017-11-08 14:16:25 UTC,0,2017-11-08,14,Wed
3332,12,1,22,245,2017-11-08 14:22:00 UTC,0,2017-11-08,14,Wed
16775,12,1,13,245,2017-11-08 14:23:25 UTC,0,2017-11-08,14,Wed
99927,12,1,12,245,2017-11-08 14:23:37 UTC,0,2017-11-08,14,Wed
52043,15,1,19,245,2017-11-08 14:27:09 UTC,0,2017-11-08,14,Wed
4295,15,2,15,245,2017-11-08 14:27:14 UTC,0,2017-11-08,14,Wed
259617,15,1,18,245,2017-11-08 14:29:09 UTC,0,2017-11-08,14,Wed
391,12,1,28,245,2017-11-08 14:32:09 UTC,0,2017-11-08,14,Wed
105433,12,1,19,245,2017-11-08 14:32:21 UTC,0,2017-11-08,14,Wed
60854,15,1,19,245,2017-11-08 14:35:37 UTC,0,2017-11-08,14,Wed
84774,15,1,32,245,2017-11-08 14:50:11 UTC,0,2017-11-08,14,Wed
72204,15,1,10,245,2017-11-08 14:50:30 UTC,0,2017-11-08,14,Wed
118190,15,1,70,245,2017-11-08 14:54:25 UTC,0,2017-11-08,14,Wed
38604,15,1,13,245,2017-11-08 14:55:07 UTC,0,2017-11-08,14,Wed
89447,12,1,19,245,2017-11-08 14:57:27 UTC,0,2017-11-08,14,Wed
100275,15,1,18,245,2017-11-08 15:05:10 UTC,0,2017-11-08,15,Wed
37628,15,1,13,245,2017-11-08 15:08:10 UTC,0,2017-11-08,15,Wed
53795,12,1,6,245,2017-11-08 15:14:58 UTC,0,2017-11-08,15,Wed
109674,15,1,37,245,2017-11-08 15:16:23 UTC,0,2017-11-08,15,Wed
4653,12,1,19,245,2017-11-08 15:19:13 UTC,0,2017-11-08,15,Wed
172469,15,1,16,245,2017-11-08 15:19:58 UTC,0,2017-11-08,15,Wed
57519,12,1,10,245,2017-11-08 15:23:55 UTC,0,2017-11-08,15,Wed
5201,12,1,18,245,2017-11-08 15:29:29 UTC,0,2017-11-08,15,Wed
24905,15,1,53,245,2017-11-08 15:31:37 UTC,0,2017-11-08,15,Wed
48057,15,1,25,245,2017-11-08 15:31:51 UTC,0,2017-11-08,15,Wed
188452,12,1,13,245,2017-11-08 15:42:34 UTC,0,2017-11-08,15,Wed
95766,12,1,19,245,2017-11-08 15:52:04 UTC,0,2017-11-08,15,Wed
7707,15,1,13,245,2017-11-08 15:53:26 UTC,0,2017-11-08,15,Wed
25092,12,1,13,245,2017-11-08 15:57:16 UTC,0,2017-11-08,15,Wed
66918,15,1,19,245,2017-11-08 16:05:10 UTC,0,2017-11-08,16,Wed
99897,12,1,19,245,2017-11-08 16:12:07 UTC,0,2017-11-08,16,Wed
37255,15,1,13,245,2017-11-08 16:14:02 UTC,0,2017-11-08,16,Wed
81167,15,1,17,245,2017-11-08 16:16:44 UTC,0,2017-11-08,16,Wed
246044,15,1,13,245,2017-11-08 16:22:03 UTC,0,2017-11-08,16,Wed
75595,15,1,16,245,2017-11-08 16:24:13 UTC,0,2017-11-08,16,Wed
17289,12,1,8,245,2017-11-08 16:26:27 UTC,0,2017-11-08,16,Wed
8109,15,1,13,245,2017-11-08 16:31:52 UTC,0,2017-11-08,16,Wed
108881,15,1,17,245,2017-11-08 16:33:52 UTC,0,2017-11-08,16,Wed
98505,15,1,35,245,2017-11-08 16:36:58 UTC,0,2017-11-08,16,Wed
193812,15,1,22,245,2017-11-08 16:45:06 UTC,0,2017-11-08,16,Wed
80046,12,1,13,245,2017-11-08 16:46:17 UTC,0,2017-11-08,16,Wed
8179,12,1,41,245,2017-11-08 16:50:51 UTC,0,2017-11-08,16,Wed
119798,15,1,25,245,2017-11-08 16:59:07 UTC,0,2017-11-08,16,Wed
111025,15,1,13,245,2017-11-08 16:59:25 UTC,0,2017-11-08,16,Wed
5314,12,1,20,245,2017-11-08 17:00:11 UTC,0,2017-11-08,17,Wed
141849,15,1,25,245,2017-11-08 17:00:53 UTC,0,2017-11-08,17,Wed
34295,15,1,19,245,2017-11-08 17:16:38 UTC,0,2017-11-08,17,Wed
45870,15,1,13,245,2017-11-08 17:24:54 UTC,0,2017-11-08,17,Wed
36213,15,1,3,245,2017-11-08 17:25:04 UTC,0,2017-11-08,17,Wed
50512,15,1,13,245,2017-11-08 17:35:53 UTC,0,2017-11-08,17,Wed
52333,12,1,14,245,2017-11-08 17:42:43 UTC,0,2017-11-08,17,Wed
70280,15,1,20,245,2017-11-08 17:46:47 UTC,0,2017-11-08,17,Wed
26905,15,1,37,245,2017-11-08 18:27:46 UTC,0,2017-11-08,18,Wed
353818,15,1,19,245,2017-11-08 18:31:56 UTC,0,2017-11-08,18,Wed
119531,15,2,15,245,2017-11-08 18:44:30 UTC,0,2017-11-08,18,Wed
95766,15,1,13,245,2017-11-08 19:21:12 UTC,0,2017-11-08,19,Wed
172751,12,1,9,245,2017-11-08 19:27:36 UTC,0,2017-11-08,19,Wed
101074,15,1,13,245,2017-11-08 19:32:45 UTC,0,2017-11-08,19,Wed
20398,15,1,14,245,2017-11-08 19:41:24 UTC,0,2017-11-08,19,Wed
45793,15,1,19,245,2017-11-08 19:54:29 UTC,0,2017-11-08,19,Wed
1268,15,1,13,245,2017-11-08 19:56:40 UTC,0,2017-11-08,19,Wed
26995,12,2,19,245,2017-11-08 20:16:15 UTC,0,2017-11-08,20,Wed
67868,12,1,13,245,2017-11-08 20:32:48 UTC,0,2017-11-08,20,Wed
105606,15,1,13,245,2017-11-08 20:59:02 UTC,0,2017-11-08,20,Wed
78809,15,1,13,245,2017-11-08 21:35:00 UTC,0,2017-11-08,21,Wed
222432,15,2,65,245,2017-11-08 21:38:49 UTC,0,2017-11-08,21,Wed
126401,15,1,13,245,2017-11-08 21:55:03 UTC,0,2017-11-08,21,Wed
333337,15,1,8,245,2017-11-08 22:16:15 UTC,0,2017-11-08,22,Wed
5314,15,1,19,245,2017-11-08 22:20:02 UTC,0,2017-11-08,22,Wed
16290,15,1,18,245,2017-11-08 22:29:57 UTC,0,2017-11-08,22,Wed
106279,12,1,22,245,2017-11-08 22:52:44 UTC,0,2017-11-08,22,Wed
13177,15,1,13,245,2017-11-08 22:56:08 UTC,0,2017-11-08,22,Wed
19225,15,1,13,245,2017-11-08 23:09:29 UTC,0,2017-11-08,23,Wed
117898,15,2,13,245,2017-11-08 23:28:38 UTC,0,2017-11-08,23,Wed
59791,15,1,13,245,2017-11-08 23:28:49 UTC,0,2017-11-08,23,Wed
27303,15,1,18,245,2017-11-08 23:36:18 UTC,0,2017-11-08,23,Wed
68303,12,1,19,245,2017-11-08 23:45:44 UTC,0,2017-11-08,23,Wed
41261,15,1,19,245,2017-11-08 23:54:24 UTC,0,2017-11-08,23,Wed
90528,15,1,41,245,2017-11-08 23:54:52 UTC,0,2017-11-08,23,Wed
125288,12,1,20,245,2017-11-09 00:46:45 UTC,0,2017-11-09,0,Thu
8352,15,1,19,245,2017-11-09 00:47:48 UTC,0,2017-11-09,0,Thu
180823,12,1,16,245,2017-11-09 00:50:41 UTC,0,2017-11-09,0,Thu
75991,12,2,19,245,2017-11-09 00:51:32 UTC,0,2017-11-09,0,Thu
321222,15,1,19,245,2017-11-09 00:54:04 UTC,0,2017-11-09,0,Thu
79827,12,1,13,245,2017-11-09 01:04:03 UTC,0,2017-11-09,1,Thu
94214,15,1,25,245,2017-11-09 01:07:46 UTC,0,2017-11-09,1,Thu
219169,12,1,17,245,2017-11-09 01:15:50 UTC,0,2017-11-09,1,Thu
8352,15,1,19,245,2017-11-09 01:35:16 UTC,0,2017-11-09,1,Thu
89306,15,1,8,245,2017-11-09 01:35:17 UTC,0,2017-11-09,1,Thu
122820,12,1,19,245,2017-11-09 01:40:52 UTC,0,2017-11-09,1,Thu
84809,12,1,22,245,2017-11-09 01:56:13 UTC,0,2017-11-09,1,Thu
48820,15,1,26,245,2017-11-09 02:07:39 UTC,0,2017-11-09,2,Thu
35929,15,1,19,245,2017-11-09 03:07:37 UTC,0,2017-11-09,3,Thu
25009,15,2,17,245,2017-11-09 03:26:28 UTC,0,2017-11-09,3,Thu
11594,15,1,17,245,2017-11-09 03:36:08 UTC,0,2017-11-09,3,Thu
108919,12,1,19,245,2017-11-09 03:37:27 UTC,0,2017-11-09,3,Thu
100494,15,1,19,245,2017-11-09 03:39:20 UTC,0,2017-11-09,3,Thu
57295,15,1,23,245,2017-11-09 03:40:18 UTC,0,2017-11-09,3,Thu
333876,12,1,19,245,2017-11-09 04:10:28 UTC,0,2017-11-09,4,Thu
67439,12,2,9,245,2017-11-09 04:12:11 UTC,0,2017-11-09,4,Thu
226,15,1,15,245,2017-11-09 04:22:01 UTC,0,2017-11-09,4,Thu
114795,15,1,8,245,2017-11-09 04:24:25 UTC,0,2017-11-09,4,Thu
114722,12,1,22,245,2017-11-09 04:27:30 UTC,0,2017-11-09,4,Thu
31054,12,1,14,245,2017-11-09 04:33:35 UTC,0,2017-11-09,4,Thu
8492,15,1,22,245,2017-11-09 04:34:12 UTC,0,2017-11-09,4,Thu
58472,12,2,19,245,2017-11-09 04:39:16 UTC,0,2017-11-09,4,Thu
197976,12,1,19,245,2017-11-09 04:40:08 UTC,0,2017-11-09,4,Thu
119204,15,1,20,245,2017-11-09 04:41:13 UTC,0,2017-11-09,4,Thu
137878,15,1,13,245,2017-11-09 04:47:48 UTC,0,2017-11-09,4,Thu
5348,15,1,13,245,2017-11-09 04:49:25 UTC,0,2017-11-09,4,Thu
5314,12,1,19,245,2017-11-09 04:56:00 UTC,0,2017-11-09,4,Thu
91734,15,1,19,245,2017-11-09 05:02:17 UTC,0,2017-11-09,5,Thu
49193,15,1,13,245,2017-11-09 05:05:59 UTC,0,2017-11-09,5,Thu
300711,15,1,6,245,2017-11-09 05:07:46 UTC,0,2017-11-09,5,Thu
4052,12,1,10,245,2017-11-09 05:07:49 UTC,0,2017-11-09,5,Thu
98497,15,1,37,245,2017-11-09 05:10:06 UTC,0,2017-11-09,5,Thu
39020,12,1,10,245,2017-11-09 05:10:18 UTC,0,2017-11-09,5,Thu
90852,12,1,15,245,2017-11-09 05:10:58 UTC,0,2017-11-09,5,Thu
40387,15,1,22,245,2017-11-09 05:14:27 UTC,0,2017-11-09,5,Thu
43827,15,1,10,245,2017-11-09 05:18:31 UTC,0,2017-11-09,5,Thu
28611,12,1,13,245,2017-11-09 05:20:19 UTC,0,2017-11-09,5,Thu
137052,15,1,17,245,2017-11-09 05:21:25 UTC,0,2017-11-09,5,Thu
10527,15,1,19,245,2017-11-09 05:22:39 UTC,0,2017-11-09,5,Thu
50752,12,2,13,245,2017-11-09 05:22:57 UTC,0,2017-11-09,5,Thu
80634,15,1,13,245,2017-11-09 05:31:54 UTC,0,2017-11-09,5,Thu
44458,15,1,30,245,2017-11-09 05:33:08 UTC,0,2017-11-09,5,Thu
79213,15,1,19,245,2017-11-09 05:37:40 UTC,0,2017-11-09,5,Thu
5178,15,1,18,245,2017-11-09 05:51:17 UTC,0,2017-11-09,5,Thu
50087,15,1,9,245,2017-11-09 05:55:49 UTC,0,2017-11-09,5,Thu
5147,15,1,3,245,2017-11-09 05:59:46 UTC,0,2017-11-09,5,Thu
116987,15,1,8,245,2017-11-09 06:17:57 UTC,0,2017-11-09,6,Thu
49602,15,1,19,245,2017-11-09 06:20:38 UTC,0,2017-11-09,6,Thu
160734,12,1,41,245,2017-11-09 06:31:38 UTC,0,2017-11-09,6,Thu
116066,15,1,13,245,2017-11-09 07:03:07 UTC,0,2017-11-09,7,Thu
162296,15,1,8,245,2017-11-09 07:06:44 UTC,0,2017-11-09,7,Thu
44222,15,1,19,245,2017-11-09 07:07:44 UTC,0,2017-11-09,7,Thu
38265,15,1,10,245,2017-11-09 13:26:24 UTC,0,2017-11-09,13,Thu
22346,12,1,8,245,2017-11-09 14:49:51 UTC,0,2017-11-09,14,Thu
76765,15,1,19,245,2017-11-09 15:08:21 UTC,0,2017-11-09,15,Thu
24905,15,1,1,245,2017-11-09 15:35:33 UTC,0,2017-11-09,15,Thu
51719,12,1,13,245,2017-11-09 15:54:25 UTC,0,2017-11-09,15,Thu
226358,9,1,25,253,2017-11-08 01:22:38 UTC,0,2017-11-08,1,Wed
4414,9,1,14,253,2017-11-08 02:12:35 UTC,0,2017-11-08,2,Wed
78672,9,1,37,253,2017-11-08 02:17:02 UTC,0,2017-11-08,2,Wed
76718,9,1,13,258,2017-11-06 16:50:41 UTC,0,2017-11-06,16,Mon
13034,2,1,30,258,2017-11-06 17:51:32 UTC,0,2017-11-06,17,Mon
7884,2,1,22,258,2017-11-06 23:43:30 UTC,0,2017-11-06,23,Mon
40342,2,1,13,258,2017-11-07 00:28:28 UTC,0,2017-11-07,0,Tue
34911,9,1,19,258,2017-11-07 00:34:51 UTC,0,2017-11-07,0,Tue
67441,2,1,19,258,2017-11-07 01:03:22 UTC,0,2017-11-07,1,Tue
58472,9,1,13,258,2017-11-07 02:00:21 UTC,0,2017-11-07,2,Tue
144897,9,1,19,258,2017-11-07 03:12:15 UTC,0,2017-11-07,3,Tue
3994,9,2,86,258,2017-11-07 03:45:52 UTC,0,2017-11-07,3,Tue
6750,2,1,19,258,2017-11-07 09:14:21 UTC,0,2017-11-07,9,Tue
37301,9,1,27,258,2017-11-07 10:24:35 UTC,0,2017-11-07,10,Tue
55410,2,1,17,258,2017-11-07 13:07:35 UTC,0,2017-11-07,13,Tue
163707,9,2,19,258,2017-11-07 13:16:59 UTC,0,2017-11-07,13,Tue
3641,9,1,19,258,2017-11-07 15:29:13 UTC,0,2017-11-07,15,Tue
61348,9,1,20,258,2017-11-07 16:01:12 UTC,0,2017-11-07,16,Tue
130629,9,1,13,258,2017-11-07 16:21:30 UTC,0,2017-11-07,16,Tue
5348,9,2,13,258,2017-11-07 16:41:15 UTC,0,2017-11-07,16,Tue
252426,2,1,11,258,2017-11-07 23:18:07 UTC,0,2017-11-07,23,Tue
252710,9,1,22,258,2017-11-08 00:06:38 UTC,0,2017-11-08,0,Wed
167134,2,1,11,258,2017-11-08 02:11:21 UTC,0,2017-11-08,2,Wed
71809,2,1,19,258,2017-11-08 03:55:15 UTC,0,2017-11-08,3,Wed
53408,2,1,13,258,2017-11-08 04:46:38 UTC,0,2017-11-08,4,Wed
32457,9,1,13,258,2017-11-08 05:18:48 UTC,0,2017-11-08,5,Wed
117930,9,1,9,258,2017-11-08 06:11:16 UTC,0,2017-11-08,6,Wed
30626,2,1,20,258,2017-11-08 06:13:05 UTC,0,2017-11-08,6,Wed
93486,9,1,19,258,2017-11-08 06:47:08 UTC,0,2017-11-08,6,Wed
20967,2,1,19,258,2017-11-08 06:59:48 UTC,0,2017-11-08,6,Wed
32226,2,1,15,258,2017-11-08 07:08:37 UTC,0,2017-11-08,7,Wed
64268,9,1,19,258,2017-11-08 08:45:33 UTC,0,2017-11-08,8,Wed
104512,9,1,10,258,2017-11-08 10:00:17 UTC,0,2017-11-08,10,Wed
29540,9,1,13,258,2017-11-08 10:37:19 UTC,0,2017-11-08,10,Wed
234872,9,1,13,258,2017-11-08 11:02:48 UTC,0,2017-11-08,11,Wed
67754,2,2,19,258,2017-11-08 12:44:50 UTC,0,2017-11-08,12,Wed
77809,9,1,13,258,2017-11-08 13:21:56 UTC,0,2017-11-08,13,Wed
18869,9,1,13,258,2017-11-08 14:39:42 UTC,0,2017-11-08,14,Wed
105534,9,1,19,258,2017-11-08 14:51:16 UTC,0,2017-11-08,14,Wed
70532,9,1,13,258,2017-11-08 15:15:47 UTC,0,2017-11-08,15,Wed
37118,9,1,13,258,2017-11-08 17:17:27 UTC,0,2017-11-08,17,Wed
8401,9,2,36,258,2017-11-08 22:14:47 UTC,0,2017-11-08,22,Wed
80446,9,1,19,258,2017-11-08 23:00:50 UTC,0,2017-11-08,23,Wed
78599,2,1,19,258,2017-11-08 23:38:17 UTC,0,2017-11-08,23,Wed
26184,9,1,19,258,2017-11-09 02:00:12 UTC,0,2017-11-09,2,Thu
5348,2,1,13,258,2017-11-09 03:26:13 UTC,0,2017-11-09,3,Thu
52881,9,1,19,258,2017-11-09 04:35:56 UTC,0,2017-11-09,4,Thu
117033,9,1,13,258,2017-11-09 04:44:46 UTC,0,2017-11-09,4,Thu
82816,2,1,19,258,2017-11-09 04:58:27 UTC,0,2017-11-09,4,Thu
27151,9,1,19,258,2017-11-09 06:04:51 UTC,0,2017-11-09,6,Thu
306414,9,1,19,258,2017-11-09 09:27:39 UTC,0,2017-11-09,9,Thu
167693,9,1,19,258,2017-11-09 10:15:07 UTC,0,2017-11-09,10,Thu
317412,9,1,4,258,2017-11-09 11:05:04 UTC,0,2017-11-09,11,Thu
92289,9,1,16,258,2017-11-09 12:49:58 UTC,0,2017-11-09,12,Thu
101074,9,2,55,258,2017-11-09 12:50:10 UTC,0,2017-11-09,12,Thu
9844,9,2,18,258,2017-11-09 14:12:32 UTC,0,2017-11-09,14,Thu
125726,20,1,22,259,2017-11-06 16:04:49 UTC,0,2017-11-06,16,Mon
53769,12,1,28,259,2017-11-06 16:06:34 UTC,0,2017-11-06,16,Mon
106362,20,2,18,259,2017-11-06 16:16:14 UTC,0,2017-11-06,16,Mon
45060,12,1,18,259,2017-11-06 16:16:18 UTC,0,2017-11-06,16,Mon
14074,12,1,3,259,2017-11-06 16:21:57 UTC,0,2017-11-06,16,Mon
100275,25,1,3,259,2017-11-06 16:24:22 UTC,0,2017-11-06,16,Mon
75489,25,1,6,259,2017-11-06 16:41:13 UTC,0,2017-11-06,16,Mon
30720,12,1,19,259,2017-11-06 16:52:52 UTC,0,2017-11-06,16,Mon
172506,20,1,19,259,2017-11-06 17:28:57 UTC,0,2017-11-06,17,Mon
86277,12,1,13,259,2017-11-06 18:02:21 UTC,0,2017-11-06,18,Mon
100806,12,1,6,259,2017-11-06 19:55:21 UTC,0,2017-11-06,19,Mon
23907,12,1,13,259,2017-11-06 19:59:35 UTC,0,2017-11-06,19,Mon
84635,12,1,13,259,2017-11-06 20:07:47 UTC,0,2017-11-06,20,Mon
78950,12,1,19,259,2017-11-06 22:11:34 UTC,0,2017-11-06,22,Mon
118367,12,1,15,259,2017-11-06 22:49:01 UTC,0,2017-11-06,22,Mon
92673,12,1,19,259,2017-11-06 22:59:56 UTC,0,2017-11-06,22,Mon
104512,25,1,19,259,2017-11-06 23:20:58 UTC,0,2017-11-06,23,Mon
57000,20,2,22,259,2017-11-06 23:26:57 UTC,0,2017-11-06,23,Mon
23674,12,2,19,259,2017-11-06 23:44:02 UTC,0,2017-11-06,23,Mon
69196,15,1,25,259,2017-11-06 23:47:40 UTC,0,2017-11-06,23,Mon
58254,25,1,22,259,2017-11-06 23:51:04 UTC,0,2017-11-06,23,Mon
8408,12,1,13,259,2017-11-07 00:04:00 UTC,0,2017-11-07,0,Tue
172697,12,1,6,259,2017-11-07 00:07:14 UTC,0,2017-11-07,0,Tue
104468,25,1,22,259,2017-11-07 00:30:06 UTC,0,2017-11-07,0,Tue
84972,8,1,13,259,2017-11-07 00:57:15 UTC,0,2017-11-07,0,Tue
149535,8,1,25,259,2017-11-07 01:04:29 UTC,0,2017-11-07,1,Tue
96940,12,1,13,259,2017-11-07 01:12:12 UTC,0,2017-11-07,1,Tue
78150,25,1,19,259,2017-11-07 01:20:45 UTC,0,2017-11-07,1,Tue
87970,12,1,18,259,2017-11-07 01:31:22 UTC,0,2017-11-07,1,Tue
12505,20,1,17,259,2017-11-07 01:37:35 UTC,0,2017-11-07,1,Tue
210972,20,1,13,259,2017-11-07 01:42:29 UTC,0,2017-11-07,1,Tue
149458,25,1,13,259,2017-11-07 02:05:42 UTC,0,2017-11-07,2,Tue
36340,12,1,17,259,2017-11-07 02:08:08 UTC,0,2017-11-07,2,Tue
46382,12,1,12,259,2017-11-07 02:09:20 UTC,0,2017-11-07,2,Tue
151574,25,1,13,259,2017-11-07 03:01:27 UTC,0,2017-11-07,3,Tue
193406,12,1,19,259,2017-11-07 03:10:16 UTC,0,2017-11-07,3,Tue
123872,8,2,49,259,2017-11-07 03:12:27 UTC,0,2017-11-07,3,Tue
33306,20,1,9,259,2017-11-07 03:15:24 UTC,0,2017-11-07,3,Tue
159945,12,1,8,259,2017-11-07 03:17:00 UTC,0,2017-11-07,3,Tue
87073,12,1,52,259,2017-11-07 03:37:35 UTC,0,2017-11-07,3,Tue
78473,25,1,13,259,2017-11-07 03:53:12 UTC,0,2017-11-07,3,Tue
25041,12,1,18,259,2017-11-07 04:19:49 UTC,0,2017-11-07,4,Tue
111931,25,1,22,259,2017-11-07 04:30:55 UTC,0,2017-11-07,4,Tue
118190,25,1,22,259,2017-11-07 04:56:22 UTC,0,2017-11-07,4,Tue
90605,25,1,19,259,2017-11-07 04:59:30 UTC,0,2017-11-07,4,Tue
51131,25,1,19,259,2017-11-07 05:05:21 UTC,0,2017-11-07,5,Tue
111145,12,1,18,259,2017-11-07 05:15:15 UTC,0,2017-11-07,5,Tue
95946,12,1,31,259,2017-11-07 05:22:28 UTC,0,2017-11-07,5,Tue
85154,12,1,17,259,2017-11-07 05:37:03 UTC,0,2017-11-07,5,Tue
80714,20,1,17,259,2017-11-07 05:38:48 UTC,0,2017-11-07,5,Tue
191691,25,1,19,259,2017-11-07 05:47:27 UTC,0,2017-11-07,5,Tue
48170,12,2,18,259,2017-11-07 05:51:19 UTC,0,2017-11-07,5,Tue
102990,25,1,17,259,2017-11-07 05:54:35 UTC,0,2017-11-07,5,Tue
74617,25,1,12,259,2017-11-07 06:03:41 UTC,0,2017-11-07,6,Tue
106493,12,1,13,259,2017-11-07 06:06:11 UTC,0,2017-11-07,6,Tue
111517,25,1,18,259,2017-11-07 06:17:28 UTC,0,2017-11-07,6,Tue
5387,12,1,19,259,2017-11-07 06:18:10 UTC,0,2017-11-07,6,Tue
125222,25,1,41,259,2017-11-07 06:22:22 UTC,0,2017-11-07,6,Tue
80388,25,1,9,259,2017-11-07 06:37:03 UTC,0,2017-11-07,6,Tue
147678,20,1,19,259,2017-11-07 06:37:23 UTC,0,2017-11-07,6,Tue
5348,20,2,79,259,2017-11-07 07:12:07 UTC,0,2017-11-07,7,Tue
69595,8,1,13,259,2017-11-07 07:13:50 UTC,0,2017-11-07,7,Tue
110168,25,1,3,259,2017-11-07 07:17:49 UTC,0,2017-11-07,7,Tue
99897,12,1,42,259,2017-11-07 07:32:33 UTC,0,2017-11-07,7,Tue
84488,20,1,17,259,2017-11-07 07:40:46 UTC,0,2017-11-07,7,Tue
37774,12,1,19,259,2017-11-07 08:13:55 UTC,0,2017-11-07,8,Tue
4393,8,1,22,259,2017-11-07 08:32:13 UTC,0,2017-11-07,8,Tue
212004,12,1,13,259,2017-11-07 08:39:09 UTC,0,2017-11-07,8,Tue
50869,20,2,42,259,2017-11-07 08:42:48 UTC,0,2017-11-07,8,Tue
100224,25,1,20,259,2017-11-07 08:43:02 UTC,0,2017-11-07,8,Tue
121728,12,1,23,259,2017-11-07 08:45:03 UTC,0,2017-11-07,8,Tue
88744,20,1,19,259,2017-11-07 08:46:15 UTC,0,2017-11-07,8,Tue
76211,12,1,19,259,2017-11-07 09:05:04 UTC,0,2017-11-07,9,Tue
121108,25,1,10,259,2017-11-07 09:16:41 UTC,0,2017-11-07,9,Tue
47243,12,1,18,259,2017-11-07 09:20:57 UTC,0,2017-11-07,9,Tue
48170,20,1,19,259,2017-11-07 09:23:42 UTC,0,2017-11-07,9,Tue
92749,12,1,13,259,2017-11-07 09:26:01 UTC,0,2017-11-07,9,Tue
46923,25,1,13,259,2017-11-07 09:28:03 UTC,0,2017-11-07,9,Tue
32453,12,1,10,259,2017-11-07 09:43:44 UTC,0,2017-11-07,9,Tue
88964,12,1,18,259,2017-11-07 09:58:15 UTC,0,2017-11-07,9,Tue
36557,20,1,19,259,2017-11-07 10:21:41 UTC,0,2017-11-07,10,Tue
57849,8,2,28,259,2017-11-07 10:41:51 UTC,0,2017-11-07,10,Tue
53025,12,1,17,259,2017-11-07 10:50:38 UTC,0,2017-11-07,10,Tue
42869,25,1,16,259,2017-11-07 10:51:09 UTC,0,2017-11-07,10,Tue
118146,12,1,22,259,2017-11-07 10:52:21 UTC,0,2017-11-07,10,Tue
14909,20,1,25,259,2017-11-07 10:53:11 UTC,0,2017-11-07,10,Tue
85150,12,2,27,259,2017-11-07 10:53:27 UTC,0,2017-11-07,10,Tue
50867,25,1,13,259,2017-11-07 10:57:47 UTC,0,2017-11-07,10,Tue
3093,8,1,25,259,2017-11-07 11:00:58 UTC,0,2017-11-07,11,Tue
75799,12,1,19,259,2017-11-07 11:02:47 UTC,0,2017-11-07,11,Tue
106511,12,2,19,259,2017-11-07 11:12:49 UTC,0,2017-11-07,11,Tue
77612,12,1,11,259,2017-11-07 11:16:52 UTC,0,2017-11-07,11,Tue
1881,8,1,19,259,2017-11-07 11:26:01 UTC,0,2017-11-07,11,Tue
81812,12,1,10,259,2017-11-07 11:35:10 UTC,0,2017-11-07,11,Tue
97151,12,1,19,259,2017-11-07 11:42:52 UTC,0,2017-11-07,11,Tue
110574,12,1,15,259,2017-11-07 11:46:02 UTC,0,2017-11-07,11,Tue
138245,25,1,25,259,2017-11-07 11:46:43 UTC,0,2017-11-07,11,Tue
167895,12,1,37,259,2017-11-07 11:47:22 UTC,0,2017-11-07,11,Tue
4784,25,1,14,259,2017-11-07 11:50:17 UTC,0,2017-11-07,11,Tue
39083,12,1,8,259,2017-11-07 11:50:42 UTC,0,2017-11-07,11,Tue
69710,25,1,37,259,2017-11-07 11:52:31 UTC,0,2017-11-07,11,Tue
93054,12,1,8,259,2017-11-07 12:01:43 UTC,0,2017-11-07,12,Tue
89782,12,1,23,259,2017-11-07 12:03:49 UTC,0,2017-11-07,12,Tue
16453,25,2,9,259,2017-11-07 12:04:12 UTC,0,2017-11-07,12,Tue
72666,20,1,8,259,2017-11-07 12:10:46 UTC,0,2017-11-07,12,Tue
16984,25,1,11,259,2017-11-07 12:11:08 UTC,0,2017-11-07,12,Tue
209929,25,1,13,259,2017-11-07 12:15:41 UTC,0,2017-11-07,12,Tue
75489,15,1,58,259,2017-11-07 12:27:04 UTC,0,2017-11-07,12,Tue
195332,25,1,15,259,2017-11-07 12:46:10 UTC,0,2017-11-07,12,Tue
182483,12,1,13,259,2017-11-07 13:04:59 UTC,0,2017-11-07,13,Tue
44229,12,1,10,259,2017-11-07 13:21:25 UTC,0,2017-11-07,13,Tue
92673,12,1,30,259,2017-11-07 13:24:30 UTC,0,2017-11-07,13,Tue
29436,25,1,3,259,2017-11-07 13:34:28 UTC,0,2017-11-07,13,Tue
149500,20,2,42,259,2017-11-07 14:20:44 UTC,0,2017-11-07,14,Tue
23878,12,1,18,259,2017-11-07 14:27:04 UTC,0,2017-11-07,14,Tue
25097,12,1,17,259,2017-11-07 14:33:24 UTC,0,2017-11-07,14,Tue
90953,12,1,9,259,2017-11-07 14:37:07 UTC,0,2017-11-07,14,Tue
20021,20,1,35,259,2017-11-07 14:43:31 UTC,0,2017-11-07,14,Tue
98380,25,1,9,259,2017-11-07 14:45:33 UTC,0,2017-11-07,14,Tue
9419,20,1,20,259,2017-11-07 14:49:41 UTC,0,2017-11-07,14,Tue
104991,12,1,23,259,2017-11-07 14:57:39 UTC,0,2017-11-07,14,Tue
34208,25,1,9,259,2017-11-07 15:08:07 UTC,0,2017-11-07,15,Tue
24271,12,1,19,259,2017-11-07 15:14:00 UTC,0,2017-11-07,15,Tue
115837,20,1,13,259,2017-11-07 15:18:10 UTC,0,2017-11-07,15,Tue
17930,8,1,19,259,2017-11-07 15:22:43 UTC,0,2017-11-07,15,Tue
179344,15,1,20,259,2017-11-07 15:44:12 UTC,0,2017-11-07,15,Tue
108913,25,1,37,259,2017-11-07 15:59:54 UTC,0,2017-11-07,15,Tue
87459,20,1,22,259,2017-11-07 16:32:42 UTC,0,2017-11-07,16,Tue
64054,20,2,20,259,2017-11-07 16:41:38 UTC,0,2017-11-07,16,Tue
190177,20,1,13,259,2017-11-07 16:44:21 UTC,0,2017-11-07,16,Tue
201182,25,1,19,259,2017-11-07 16:45:26 UTC,0,2017-11-07,16,Tue
112806,20,2,19,259,2017-11-07 17:28:32 UTC,0,2017-11-07,17,Tue
65971,25,1,13,259,2017-11-07 17:46:12 UTC,0,2017-11-07,17,Tue
1611,12,1,19,259,2017-11-07 17:51:51 UTC,0,2017-11-07,17,Tue
46482,20,2,19,259,2017-11-07 18:00:17 UTC,0,2017-11-07,18,Tue
31732,20,2,19,259,2017-11-07 18:51:13 UTC,0,2017-11-07,18,Tue
106524,12,1,18,259,2017-11-07 19:39:56 UTC,0,2017-11-07,19,Tue
92766,8,1,27,259,2017-11-07 20:28:13 UTC,0,2017-11-07,20,Tue
133301,25,1,13,259,2017-11-07 21:00:02 UTC,0,2017-11-07,21,Tue
208047,8,1,17,259,2017-11-07 21:20:41 UTC,0,2017-11-07,21,Tue
60725,12,2,13,259,2017-11-07 21:51:29 UTC,0,2017-11-07,21,Tue
116355,12,1,19,259,2017-11-07 22:19:48 UTC,0,2017-11-07,22,Tue
271500,20,1,19,259,2017-11-07 22:40:13 UTC,0,2017-11-07,22,Tue
202993,25,1,22,259,2017-11-07 23:14:18 UTC,0,2017-11-07,23,Tue
40342,12,1,9,259,2017-11-08 00:25:49 UTC,0,2017-11-08,0,Wed
26726,12,1,13,259,2017-11-08 00:31:31 UTC,0,2017-11-08,0,Wed
114220,25,1,13,259,2017-11-08 01:04:53 UTC,0,2017-11-08,1,Wed
185800,12,1,23,259,2017-11-08 01:12:46 UTC,0,2017-11-08,1,Wed
23908,25,1,41,259,2017-11-08 01:18:08 UTC,0,2017-11-08,1,Wed
75436,25,1,13,259,2017-11-08 01:46:42 UTC,0,2017-11-08,1,Wed
58529,25,1,32,259,2017-11-08 02:13:07 UTC,0,2017-11-08,2,Wed
2850,12,1,31,259,2017-11-08 02:22:05 UTC,0,2017-11-08,2,Wed
88723,25,2,9,259,2017-11-08 02:42:06 UTC,0,2017-11-08,2,Wed
232890,20,1,26,259,2017-11-08 02:44:03 UTC,0,2017-11-08,2,Wed
47980,12,1,25,259,2017-11-08 02:53:56 UTC,0,2017-11-08,2,Wed
53889,12,1,13,259,2017-11-08 03:44:31 UTC,0,2017-11-08,3,Wed
48004,20,1,16,259,2017-11-08 03:44:41 UTC,0,2017-11-08,3,Wed
109743,12,2,19,259,2017-11-08 03:59:20 UTC,0,2017-11-08,3,Wed
200436,12,1,23,259,2017-11-08 04:42:34 UTC,0,2017-11-08,4,Wed
72166,12,1,20,259,2017-11-08 05:10:31 UTC,0,2017-11-08,5,Wed
37490,12,1,9,259,2017-11-08 06:15:33 UTC,0,2017-11-08,6,Wed
90588,12,1,9,259,2017-11-08 06:20:23 UTC,0,2017-11-08,6,Wed
122046,25,1,20,259,2017-11-08 06:23:05 UTC,0,2017-11-08,6,Wed
22244,12,1,16,259,2017-11-08 06:43:58 UTC,0,2017-11-08,6,Wed
40494,12,1,13,259,2017-11-08 07:28:53 UTC,0,2017-11-08,7,Wed
63033,20,1,10,259,2017-11-08 08:03:49 UTC,0,2017-11-08,8,Wed
84916,12,1,13,259,2017-11-08 08:17:14 UTC,0,2017-11-08,8,Wed
34472,12,1,20,259,2017-11-08 08:34:46 UTC,0,2017-11-08,8,Wed
15616,25,1,35,259,2017-11-08 08:36:15 UTC,0,2017-11-08,8,Wed
25028,25,1,13,259,2017-11-08 08:56:59 UTC,0,2017-11-08,8,Wed
107968,25,1,19,259,2017-11-08 09:02:16 UTC,0,2017-11-08,9,Wed
625,12,1,13,259,2017-11-08 09:19:24 UTC,0,2017-11-08,9,Wed
50588,25,1,3,259,2017-11-08 10:09:55 UTC,0,2017-11-08,10,Wed
34057,12,1,23,259,2017-11-08 10:17:46 UTC,0,2017-11-08,10,Wed
99895,12,1,19,259,2017-11-08 10:28:21 UTC,0,2017-11-08,10,Wed
149748,25,1,26,259,2017-11-08 10:32:18 UTC,0,2017-11-08,10,Wed
124045,12,1,20,259,2017-11-08 10:45:26 UTC,0,2017-11-08,10,Wed
259489,12,1,13,259,2017-11-08 10:48:24 UTC,0,2017-11-08,10,Wed
64620,25,1,27,259,2017-11-08 11:02:19 UTC,0,2017-11-08,11,Wed
43827,20,1,19,259,2017-11-08 11:18:27 UTC,0,2017-11-08,11,Wed
69395,12,1,13,259,2017-11-08 11:25:44 UTC,0,2017-11-08,11,Wed
273598,20,1,19,259,2017-11-08 11:31:47 UTC,0,2017-11-08,11,Wed
42384,25,1,42,259,2017-11-08 11:32:03 UTC,0,2017-11-08,11,Wed
79528,12,1,13,259,2017-11-08 11:32:26 UTC,0,2017-11-08,11,Wed
86402,12,1,1,259,2017-11-08 12:13:11 UTC,0,2017-11-08,12,Wed
30564,25,2,13,259,2017-11-08 12:15:12 UTC,0,2017-11-08,12,Wed
283408,25,1,23,259,2017-11-08 12:29:28 UTC,0,2017-11-08,12,Wed
73978,12,1,23,259,2017-11-08 12:49:17 UTC,0,2017-11-08,12,Wed
9795,12,1,37,259,2017-11-08 13:00:05 UTC,0,2017-11-08,13,Wed
114379,25,1,8,259,2017-11-08 13:03:53 UTC,0,2017-11-08,13,Wed
133103,25,1,41,259,2017-11-08 13:13:36 UTC,0,2017-11-08,13,Wed
242383,20,1,13,259,2017-11-08 13:14:58 UTC,0,2017-11-08,13,Wed
202750,25,1,41,259,2017-11-08 13:24:52 UTC,0,2017-11-08,13,Wed
190183,12,1,19,259,2017-11-08 13:32:14 UTC,0,2017-11-08,13,Wed
93021,12,1,19,259,2017-11-08 13:45:25 UTC,0,2017-11-08,13,Wed
54895,25,1,6,259,2017-11-08 13:45:53 UTC,0,2017-11-08,13,Wed
93383,20,1,13,259,2017-11-08 13:46:36 UTC,0,2017-11-08,13,Wed
110589,25,1,13,259,2017-11-08 13:57:23 UTC,0,2017-11-08,13,Wed
62688,25,1,19,259,2017-11-08 13:58:29 UTC,0,2017-11-08,13,Wed
94906,12,1,41,259,2017-11-08 14:01:07 UTC,0,2017-11-08,14,Wed
17149,12,2,9,259,2017-11-08 14:06:50 UTC,0,2017-11-08,14,Wed
180419,8,1,13,259,2017-11-08 14:10:25 UTC,0,2017-11-08,14,Wed
5348,12,1,13,259,2017-11-08 14:13:57 UTC,0,2017-11-08,14,Wed
65785,12,1,35,259,2017-11-08 14:15:21 UTC,0,2017-11-08,14,Wed
49602,20,1,25,259,2017-11-08 14:18:51 UTC,0,2017-11-08,14,Wed
73487,12,1,19,259,2017-11-08 14:28:18 UTC,0,2017-11-08,14,Wed
5178,12,1,31,259,2017-11-08 14:36:10 UTC,0,2017-11-08,14,Wed
124024,12,1,32,259,2017-11-08 15:03:36 UTC,0,2017-11-08,15,Wed
75520,8,2,53,259,2017-11-08 15:06:05 UTC,0,2017-11-08,15,Wed
73210,20,1,19,259,2017-11-08 15:13:27 UTC,0,2017-11-08,15,Wed
13886,12,1,13,259,2017-11-08 15:17:21 UTC,0,2017-11-08,15,Wed
2538,20,1,22,259,2017-11-08 15:25:05 UTC,0,2017-11-08,15,Wed
37565,12,1,22,259,2017-11-08 15:35:28 UTC,0,2017-11-08,15,Wed
81896,12,1,23,259,2017-11-08 15:51:18 UTC,0,2017-11-08,15,Wed
201182,20,2,32,259,2017-11-08 16:10:29 UTC,0,2017-11-08,16,Wed
103019,20,1,22,259,2017-11-08 16:10:47 UTC,0,2017-11-08,16,Wed
199552,20,1,1,259,2017-11-08 17:05:39 UTC,0,2017-11-08,17,Wed
62879,20,2,18,259,2017-11-08 17:06:00 UTC,0,2017-11-08,17,Wed
112806,20,2,19,259,2017-11-08 17:07:13 UTC,0,2017-11-08,17,Wed
90655,25,1,3,259,2017-11-08 17:54:23 UTC,0,2017-11-08,17,Wed
40067,20,1,13,259,2017-11-08 19:28:13 UTC,0,2017-11-08,19,Wed
117722,12,1,19,259,2017-11-08 22:10:47 UTC,0,2017-11-08,22,Wed
85107,20,1,19,259,2017-11-08 22:32:39 UTC,0,2017-11-08,22,Wed
8401,25,1,9,259,2017-11-08 22:47:09 UTC,0,2017-11-08,22,Wed
53929,20,1,17,259,2017-11-08 22:54:08 UTC,0,2017-11-08,22,Wed
51992,12,1,19,259,2017-11-08 23:09:24 UTC,0,2017-11-08,23,Wed
92878,12,1,15,259,2017-11-08 23:15:58 UTC,0,2017-11-08,23,Wed
46266,20,2,18,259,2017-11-08 23:17:48 UTC,0,2017-11-08,23,Wed
24865,12,1,18,259,2017-11-08 23:32:04 UTC,0,2017-11-08,23,Wed
180105,12,1,46,259,2017-11-08 23:44:28 UTC,0,2017-11-08,23,Wed
103097,20,1,19,259,2017-11-08 23:58:10 UTC,0,2017-11-08,23,Wed
90509,20,2,13,259,2017-11-09 00:50:26 UTC,0,2017-11-09,0,Thu
107748,25,1,30,259,2017-11-09 01:14:07 UTC,0,2017-11-09,1,Thu
301960,12,1,13,259,2017-11-09 01:23:41 UTC,0,2017-11-09,1,Thu
153499,12,1,13,259,2017-11-09 01:29:17 UTC,0,2017-11-09,1,Thu
99944,12,1,41,259,2017-11-09 02:06:17 UTC,0,2017-11-09,2,Thu
17629,25,1,13,259,2017-11-09 02:20:31 UTC,0,2017-11-09,2,Thu
112064,12,1,13,259,2017-11-09 02:38:34 UTC,0,2017-11-09,2,Thu
89232,12,1,13,259,2017-11-09 02:58:41 UTC,0,2017-11-09,2,Thu
59361,12,1,19,259,2017-11-09 03:12:22 UTC,0,2017-11-09,3,Thu
41147,12,1,13,259,2017-11-09 03:25:22 UTC,0,2017-11-09,3,Thu
60355,12,1,23,259,2017-11-09 04:21:55 UTC,0,2017-11-09,4,Thu
5314,20,1,25,259,2017-11-09 04:31:01 UTC,0,2017-11-09,4,Thu
61178,12,1,9,259,2017-11-09 04:55:50 UTC,0,2017-11-09,4,Thu
93587,25,1,19,259,2017-11-09 05:04:19 UTC,0,2017-11-09,5,Thu
79981,12,1,39,259,2017-11-09 05:09:22 UTC,0,2017-11-09,5,Thu
39546,12,1,19,259,2017-11-09 05:31:28 UTC,0,2017-11-09,5,Thu
149030,20,1,9,259,2017-11-09 06:05:35 UTC,0,2017-11-09,6,Thu
26108,12,2,19,259,2017-11-09 07:00:13 UTC,0,2017-11-09,7,Thu
316348,20,1,10,259,2017-11-09 07:02:55 UTC,0,2017-11-09,7,Thu
40423,12,1,23,259,2017-11-09 07:03:34 UTC,0,2017-11-09,7,Thu
106437,12,1,23,259,2017-11-09 07:19:06 UTC,0,2017-11-09,7,Thu
44150,12,1,19,259,2017-11-09 08:17:56 UTC,0,2017-11-09,8,Thu
127628,12,1,13,259,2017-11-09 08:33:05 UTC,0,2017-11-09,8,Thu
4714,25,1,26,259,2017-11-09 08:41:49 UTC,0,2017-11-09,8,Thu
59692,12,1,13,259,2017-11-09 08:52:57 UTC,0,2017-11-09,8,Thu
166433,12,1,15,259,2017-11-09 10:00:32 UTC,0,2017-11-09,10,Thu
74252,12,1,53,259,2017-11-09 10:13:25 UTC,0,2017-11-09,10,Thu
85150,12,2,73,259,2017-11-09 10:21:26 UTC,0,2017-11-09,10,Thu
48587,25,2,5,259,2017-11-09 10:25:24 UTC,0,2017-11-09,10,Thu
7318,12,1,9,259,2017-11-09 10:25:47 UTC,0,2017-11-09,10,Thu
207838,12,1,39,259,2017-11-09 10:44:25 UTC,0,2017-11-09,10,Thu
125222,20,2,17,259,2017-11-09 10:50:22 UTC,0,2017-11-09,10,Thu
181458,12,1,16,259,2017-11-09 10:52:45 UTC,0,2017-11-09,10,Thu
93587,12,1,32,259,2017-11-09 10:54:16 UTC,0,2017-11-09,10,Thu
118400,25,1,97,259,2017-11-09 11:02:18 UTC,0,2017-11-09,11,Thu
215353,12,1,11,259,2017-11-09 11:11:27 UTC,0,2017-11-09,11,Thu
251823,20,1,18,259,2017-11-09 11:43:59 UTC,0,2017-11-09,11,Thu
72357,25,1,17,259,2017-11-09 11:46:21 UTC,0,2017-11-09,11,Thu
26826,12,1,13,259,2017-11-09 11:47:27 UTC,0,2017-11-09,11,Thu
99887,25,1,22,259,2017-11-09 12:35:13 UTC,0,2017-11-09,12,Thu
26726,12,1,13,259,2017-11-09 12:35:26 UTC,0,2017-11-09,12,Thu
95766,25,1,13,259,2017-11-09 12:45:04 UTC,0,2017-11-09,12,Thu
119349,12,1,41,259,2017-11-09 12:49:27 UTC,0,2017-11-09,12,Thu
47313,25,2,9,259,2017-11-09 13:03:19 UTC,0,2017-11-09,13,Thu
5449,25,1,17,259,2017-11-09 13:06:43 UTC,0,2017-11-09,13,Thu
85188,12,1,18,259,2017-11-09 13:14:05 UTC,0,2017-11-09,13,Thu
10558,25,1,22,259,2017-11-09 13:32:44 UTC,0,2017-11-09,13,Thu
78672,25,1,13,259,2017-11-09 13:38:43 UTC,0,2017-11-09,13,Thu
121028,20,1,17,259,2017-11-09 13:39:15 UTC,0,2017-11-09,13,Thu
37763,8,2,53,259,2017-11-09 13:41:16 UTC,0,2017-11-09,13,Thu
108324,12,1,19,259,2017-11-09 13:48:29 UTC,0,2017-11-09,13,Thu
231612,12,1,13,259,2017-11-09 13:50:29 UTC,0,2017-11-09,13,Thu
346590,25,2,17,259,2017-11-09 13:55:52 UTC,0,2017-11-09,13,Thu
60752,12,1,19,259,2017-11-09 13:57:20 UTC,0,2017-11-09,13,Thu
119626,20,1,15,259,2017-11-09 14:06:33 UTC,0,2017-11-09,14,Thu
116708,12,1,19,259,2017-11-09 14:12:40 UTC,0,2017-11-09,14,Thu
107155,20,2,15,259,2017-11-09 14:21:06 UTC,0,2017-11-09,14,Thu
73516,12,1,17,259,2017-11-09 14:33:13 UTC,0,2017-11-09,14,Thu
37892,25,1,47,259,2017-11-09 14:54:02 UTC,0,2017-11-09,14,Thu
245978,12,1,25,259,2017-11-09 15:00:26 UTC,0,2017-11-09,15,Thu
42149,12,1,19,259,2017-11-09 15:12:27 UTC,0,2017-11-09,15,Thu
112682,12,1,17,259,2017-11-09 15:14:47 UTC,0,2017-11-09,15,Thu
14792,12,1,19,259,2017-11-09 15:34:18 UTC,0,2017-11-09,15,Thu
7813,12,1,14,259,2017-11-09 15:43:41 UTC,0,2017-11-09,15,Thu
162469,20,1,13,259,2017-11-09 15:48:49 UTC,0,2017-11-09,15,Thu
31959,12,1,19,259,2017-11-09 15:50:23 UTC,0,2017-11-09,15,Thu
167607,12,1,16,265,2017-11-06 16:25:11 UTC,0,2017-11-06,16,Mon
100042,12,1,13,265,2017-11-06 16:46:25 UTC,0,2017-11-06,16,Mon
23130,12,1,19,265,2017-11-06 17:19:17 UTC,0,2017-11-06,17,Mon
69886,12,1,6,265,2017-11-06 17:19:46 UTC,0,2017-11-06,17,Mon
28183,12,1,19,265,2017-11-06 17:42:54 UTC,0,2017-11-06,17,Mon
47962,12,1,13,265,2017-11-06 21:00:22 UTC,0,2017-11-06,21,Mon
30636,12,1,13,265,2017-11-06 22:21:30 UTC,0,2017-11-06,22,Mon
5286,15,1,13,265,2017-11-06 22:31:40 UTC,0,2017-11-06,22,Mon
17329,12,1,18,265,2017-11-06 22:36:12 UTC,0,2017-11-06,22,Mon
69034,12,1,13,265,2017-11-06 22:43:05 UTC,0,2017-11-06,22,Mon
121278,15,1,13,265,2017-11-06 23:39:54 UTC,0,2017-11-06,23,Mon
193994,15,1,28,265,2017-11-06 23:43:31 UTC,0,2017-11-06,23,Mon
5313,12,1,9,265,2017-11-07 00:10:11 UTC,0,2017-11-07,0,Tue
172960,15,1,19,265,2017-11-07 00:23:01 UTC,0,2017-11-07,0,Tue
183284,12,1,13,265,2017-11-07 00:41:31 UTC,0,2017-11-07,0,Tue
113865,12,1,13,265,2017-11-07 00:42:08 UTC,0,2017-11-07,0,Tue
71295,12,1,19,265,2017-11-07 00:48:02 UTC,0,2017-11-07,0,Tue
173264,12,1,13,265,2017-11-07 00:48:10 UTC,0,2017-11-07,0,Tue
143129,12,1,19,265,2017-11-07 00:49:36 UTC,0,2017-11-07,0,Tue
71532,12,1,19,265,2017-11-07 00:55:04 UTC,0,2017-11-07,0,Tue
144604,12,2,13,265,2017-11-07 01:15:07 UTC,0,2017-11-07,1,Tue
93021,12,1,19,265,2017-11-07 01:23:56 UTC,0,2017-11-07,1,Tue
132992,12,1,13,265,2017-11-07 01:36:57 UTC,0,2017-11-07,1,Tue
109770,15,1,9,265,2017-11-07 01:44:05 UTC,0,2017-11-07,1,Tue
2210,15,1,13,265,2017-11-07 02:39:31 UTC,0,2017-11-07,2,Tue
42237,12,1,13,265,2017-11-07 03:03:01 UTC,0,2017-11-07,3,Tue
40022,12,2,22,265,2017-11-07 03:04:12 UTC,0,2017-11-07,3,Tue
171738,15,1,13,265,2017-11-07 03:19:45 UTC,0,2017-11-07,3,Tue
48094,12,1,15,265,2017-11-07 03:20:06 UTC,0,2017-11-07,3,Tue
106883,12,1,19,265,2017-11-07 03:22:09 UTC,0,2017-11-07,3,Tue
122736,15,1,37,265,2017-11-07 03:36:43 UTC,0,2017-11-07,3,Tue
132620,12,1,19,265,2017-11-07 03:46:41 UTC,0,2017-11-07,3,Tue
94093,12,1,53,265,2017-11-07 04:00:57 UTC,0,2017-11-07,4,Tue
120112,12,1,19,265,2017-11-07 04:10:23 UTC,0,2017-11-07,4,Tue
18788,12,1,19,265,2017-11-07 04:21:27 UTC,0,2017-11-07,4,Tue
115975,15,1,17,265,2017-11-07 04:22:38 UTC,0,2017-11-07,4,Tue
59182,15,1,22,265,2017-11-07 04:32:54 UTC,0,2017-11-07,4,Tue
176732,12,1,19,265,2017-11-07 04:43:26 UTC,0,2017-11-07,4,Tue
15926,15,1,4,265,2017-11-07 04:45:10 UTC,0,2017-11-07,4,Tue
81714,12,1,37,265,2017-11-07 04:50:35 UTC,0,2017-11-07,4,Tue
192879,15,1,19,265,2017-11-07 04:50:49 UTC,0,2017-11-07,4,Tue
139753,12,1,19,265,2017-11-07 05:00:34 UTC,0,2017-11-07,5,Tue
65863,12,1,37,265,2017-11-07 05:15:29 UTC,0,2017-11-07,5,Tue
7595,15,1,41,265,2017-11-07 05:18:19 UTC,0,2017-11-07,5,Tue
81121,12,1,18,265,2017-11-07 05:40:40 UTC,0,2017-11-07,5,Tue
6568,15,1,11,265,2017-11-07 05:51:11 UTC,0,2017-11-07,5,Tue
23723,15,1,13,265,2017-11-07 06:04:58 UTC,0,2017-11-07,6,Tue
127254,12,1,20,265,2017-11-07 06:06:12 UTC,0,2017-11-07,6,Tue
109995,12,1,19,265,2017-11-07 06:11:48 UTC,0,2017-11-07,6,Tue
129385,12,1,19,265,2017-11-07 06:22:10 UTC,0,2017-11-07,6,Tue
22387,12,1,10,265,2017-11-07 06:30:45 UTC,0,2017-11-07,6,Tue
131991,12,1,13,265,2017-11-07 06:49:56 UTC,0,2017-11-07,6,Tue
28010,12,1,13,265,2017-11-07 06:52:43 UTC,0,2017-11-07,6,Tue
27838,15,1,19,265,2017-11-07 06:58:40 UTC,0,2017-11-07,6,Tue
33810,12,1,23,265,2017-11-07 07:18:34 UTC,0,2017-11-07,7,Tue
147482,15,1,27,265,2017-11-07 07:26:05 UTC,0,2017-11-07,7,Tue
87891,12,1,13,265,2017-11-07 07:36:23 UTC,0,2017-11-07,7,Tue
98622,15,1,18,265,2017-11-07 07:56:22 UTC,0,2017-11-07,7,Tue
179907,12,1,19,265,2017-11-07 08:03:30 UTC,0,2017-11-07,8,Tue
97773,12,1,25,265,2017-11-07 08:14:57 UTC,0,2017-11-07,8,Tue
153133,15,1,13,265,2017-11-07 08:17:52 UTC,0,2017-11-07,8,Tue
100502,15,1,17,265,2017-11-07 08:30:29 UTC,0,2017-11-07,8,Tue
22266,12,1,16,265,2017-11-07 08:37:22 UTC,0,2017-11-07,8,Tue
98531,12,1,9,265,2017-11-07 08:44:59 UTC,0,2017-11-07,8,Tue
49996,15,1,19,265,2017-11-07 08:55:49 UTC,0,2017-11-07,8,Tue
27879,12,1,19,265,2017-11-07 09:09:25 UTC,0,2017-11-07,9,Tue
2153,12,1,19,265,2017-11-07 09:10:12 UTC,0,2017-11-07,9,Tue
39045,12,1,26,265,2017-11-07 09:17:31 UTC,0,2017-11-07,9,Tue
43827,12,1,17,265,2017-11-07 09:19:03 UTC,0,2017-11-07,9,Tue
113326,12,1,9,265,2017-11-07 09:42:06 UTC,0,2017-11-07,9,Tue
123994,12,1,13,265,2017-11-07 09:51:11 UTC,0,2017-11-07,9,Tue
123907,12,1,19,265,2017-11-07 10:00:09 UTC,0,2017-11-07,10,Tue
131298,12,1,19,265,2017-11-07 10:00:53 UTC,0,2017-11-07,10,Tue
87073,12,1,15,265,2017-11-07 10:08:36 UTC,0,2017-11-07,10,Tue
144643,12,1,30,265,2017-11-07 10:20:09 UTC,0,2017-11-07,10,Tue
45432,15,1,19,265,2017-11-07 10:24:09 UTC,0,2017-11-07,10,Tue
26481,12,1,17,265,2017-11-07 10:50:56 UTC,0,2017-11-07,10,Tue
6641,12,1,31,265,2017-11-07 11:16:07 UTC,0,2017-11-07,11,Tue
211936,12,1,25,265,2017-11-07 11:18:36 UTC,0,2017-11-07,11,Tue
197748,12,1,46,265,2017-11-07 11:23:28 UTC,0,2017-11-07,11,Tue
37167,12,1,53,265,2017-11-07 11:27:52 UTC,0,2017-11-07,11,Tue
36311,12,1,19,265,2017-11-07 11:32:23 UTC,0,2017-11-07,11,Tue
39018,12,1,47,265,2017-11-07 11:35:24 UTC,0,2017-11-07,11,Tue
96102,12,1,4,265,2017-11-07 11:41:23 UTC,0,2017-11-07,11,Tue
64198,12,1,16,265,2017-11-07 11:49:43 UTC,0,2017-11-07,11,Tue
34947,12,1,19,265,2017-11-07 12:10:09 UTC,0,2017-11-07,12,Tue
95006,12,1,6,265,2017-11-07 12:15:47 UTC,0,2017-11-07,12,Tue
31119,15,1,12,265,2017-11-07 12:28:37 UTC,0,2017-11-07,12,Tue
74020,12,1,13,265,2017-11-07 12:33:56 UTC,0,2017-11-07,12,Tue
73487,15,1,46,265,2017-11-07 12:40:16 UTC,0,2017-11-07,12,Tue
154155,12,1,13,265,2017-11-07 12:43:04 UTC,0,2017-11-07,12,Tue
47682,12,1,8,265,2017-11-07 12:46:51 UTC,0,2017-11-07,12,Tue
5314,12,1,13,265,2017-11-07 12:58:38 UTC,0,2017-11-07,12,Tue
80908,15,1,19,265,2017-11-07 13:00:02 UTC,0,2017-11-07,13,Tue
92108,15,1,13,265,2017-11-07 13:41:57 UTC,0,2017-11-07,13,Tue
93593,12,1,36,265,2017-11-07 13:50:20 UTC,0,2017-11-07,13,Tue
50238,15,1,53,265,2017-11-07 14:20:34 UTC,0,2017-11-07,14,Tue
104502,15,1,18,265,2017-11-07 14:23:36 UTC,0,2017-11-07,14,Tue
104978,15,1,19,265,2017-11-07 14:25:50 UTC,0,2017-11-07,14,Tue
185010,12,1,37,265,2017-11-07 14:29:46 UTC,0,2017-11-07,14,Tue
105560,12,1,6,265,2017-11-07 15:04:18 UTC,0,2017-11-07,15,Tue
114235,12,1,13,265,2017-11-07 15:05:27 UTC,0,2017-11-07,15,Tue
67237,15,1,13,265,2017-11-07 15:11:43 UTC,0,2017-11-07,15,Tue
49600,12,1,13,265,2017-11-07 15:13:07 UTC,0,2017-11-07,15,Tue
32612,12,1,13,265,2017-11-07 15:13:10 UTC,0,2017-11-07,15,Tue
7595,12,1,10,265,2017-11-07 15:16:53 UTC,0,2017-11-07,15,Tue
42297,15,1,19,265,2017-11-07 15:29:42 UTC,0,2017-11-07,15,Tue
144957,12,1,19,265,2017-11-07 15:32:55 UTC,0,2017-11-07,15,Tue
126686,12,1,16,265,2017-11-07 15:40:20 UTC,0,2017-11-07,15,Tue
23484,15,1,41,265,2017-11-07 15:55:42 UTC,0,2017-11-07,15,Tue
110002,12,1,10,265,2017-11-07 15:58:47 UTC,0,2017-11-07,15,Tue
15572,12,1,1,265,2017-11-07 16:35:45 UTC,0,2017-11-07,16,Tue
32115,12,1,17,265,2017-11-07 18:46:47 UTC,0,2017-11-07,18,Tue
9057,12,1,13,265,2017-11-07 19:06:17 UTC,0,2017-11-07,19,Tue
14416,12,1,13,265,2017-11-07 19:22:09 UTC,0,2017-11-07,19,Tue
64054,15,1,13,265,2017-11-07 22:56:04 UTC,0,2017-11-07,22,Tue
46366,12,1,13,265,2017-11-08 00:09:42 UTC,0,2017-11-08,0,Wed
3332,12,1,25,265,2017-11-08 00:12:25 UTC,0,2017-11-08,0,Wed
5348,12,2,13,265,2017-11-08 00:26:38 UTC,0,2017-11-08,0,Wed
148952,15,1,9,265,2017-11-08 00:40:11 UTC,0,2017-11-08,0,Wed
8259,12,1,14,265,2017-11-08 00:43:01 UTC,0,2017-11-08,0,Wed
118157,12,1,11,265,2017-11-08 01:14:01 UTC,0,2017-11-08,1,Wed
54986,12,1,19,265,2017-11-08 01:22:58 UTC,0,2017-11-08,1,Wed
259980,12,1,19,265,2017-11-08 01:29:41 UTC,0,2017-11-08,1,Wed
72539,12,1,19,265,2017-11-08 01:33:32 UTC,0,2017-11-08,1,Wed
101929,15,1,53,265,2017-11-08 01:50:40 UTC,0,2017-11-08,1,Wed
147,15,1,19,265,2017-11-08 02:02:46 UTC,0,2017-11-08,2,Wed
92900,12,1,18,265,2017-11-08 02:02:56 UTC,0,2017-11-08,2,Wed
33503,12,1,13,265,2017-11-08 02:04:18 UTC,0,2017-11-08,2,Wed
103831,15,1,19,265,2017-11-08 02:09:33 UTC,0,2017-11-08,2,Wed
77048,12,1,36,265,2017-11-08 02:34:34 UTC,0,2017-11-08,2,Wed
273533,12,1,19,265,2017-11-08 02:45:45 UTC,0,2017-11-08,2,Wed
34401,12,1,13,265,2017-11-08 02:58:23 UTC,0,2017-11-08,2,Wed
42245,12,1,15,265,2017-11-08 03:24:20 UTC,0,2017-11-08,3,Wed
47284,15,1,13,265,2017-11-08 03:42:32 UTC,0,2017-11-08,3,Wed
116558,12,1,17,265,2017-11-08 03:44:53 UTC,0,2017-11-08,3,Wed
56659,15,1,23,265,2017-11-08 04:01:27 UTC,0,2017-11-08,4,Wed
56257,12,1,18,265,2017-11-08 04:05:03 UTC,0,2017-11-08,4,Wed
61395,12,1,41,265,2017-11-08 04:17:29 UTC,0,2017-11-08,4,Wed
40190,12,1,19,265,2017-11-08 04:25:49 UTC,0,2017-11-08,4,Wed
116190,12,1,17,265,2017-11-08 04:52:47 UTC,0,2017-11-08,4,Wed
64756,12,1,13,265,2017-11-08 04:54:37 UTC,0,2017-11-08,4,Wed
256260,12,1,42,265,2017-11-08 05:02:10 UTC,0,2017-11-08,5,Wed
96777,12,1,17,265,2017-11-08 05:03:24 UTC,0,2017-11-08,5,Wed
32675,12,1,19,265,2017-11-08 05:09:48 UTC,0,2017-11-08,5,Wed
125934,12,1,17,265,2017-11-08 05:18:41 UTC,0,2017-11-08,5,Wed
251954,12,1,17,265,2017-11-08 05:20:33 UTC,0,2017-11-08,5,Wed
80398,12,1,31,265,2017-11-08 05:25:01 UTC,0,2017-11-08,5,Wed
106045,12,1,19,265,2017-11-08 05:26:31 UTC,0,2017-11-08,5,Wed
150215,12,1,19,265,2017-11-08 05:35:41 UTC,0,2017-11-08,5,Wed
40929,12,1,13,265,2017-11-08 05:53:09 UTC,0,2017-11-08,5,Wed
134616,12,1,27,265,2017-11-08 06:03:32 UTC,0,2017-11-08,6,Wed
47168,12,1,14,265,2017-11-08 06:30:13 UTC,0,2017-11-08,6,Wed
11221,12,1,10,265,2017-11-08 06:45:05 UTC,0,2017-11-08,6,Wed
228706,12,1,13,265,2017-11-08 07:12:18 UTC,0,2017-11-08,7,Wed
105560,15,1,11,265,2017-11-08 07:18:36 UTC,0,2017-11-08,7,Wed
95967,12,1,13,265,2017-11-08 07:35:38 UTC,0,2017-11-08,7,Wed
114276,12,1,2,265,2017-11-08 07:46:58 UTC,0,2017-11-08,7,Wed
53585,12,1,37,265,2017-11-08 08:05:44 UTC,0,2017-11-08,8,Wed
158559,12,1,10,265,2017-11-08 08:13:32 UTC,0,2017-11-08,8,Wed
83260,12,1,13,265,2017-11-08 08:33:44 UTC,0,2017-11-08,8,Wed
15218,12,1,6,265,2017-11-08 08:34:05 UTC,0,2017-11-08,8,Wed
178873,15,1,19,265,2017-11-08 08:38:17 UTC,0,2017-11-08,8,Wed
73954,12,1,15,265,2017-11-08 08:39:03 UTC,0,2017-11-08,8,Wed
8506,12,1,8,265,2017-11-08 08:47:24 UTC,0,2017-11-08,8,Wed
139783,12,1,53,265,2017-11-08 08:51:21 UTC,0,2017-11-08,8,Wed
93021,12,2,37,265,2017-11-08 08:51:28 UTC,0,2017-11-08,8,Wed
151800,12,1,22,265,2017-11-08 08:59:11 UTC,0,2017-11-08,8,Wed
92927,12,1,13,265,2017-11-08 09:01:41 UTC,0,2017-11-08,9,Wed
238143,12,1,17,265,2017-11-08 09:06:37 UTC,0,2017-11-08,9,Wed
234660,15,1,13,265,2017-11-08 09:09:24 UTC,0,2017-11-08,9,Wed
75830,12,1,16,265,2017-11-08 09:10:31 UTC,0,2017-11-08,9,Wed
74013,12,1,13,265,2017-11-08 09:10:59 UTC,0,2017-11-08,9,Wed
90948,12,1,8,265,2017-11-08 09:16:07 UTC,0,2017-11-08,9,Wed
106972,12,2,42,265,2017-11-08 09:18:33 UTC,0,2017-11-08,9,Wed
60752,12,1,19,265,2017-11-08 09:29:00 UTC,0,2017-11-08,9,Wed
41753,12,1,26,265,2017-11-08 09:29:10 UTC,0,2017-11-08,9,Wed
5314,12,1,13,265,2017-11-08 09:29:44 UTC,0,2017-11-08,9,Wed
42103,12,1,8,265,2017-11-08 09:31:05 UTC,0,2017-11-08,9,Wed
85302,12,1,9,265,2017-11-08 09:31:43 UTC,0,2017-11-08,9,Wed
173141,12,2,17,265,2017-11-08 09:32:57 UTC,0,2017-11-08,9,Wed
84725,15,1,13,265,2017-11-08 09:52:00 UTC,0,2017-11-08,9,Wed
48282,12,1,19,265,2017-11-08 10:04:57 UTC,0,2017-11-08,10,Wed
105269,12,1,9,265,2017-11-08 10:17:32 UTC,0,2017-11-08,10,Wed
222132,12,1,13,265,2017-11-08 10:26:37 UTC,0,2017-11-08,10,Wed
94758,12,1,1,265,2017-11-08 10:39:47 UTC,0,2017-11-08,10,Wed
56659,12,1,37,265,2017-11-08 10:48:05 UTC,0,2017-11-08,10,Wed
84866,12,1,37,265,2017-11-08 10:59:36 UTC,0,2017-11-08,10,Wed
49383,12,1,22,265,2017-11-08 11:04:15 UTC,0,2017-11-08,11,Wed
59678,12,1,13,265,2017-11-08 11:09:58 UTC,0,2017-11-08,11,Wed
4724,12,1,13,265,2017-11-08 11:16:41 UTC,0,2017-11-08,11,Wed
69503,12,1,19,265,2017-11-08 11:19:01 UTC,0,2017-11-08,11,Wed
95766,12,2,37,265,2017-11-08 11:25:10 UTC,0,2017-11-08,11,Wed
85329,12,2,20,265,2017-11-08 11:29:38 UTC,0,2017-11-08,11,Wed
41313,12,1,18,265,2017-11-08 11:47:51 UTC,0,2017-11-08,11,Wed
191863,15,2,6,265,2017-11-08 11:59:03 UTC,0,2017-11-08,11,Wed
116882,12,1,19,265,2017-11-08 12:21:02 UTC,0,2017-11-08,12,Wed
10572,12,1,19,265,2017-11-08 12:40:17 UTC,0,2017-11-08,12,Wed
34551,15,1,19,265,2017-11-08 12:55:25 UTC,0,2017-11-08,12,Wed
265879,15,1,13,265,2017-11-08 13:02:09 UTC,0,2017-11-08,13,Wed
66948,12,1,41,265,2017-11-08 13:34:22 UTC,0,2017-11-08,13,Wed
113875,15,1,18,265,2017-11-08 13:39:41 UTC,0,2017-11-08,13,Wed
14044,15,1,6,265,2017-11-08 13:41:08 UTC,0,2017-11-08,13,Wed
173874,12,1,13,265,2017-11-08 13:44:53 UTC,0,2017-11-08,13,Wed
33934,15,1,37,265,2017-11-08 13:52:25 UTC,0,2017-11-08,13,Wed
112329,12,1,13,265,2017-11-08 14:39:09 UTC,0,2017-11-08,14,Wed
51179,12,1,13,265,2017-11-08 14:44:48 UTC,0,2017-11-08,14,Wed
48615,12,1,19,265,2017-11-08 14:52:10 UTC,0,2017-11-08,14,Wed
75595,15,1,15,265,2017-11-08 15:02:08 UTC,0,2017-11-08,15,Wed
7749,15,1,13,265,2017-11-08 15:04:52 UTC,0,2017-11-08,15,Wed
38722,12,1,13,265,2017-11-08 15:14:26 UTC,0,2017-11-08,15,Wed
4442,12,1,19,265,2017-11-08 15:30:34 UTC,0,2017-11-08,15,Wed
63550,12,2,13,265,2017-11-08 15:57:42 UTC,0,2017-11-08,15,Wed
67734,12,1,19,265,2017-11-08 16:01:11 UTC,0,2017-11-08,16,Wed
105475,12,1,6,265,2017-11-08 16:11:40 UTC,0,2017-11-08,16,Wed
108518,12,1,13,265,2017-11-08 16:15:48 UTC,0,2017-11-08,16,Wed
44067,12,2,11,265,2017-11-08 16:32:33 UTC,0,2017-11-08,16,Wed
4019,12,1,13,265,2017-11-08 17:33:34 UTC,0,2017-11-08,17,Wed
76973,12,1,19,265,2017-11-08 18:27:44 UTC,0,2017-11-08,18,Wed
596,15,1,19,265,2017-11-08 18:28:25 UTC,0,2017-11-08,18,Wed
6313,12,2,32,265,2017-11-08 18:40:29 UTC,0,2017-11-08,18,Wed
41786,15,1,25,265,2017-11-08 18:46:36 UTC,0,2017-11-08,18,Wed
57519,12,1,12,265,2017-11-08 20:59:29 UTC,0,2017-11-08,20,Wed
34137,12,1,10,265,2017-11-08 21:05:51 UTC,0,2017-11-08,21,Wed
183314,12,1,35,265,2017-11-08 21:44:57 UTC,0,2017-11-08,21,Wed
360318,12,1,18,265,2017-11-08 21:47:18 UTC,0,2017-11-08,21,Wed
190924,15,1,19,265,2017-11-08 23:03:04 UTC,0,2017-11-08,23,Wed
21276,12,1,13,265,2017-11-08 23:19:47 UTC,0,2017-11-08,23,Wed
92749,12,1,13,265,2017-11-08 23:28:33 UTC,0,2017-11-08,23,Wed
96906,12,1,19,265,2017-11-09 00:01:21 UTC,0,2017-11-09,0,Thu
95766,12,2,19,265,2017-11-09 00:06:01 UTC,0,2017-11-09,0,Thu
304646,12,1,19,265,2017-11-09 00:14:03 UTC,0,2017-11-09,0,Thu
41425,15,1,20,265,2017-11-09 00:29:37 UTC,0,2017-11-09,0,Thu
2228,12,1,6,265,2017-11-09 00:31:14 UTC,0,2017-11-09,0,Thu
93021,12,1,19,265,2017-11-09 00:42:06 UTC,0,2017-11-09,0,Thu
95570,12,1,17,265,2017-11-09 00:42:13 UTC,0,2017-11-09,0,Thu
17149,15,1,18,265,2017-11-09 00:54:02 UTC,0,2017-11-09,0,Thu
78353,12,1,13,265,2017-11-09 01:01:19 UTC,0,2017-11-09,1,Thu
43881,15,1,19,265,2017-11-09 01:33:48 UTC,0,2017-11-09,1,Thu
89426,12,1,9,265,2017-11-09 02:03:54 UTC,0,2017-11-09,2,Thu
107887,12,1,19,265,2017-11-09 02:25:57 UTC,0,2017-11-09,2,Thu
16426,12,1,41,265,2017-11-09 02:49:05 UTC,0,2017-11-09,2,Thu
54960,15,1,13,265,2017-11-09 02:49:56 UTC,0,2017-11-09,2,Thu
5314,12,2,35,265,2017-11-09 02:56:05 UTC,0,2017-11-09,2,Thu
81476,12,1,13,265,2017-11-09 02:56:31 UTC,0,2017-11-09,2,Thu
193539,12,1,27,265,2017-11-09 03:08:33 UTC,0,2017-11-09,3,Thu
8539,12,1,35,265,2017-11-09 03:16:33 UTC,0,2017-11-09,3,Thu
122963,15,1,41,265,2017-11-09 03:33:46 UTC,0,2017-11-09,3,Thu
71805,12,1,13,265,2017-11-09 03:34:36 UTC,0,2017-11-09,3,Thu
14872,12,1,35,265,2017-11-09 03:51:05 UTC,0,2017-11-09,3,Thu
49431,12,1,18,265,2017-11-09 04:08:17 UTC,0,2017-11-09,4,Thu
275217,12,1,31,265,2017-11-09 04:15:00 UTC,0,2017-11-09,4,Thu
125260,15,1,22,265,2017-11-09 04:24:08 UTC,0,2017-11-09,4,Thu
191759,15,1,18,265,2017-11-09 04:35:23 UTC,0,2017-11-09,4,Thu
46755,12,1,17,265,2017-11-09 04:37:12 UTC,0,2017-11-09,4,Thu
118292,12,1,22,265,2017-11-09 04:46:32 UTC,0,2017-11-09,4,Thu
112666,12,1,6,265,2017-11-09 04:48:28 UTC,0,2017-11-09,4,Thu
7434,12,1,13,265,2017-11-09 04:54:07 UTC,0,2017-11-09,4,Thu
30865,12,1,3,265,2017-11-09 04:59:45 UTC,0,2017-11-09,4,Thu
362472,12,1,12,265,2017-11-09 05:19:07 UTC,0,2017-11-09,5,Thu
119531,12,2,17,265,2017-11-09 05:25:47 UTC,0,2017-11-09,5,Thu
163784,12,1,13,265,2017-11-09 06:17:11 UTC,0,2017-11-09,6,Thu
311671,15,1,20,265,2017-11-09 06:30:51 UTC,0,2017-11-09,6,Thu
11907,12,1,1,265,2017-11-09 06:31:48 UTC,0,2017-11-09,6,Thu
1661,15,1,19,265,2017-11-09 06:32:26 UTC,0,2017-11-09,6,Thu
50397,12,1,13,265,2017-11-09 06:57:08 UTC,0,2017-11-09,6,Thu
7146,15,1,19,265,2017-11-09 07:15:41 UTC,0,2017-11-09,7,Thu
80488,12,1,15,265,2017-11-09 07:20:52 UTC,0,2017-11-09,7,Thu
65575,15,1,13,265,2017-11-09 07:23:20 UTC,0,2017-11-09,7,Thu
271799,12,1,13,265,2017-11-09 07:32:17 UTC,0,2017-11-09,7,Thu
105181,15,1,31,265,2017-11-09 07:32:41 UTC,0,2017-11-09,7,Thu
123994,12,1,19,265,2017-11-09 07:47:46 UTC,0,2017-11-09,7,Thu
59233,12,1,13,265,2017-11-09 08:26:53 UTC,0,2017-11-09,8,Thu
57479,15,1,13,265,2017-11-09 08:37:54 UTC,0,2017-11-09,8,Thu
84725,12,1,32,265,2017-11-09 08:59:27 UTC,0,2017-11-09,8,Thu
75750,12,1,19,265,2017-11-09 09:11:38 UTC,0,2017-11-09,9,Thu
5147,15,1,19,265,2017-11-09 09:12:09 UTC,0,2017-11-09,9,Thu
335227,12,1,19,265,2017-11-09 09:15:49 UTC,0,2017-11-09,9,Thu
2810,15,1,22,265,2017-11-09 09:17:19 UTC,0,2017-11-09,9,Thu
74810,12,1,19,265,2017-11-09 09:22:56 UTC,0,2017-11-09,9,Thu
16144,12,1,17,265,2017-11-09 09:26:53 UTC,0,2017-11-09,9,Thu
87392,12,1,16,265,2017-11-09 09:28:11 UTC,0,2017-11-09,9,Thu
75415,12,1,19,265,2017-11-09 09:29:17 UTC,0,2017-11-09,9,Thu
123908,12,2,17,265,2017-11-09 09:54:40 UTC,0,2017-11-09,9,Thu
343992,12,1,41,265,2017-11-09 10:08:01 UTC,0,2017-11-09,10,Thu
6721,12,1,43,265,2017-11-09 10:51:20 UTC,0,2017-11-09,10,Thu
106493,12,1,14,265,2017-11-09 11:03:33 UTC,0,2017-11-09,11,Thu
111799,12,1,15,265,2017-11-09 11:04:31 UTC,0,2017-11-09,11,Thu
151547,12,2,13,265,2017-11-09 11:09:23 UTC,0,2017-11-09,11,Thu
8297,12,1,13,265,2017-11-09 11:32:39 UTC,0,2017-11-09,11,Thu
124264,12,1,19,265,2017-11-09 11:34:26 UTC,0,2017-11-09,11,Thu
119278,12,1,18,265,2017-11-09 11:50:16 UTC,0,2017-11-09,11,Thu
56563,15,1,13,265,2017-11-09 11:54:11 UTC,0,2017-11-09,11,Thu
119289,12,2,37,265,2017-11-09 12:11:47 UTC,0,2017-11-09,12,Thu
55424,12,1,15,265,2017-11-09 12:14:09 UTC,0,2017-11-09,12,Thu
161797,12,1,23,265,2017-11-09 12:23:14 UTC,0,2017-11-09,12,Thu
5348,12,1,13,265,2017-11-09 12:34:02 UTC,0,2017-11-09,12,Thu
116644,15,1,19,265,2017-11-09 13:10:56 UTC,0,2017-11-09,13,Thu
48212,12,1,19,265,2017-11-09 13:24:45 UTC,0,2017-11-09,13,Thu
33603,12,1,13,265,2017-11-09 13:27:29 UTC,0,2017-11-09,13,Thu
18165,12,1,9,265,2017-11-09 13:48:31 UTC,0,2017-11-09,13,Thu
118229,12,2,2,265,2017-11-09 14:02:06 UTC,0,2017-11-09,14,Thu
81363,12,1,19,265,2017-11-09 14:08:12 UTC,0,2017-11-09,14,Thu
81076,12,1,18,265,2017-11-09 14:10:50 UTC,0,2017-11-09,14,Thu
95820,12,1,19,265,2017-11-09 14:33:11 UTC,0,2017-11-09,14,Thu
18270,12,1,46,265,2017-11-09 14:40:35 UTC,0,2017-11-09,14,Thu
176539,12,1,6,265,2017-11-09 15:02:47 UTC,0,2017-11-09,15,Thu
120532,15,1,13,265,2017-11-09 15:20:52 UTC,0,2017-11-09,15,Thu
121419,12,1,19,265,2017-11-09 15:30:54 UTC,0,2017-11-09,15,Thu
114083,12,1,19,265,2017-11-09 15:32:43 UTC,0,2017-11-09,15,Thu
48671,12,1,13,265,2017-11-09 15:34:17 UTC,0,2017-11-09,15,Thu
118123,12,1,17,265,2017-11-09 15:46:33 UTC,0,2017-11-09,15,Thu
118563,26,1,13,266,2017-11-06 16:07:20 UTC,0,2017-11-06,16,Mon
91048,26,1,17,266,2017-11-06 17:31:08 UTC,0,2017-11-06,17,Mon
6871,26,1,19,266,2017-11-06 20:52:00 UTC,0,2017-11-06,20,Mon
36801,26,1,8,266,2017-11-06 22:50:12 UTC,0,2017-11-06,22,Mon
145896,26,1,19,266,2017-11-06 22:59:01 UTC,0,2017-11-06,22,Mon
171258,26,1,8,266,2017-11-07 00:12:02 UTC,0,2017-11-07,0,Tue
98054,26,1,13,266,2017-11-07 00:34:04 UTC,0,2017-11-07,0,Tue
2728,26,1,13,266,2017-11-07 01:04:21 UTC,0,2017-11-07,1,Tue
15771,26,1,13,266,2017-11-07 01:20:28 UTC,0,2017-11-07,1,Tue
169337,26,1,13,266,2017-11-07 02:47:23 UTC,0,2017-11-07,2,Tue
116499,26,1,13,266,2017-11-07 03:24:44 UTC,0,2017-11-07,3,Tue
11286,26,1,13,266,2017-11-07 04:07:52 UTC,0,2017-11-07,4,Tue
109161,26,1,32,266,2017-11-07 05:22:26 UTC,0,2017-11-07,5,Tue
109537,26,1,19,266,2017-11-07 05:49:11 UTC,0,2017-11-07,5,Tue
207807,26,1,19,266,2017-11-07 06:01:52 UTC,0,2017-11-07,6,Tue
96177,26,1,19,266,2017-11-07 06:45:35 UTC,0,2017-11-07,6,Tue
101957,26,1,35,266,2017-11-07 06:59:38 UTC,0,2017-11-07,6,Tue
125432,26,1,19,266,2017-11-07 08:47:18 UTC,0,2017-11-07,8,Tue
1471,26,1,25,266,2017-11-07 10:41:25 UTC,0,2017-11-07,10,Tue
118367,26,1,13,266,2017-11-07 12:30:30 UTC,0,2017-11-07,12,Tue
57854,26,1,41,266,2017-11-07 14:38:58 UTC,0,2017-11-07,14,Tue
25373,26,1,13,266,2017-11-07 14:41:19 UTC,0,2017-11-07,14,Tue
145896,26,1,13,266,2017-11-07 15:20:50 UTC,0,2017-11-07,15,Tue
80368,26,1,13,266,2017-11-07 15:47:17 UTC,0,2017-11-07,15,Tue
68930,26,1,13,266,2017-11-07 22:52:55 UTC,0,2017-11-07,22,Tue
52810,26,1,9,266,2017-11-07 23:17:07 UTC,0,2017-11-07,23,Tue
41736,26,1,13,266,2017-11-07 23:54:53 UTC,0,2017-11-07,23,Tue
77535,26,1,8,266,2017-11-08 00:45:55 UTC,0,2017-11-08,0,Wed
45843,26,1,40,266,2017-11-08 01:32:28 UTC,0,2017-11-08,1,Wed
267941,26,1,19,266,2017-11-08 01:47:43 UTC,0,2017-11-08,1,Wed
83230,26,1,19,266,2017-11-08 03:16:08 UTC,0,2017-11-08,3,Wed
26726,26,1,10,266,2017-11-08 04:14:38 UTC,0,2017-11-08,4,Wed
22990,26,1,19,266,2017-11-08 06:04:01 UTC,0,2017-11-08,6,Wed
241058,26,1,13,266,2017-11-08 06:09:03 UTC,0,2017-11-08,6,Wed
31158,26,1,13,266,2017-11-08 09:17:35 UTC,0,2017-11-08,9,Wed
67577,26,1,11,266,2017-11-08 09:52:54 UTC,0,2017-11-08,9,Wed
85901,26,1,17,266,2017-11-08 10:24:57 UTC,0,2017-11-08,10,Wed
206399,26,1,19,266,2017-11-08 10:39:30 UTC,0,2017-11-08,10,Wed
27268,26,1,22,266,2017-11-08 12:54:35 UTC,0,2017-11-08,12,Wed
8157,26,1,9,266,2017-11-08 13:19:46 UTC,0,2017-11-08,13,Wed
56007,26,1,18,266,2017-11-08 14:00:52 UTC,0,2017-11-08,14,Wed
145769,26,1,22,266,2017-11-08 23:41:22 UTC,0,2017-11-08,23,Wed
26759,26,1,19,266,2017-11-09 00:31:01 UTC,0,2017-11-09,0,Thu
44498,26,1,19,266,2017-11-09 03:02:12 UTC,0,2017-11-09,3,Thu
205644,26,1,15,266,2017-11-09 04:47:43 UTC,0,2017-11-09,4,Thu
83698,26,1,19,266,2017-11-09 05:01:42 UTC,0,2017-11-09,5,Thu
105603,26,1,22,266,2017-11-09 05:06:04 UTC,0,2017-11-09,5,Thu
182843,26,1,10,266,2017-11-09 05:39:32 UTC,0,2017-11-09,5,Thu
115681,26,1,14,266,2017-11-09 06:26:23 UTC,0,2017-11-09,6,Thu
60945,26,1,26,266,2017-11-09 07:31:21 UTC,0,2017-11-09,7,Thu
163326,26,1,19,266,2017-11-09 08:29:10 UTC,0,2017-11-09,8,Thu
92673,26,1,13,266,2017-11-09 10:36:03 UTC,0,2017-11-09,10,Thu
171274,26,1,15,266,2017-11-09 12:12:39 UTC,0,2017-11-09,12,Thu
115273,26,1,13,266,2017-11-09 12:33:14 UTC,0,2017-11-09,12,Thu
84450,26,1,15,266,2017-11-09 12:47:03 UTC,0,2017-11-09,12,Thu
66177,26,1,15,266,2017-11-09 14:10:27 UTC,0,2017-11-09,14,Thu
31572,26,1,19,266,2017-11-09 14:14:48 UTC,0,2017-11-09,14,Thu
118647,26,1,18,266,2017-11-09 15:01:35 UTC,0,2017-11-09,15,Thu
60854,26,1,13,266,2017-11-09 15:14:22 UTC,0,2017-11-09,15,Thu
107897,35,1,13,274,2017-11-07 04:47:22 UTC,1,2017-11-07,4,Tue
8179,15,1,10,274,2017-11-07 17:00:45 UTC,0,2017-11-07,17,Tue
268241,35,1,19,274,2017-11-08 04:57:33 UTC,0,2017-11-08,4,Wed
102762,12,1,19,277,2017-11-08 00:26:46 UTC,0,2017-11-08,0,Wed
117898,12,1,13,277,2017-11-08 00:35:21 UTC,0,2017-11-08,0,Wed
54841,12,1,20,277,2017-11-08 00:48:38 UTC,0,2017-11-08,0,Wed
2753,12,1,6,277,2017-11-08 01:04:08 UTC,0,2017-11-08,1,Wed
100393,12,1,3,277,2017-11-08 01:07:02 UTC,0,2017-11-08,1,Wed
59176,12,2,13,277,2017-11-08 01:10:08 UTC,0,2017-11-08,1,Wed
6640,12,1,8,277,2017-11-08 01:15:41 UTC,0,2017-11-08,1,Wed
50059,15,1,3,278,2017-11-07 00:28:30 UTC,0,2017-11-07,0,Tue
77147,15,1,19,278,2017-11-07 01:38:26 UTC,0,2017-11-07,1,Tue
100149,15,1,17,278,2017-11-07 02:23:09 UTC,0,2017-11-07,2,Tue
154183,15,1,1,278,2017-11-07 03:14:28 UTC,0,2017-11-07,3,Tue
29502,15,1,9,278,2017-11-07 03:45:35 UTC,0,2017-11-07,3,Tue
83659,15,1,19,278,2017-11-07 04:11:17 UTC,0,2017-11-07,4,Tue
88781,15,1,13,278,2017-11-07 06:27:29 UTC,0,2017-11-07,6,Tue
38219,15,1,17,278,2017-11-07 07:58:44 UTC,0,2017-11-07,7,Tue
127401,15,1,8,278,2017-11-07 09:46:33 UTC,0,2017-11-07,9,Tue
64595,15,1,13,278,2017-11-07 11:47:17 UTC,0,2017-11-07,11,Tue
176785,15,1,19,278,2017-11-07 13:49:16 UTC,0,2017-11-07,13,Tue
108913,15,1,13,278,2017-11-07 14:37:37 UTC,0,2017-11-07,14,Tue
107775,15,1,19,278,2017-11-07 14:40:25 UTC,0,2017-11-07,14,Tue
5314,15,1,13,278,2017-11-07 17:09:01 UTC,0,2017-11-07,17,Tue
41240,15,1,15,278,2017-11-08 04:29:47 UTC,0,2017-11-08,4,Wed
108180,15,1,37,278,2017-11-08 04:44:56 UTC,0,2017-11-08,4,Wed
105290,15,1,19,278,2017-11-08 07:05:01 UTC,0,2017-11-08,7,Wed
114220,15,1,19,278,2017-11-08 10:02:28 UTC,0,2017-11-08,10,Wed
17447,15,1,19,278,2017-11-08 11:14:03 UTC,0,2017-11-08,11,Wed
221137,15,1,19,278,2017-11-08 12:10:07 UTC,0,2017-11-08,12,Wed
33443,15,1,19,278,2017-11-08 12:18:21 UTC,0,2017-11-08,12,Wed
54984,15,1,41,278,2017-11-08 13:34:20 UTC,0,2017-11-08,13,Wed
103065,15,1,46,278,2017-11-08 14:56:47 UTC,0,2017-11-08,14,Wed
211889,15,1,15,278,2017-11-08 16:40:23 UTC,0,2017-11-08,16,Wed
63883,15,1,13,278,2017-11-08 23:40:45 UTC,0,2017-11-08,23,Wed
5348,15,1,37,278,2017-11-09 05:00:45 UTC,0,2017-11-09,5,Thu
60311,15,1,19,278,2017-11-09 08:20:52 UTC,0,2017-11-09,8,Thu
85085,15,1,19,278,2017-11-09 11:01:01 UTC,0,2017-11-09,11,Thu
69577,15,1,13,278,2017-11-09 11:48:19 UTC,0,2017-11-09,11,Thu
75595,15,1,15,278,2017-11-09 12:22:02 UTC,0,2017-11-09,12,Thu
65352,15,1,19,278,2017-11-09 12:39:31 UTC,0,2017-11-09,12,Thu
110031,15,1,9,278,2017-11-09 12:52:59 UTC,0,2017-11-09,12,Thu
44536,15,1,13,278,2017-11-09 15:11:21 UTC,0,2017-11-09,15,Thu
66587,15,1,13,278,2017-11-09 15:18:57 UTC,0,2017-11-09,15,Thu
27507,15,1,18,278,2017-11-09 15:39:56 UTC,0,2017-11-09,15,Thu
7645,3,1,19,280,2017-11-06 16:17:12 UTC,0,2017-11-06,16,Mon
26908,3,1,6,280,2017-11-06 16:25:44 UTC,0,2017-11-06,16,Mon
55385,17,1,19,280,2017-11-06 16:38:52 UTC,0,2017-11-06,16,Mon
69701,3,1,18,280,2017-11-06 17:00:15 UTC,0,2017-11-06,17,Mon
66218,3,1,13,280,2017-11-06 17:07:41 UTC,0,2017-11-06,17,Mon
140941,17,1,13,280,2017-11-06 17:08:56 UTC,0,2017-11-06,17,Mon
64054,3,1,13,280,2017-11-06 17:20:19 UTC,0,2017-11-06,17,Mon
190943,17,1,20,280,2017-11-06 21:11:52 UTC,0,2017-11-06,21,Mon
7597,17,1,6,280,2017-11-06 23:35:06 UTC,0,2017-11-06,23,Mon
33525,3,1,19,280,2017-11-07 00:01:21 UTC,0,2017-11-07,0,Tue
151192,17,1,17,280,2017-11-07 00:25:26 UTC,0,2017-11-07,0,Tue
39361,3,1,8,280,2017-11-07 00:27:03 UTC,0,2017-11-07,0,Tue
39220,3,1,13,280,2017-11-07 00:48:03 UTC,0,2017-11-07,0,Tue
80689,3,1,19,280,2017-11-07 00:50:57 UTC,0,2017-11-07,0,Tue
57723,3,1,13,280,2017-11-07 00:53:51 UTC,0,2017-11-07,0,Tue
101265,17,1,13,280,2017-11-07 00:56:53 UTC,0,2017-11-07,0,Tue
99855,3,1,20,280,2017-11-07 01:04:43 UTC,0,2017-11-07,1,Tue
106598,17,1,9,280,2017-11-07 01:04:45 UTC,0,2017-11-07,1,Tue
58585,3,1,25,280,2017-11-07 01:06:19 UTC,0,2017-11-07,1,Tue
32130,3,1,53,280,2017-11-07 01:11:53 UTC,0,2017-11-07,1,Tue
129385,3,1,13,280,2017-11-07 01:12:07 UTC,0,2017-11-07,1,Tue
109452,3,1,18,280,2017-11-07 01:14:17 UTC,0,2017-11-07,1,Tue
25607,3,1,6,280,2017-11-07 01:14:28 UTC,0,2017-11-07,1,Tue
210483,3,1,13,280,2017-11-07 01:19:02 UTC,0,2017-11-07,1,Tue
7645,3,1,13,280,2017-11-07 01:32:08 UTC,0,2017-11-07,1,Tue
63619,3,1,17,280,2017-11-07 01:33:28 UTC,0,2017-11-07,1,Tue
88856,3,1,13,280,2017-11-07 01:36:40 UTC,0,2017-11-07,1,Tue
124726,3,1,13,280,2017-11-07 01:38:25 UTC,0,2017-11-07,1,Tue
176799,3,2,17,280,2017-11-07 01:41:27 UTC,0,2017-11-07,1,Tue
128236,3,1,17,280,2017-11-07 01:49:02 UTC,0,2017-11-07,1,Tue
78446,3,1,15,280,2017-11-07 01:53:37 UTC,0,2017-11-07,1,Tue
86383,3,1,25,280,2017-11-07 01:54:43 UTC,0,2017-11-07,1,Tue
120471,3,1,13,280,2017-11-07 01:56:48 UTC,0,2017-11-07,1,Tue
15080,3,1,13,280,2017-11-07 01:57:19 UTC,0,2017-11-07,1,Tue
111414,3,1,31,280,2017-11-07 02:02:34 UTC,0,2017-11-07,2,Tue
15899,3,1,12,280,2017-11-07 02:03:59 UTC,0,2017-11-07,2,Tue
179295,3,1,19,280,2017-11-07 02:08:27 UTC,0,2017-11-07,2,Tue
58077,3,1,19,280,2017-11-07 02:10:51 UTC,0,2017-11-07,2,Tue
53874,3,1,16,280,2017-11-07 02:11:47 UTC,0,2017-11-07,2,Tue
86420,3,1,22,280,2017-11-07 02:14:26 UTC,0,2017-11-07,2,Tue
87998,3,1,13,280,2017-11-07 02:18:44 UTC,0,2017-11-07,2,Tue
117078,3,1,22,280,2017-11-07 02:24:49 UTC,0,2017-11-07,2,Tue
174947,3,1,13,280,2017-11-07 02:27:00 UTC,0,2017-11-07,2,Tue
201483,3,1,13,280,2017-11-07 02:31:25 UTC,0,2017-11-07,2,Tue
158793,3,1,13,280,2017-11-07 02:37:39 UTC,0,2017-11-07,2,Tue
159280,3,1,13,280,2017-11-07 02:44:34 UTC,0,2017-11-07,2,Tue
95329,3,1,19,280,2017-11-07 02:44:43 UTC,0,2017-11-07,2,Tue
123901,3,1,19,280,2017-11-07 02:47:29 UTC,0,2017-11-07,2,Tue
130641,3,1,13,280,2017-11-07 02:51:33 UTC,0,2017-11-07,2,Tue
44067,3,1,19,280,2017-11-07 02:52:17 UTC,0,2017-11-07,2,Tue
191902,3,1,12,280,2017-11-07 02:52:36 UTC,0,2017-11-07,2,Tue
55000,3,1,13,280,2017-11-07 02:55:30 UTC,0,2017-11-07,2,Tue
95574,3,1,16,280,2017-11-07 02:55:38 UTC,0,2017-11-07,2,Tue
99809,3,1,13,280,2017-11-07 02:55:43 UTC,0,2017-11-07,2,Tue
29161,3,1,13,280,2017-11-07 02:57:11 UTC,0,2017-11-07,2,Tue
124157,3,1,25,280,2017-11-07 02:57:15 UTC,0,2017-11-07,2,Tue
91047,3,1,19,280,2017-11-07 02:59:44 UTC,0,2017-11-07,2,Tue
111191,3,1,8,280,2017-11-07 03:02:27 UTC,0,2017-11-07,3,Tue
1089,17,1,16,280,2017-11-07 03:03:21 UTC,0,2017-11-07,3,Tue
197864,3,1,13,280,2017-11-07 03:06:36 UTC,0,2017-11-07,3,Tue
99071,3,1,13,280,2017-11-07 03:08:08 UTC,0,2017-11-07,3,Tue
91821,3,1,6,280,2017-11-07 03:13:49 UTC,0,2017-11-07,3,Tue
69605,3,1,6,280,2017-11-07 03:14:04 UTC,0,2017-11-07,3,Tue
114276,3,2,13,280,2017-11-07 03:17:55 UTC,0,2017-11-07,3,Tue
163326,3,1,37,280,2017-11-07 03:18:15 UTC,0,2017-11-07,3,Tue
150099,3,1,13,280,2017-11-07 03:18:26 UTC,0,2017-11-07,3,Tue
85424,3,1,13,280,2017-11-07 03:31:50 UTC,0,2017-11-07,3,Tue
25695,3,1,20,280,2017-11-07 03:42:29 UTC,0,2017-11-07,3,Tue
46625,3,1,27,280,2017-11-07 03:43:26 UTC,0,2017-11-07,3,Tue
96752,3,1,20,280,2017-11-07 03:47:50 UTC,0,2017-11-07,3,Tue
103147,3,1,19,280,2017-11-07 03:51:47 UTC,0,2017-11-07,3,Tue
43020,3,1,13,280,2017-11-07 03:54:26 UTC,0,2017-11-07,3,Tue
124166,3,1,19,280,2017-11-07 03:54:28 UTC,0,2017-11-07,3,Tue
125050,3,1,46,280,2017-11-07 03:58:34 UTC,0,2017-11-07,3,Tue
4295,3,1,26,280,2017-11-07 04:08:20 UTC,0,2017-11-07,4,Tue
27646,3,1,22,280,2017-11-07 04:10:53 UTC,0,2017-11-07,4,Tue
28956,3,1,19,280,2017-11-07 04:14:14 UTC,0,2017-11-07,4,Tue
75899,3,1,13,280,2017-11-07 04:16:05 UTC,0,2017-11-07,4,Tue
4652,3,1,13,280,2017-11-07 04:16:16 UTC,0,2017-11-07,4,Tue
15179,3,1,3,280,2017-11-07 04:16:35 UTC,0,2017-11-07,4,Tue
126042,17,1,8,280,2017-11-07 04:19:59 UTC,0,2017-11-07,4,Tue
7664,3,1,47,280,2017-11-07 04:20:35 UTC,0,2017-11-07,4,Tue
76749,3,1,13,280,2017-11-07 04:23:18 UTC,0,2017-11-07,4,Tue
167094,3,1,9,280,2017-11-07 04:24:41 UTC,0,2017-11-07,4,Tue
100393,3,1,3,280,2017-11-07 04:25:30 UTC,0,2017-11-07,4,Tue
13142,3,1,25,280,2017-11-07 04:29:08 UTC,0,2017-11-07,4,Tue
40530,3,1,13,280,2017-11-07 04:33:35 UTC,0,2017-11-07,4,Tue
83472,3,1,6,280,2017-11-07 04:34:18 UTC,0,2017-11-07,4,Tue
18246,3,1,12,280,2017-11-07 04:37:53 UTC,0,2017-11-07,4,Tue
67751,3,1,30,280,2017-11-07 04:38:28 UTC,0,2017-11-07,4,Tue
32471,3,1,10,280,2017-11-07 04:40:25 UTC,0,2017-11-07,4,Tue
6913,3,1,20,280,2017-11-07 04:41:43 UTC,0,2017-11-07,4,Tue
188345,3,1,18,280,2017-11-07 04:42:21 UTC,0,2017-11-07,4,Tue
120413,3,1,28,280,2017-11-07 04:43:33 UTC,0,2017-11-07,4,Tue
98261,3,1,31,280,2017-11-07 04:47:32 UTC,0,2017-11-07,4,Tue
141623,3,1,19,280,2017-11-07 04:50:18 UTC,0,2017-11-07,4,Tue
95766,3,1,18,280,2017-11-07 04:54:37 UTC,0,2017-11-07,4,Tue
93155,3,1,10,280,2017-11-07 04:55:20 UTC,0,2017-11-07,4,Tue
109333,3,1,13,280,2017-11-07 04:59:28 UTC,0,2017-11-07,4,Tue
77233,3,1,8,280,2017-11-07 05:01:23 UTC,0,2017-11-07,5,Tue
118756,3,1,13,280,2017-11-07 05:01:55 UTC,0,2017-11-07,5,Tue
47534,3,1,17,280,2017-11-07 05:05:31 UTC,0,2017-11-07,5,Tue
8230,3,1,19,280,2017-11-07 05:09:28 UTC,0,2017-11-07,5,Tue
71286,3,1,23,280,2017-11-07 05:10:52 UTC,0,2017-11-07,5,Tue
127233,3,1,13,280,2017-11-07 05:14:21 UTC,0,2017-11-07,5,Tue
110064,3,1,1,280,2017-11-07 05:19:17 UTC,0,2017-11-07,5,Tue
81983,3,1,19,280,2017-11-07 05:20:03 UTC,0,2017-11-07,5,Tue
118607,3,1,10,280,2017-11-07 05:23:15 UTC,0,2017-11-07,5,Tue
41142,3,1,13,280,2017-11-07 05:28:05 UTC,0,2017-11-07,5,Tue
63597,3,1,22,280,2017-11-07 05:30:00 UTC,0,2017-11-07,5,Tue
135939,3,1,19,280,2017-11-07 05:33:52 UTC,0,2017-11-07,5,Tue
207400,3,1,19,280,2017-11-07 05:35:34 UTC,0,2017-11-07,5,Tue
177614,3,1,40,280,2017-11-07 05:39:56 UTC,0,2017-11-07,5,Tue
69358,3,1,19,280,2017-11-07 05:40:50 UTC,0,2017-11-07,5,Tue
34738,3,1,13,280,2017-11-07 05:42:29 UTC,0,2017-11-07,5,Tue
14323,3,1,10,280,2017-11-07 05:43:04 UTC,0,2017-11-07,5,Tue
4630,17,1,10,280,2017-11-07 05:43:17 UTC,0,2017-11-07,5,Tue
60554,3,1,19,280,2017-11-07 05:43:48 UTC,0,2017-11-07,5,Tue
99377,3,1,22,280,2017-11-07 05:44:32 UTC,0,2017-11-07,5,Tue
204574,3,1,3,280,2017-11-07 05:50:30 UTC,0,2017-11-07,5,Tue
13739,3,1,8,280,2017-11-07 05:51:08 UTC,0,2017-11-07,5,Tue
125141,3,1,14,280,2017-11-07 05:53:22 UTC,0,2017-11-07,5,Tue
108858,3,1,13,280,2017-11-07 06:03:12 UTC,0,2017-11-07,6,Tue
49293,3,1,13,280,2017-11-07 06:03:16 UTC,0,2017-11-07,6,Tue
31158,3,1,18,280,2017-11-07 06:03:22 UTC,0,2017-11-07,6,Tue
5314,3,1,13,280,2017-11-07 06:05:40 UTC,0,2017-11-07,6,Tue
78531,3,1,41,280,2017-11-07 06:08:30 UTC,0,2017-11-07,6,Tue
5314,3,1,28,280,2017-11-07 06:08:44 UTC,0,2017-11-07,6,Tue
52780,3,1,18,280,2017-11-07 06:13:41 UTC,0,2017-11-07,6,Tue
180740,3,1,13,280,2017-11-07 06:20:09 UTC,0,2017-11-07,6,Tue
125141,3,1,19,280,2017-11-07 06:23:06 UTC,0,2017-11-07,6,Tue
204888,3,1,15,280,2017-11-07 06:25:28 UTC,0,2017-11-07,6,Tue
39493,3,1,10,280,2017-11-07 06:31:49 UTC,0,2017-11-07,6,Tue
39209,3,1,15,280,2017-11-07 06:35:37 UTC,0,2017-11-07,6,Tue
45657,3,1,13,280,2017-11-07 06:37:08 UTC,0,2017-11-07,6,Tue
175237,3,1,19,280,2017-11-07 06:38:46 UTC,0,2017-11-07,6,Tue
45208,3,1,6,280,2017-11-07 06:39:18 UTC,0,2017-11-07,6,Tue
79827,3,1,8,280,2017-11-07 06:43:06 UTC,0,2017-11-07,6,Tue
3363,3,1,18,280,2017-11-07 06:44:23 UTC,0,2017-11-07,6,Tue
10074,3,1,13,280,2017-11-07 06:46:58 UTC,0,2017-11-07,6,Tue
105448,3,1,17,280,2017-11-07 06:47:42 UTC,0,2017-11-07,6,Tue
154542,3,1,13,280,2017-11-07 06:47:55 UTC,0,2017-11-07,6,Tue
39314,3,1,16,280,2017-11-07 06:52:27 UTC,0,2017-11-07,6,Tue
25695,3,1,19,280,2017-11-07 06:52:44 UTC,0,2017-11-07,6,Tue
109743,3,1,19,280,2017-11-07 06:59:32 UTC,0,2017-11-07,6,Tue
40400,3,1,14,280,2017-11-07 07:14:51 UTC,0,2017-11-07,7,Tue
116562,3,1,19,280,2017-11-07 07:21:05 UTC,0,2017-11-07,7,Tue
97712,3,1,13,280,2017-11-07 07:21:05 UTC,0,2017-11-07,7,Tue
152362,3,1,19,280,2017-11-07 07:21:19 UTC,0,2017-11-07,7,Tue
80485,3,1,8,280,2017-11-07 07:26:54 UTC,0,2017-11-07,7,Tue
125796,3,2,13,280,2017-11-07 07:27:27 UTC,0,2017-11-07,7,Tue
27288,3,1,18,280,2017-11-07 07:31:46 UTC,0,2017-11-07,7,Tue
85150,17,1,13,280,2017-11-07 07:33:28 UTC,0,2017-11-07,7,Tue
37892,3,1,19,280,2017-11-07 07:38:15 UTC,0,2017-11-07,7,Tue
94778,3,1,13,280,2017-11-07 07:41:14 UTC,0,2017-11-07,7,Tue
25009,3,1,17,280,2017-11-07 07:43:58 UTC,0,2017-11-07,7,Tue
44744,3,1,19,280,2017-11-07 07:45:29 UTC,0,2017-11-07,7,Tue
69741,3,1,14,280,2017-11-07 07:51:49 UTC,0,2017-11-07,7,Tue
73916,3,1,19,280,2017-11-07 07:59:23 UTC,0,2017-11-07,7,Tue
201420,3,1,16,280,2017-11-07 07:59:50 UTC,0,2017-11-07,7,Tue
163572,3,1,19,280,2017-11-07 08:00:44 UTC,0,2017-11-07,8,Tue
39453,3,1,19,280,2017-11-07 08:02:10 UTC,0,2017-11-07,8,Tue
50136,3,1,22,280,2017-11-07 08:07:55 UTC,0,2017-11-07,8,Tue
43322,3,1,19,280,2017-11-07 08:08:17 UTC,0,2017-11-07,8,Tue
56863,3,1,37,280,2017-11-07 08:10:41 UTC,0,2017-11-07,8,Tue
125050,3,1,40,280,2017-11-07 08:10:56 UTC,0,2017-11-07,8,Tue
190496,3,1,17,280,2017-11-07 08:16:55 UTC,0,2017-11-07,8,Tue
84896,3,1,19,280,2017-11-07 08:24:07 UTC,0,2017-11-07,8,Tue
47251,3,1,13,280,2017-11-07 08:41:56 UTC,0,2017-11-07,8,Tue
69332,3,1,1,280,2017-11-07 08:47:25 UTC,0,2017-11-07,8,Tue
123978,3,1,19,280,2017-11-07 08:58:56 UTC,0,2017-11-07,8,Tue
110141,3,1,18,280,2017-11-07 09:01:55 UTC,0,2017-11-07,9,Tue
53664,3,1,13,280,2017-11-07 09:10:30 UTC,0,2017-11-07,9,Tue
139448,3,1,37,280,2017-11-07 09:11:35 UTC,0,2017-11-07,9,Tue
76683,3,1,8,280,2017-11-07 09:31:39 UTC,0,2017-11-07,9,Tue
47162,3,1,19,280,2017-11-07 09:32:28 UTC,0,2017-11-07,9,Tue
70749,3,1,17,280,2017-11-07 09:42:01 UTC,0,2017-11-07,9,Tue
106257,3,1,34,280,2017-11-07 09:50:58 UTC,0,2017-11-07,9,Tue
18101,3,1,17,280,2017-11-07 10:00:07 UTC,0,2017-11-07,10,Tue
178323,3,1,19,280,2017-11-07 10:01:20 UTC,0,2017-11-07,10,Tue
33503,3,1,19,280,2017-11-07 10:03:12 UTC,0,2017-11-07,10,Tue
148849,3,1,19,280,2017-11-07 10:29:37 UTC,0,2017-11-07,10,Tue
21911,3,1,19,280,2017-11-07 10:47:56 UTC,0,2017-11-07,10,Tue
6627,3,1,22,280,2017-11-07 10:58:33 UTC,0,2017-11-07,10,Tue
117423,3,1,19,280,2017-11-07 11:09:36 UTC,0,2017-11-07,11,Tue
136702,3,1,19,280,2017-11-07 11:11:51 UTC,0,2017-11-07,11,Tue
5648,17,1,13,280,2017-11-07 11:32:06 UTC,0,2017-11-07,11,Tue
176455,3,1,18,280,2017-11-07 11:37:31 UTC,0,2017-11-07,11,Tue
53454,3,1,19,280,2017-11-07 11:48:19 UTC,0,2017-11-07,11,Tue
114314,3,1,19,280,2017-11-07 12:01:04 UTC,0,2017-11-07,12,Tue
9783,3,1,15,280,2017-11-07 12:10:13 UTC,0,2017-11-07,12,Tue
84587,3,1,17,280,2017-11-07 12:10:35 UTC,0,2017-11-07,12,Tue
25041,3,1,32,280,2017-11-07 12:12:55 UTC,0,2017-11-07,12,Tue
88217,17,1,15,280,2017-11-07 12:27:55 UTC,0,2017-11-07,12,Tue
625,3,1,20,280,2017-11-07 12:46:04 UTC,0,2017-11-07,12,Tue
5704,17,1,13,280,2017-11-07 12:51:36 UTC,0,2017-11-07,12,Tue
44242,3,1,19,280,2017-11-07 13:01:19 UTC,0,2017-11-07,13,Tue
66258,3,1,19,280,2017-11-07 13:12:02 UTC,0,2017-11-07,13,Tue
169293,3,1,6,280,2017-11-07 13:12:57 UTC,0,2017-11-07,13,Tue
117867,3,1,19,280,2017-11-07 13:15:46 UTC,0,2017-11-07,13,Tue
15431,3,1,19,280,2017-11-07 13:20:08 UTC,0,2017-11-07,13,Tue
95294,3,1,15,280,2017-11-07 13:38:10 UTC,0,2017-11-07,13,Tue
174080,3,1,1,280,2017-11-07 13:46:06 UTC,0,2017-11-07,13,Tue
113276,3,1,19,280,2017-11-07 13:52:32 UTC,0,2017-11-07,13,Tue
103495,3,1,19,280,2017-11-07 14:03:00 UTC,0,2017-11-07,14,Tue
120594,3,1,13,280,2017-11-07 14:37:42 UTC,0,2017-11-07,14,Tue
80908,17,1,17,280,2017-11-07 14:39:16 UTC,0,2017-11-07,14,Tue
118367,3,1,1,280,2017-11-07 14:43:36 UTC,0,2017-11-07,14,Tue
188093,3,1,13,280,2017-11-07 15:36:27 UTC,0,2017-11-07,15,Tue
197722,3,1,10,280,2017-11-07 22:49:15 UTC,0,2017-11-07,22,Tue
159355,3,1,13,280,2017-11-07 23:57:32 UTC,0,2017-11-07,23,Tue
19175,3,1,15,280,2017-11-08 00:00:46 UTC,0,2017-11-08,0,Wed
25321,3,1,13,280,2017-11-08 00:05:46 UTC,0,2017-11-08,0,Wed
83238,3,1,18,280,2017-11-08 00:12:31 UTC,0,2017-11-08,0,Wed
251233,3,1,13,280,2017-11-08 00:15:14 UTC,0,2017-11-08,0,Wed
75431,3,1,9,280,2017-11-08 00:17:05 UTC,0,2017-11-08,0,Wed
281929,3,1,19,280,2017-11-08 00:20:22 UTC,0,2017-11-08,0,Wed
125915,3,1,13,280,2017-11-08 00:22:41 UTC,0,2017-11-08,0,Wed
66525,3,1,19,280,2017-11-08 00:25:48 UTC,0,2017-11-08,0,Wed
95718,3,1,13,280,2017-11-08 00:27:41 UTC,0,2017-11-08,0,Wed
17149,3,1,13,280,2017-11-08 00:32:28 UTC,0,2017-11-08,0,Wed
145838,3,1,8,280,2017-11-08 00:33:48 UTC,0,2017-11-08,0,Wed
283648,3,1,20,280,2017-11-08 00:34:07 UTC,0,2017-11-08,0,Wed
49600,3,1,13,280,2017-11-08 00:34:09 UTC,0,2017-11-08,0,Wed
43834,3,1,8,280,2017-11-08 00:34:46 UTC,0,2017-11-08,0,Wed
59456,3,1,17,280,2017-11-08 00:37:03 UTC,0,2017-11-08,0,Wed
14737,3,1,19,280,2017-11-08 00:38:01 UTC,0,2017-11-08,0,Wed
44527,3,1,18,280,2017-11-08 00:40:08 UTC,0,2017-11-08,0,Wed
64593,3,1,19,280,2017-11-08 00:44:35 UTC,0,2017-11-08,0,Wed
80428,3,1,13,280,2017-11-08 00:47:58 UTC,0,2017-11-08,0,Wed
3247,3,1,18,280,2017-11-08 00:51:11 UTC,0,2017-11-08,0,Wed
121608,3,1,13,280,2017-11-08 00:52:31 UTC,0,2017-11-08,0,Wed
114663,3,1,19,280,2017-11-08 00:54:43 UTC,0,2017-11-08,0,Wed
109643,3,1,19,280,2017-11-08 00:58:42 UTC,0,2017-11-08,0,Wed
68519,3,1,13,280,2017-11-08 01:01:05 UTC,0,2017-11-08,1,Wed
221358,3,1,13,280,2017-11-08 01:01:49 UTC,0,2017-11-08,1,Wed
62109,3,1,13,280,2017-11-08 01:03:40 UTC,0,2017-11-08,1,Wed
3196,3,1,25,280,2017-11-08 01:04:04 UTC,0,2017-11-08,1,Wed
11232,3,1,19,280,2017-11-08 01:04:40 UTC,0,2017-11-08,1,Wed
121697,3,1,8,280,2017-11-08 01:05:43 UTC,0,2017-11-08,1,Wed
48671,3,2,9,280,2017-11-08 01:08:50 UTC,0,2017-11-08,1,Wed
113682,3,1,19,280,2017-11-08 01:11:16 UTC,0,2017-11-08,1,Wed
55047,3,1,32,280,2017-11-08 01:13:46 UTC,0,2017-11-08,1,Wed
114526,3,1,19,280,2017-11-08 01:16:37 UTC,0,2017-11-08,1,Wed
27959,3,1,19,280,2017-11-08 01:18:29 UTC,0,2017-11-08,1,Wed
130769,3,1,37,280,2017-11-08 01:24:06 UTC,0,2017-11-08,1,Wed
6908,3,1,4,280,2017-11-08 01:26:01 UTC,0,2017-11-08,1,Wed
63030,3,1,19,280,2017-11-08 01:29:16 UTC,0,2017-11-08,1,Wed
193958,3,1,28,280,2017-11-08 01:29:35 UTC,0,2017-11-08,1,Wed
8482,3,1,19,280,2017-11-08 01:35:50 UTC,0,2017-11-08,1,Wed
135320,3,1,19,280,2017-11-08 01:39:18 UTC,0,2017-11-08,1,Wed
23073,3,1,13,280,2017-11-08 01:40:55 UTC,0,2017-11-08,1,Wed
167401,3,1,13,280,2017-11-08 01:48:16 UTC,0,2017-11-08,1,Wed
8438,3,1,3,280,2017-11-08 01:50:46 UTC,0,2017-11-08,1,Wed
106680,3,1,15,280,2017-11-08 01:51:20 UTC,0,2017-11-08,1,Wed
42167,3,1,10,280,2017-11-08 01:55:47 UTC,0,2017-11-08,1,Wed
17013,3,1,16,280,2017-11-08 01:56:28 UTC,0,2017-11-08,1,Wed
259962,3,1,3,280,2017-11-08 01:58:10 UTC,0,2017-11-08,1,Wed
277962,3,1,13,280,2017-11-08 02:00:00 UTC,0,2017-11-08,2,Wed
16010,3,1,32,280,2017-11-08 02:01:03 UTC,0,2017-11-08,2,Wed
156538,3,1,18,280,2017-11-08 02:01:22 UTC,0,2017-11-08,2,Wed
265034,3,1,13,280,2017-11-08 02:02:03 UTC,0,2017-11-08,2,Wed
38888,3,1,31,280,2017-11-08 02:05:56 UTC,0,2017-11-08,2,Wed
115585,3,1,49,280,2017-11-08 02:09:10 UTC,0,2017-11-08,2,Wed
31009,17,1,14,280,2017-11-08 02:15:14 UTC,0,2017-11-08,2,Wed
148500,3,1,13,280,2017-11-08 02:16:11 UTC,0,2017-11-08,2,Wed
109386,3,1,19,280,2017-11-08 02:17:08 UTC,0,2017-11-08,2,Wed
32453,3,2,9,280,2017-11-08 02:19:07 UTC,0,2017-11-08,2,Wed
100065,3,1,35,280,2017-11-08 02:19:27 UTC,0,2017-11-08,2,Wed
101810,3,1,27,280,2017-11-08 02:19:54 UTC,0,2017-11-08,2,Wed
767,3,1,13,280,2017-11-08 02:21:08 UTC,0,2017-11-08,2,Wed
36720,3,1,13,280,2017-11-08 02:21:35 UTC,0,2017-11-08,2,Wed
39368,3,1,19,280,2017-11-08 02:27:29 UTC,0,2017-11-08,2,Wed
2696,3,1,17,280,2017-11-08 02:28:54 UTC,0,2017-11-08,2,Wed
237391,3,1,22,280,2017-11-08 02:31:01 UTC,0,2017-11-08,2,Wed
64510,3,1,14,280,2017-11-08 02:31:33 UTC,0,2017-11-08,2,Wed
37770,3,1,18,280,2017-11-08 02:34:32 UTC,0,2017-11-08,2,Wed
223989,3,1,13,280,2017-11-08 02:38:45 UTC,0,2017-11-08,2,Wed
53964,3,1,18,280,2017-11-08 02:40:50 UTC,0,2017-11-08,2,Wed
225683,3,1,27,280,2017-11-08 02:41:36 UTC,0,2017-11-08,2,Wed
95140,3,1,13,280,2017-11-08 02:43:36 UTC,0,2017-11-08,2,Wed
177070,3,1,13,280,2017-11-08 02:45:30 UTC,0,2017-11-08,2,Wed
38602,3,1,22,280,2017-11-08 02:48:30 UTC,0,2017-11-08,2,Wed
44488,17,1,19,280,2017-11-08 02:52:24 UTC,0,2017-11-08,2,Wed
76800,3,1,132,280,2017-11-08 02:55:44 UTC,0,2017-11-08,2,Wed
118252,3,1,19,280,2017-11-08 03:00:06 UTC,0,2017-11-08,3,Wed
178991,3,1,19,280,2017-11-08 03:00:58 UTC,0,2017-11-08,3,Wed
49383,3,2,17,280,2017-11-08 03:01:36 UTC,0,2017-11-08,3,Wed
108204,3,1,19,280,2017-11-08 03:01:54 UTC,0,2017-11-08,3,Wed
38725,3,1,1,280,2017-11-08 03:05:41 UTC,0,2017-11-08,3,Wed
28434,3,1,10,280,2017-11-08 03:08:26 UTC,0,2017-11-08,3,Wed
106535,3,1,18,280,2017-11-08 03:09:34 UTC,0,2017-11-08,3,Wed
218264,3,1,13,280,2017-11-08 03:11:20 UTC,0,2017-11-08,3,Wed
101437,3,1,19,280,2017-11-08 03:15:31 UTC,0,2017-11-08,3,Wed
213150,3,1,19,280,2017-11-08 03:15:35 UTC,0,2017-11-08,3,Wed
25719,3,1,17,280,2017-11-08 03:15:49 UTC,0,2017-11-08,3,Wed
46566,3,1,19,280,2017-11-08 03:21:17 UTC,0,2017-11-08,3,Wed
114656,3,1,13,280,2017-11-08 03:25:43 UTC,0,2017-11-08,3,Wed
15148,3,1,13,280,2017-11-08 03:31:44 UTC,0,2017-11-08,3,Wed
181082,3,1,13,280,2017-11-08 03:34:52 UTC,0,2017-11-08,3,Wed
214078,3,1,19,280,2017-11-08 03:41:36 UTC,0,2017-11-08,3,Wed
13338,3,1,37,280,2017-11-08 03:45:37 UTC,0,2017-11-08,3,Wed
93587,3,1,13,280,2017-11-08 03:48:23 UTC,0,2017-11-08,3,Wed
1337,3,1,31,280,2017-11-08 03:51:48 UTC,0,2017-11-08,3,Wed
58127,3,1,13,280,2017-11-08 03:54:30 UTC,0,2017-11-08,3,Wed
62175,3,1,17,280,2017-11-08 04:01:49 UTC,0,2017-11-08,4,Wed
31304,3,1,18,280,2017-11-08 04:04:00 UTC,0,2017-11-08,4,Wed
7617,3,1,14,280,2017-11-08 04:04:30 UTC,0,2017-11-08,4,Wed
45386,3,1,19,280,2017-11-08 04:06:36 UTC,0,2017-11-08,4,Wed
99944,3,2,22,280,2017-11-08 04:09:20 UTC,0,2017-11-08,4,Wed
36383,3,1,22,280,2017-11-08 04:10:33 UTC,0,2017-11-08,4,Wed
41725,3,1,8,280,2017-11-08 04:10:47 UTC,0,2017-11-08,4,Wed
144421,3,1,22,280,2017-11-08 04:12:54 UTC,0,2017-11-08,4,Wed
127414,3,1,19,280,2017-11-08 04:23:46 UTC,0,2017-11-08,4,Wed
287448,3,1,20,280,2017-11-08 04:26:22 UTC,0,2017-11-08,4,Wed
175111,3,1,18,280,2017-11-08 04:26:59 UTC,0,2017-11-08,4,Wed
123994,3,1,35,280,2017-11-08 04:27:58 UTC,0,2017-11-08,4,Wed
100701,3,1,19,280,2017-11-08 04:34:50 UTC,0,2017-11-08,4,Wed
248105,3,1,19,280,2017-11-08 04:39:41 UTC,0,2017-11-08,4,Wed
109413,3,1,19,280,2017-11-08 04:40:01 UTC,0,2017-11-08,4,Wed
44673,3,1,19,280,2017-11-08 04:40:30 UTC,0,2017-11-08,4,Wed
10239,3,1,19,280,2017-11-08 04:47:32 UTC,0,2017-11-08,4,Wed
121187,3,1,18,280,2017-11-08 04:48:30 UTC,0,2017-11-08,4,Wed
170171,3,1,1,280,2017-11-08 04:53:23 UTC,0,2017-11-08,4,Wed
676,3,1,19,280,2017-11-08 04:55:29 UTC,0,2017-11-08,4,Wed
55326,3,1,10,280,2017-11-08 05:03:20 UTC,0,2017-11-08,5,Wed
23948,3,1,13,280,2017-11-08 05:04:36 UTC,0,2017-11-08,5,Wed
48285,3,1,13,280,2017-11-08 05:15:44 UTC,0,2017-11-08,5,Wed
35650,3,1,13,280,2017-11-08 05:31:03 UTC,0,2017-11-08,5,Wed
131891,3,1,13,280,2017-11-08 05:31:30 UTC,0,2017-11-08,5,Wed
109826,3,1,20,280,2017-11-08 05:33:48 UTC,0,2017-11-08,5,Wed
71428,3,1,19,280,2017-11-08 05:35:25 UTC,0,2017-11-08,5,Wed
34137,3,1,9,280,2017-11-08 05:40:09 UTC,0,2017-11-08,5,Wed
97283,3,1,13,280,2017-11-08 05:41:22 UTC,0,2017-11-08,5,Wed
58369,3,1,18,280,2017-11-08 05:45:52 UTC,0,2017-11-08,5,Wed
86405,3,1,17,280,2017-11-08 05:46:24 UTC,0,2017-11-08,5,Wed
51512,3,1,20,280,2017-11-08 05:48:20 UTC,0,2017-11-08,5,Wed
187662,3,1,13,280,2017-11-08 05:49:41 UTC,0,2017-11-08,5,Wed
241937,3,1,17,280,2017-11-08 05:53:49 UTC,0,2017-11-08,5,Wed
94921,3,1,19,280,2017-11-08 05:56:33 UTC,0,2017-11-08,5,Wed
97982,3,1,19,280,2017-11-08 05:58:21 UTC,0,2017-11-08,5,Wed
18546,3,1,13,280,2017-11-08 06:02:17 UTC,0,2017-11-08,6,Wed
55853,3,1,32,280,2017-11-08 06:05:43 UTC,0,2017-11-08,6,Wed
30587,3,2,19,280,2017-11-08 06:10:21 UTC,0,2017-11-08,6,Wed
69710,3,1,25,280,2017-11-08 06:17:39 UTC,0,2017-11-08,6,Wed
29377,3,1,9,280,2017-11-08 06:20:31 UTC,0,2017-11-08,6,Wed
12788,3,1,19,280,2017-11-08 06:35:21 UTC,0,2017-11-08,6,Wed
222163,3,1,18,280,2017-11-08 06:38:21 UTC,0,2017-11-08,6,Wed
18429,3,1,13,280,2017-11-08 06:46:37 UTC,0,2017-11-08,6,Wed
111299,3,1,19,280,2017-11-08 06:47:30 UTC,0,2017-11-08,6,Wed
85150,17,2,32,280,2017-11-08 06:49:58 UTC,0,2017-11-08,6,Wed
44772,17,1,13,280,2017-11-08 07:01:11 UTC,0,2017-11-08,7,Wed
45609,3,1,1,280,2017-11-08 07:01:25 UTC,0,2017-11-08,7,Wed
73933,3,1,13,280,2017-11-08 07:02:16 UTC,0,2017-11-08,7,Wed
103598,3,1,13,280,2017-11-08 07:08:04 UTC,0,2017-11-08,7,Wed
106644,3,1,32,280,2017-11-08 07:11:37 UTC,0,2017-11-08,7,Wed
199830,3,1,16,280,2017-11-08 07:14:44 UTC,0,2017-11-08,7,Wed
63787,3,1,19,280,2017-11-08 07:17:24 UTC,0,2017-11-08,7,Wed
37375,3,1,13,280,2017-11-08 07:18:22 UTC,0,2017-11-08,7,Wed
109890,3,1,35,280,2017-11-08 07:18:25 UTC,0,2017-11-08,7,Wed
155689,3,1,32,280,2017-11-08 07:19:17 UTC,0,2017-11-08,7,Wed
43865,3,1,19,280,2017-11-08 07:20:03 UTC,0,2017-11-08,7,Wed
108160,3,2,36,280,2017-11-08 07:20:37 UTC,0,2017-11-08,7,Wed
77107,3,1,19,280,2017-11-08 07:23:59 UTC,0,2017-11-08,7,Wed
51544,3,1,19,280,2017-11-08 07:27:51 UTC,0,2017-11-08,7,Wed
280511,3,1,19,280,2017-11-08 07:29:54 UTC,0,2017-11-08,7,Wed
5200,3,1,13,280,2017-11-08 07:30:54 UTC,0,2017-11-08,7,Wed
39027,3,1,19,280,2017-11-08 07:32:41 UTC,0,2017-11-08,7,Wed
83795,17,1,13,280,2017-11-08 07:35:29 UTC,0,2017-11-08,7,Wed
262468,3,1,19,280,2017-11-08 07:39:20 UTC,0,2017-11-08,7,Wed
83802,3,1,19,280,2017-11-08 07:40:18 UTC,0,2017-11-08,7,Wed
50037,17,1,13,280,2017-11-08 07:43:24 UTC,0,2017-11-08,7,Wed
63981,3,1,13,280,2017-11-08 07:48:18 UTC,0,2017-11-08,7,Wed
37417,3,1,17,280,2017-11-08 07:51:44 UTC,0,2017-11-08,7,Wed
124295,3,1,12,280,2017-11-08 07:58:31 UTC,0,2017-11-08,7,Wed
23878,17,2,17,280,2017-11-08 08:00:38 UTC,0,2017-11-08,8,Wed
67745,3,1,17,280,2017-11-08 08:12:23 UTC,0,2017-11-08,8,Wed
74068,3,1,13,280,2017-11-08 08:14:34 UTC,0,2017-11-08,8,Wed
175706,3,1,13,280,2017-11-08 08:16:22 UTC,0,2017-11-08,8,Wed
107709,3,1,13,280,2017-11-08 08:23:31 UTC,0,2017-11-08,8,Wed
199673,3,1,19,280,2017-11-08 08:33:30 UTC,0,2017-11-08,8,Wed
102942,3,2,17,280,2017-11-08 08:37:07 UTC,0,2017-11-08,8,Wed
76199,3,1,10,280,2017-11-08 08:41:48 UTC,0,2017-11-08,8,Wed
6750,3,1,13,280,2017-11-08 08:45:08 UTC,0,2017-11-08,8,Wed
112243,3,1,22,280,2017-11-08 08:45:50 UTC,0,2017-11-08,8,Wed
89189,3,1,20,280,2017-11-08 08:54:18 UTC,0,2017-11-08,8,Wed
64265,3,1,13,280,2017-11-08 08:54:27 UTC,0,2017-11-08,8,Wed
115650,3,1,19,280,2017-11-08 08:55:38 UTC,0,2017-11-08,8,Wed
109156,17,1,22,280,2017-11-08 08:55:55 UTC,0,2017-11-08,8,Wed
138561,3,2,9,280,2017-11-08 08:56:36 UTC,0,2017-11-08,8,Wed
74013,3,1,13,280,2017-11-08 08:57:54 UTC,0,2017-11-08,8,Wed
121368,3,1,10,280,2017-11-08 09:00:20 UTC,0,2017-11-08,9,Wed
188957,3,1,12,280,2017-11-08 09:01:41 UTC,0,2017-11-08,9,Wed
1313,3,1,20,280,2017-11-08 09:01:48 UTC,0,2017-11-08,9,Wed
273298,3,1,9,280,2017-11-08 09:03:46 UTC,0,2017-11-08,9,Wed
37717,17,1,32,280,2017-11-08 09:04:57 UTC,0,2017-11-08,9,Wed
85077,3,1,37,280,2017-11-08 09:09:20 UTC,0,2017-11-08,9,Wed
39338,3,1,8,280,2017-11-08 09:10:32 UTC,0,2017-11-08,9,Wed
270249,3,1,1,280,2017-11-08 09:13:15 UTC,0,2017-11-08,9,Wed
82100,3,1,32,280,2017-11-08 09:14:40 UTC,0,2017-11-08,9,Wed
111087,3,1,18,280,2017-11-08 09:14:54 UTC,0,2017-11-08,9,Wed
48395,3,1,16,280,2017-11-08 09:20:04 UTC,0,2017-11-08,9,Wed
70532,3,1,20,280,2017-11-08 09:22:57 UTC,0,2017-11-08,9,Wed
62723,3,1,1,280,2017-11-08 09:25:21 UTC,0,2017-11-08,9,Wed
89946,3,1,11,280,2017-11-08 09:26:04 UTC,0,2017-11-08,9,Wed
82427,3,1,13,280,2017-11-08 09:32:48 UTC,0,2017-11-08,9,Wed
108858,3,1,19,280,2017-11-08 09:40:59 UTC,0,2017-11-08,9,Wed
110330,3,1,20,280,2017-11-08 09:42:22 UTC,0,2017-11-08,9,Wed
50087,3,1,18,280,2017-11-08 09:53:04 UTC,0,2017-11-08,9,Wed
106986,3,1,31,280,2017-11-08 09:57:19 UTC,0,2017-11-08,9,Wed
99523,3,1,17,280,2017-11-08 10:10:11 UTC,0,2017-11-08,10,Wed
137052,3,1,19,280,2017-11-08 10:12:04 UTC,0,2017-11-08,10,Wed
101300,3,1,20,280,2017-11-08 10:14:54 UTC,0,2017-11-08,10,Wed
96692,3,1,19,280,2017-11-08 10:15:12 UTC,0,2017-11-08,10,Wed
78477,3,1,13,280,2017-11-08 10:20:49 UTC,0,2017-11-08,10,Wed
37417,3,1,22,280,2017-11-08 10:23:54 UTC,0,2017-11-08,10,Wed
29695,3,1,27,280,2017-11-08 10:26:16 UTC,0,2017-11-08,10,Wed
59540,3,1,19,280,2017-11-08 10:29:59 UTC,0,2017-11-08,10,Wed
133103,3,1,13,280,2017-11-08 10:30:09 UTC,0,2017-11-08,10,Wed
57230,3,1,19,280,2017-11-08 10:30:13 UTC,0,2017-11-08,10,Wed
43180,3,1,19,280,2017-11-08 10:33:30 UTC,0,2017-11-08,10,Wed
100393,3,1,13,280,2017-11-08 10:38:15 UTC,0,2017-11-08,10,Wed
5348,3,1,10,280,2017-11-08 10:42:23 UTC,0,2017-11-08,10,Wed
61718,3,1,15,280,2017-11-08 10:46:32 UTC,0,2017-11-08,10,Wed
3313,3,1,19,280,2017-11-08 10:55:35 UTC,0,2017-11-08,10,Wed
38352,3,1,17,280,2017-11-08 10:56:36 UTC,0,2017-11-08,10,Wed
105323,3,1,13,280,2017-11-08 10:57:53 UTC,0,2017-11-08,10,Wed
189149,3,1,18,280,2017-11-08 10:58:10 UTC,0,2017-11-08,10,Wed
65710,3,1,16,280,2017-11-08 11:01:52 UTC,0,2017-11-08,11,Wed
88018,3,1,19,280,2017-11-08 11:03:15 UTC,0,2017-11-08,11,Wed
68929,3,1,19,280,2017-11-08 11:03:30 UTC,0,2017-11-08,11,Wed
93207,3,1,13,280,2017-11-08 11:04:49 UTC,0,2017-11-08,11,Wed
38326,3,1,13,280,2017-11-08 11:06:58 UTC,0,2017-11-08,11,Wed
63149,3,1,10,280,2017-11-08 11:10:12 UTC,0,2017-11-08,11,Wed
101074,3,2,13,280,2017-11-08 11:13:30 UTC,0,2017-11-08,11,Wed
152360,3,1,18,280,2017-11-08 11:14:07 UTC,0,2017-11-08,11,Wed
106541,3,1,13,280,2017-11-08 11:16:32 UTC,0,2017-11-08,11,Wed
52052,3,1,13,280,2017-11-08 11:16:50 UTC,0,2017-11-08,11,Wed
121505,3,1,19,280,2017-11-08 11:20:14 UTC,0,2017-11-08,11,Wed
4019,3,1,18,280,2017-11-08 11:23:04 UTC,0,2017-11-08,11,Wed
191416,3,1,15,280,2017-11-08 11:23:52 UTC,0,2017-11-08,11,Wed
108831,3,1,13,280,2017-11-08 11:25:59 UTC,0,2017-11-08,11,Wed
11287,3,1,19,280,2017-11-08 11:26:29 UTC,0,2017-11-08,11,Wed
191780,3,1,13,280,2017-11-08 11:27:37 UTC,0,2017-11-08,11,Wed
279107,3,1,19,280,2017-11-08 11:28:48 UTC,0,2017-11-08,11,Wed
29315,3,1,19,280,2017-11-08 11:30:47 UTC,0,2017-11-08,11,Wed
17149,3,2,9,280,2017-11-08 11:31:08 UTC,0,2017-11-08,11,Wed
108641,3,1,37,280,2017-11-08 11:31:52 UTC,0,2017-11-08,11,Wed
7210,3,1,10,280,2017-11-08 11:33:38 UTC,0,2017-11-08,11,Wed
49462,3,1,10,280,2017-11-08 11:37:59 UTC,0,2017-11-08,11,Wed
82015,3,1,9,280,2017-11-08 11:38:59 UTC,0,2017-11-08,11,Wed
5222,3,1,18,280,2017-11-08 11:40:13 UTC,0,2017-11-08,11,Wed
6581,3,1,19,280,2017-11-08 11:44:32 UTC,0,2017-11-08,11,Wed
110500,3,1,15,280,2017-11-08 11:45:07 UTC,0,2017-11-08,11,Wed
2996,3,1,13,280,2017-11-08 11:47:08 UTC,0,2017-11-08,11,Wed
220134,3,1,13,280,2017-11-08 11:47:32 UTC,0,2017-11-08,11,Wed
105606,3,1,17,280,2017-11-08 11:49:25 UTC,0,2017-11-08,11,Wed
15985,3,1,13,280,2017-11-08 11:58:20 UTC,0,2017-11-08,11,Wed
47110,3,1,13,280,2017-11-08 12:02:57 UTC,0,2017-11-08,12,Wed
71762,3,1,13,280,2017-11-08 12:03:52 UTC,0,2017-11-08,12,Wed
105475,3,1,13,280,2017-11-08 12:06:35 UTC,0,2017-11-08,12,Wed
27294,3,1,13,280,2017-11-08 12:17:36 UTC,0,2017-11-08,12,Wed
145003,3,1,10,280,2017-11-08 12:18:08 UTC,0,2017-11-08,12,Wed
160456,3,1,36,280,2017-11-08 12:20:24 UTC,0,2017-11-08,12,Wed
81922,3,1,20,280,2017-11-08 12:20:35 UTC,0,2017-11-08,12,Wed
223848,3,1,18,280,2017-11-08 12:28:42 UTC,0,2017-11-08,12,Wed
55649,3,2,6,280,2017-11-08 12:30:13 UTC,0,2017-11-08,12,Wed
5348,3,1,15,280,2017-11-08 12:31:50 UTC,0,2017-11-08,12,Wed
67658,17,1,22,280,2017-11-08 12:32:04 UTC,0,2017-11-08,12,Wed
95766,3,1,14,280,2017-11-08 12:32:23 UTC,0,2017-11-08,12,Wed
28417,3,1,19,280,2017-11-08 12:34:58 UTC,0,2017-11-08,12,Wed
53770,3,1,32,280,2017-11-08 12:39:42 UTC,0,2017-11-08,12,Wed
73516,3,1,19,280,2017-11-08 12:42:25 UTC,0,2017-11-08,12,Wed
34944,17,1,19,280,2017-11-08 12:47:50 UTC,0,2017-11-08,12,Wed
105560,3,1,17,280,2017-11-08 12:48:43 UTC,0,2017-11-08,12,Wed
75644,3,1,19,280,2017-11-08 12:50:02 UTC,0,2017-11-08,12,Wed
209663,3,1,19,280,2017-11-08 12:52:37 UTC,0,2017-11-08,12,Wed
112086,3,1,17,280,2017-11-08 12:54:05 UTC,0,2017-11-08,12,Wed
79702,3,1,3,280,2017-11-08 12:57:18 UTC,0,2017-11-08,12,Wed
40372,3,1,19,280,2017-11-08 12:57:26 UTC,0,2017-11-08,12,Wed
77048,3,1,10,280,2017-11-08 12:57:41 UTC,0,2017-11-08,12,Wed
175504,3,1,15,280,2017-11-08 13:00:44 UTC,0,2017-11-08,13,Wed
20904,3,1,18,280,2017-11-08 13:02:59 UTC,0,2017-11-08,13,Wed
57646,3,1,19,280,2017-11-08 13:03:12 UTC,0,2017-11-08,13,Wed
100275,3,1,19,280,2017-11-08 13:03:17 UTC,0,2017-11-08,13,Wed
16579,3,1,10,280,2017-11-08 13:07:01 UTC,0,2017-11-08,13,Wed
46351,3,1,13,280,2017-11-08 13:12:49 UTC,0,2017-11-08,13,Wed
26814,3,1,18,280,2017-11-08 13:14:14 UTC,0,2017-11-08,13,Wed
7528,3,1,19,280,2017-11-08 13:15:56 UTC,0,2017-11-08,13,Wed
129882,3,1,19,280,2017-11-08 13:18:42 UTC,0,2017-11-08,13,Wed
50897,3,1,19,280,2017-11-08 13:19:08 UTC,0,2017-11-08,13,Wed
102065,3,1,3,280,2017-11-08 13:22:52 UTC,0,2017-11-08,13,Wed
102994,3,1,16,280,2017-11-08 13:24:51 UTC,0,2017-11-08,13,Wed
84774,3,1,8,280,2017-11-08 13:28:46 UTC,0,2017-11-08,13,Wed
71805,3,1,13,280,2017-11-08 13:32:06 UTC,0,2017-11-08,13,Wed
2208,3,1,19,280,2017-11-08 13:32:29 UTC,0,2017-11-08,13,Wed
110529,3,1,13,280,2017-11-08 13:32:39 UTC,0,2017-11-08,13,Wed
5314,3,1,47,280,2017-11-08 13:33:18 UTC,0,2017-11-08,13,Wed
87604,3,1,25,280,2017-11-08 13:34:31 UTC,0,2017-11-08,13,Wed
17149,17,2,9,280,2017-11-08 13:35:07 UTC,0,2017-11-08,13,Wed
80193,3,1,19,280,2017-11-08 13:36:34 UTC,0,2017-11-08,13,Wed
73487,3,1,22,280,2017-11-08 13:38:14 UTC,0,2017-11-08,13,Wed
43057,3,1,19,280,2017-11-08 13:41:50 UTC,0,2017-11-08,13,Wed
45863,3,1,13,280,2017-11-08 13:43:12 UTC,0,2017-11-08,13,Wed
25792,3,1,11,280,2017-11-08 13:43:27 UTC,0,2017-11-08,13,Wed
223223,3,1,17,280,2017-11-08 13:47:02 UTC,0,2017-11-08,13,Wed
265115,3,1,19,280,2017-11-08 13:47:12 UTC,0,2017-11-08,13,Wed
115586,3,1,19,280,2017-11-08 13:52:17 UTC,0,2017-11-08,13,Wed
123878,3,1,10,280,2017-11-08 13:55:09 UTC,0,2017-11-08,13,Wed
279,3,1,14,280,2017-11-08 13:57:25 UTC,0,2017-11-08,13,Wed
98881,3,1,13,280,2017-11-08 13:57:27 UTC,0,2017-11-08,13,Wed
5348,3,1,13,280,2017-11-08 13:59:50 UTC,0,2017-11-08,13,Wed
71449,3,1,22,280,2017-11-08 14:00:49 UTC,0,2017-11-08,14,Wed
93861,3,1,10,280,2017-11-08 14:02:46 UTC,0,2017-11-08,14,Wed
48383,3,1,18,280,2017-11-08 14:03:41 UTC,0,2017-11-08,14,Wed
53454,3,1,13,280,2017-11-08 14:08:04 UTC,0,2017-11-08,14,Wed
111573,3,1,19,280,2017-11-08 14:10:56 UTC,0,2017-11-08,14,Wed
216981,3,1,17,280,2017-11-08 14:11:12 UTC,0,2017-11-08,14,Wed
5348,3,1,12,280,2017-11-08 14:12:22 UTC,0,2017-11-08,14,Wed
50136,3,1,19,280,2017-11-08 14:13:03 UTC,0,2017-11-08,14,Wed
29315,3,1,16,280,2017-11-08 14:16:14 UTC,0,2017-11-08,14,Wed
42207,3,1,22,280,2017-11-08 14:19:57 UTC,0,2017-11-08,14,Wed
89562,3,1,25,280,2017-11-08 14:26:52 UTC,0,2017-11-08,14,Wed
46672,3,1,13,280,2017-11-08 14:27:04 UTC,0,2017-11-08,14,Wed
59847,3,1,8,280,2017-11-08 14:28:36 UTC,0,2017-11-08,14,Wed
239848,3,1,19,280,2017-11-08 14:29:04 UTC,0,2017-11-08,14,Wed
106162,3,1,19,280,2017-11-08 14:33:08 UTC,0,2017-11-08,14,Wed
238025,3,1,73,280,2017-11-08 14:33:49 UTC,0,2017-11-08,14,Wed
57591,3,1,6,280,2017-11-08 14:36:00 UTC,0,2017-11-08,14,Wed
83098,3,1,9,280,2017-11-08 14:37:41 UTC,0,2017-11-08,14,Wed
114878,3,1,19,280,2017-11-08 14:38:36 UTC,0,2017-11-08,14,Wed
85541,3,1,1,280,2017-11-08 14:43:07 UTC,0,2017-11-08,14,Wed
119317,3,1,17,280,2017-11-08 14:54:49 UTC,0,2017-11-08,14,Wed
27884,3,1,8,280,2017-11-08 14:55:15 UTC,0,2017-11-08,14,Wed
69752,3,1,32,280,2017-11-08 14:59:06 UTC,0,2017-11-08,14,Wed
32788,3,1,13,280,2017-11-08 14:59:52 UTC,0,2017-11-08,14,Wed
97684,3,1,13,280,2017-11-08 15:00:49 UTC,0,2017-11-08,15,Wed
207753,3,1,8,280,2017-11-08 15:06:06 UTC,0,2017-11-08,15,Wed
117845,3,1,20,280,2017-11-08 15:06:08 UTC,0,2017-11-08,15,Wed
32523,3,1,17,280,2017-11-08 15:11:13 UTC,0,2017-11-08,15,Wed
209,3,1,16,280,2017-11-08 15:13:44 UTC,0,2017-11-08,15,Wed
185787,3,1,19,280,2017-11-08 15:17:19 UTC,0,2017-11-08,15,Wed
256336,3,1,13,280,2017-11-08 15:20:51 UTC,0,2017-11-08,15,Wed
125288,3,1,19,280,2017-11-08 15:23:26 UTC,0,2017-11-08,15,Wed
49383,3,2,36,280,2017-11-08 15:24:53 UTC,0,2017-11-08,15,Wed
1082,3,1,18,280,2017-11-08 15:26:08 UTC,0,2017-11-08,15,Wed
124384,3,1,17,280,2017-11-08 15:29:02 UTC,0,2017-11-08,15,Wed
178581,3,1,35,280,2017-11-08 15:29:05 UTC,0,2017-11-08,15,Wed
155145,3,1,18,280,2017-11-08 15:29:19 UTC,0,2017-11-08,15,Wed
23370,3,1,32,280,2017-11-08 15:30:14 UTC,0,2017-11-08,15,Wed
82041,3,1,37,280,2017-11-08 15:30:55 UTC,0,2017-11-08,15,Wed
239520,3,1,8,280,2017-11-08 15:31:02 UTC,0,2017-11-08,15,Wed
18666,3,1,16,280,2017-11-08 15:35:36 UTC,0,2017-11-08,15,Wed
44327,3,1,19,280,2017-11-08 15:36:24 UTC,0,2017-11-08,15,Wed
1091,3,1,41,280,2017-11-08 15:37:31 UTC,0,2017-11-08,15,Wed
117383,3,1,3,280,2017-11-08 15:38:53 UTC,0,2017-11-08,15,Wed
92766,3,1,19,280,2017-11-08 15:41:55 UTC,0,2017-11-08,15,Wed
144353,3,1,10,280,2017-11-08 15:44:12 UTC,0,2017-11-08,15,Wed
14301,3,1,41,280,2017-11-08 15:45:39 UTC,0,2017-11-08,15,Wed
14374,3,1,19,280,2017-11-08 15:46:06 UTC,0,2017-11-08,15,Wed
62072,3,1,8,280,2017-11-08 15:55:45 UTC,0,2017-11-08,15,Wed
123809,3,1,19,280,2017-11-08 15:57:06 UTC,0,2017-11-08,15,Wed
111757,3,1,47,280,2017-11-08 16:00:13 UTC,0,2017-11-08,16,Wed
197225,3,1,13,280,2017-11-08 16:00:51 UTC,0,2017-11-08,16,Wed
3964,3,1,1,280,2017-11-08 16:01:08 UTC,0,2017-11-08,16,Wed
120629,3,1,19,280,2017-11-08 16:05:33 UTC,0,2017-11-08,16,Wed
55893,3,1,18,280,2017-11-08 16:05:39 UTC,0,2017-11-08,16,Wed
172923,3,1,18,280,2017-11-08 16:07:24 UTC,0,2017-11-08,16,Wed
111025,3,1,13,280,2017-11-08 16:12:57 UTC,0,2017-11-08,16,Wed
37183,3,1,13,280,2017-11-08 16:14:17 UTC,0,2017-11-08,16,Wed
55415,3,1,20,280,2017-11-08 16:14:39 UTC,0,2017-11-08,16,Wed
14918,3,1,40,280,2017-11-08 16:23:15 UTC,0,2017-11-08,16,Wed
102174,3,1,19,280,2017-11-08 16:38:29 UTC,0,2017-11-08,16,Wed
58982,3,1,13,280,2017-11-08 16:44:45 UTC,0,2017-11-08,16,Wed
101096,17,1,13,280,2017-11-08 16:52:16 UTC,0,2017-11-08,16,Wed
262689,3,1,19,280,2017-11-08 16:54:32 UTC,0,2017-11-08,16,Wed
37565,3,1,13,280,2017-11-08 17:49:07 UTC,0,2017-11-08,17,Wed
275322,17,1,20,280,2017-11-08 17:56:03 UTC,0,2017-11-08,17,Wed
71793,3,1,13,280,2017-11-08 18:12:46 UTC,0,2017-11-08,18,Wed
84808,3,1,4,280,2017-11-08 18:13:54 UTC,0,2017-11-08,18,Wed
63062,3,1,10,280,2017-11-08 18:51:11 UTC,0,2017-11-08,18,Wed
125736,3,1,25,280,2017-11-08 18:56:14 UTC,0,2017-11-08,18,Wed
12091,3,1,27,280,2017-11-08 18:58:23 UTC,0,2017-11-08,18,Wed
136561,3,1,8,280,2017-11-08 20:11:14 UTC,0,2017-11-08,20,Wed
106598,17,1,13,280,2017-11-08 20:19:20 UTC,0,2017-11-08,20,Wed
31358,3,1,19,280,2017-11-08 20:30:24 UTC,0,2017-11-08,20,Wed
92916,3,1,18,280,2017-11-08 22:19:12 UTC,0,2017-11-08,22,Wed
16290,3,1,15,280,2017-11-08 22:32:41 UTC,0,2017-11-08,22,Wed
157074,3,1,34,280,2017-11-08 23:10:19 UTC,0,2017-11-08,23,Wed
198164,17,1,20,280,2017-11-08 23:16:45 UTC,0,2017-11-08,23,Wed
31415,3,1,17,280,2017-11-08 23:29:30 UTC,0,2017-11-08,23,Wed
90408,17,1,13,280,2017-11-08 23:43:24 UTC,0,2017-11-08,23,Wed
131725,3,1,13,280,2017-11-08 23:44:04 UTC,0,2017-11-08,23,Wed
124096,3,1,22,280,2017-11-09 00:04:18 UTC,0,2017-11-09,0,Thu
94059,3,1,10,280,2017-11-09 00:05:24 UTC,0,2017-11-09,0,Thu
51936,3,1,37,280,2017-11-09 00:06:01 UTC,0,2017-11-09,0,Thu
115615,3,1,41,280,2017-11-09 00:06:56 UTC,0,2017-11-09,0,Thu
119818,3,1,19,280,2017-11-09 00:07:23 UTC,0,2017-11-09,0,Thu
49914,3,1,19,280,2017-11-09 00:07:56 UTC,0,2017-11-09,0,Thu
137052,3,1,17,280,2017-11-09 00:15:24 UTC,0,2017-11-09,0,Thu
38602,3,1,19,280,2017-11-09 00:17:41 UTC,0,2017-11-09,0,Thu
313388,3,1,13,280,2017-11-09 00:18:12 UTC,0,2017-11-09,0,Thu
189065,3,1,25,280,2017-11-09 00:22:09 UTC,0,2017-11-09,0,Thu
30903,3,1,19,280,2017-11-09 00:24:16 UTC,0,2017-11-09,0,Thu
49006,3,1,8,280,2017-11-09 00:27:05 UTC,0,2017-11-09,0,Thu
79157,3,1,19,280,2017-11-09 00:28:35 UTC,0,2017-11-09,0,Thu
265108,3,1,19,280,2017-11-09 00:30:53 UTC,0,2017-11-09,0,Thu
7840,3,1,8,280,2017-11-09 00:37:36 UTC,0,2017-11-09,0,Thu
26995,3,1,17,280,2017-11-09 00:38:12 UTC,0,2017-11-09,0,Thu
84680,3,1,17,280,2017-11-09 00:39:05 UTC,0,2017-11-09,0,Thu
89557,3,1,17,280,2017-11-09 00:43:08 UTC,0,2017-11-09,0,Thu
81698,3,1,19,280,2017-11-09 00:43:36 UTC,0,2017-11-09,0,Thu
96708,3,1,19,280,2017-11-09 00:44:59 UTC,0,2017-11-09,0,Thu
124936,3,1,3,280,2017-11-09 00:51:15 UTC,0,2017-11-09,0,Thu
125222,3,1,13,280,2017-11-09 00:51:49 UTC,0,2017-11-09,0,Thu
67606,3,1,4,280,2017-11-09 00:53:31 UTC,0,2017-11-09,0,Thu
113389,3,1,12,280,2017-11-09 00:58:09 UTC,0,2017-11-09,0,Thu
99542,3,1,6,280,2017-11-09 00:58:49 UTC,0,2017-11-09,0,Thu
150112,3,1,13,280,2017-11-09 01:06:25 UTC,0,2017-11-09,1,Thu
81448,3,1,10,280,2017-11-09 01:08:32 UTC,0,2017-11-09,1,Thu
88168,3,1,19,280,2017-11-09 01:08:40 UTC,0,2017-11-09,1,Thu
123813,3,1,13,280,2017-11-09 01:10:05 UTC,0,2017-11-09,1,Thu
185465,3,1,13,280,2017-11-09 01:11:29 UTC,0,2017-11-09,1,Thu
112464,3,1,36,280,2017-11-09 01:12:03 UTC,0,2017-11-09,1,Thu
62916,3,1,13,280,2017-11-09 01:12:30 UTC,0,2017-11-09,1,Thu
101395,3,1,19,280,2017-11-09 01:13:05 UTC,0,2017-11-09,1,Thu
165541,3,1,13,280,2017-11-09 01:16:29 UTC,0,2017-11-09,1,Thu
120669,3,1,25,280,2017-11-09 01:19:32 UTC,0,2017-11-09,1,Thu
118753,3,1,25,280,2017-11-09 01:20:36 UTC,0,2017-11-09,1,Thu
106362,3,1,8,280,2017-11-09 01:23:53 UTC,0,2017-11-09,1,Thu
358710,3,1,47,280,2017-11-09 01:26:32 UTC,0,2017-11-09,1,Thu
78564,3,1,19,280,2017-11-09 01:29:30 UTC,0,2017-11-09,1,Thu
75453,3,1,19,280,2017-11-09 01:31:27 UTC,0,2017-11-09,1,Thu
22978,3,1,13,280,2017-11-09 01:32:11 UTC,0,2017-11-09,1,Thu
48708,3,1,19,280,2017-11-09 01:37:40 UTC,0,2017-11-09,1,Thu
108859,3,1,18,280,2017-11-09 01:37:58 UTC,0,2017-11-09,1,Thu
44445,3,1,6,280,2017-11-09 01:38:46 UTC,0,2017-11-09,1,Thu
114276,3,1,3,280,2017-11-09 01:39:32 UTC,0,2017-11-09,1,Thu
28597,3,1,19,280,2017-11-09 01:39:57 UTC,0,2017-11-09,1,Thu
70815,3,1,3,280,2017-11-09 01:40:23 UTC,0,2017-11-09,1,Thu
101467,3,1,19,280,2017-11-09 01:40:40 UTC,0,2017-11-09,1,Thu
33110,3,1,2,280,2017-11-09 01:48:14 UTC,0,2017-11-09,1,Thu
198652,3,1,9,280,2017-11-09 01:51:16 UTC,0,2017-11-09,1,Thu
344865,3,2,13,280,2017-11-09 01:51:56 UTC,0,2017-11-09,1,Thu
44181,3,1,14,280,2017-11-09 01:52:38 UTC,0,2017-11-09,1,Thu
106723,3,1,17,280,2017-11-09 01:56:03 UTC,0,2017-11-09,1,Thu
20961,3,1,19,280,2017-11-09 02:03:18 UTC,0,2017-11-09,2,Thu
18483,3,1,19,280,2017-11-09 02:08:10 UTC,0,2017-11-09,2,Thu
49649,3,1,53,280,2017-11-09 02:08:46 UTC,0,2017-11-09,2,Thu
105587,3,1,17,280,2017-11-09 02:10:05 UTC,0,2017-11-09,2,Thu
113854,3,1,18,280,2017-11-09 02:13:01 UTC,0,2017-11-09,2,Thu
33181,3,1,13,280,2017-11-09 02:16:48 UTC,0,2017-11-09,2,Thu
101487,3,1,40,280,2017-11-09 02:17:39 UTC,0,2017-11-09,2,Thu
37320,3,1,13,280,2017-11-09 02:19:07 UTC,0,2017-11-09,2,Thu
31247,3,1,19,280,2017-11-09 02:20:26 UTC,0,2017-11-09,2,Thu
329443,3,1,9,280,2017-11-09 02:22:06 UTC,0,2017-11-09,2,Thu
67908,3,1,13,280,2017-11-09 02:23:14 UTC,0,2017-11-09,2,Thu
80510,3,1,18,280,2017-11-09 02:23:27 UTC,0,2017-11-09,2,Thu
104405,3,1,13,280,2017-11-09 02:27:04 UTC,0,2017-11-09,2,Thu
247799,3,1,13,280,2017-11-09 02:29:32 UTC,0,2017-11-09,2,Thu
41313,3,1,17,280,2017-11-09 02:34:50 UTC,0,2017-11-09,2,Thu
67658,3,1,13,280,2017-11-09 02:37:13 UTC,0,2017-11-09,2,Thu
69173,3,1,13,280,2017-11-09 02:44:24 UTC,0,2017-11-09,2,Thu
658,3,1,13,280,2017-11-09 02:44:34 UTC,0,2017-11-09,2,Thu
240704,3,1,6,280,2017-11-09 02:46:22 UTC,0,2017-11-09,2,Thu
95991,3,1,19,280,2017-11-09 02:49:36 UTC,0,2017-11-09,2,Thu
31387,3,1,8,280,2017-11-09 02:56:41 UTC,0,2017-11-09,2,Thu
108925,3,1,19,280,2017-11-09 02:57:27 UTC,0,2017-11-09,2,Thu
48383,3,1,14,280,2017-11-09 02:59:26 UTC,0,2017-11-09,2,Thu
106385,3,1,13,280,2017-11-09 03:01:25 UTC,0,2017-11-09,3,Thu
105612,3,1,19,280,2017-11-09 03:01:42 UTC,0,2017-11-09,3,Thu
44725,3,1,25,280,2017-11-09 03:04:38 UTC,0,2017-11-09,3,Thu
315991,3,1,13,280,2017-11-09 03:04:45 UTC,0,2017-11-09,3,Thu
101863,3,1,19,280,2017-11-09 03:08:46 UTC,0,2017-11-09,3,Thu
32392,3,1,6,280,2017-11-09 03:17:01 UTC,0,2017-11-09,3,Thu
115804,17,1,9,280,2017-11-09 03:18:07 UTC,0,2017-11-09,3,Thu
123993,3,1,1,280,2017-11-09 03:19:35 UTC,0,2017-11-09,3,Thu
99769,3,1,13,280,2017-11-09 03:23:39 UTC,0,2017-11-09,3,Thu
158557,3,1,25,280,2017-11-09 03:24:53 UTC,0,2017-11-09,3,Thu
75683,3,1,19,280,2017-11-09 03:34:24 UTC,0,2017-11-09,3,Thu
95063,3,1,35,280,2017-11-09 03:39:43 UTC,0,2017-11-09,3,Thu
125423,3,1,19,280,2017-11-09 03:42:51 UTC,0,2017-11-09,3,Thu
13104,3,1,1,280,2017-11-09 03:45:55 UTC,0,2017-11-09,3,Thu
464,3,1,13,280,2017-11-09 03:46:09 UTC,0,2017-11-09,3,Thu
39453,3,1,13,280,2017-11-09 03:48:31 UTC,0,2017-11-09,3,Thu
42143,3,1,18,280,2017-11-09 03:48:32 UTC,0,2017-11-09,3,Thu
283691,3,1,13,280,2017-11-09 03:54:28 UTC,0,2017-11-09,3,Thu
60381,3,1,22,280,2017-11-09 03:56:19 UTC,0,2017-11-09,3,Thu
89426,3,1,13,280,2017-11-09 03:59:50 UTC,0,2017-11-09,3,Thu
65913,3,1,19,280,2017-11-09 04:01:50 UTC,0,2017-11-09,4,Thu
360082,3,1,13,280,2017-11-09 04:06:38 UTC,0,2017-11-09,4,Thu
64024,3,1,15,280,2017-11-09 04:12:31 UTC,0,2017-11-09,4,Thu
124576,3,1,13,280,2017-11-09 04:13:40 UTC,0,2017-11-09,4,Thu
35787,3,1,1,280,2017-11-09 04:14:17 UTC,0,2017-11-09,4,Thu
47273,3,1,8,280,2017-11-09 04:22:34 UTC,0,2017-11-09,4,Thu
35815,3,1,13,280,2017-11-09 04:23:21 UTC,0,2017-11-09,4,Thu
25058,3,1,10,280,2017-11-09 04:24:32 UTC,0,2017-11-09,4,Thu
309771,3,1,8,280,2017-11-09 04:25:06 UTC,0,2017-11-09,4,Thu
41040,3,1,13,280,2017-11-09 04:28:42 UTC,0,2017-11-09,4,Thu
77346,3,1,10,280,2017-11-09 04:29:36 UTC,0,2017-11-09,4,Thu
30059,3,1,17,280,2017-11-09 04:29:38 UTC,0,2017-11-09,4,Thu
46558,3,1,13,280,2017-11-09 04:31:38 UTC,0,2017-11-09,4,Thu
41112,3,1,27,280,2017-11-09 04:32:00 UTC,0,2017-11-09,4,Thu
13331,3,1,18,280,2017-11-09 04:34:25 UTC,0,2017-11-09,4,Thu
78758,3,1,3,280,2017-11-09 04:34:33 UTC,0,2017-11-09,4,Thu
111182,3,1,19,280,2017-11-09 04:39:00 UTC,0,2017-11-09,4,Thu
81480,3,1,18,280,2017-11-09 04:44:50 UTC,0,2017-11-09,4,Thu
58994,3,1,17,280,2017-11-09 04:46:42 UTC,0,2017-11-09,4,Thu
224325,3,1,13,280,2017-11-09 04:47:30 UTC,0,2017-11-09,4,Thu
152977,3,1,13,280,2017-11-09 04:49:35 UTC,0,2017-11-09,4,Thu
91336,3,1,13,280,2017-11-09 04:55:48 UTC,0,2017-11-09,4,Thu
98261,3,1,19,280,2017-11-09 04:57:14 UTC,0,2017-11-09,4,Thu
182243,3,1,15,280,2017-11-09 05:00:50 UTC,0,2017-11-09,5,Thu
69136,3,1,14,280,2017-11-09 05:05:26 UTC,0,2017-11-09,5,Thu
48846,3,1,19,280,2017-11-09 05:08:08 UTC,0,2017-11-09,5,Thu
27983,3,1,12,280,2017-11-09 05:08:29 UTC,0,2017-11-09,5,Thu
106337,3,1,9,280,2017-11-09 05:10:09 UTC,0,2017-11-09,5,Thu
104906,3,1,6,280,2017-11-09 05:10:34 UTC,0,2017-11-09,5,Thu
7172,3,1,22,280,2017-11-09 05:10:52 UTC,0,2017-11-09,5,Thu
17149,3,1,22,280,2017-11-09 05:18:22 UTC,0,2017-11-09,5,Thu
17077,3,1,19,280,2017-11-09 05:19:08 UTC,0,2017-11-09,5,Thu
51818,3,1,41,280,2017-11-09 05:24:41 UTC,0,2017-11-09,5,Thu
7377,3,1,3,280,2017-11-09 05:25:27 UTC,0,2017-11-09,5,Thu
90557,3,1,10,280,2017-11-09 05:25:55 UTC,0,2017-11-09,5,Thu
95388,3,1,3,280,2017-11-09 05:27:33 UTC,0,2017-11-09,5,Thu
92618,3,1,37,280,2017-11-09 05:30:33 UTC,0,2017-11-09,5,Thu
32367,3,1,13,280,2017-11-09 05:35:01 UTC,0,2017-11-09,5,Thu
106770,3,1,8,280,2017-11-09 05:36:44 UTC,0,2017-11-09,5,Thu
42176,3,1,20,280,2017-11-09 05:45:13 UTC,0,2017-11-09,5,Thu
51628,3,1,8,280,2017-11-09 05:48:40 UTC,0,2017-11-09,5,Thu
84934,3,1,6,280,2017-11-09 05:50:55 UTC,0,2017-11-09,5,Thu
2965,3,1,16,280,2017-11-09 05:52:43 UTC,0,2017-11-09,5,Thu
58669,3,1,13,280,2017-11-09 05:53:17 UTC,0,2017-11-09,5,Thu
20989,3,1,18,280,2017-11-09 05:54:53 UTC,0,2017-11-09,5,Thu
7435,3,1,13,280,2017-11-09 05:57:45 UTC,0,2017-11-09,5,Thu
136291,3,1,19,280,2017-11-09 05:57:48 UTC,0,2017-11-09,5,Thu
79881,3,1,19,280,2017-11-09 05:59:23 UTC,0,2017-11-09,5,Thu
102163,3,1,17,280,2017-11-09 06:00:02 UTC,0,2017-11-09,6,Thu
23200,3,1,47,280,2017-11-09 06:00:08 UTC,0,2017-11-09,6,Thu
113252,3,1,13,280,2017-11-09 06:02:32 UTC,0,2017-11-09,6,Thu
154432,3,1,19,280,2017-11-09 06:02:41 UTC,0,2017-11-09,6,Thu
69960,3,1,19,280,2017-11-09 06:03:04 UTC,0,2017-11-09,6,Thu
115340,3,1,13,280,2017-11-09 06:03:25 UTC,0,2017-11-09,6,Thu
279854,3,1,25,280,2017-11-09 06:04:09 UTC,0,2017-11-09,6,Thu
269492,3,1,13,280,2017-11-09 06:07:31 UTC,0,2017-11-09,6,Thu
81082,3,1,20,280,2017-11-09 06:08:55 UTC,0,2017-11-09,6,Thu
68384,3,1,14,280,2017-11-09 06:11:56 UTC,0,2017-11-09,6,Thu
31732,3,1,19,280,2017-11-09 06:15:06 UTC,0,2017-11-09,6,Thu
68735,3,1,19,280,2017-11-09 06:17:38 UTC,0,2017-11-09,6,Thu
86544,3,1,10,280,2017-11-09 06:17:46 UTC,0,2017-11-09,6,Thu
5147,3,1,17,280,2017-11-09 06:34:37 UTC,0,2017-11-09,6,Thu
43514,3,1,18,280,2017-11-09 06:36:35 UTC,0,2017-11-09,6,Thu
62937,3,1,16,280,2017-11-09 06:37:29 UTC,0,2017-11-09,6,Thu
79925,3,1,19,280,2017-11-09 06:39:22 UTC,0,2017-11-09,6,Thu
39479,3,1,28,280,2017-11-09 06:42:41 UTC,0,2017-11-09,6,Thu
53670,3,1,17,280,2017-11-09 06:43:28 UTC,0,2017-11-09,6,Thu
104366,3,1,15,280,2017-11-09 06:51:36 UTC,0,2017-11-09,6,Thu
1204,3,1,19,280,2017-11-09 06:52:18 UTC,0,2017-11-09,6,Thu
315062,3,1,13,280,2017-11-09 07:05:32 UTC,0,2017-11-09,7,Thu
195073,3,1,18,280,2017-11-09 07:09:34 UTC,0,2017-11-09,7,Thu
322344,3,1,19,280,2017-11-09 07:10:24 UTC,0,2017-11-09,7,Thu
973,3,1,17,280,2017-11-09 07:10:30 UTC,0,2017-11-09,7,Thu
83883,3,1,28,280,2017-11-09 07:11:26 UTC,0,2017-11-09,7,Thu
76255,3,1,1,280,2017-11-09 07:14:20 UTC,0,2017-11-09,7,Thu
106279,3,1,19,280,2017-11-09 07:14:39 UTC,0,2017-11-09,7,Thu
56411,3,1,16,280,2017-11-09 07:18:22 UTC,0,2017-11-09,7,Thu
84954,3,1,13,280,2017-11-09 07:23:38 UTC,0,2017-11-09,7,Thu
354707,3,1,6,280,2017-11-09 07:24:30 UTC,0,2017-11-09,7,Thu
25753,3,1,13,280,2017-11-09 07:27:39 UTC,0,2017-11-09,7,Thu
100519,3,1,20,280,2017-11-09 07:29:36 UTC,0,2017-11-09,7,Thu
30228,3,1,36,280,2017-11-09 07:33:38 UTC,0,2017-11-09,7,Thu
95173,3,1,16,280,2017-11-09 08:24:35 UTC,0,2017-11-09,8,Thu
35696,3,1,37,280,2017-11-09 08:27:07 UTC,0,2017-11-09,8,Thu
119289,3,1,19,280,2017-11-09 10:32:09 UTC,0,2017-11-09,10,Thu
44744,3,1,19,280,2017-11-09 10:51:55 UTC,0,2017-11-09,10,Thu
347608,3,1,19,280,2017-11-09 12:25:36 UTC,0,2017-11-09,12,Thu
119349,3,1,13,280,2017-11-09 12:30:13 UTC,0,2017-11-09,12,Thu
316811,3,1,19,280,2017-11-09 12:39:28 UTC,0,2017-11-09,12,Thu
93542,3,1,3,280,2017-11-09 13:42:56 UTC,0,2017-11-09,13,Thu
44595,3,1,37,280,2017-11-09 13:51:45 UTC,0,2017-11-09,13,Thu
269733,3,1,25,280,2017-11-09 14:10:00 UTC,0,2017-11-09,14,Thu
20309,3,1,19,280,2017-11-09 14:57:02 UTC,0,2017-11-09,14,Thu
20309,3,1,40,280,2017-11-09 15:00:59 UTC,0,2017-11-09,15,Thu
66218,3,1,20,280,2017-11-09 15:02:52 UTC,0,2017-11-09,15,Thu
330714,3,1,14,280,2017-11-09 15:08:58 UTC,0,2017-11-09,15,Thu
18311,3,1,17,280,2017-11-09 15:11:03 UTC,0,2017-11-09,15,Thu
100629,3,1,19,280,2017-11-09 15:24:55 UTC,0,2017-11-09,15,Thu
45785,105,1,10,282,2017-11-07 02:04:06 UTC,0,2017-11-07,2,Tue
274915,19,154,50,282,2017-11-08 00:46:01 UTC,0,2017-11-08,0,Wed
226498,19,137,24,282,2017-11-08 11:36:57 UTC,1,2017-11-08,11,Wed
113460,15,1,18,315,2017-11-07 00:29:15 UTC,0,2017-11-07,0,Tue
159889,15,1,20,315,2017-11-07 01:08:48 UTC,0,2017-11-07,1,Tue
14969,15,1,6,315,2017-11-07 02:03:49 UTC,0,2017-11-07,2,Tue
80000,15,1,19,315,2017-11-07 05:27:58 UTC,0,2017-11-07,5,Tue
81453,15,1,6,315,2017-11-07 07:03:46 UTC,0,2017-11-07,7,Tue
48043,15,1,19,315,2017-11-07 07:17:29 UTC,0,2017-11-07,7,Tue
8995,15,1,25,315,2017-11-07 07:33:25 UTC,0,2017-11-07,7,Tue
18869,15,1,13,315,2017-11-07 07:44:13 UTC,0,2017-11-07,7,Tue
12711,15,1,8,315,2017-11-07 07:52:20 UTC,0,2017-11-07,7,Tue
204007,15,1,19,315,2017-11-07 08:13:22 UTC,0,2017-11-07,8,Tue
92636,15,1,19,315,2017-11-07 10:00:20 UTC,0,2017-11-07,10,Tue
73516,15,1,35,315,2017-11-07 10:21:40 UTC,0,2017-11-07,10,Tue
10759,15,1,19,315,2017-11-07 12:07:57 UTC,0,2017-11-07,12,Tue
121909,15,1,19,315,2017-11-07 12:08:11 UTC,0,2017-11-07,12,Tue
9849,15,1,19,315,2017-11-07 12:57:41 UTC,0,2017-11-07,12,Tue
80781,15,1,13,315,2017-11-07 13:23:01 UTC,0,2017-11-07,13,Tue
11448,15,1,25,315,2017-11-07 13:46:35 UTC,0,2017-11-07,13,Tue
186154,15,1,18,315,2017-11-07 14:04:21 UTC,0,2017-11-07,14,Tue
91232,15,1,19,315,2017-11-07 15:14:53 UTC,0,2017-11-07,15,Tue
27985,15,1,3,315,2017-11-07 15:33:30 UTC,0,2017-11-07,15,Tue
45362,15,1,28,315,2017-11-07 16:38:09 UTC,0,2017-11-07,16,Tue
2254,15,1,13,315,2017-11-07 22:58:02 UTC,0,2017-11-07,22,Tue
121384,15,1,15,315,2017-11-07 23:54:15 UTC,0,2017-11-07,23,Tue
93248,15,1,9,315,2017-11-08 01:37:32 UTC,0,2017-11-08,1,Wed
59123,15,1,19,315,2017-11-08 02:44:59 UTC,0,2017-11-08,2,Wed
41399,15,1,13,315,2017-11-08 03:13:18 UTC,0,2017-11-08,3,Wed
26995,15,2,7,315,2017-11-08 03:49:54 UTC,0,2017-11-08,3,Wed
30824,15,1,30,315,2017-11-08 05:42:27 UTC,0,2017-11-08,5,Wed
193061,15,1,13,315,2017-11-08 06:35:42 UTC,0,2017-11-08,6,Wed
153056,15,1,19,315,2017-11-08 07:04:57 UTC,0,2017-11-08,7,Wed
53557,15,1,47,315,2017-11-08 07:44:00 UTC,0,2017-11-08,7,Wed
25352,15,1,13,315,2017-11-08 08:19:42 UTC,0,2017-11-08,8,Wed
1755,15,1,19,315,2017-11-08 09:13:11 UTC,0,2017-11-08,9,Wed
30564,15,2,19,315,2017-11-08 10:03:58 UTC,0,2017-11-08,10,Wed
98521,15,1,16,315,2017-11-08 11:28:36 UTC,0,2017-11-08,11,Wed
169001,15,1,27,315,2017-11-08 11:32:15 UTC,0,2017-11-08,11,Wed
270863,15,1,8,315,2017-11-08 11:45:14 UTC,0,2017-11-08,11,Wed
63812,15,1,19,315,2017-11-08 11:49:13 UTC,0,2017-11-08,11,Wed
3196,15,1,13,315,2017-11-08 12:23:04 UTC,0,2017-11-08,12,Wed
1117,15,1,25,315,2017-11-08 12:31:09 UTC,0,2017-11-08,12,Wed
119289,15,1,17,315,2017-11-08 12:47:46 UTC,0,2017-11-08,12,Wed
212090,15,1,18,315,2017-11-08 13:17:05 UTC,0,2017-11-08,13,Wed
96298,15,1,13,315,2017-11-08 15:43:22 UTC,0,2017-11-08,15,Wed
257704,15,1,17,315,2017-11-08 17:10:40 UTC,0,2017-11-08,17,Wed
85172,15,1,13,315,2017-11-08 23:12:06 UTC,0,2017-11-08,23,Wed
93230,15,1,19,315,2017-11-08 23:27:53 UTC,0,2017-11-08,23,Wed
257815,15,1,37,315,2017-11-09 01:08:12 UTC,0,2017-11-09,1,Thu
39861,15,1,19,315,2017-11-09 01:19:25 UTC,0,2017-11-09,1,Thu
68758,15,1,19,315,2017-11-09 04:30:19 UTC,0,2017-11-09,4,Thu
62955,15,1,17,315,2017-11-09 07:20:50 UTC,0,2017-11-09,7,Thu
97684,15,2,9,315,2017-11-09 07:35:58 UTC,0,2017-11-09,7,Thu
135873,15,1,13,315,2017-11-09 08:02:55 UTC,0,2017-11-09,8,Thu
271020,15,1,19,315,2017-11-09 08:03:03 UTC,0,2017-11-09,8,Thu
12840,15,1,13,315,2017-11-09 09:19:38 UTC,0,2017-11-09,9,Thu
37794,15,1,47,315,2017-11-09 09:28:34 UTC,0,2017-11-09,9,Thu
359350,15,1,13,315,2017-11-09 09:30:46 UTC,0,2017-11-09,9,Thu
194151,15,1,22,315,2017-11-09 12:51:08 UTC,0,2017-11-09,12,Thu
58700,15,1,13,315,2017-11-09 13:10:17 UTC,0,2017-11-09,13,Thu
28010,15,1,19,315,2017-11-09 15:09:54 UTC,0,2017-11-09,15,Thu
100275,15,1,13,315,2017-11-09 15:28:23 UTC,0,2017-11-09,15,Thu
40216,10,1,6,317,2017-11-06 23:23:35 UTC,0,2017-11-06,23,Mon
151603,10,1,37,317,2017-11-07 03:36:20 UTC,0,2017-11-07,3,Tue
48383,18,1,53,317,2017-11-07 03:42:33 UTC,0,2017-11-07,3,Tue
125396,18,1,8,317,2017-11-07 04:17:14 UTC,0,2017-11-07,4,Tue
163712,18,1,22,317,2017-11-07 04:24:12 UTC,0,2017-11-07,4,Tue
56166,18,1,14,317,2017-11-07 04:34:05 UTC,0,2017-11-07,4,Tue
7819,18,1,31,317,2017-11-07 04:45:32 UTC,0,2017-11-07,4,Tue
204885,10,1,28,317,2017-11-07 04:57:32 UTC,0,2017-11-07,4,Tue
49431,18,1,22,317,2017-11-07 05:46:36 UTC,0,2017-11-07,5,Tue
190273,10,1,12,317,2017-11-07 07:14:58 UTC,0,2017-11-07,7,Tue
35707,10,1,19,317,2017-11-07 10:45:43 UTC,0,2017-11-07,10,Tue
55642,10,1,19,317,2017-11-07 12:01:18 UTC,0,2017-11-07,12,Tue
113475,3,1,17,317,2017-11-07 12:52:16 UTC,0,2017-11-07,12,Tue
93486,10,1,13,317,2017-11-07 15:43:27 UTC,0,2017-11-07,15,Tue
112418,10,1,18,317,2017-11-08 00:19:43 UTC,0,2017-11-08,0,Wed
99906,10,1,13,317,2017-11-08 00:47:59 UTC,0,2017-11-08,0,Wed
38721,10,1,4,317,2017-11-08 01:13:01 UTC,0,2017-11-08,1,Wed
152307,28,1,13,317,2017-11-08 02:18:24 UTC,0,2017-11-08,2,Wed
143708,10,1,32,317,2017-11-08 03:12:20 UTC,0,2017-11-08,3,Wed
99954,10,1,19,317,2017-11-08 04:55:55 UTC,0,2017-11-08,4,Wed
89456,10,1,13,317,2017-11-08 06:31:04 UTC,0,2017-11-08,6,Wed
281109,3,1,35,317,2017-11-08 06:58:36 UTC,0,2017-11-08,6,Wed
100149,3,1,1,317,2017-11-08 07:02:03 UTC,0,2017-11-08,7,Wed
125295,3,1,13,317,2017-11-08 07:05:37 UTC,0,2017-11-08,7,Wed
53806,3,1,25,317,2017-11-08 07:28:18 UTC,0,2017-11-08,7,Wed
95779,3,1,18,317,2017-11-08 07:31:19 UTC,0,2017-11-08,7,Wed
95702,3,1,6,317,2017-11-08 07:33:19 UTC,0,2017-11-08,7,Wed
1235,3,1,16,317,2017-11-08 07:47:20 UTC,0,2017-11-08,7,Wed
85096,3,1,13,317,2017-11-08 07:51:21 UTC,0,2017-11-08,7,Wed
184315,3,1,19,317,2017-11-08 08:12:39 UTC,0,2017-11-08,8,Wed
255406,3,1,13,317,2017-11-08 08:29:32 UTC,0,2017-11-08,8,Wed
123586,3,1,19,317,2017-11-08 08:33:07 UTC,0,2017-11-08,8,Wed
46923,3,1,10,317,2017-11-08 08:42:48 UTC,0,2017-11-08,8,Wed
116252,3,1,19,317,2017-11-08 08:57:33 UTC,0,2017-11-08,8,Wed
78955,3,1,19,317,2017-11-08 09:00:43 UTC,0,2017-11-08,9,Wed
63267,2,1,19,317,2017-11-08 10:01:51 UTC,0,2017-11-08,10,Wed
123878,10,1,17,317,2017-11-08 10:03:18 UTC,0,2017-11-08,10,Wed
84701,2,1,13,317,2017-11-08 10:06:22 UTC,0,2017-11-08,10,Wed
73144,2,1,13,317,2017-11-08 10:17:55 UTC,0,2017-11-08,10,Wed
116581,2,1,19,317,2017-11-08 10:25:51 UTC,0,2017-11-08,10,Wed
10953,2,1,25,317,2017-11-08 10:28:51 UTC,0,2017-11-08,10,Wed
100161,2,1,17,317,2017-11-08 10:39:55 UTC,0,2017-11-08,10,Wed
27781,2,1,27,317,2017-11-08 10:42:50 UTC,0,2017-11-08,10,Wed
130629,2,1,13,317,2017-11-08 10:48:01 UTC,0,2017-11-08,10,Wed
145747,10,1,10,317,2017-11-08 15:26:17 UTC,0,2017-11-08,15,Wed
64620,5,1,13,317,2017-11-09 07:22:32 UTC,0,2017-11-09,7,Thu
75794,10,1,13,317,2017-11-09 07:46:35 UTC,0,2017-11-09,7,Thu
75595,10,1,13,317,2017-11-09 11:37:31 UTC,0,2017-11-09,11,Thu
20174,5,1,18,317,2017-11-09 13:18:57 UTC,0,2017-11-09,13,Thu
107809,1,1,53,317,2017-11-09 13:41:28 UTC,0,2017-11-09,13,Thu
79909,3,2,19,317,2017-11-09 15:09:54 UTC,0,2017-11-09,15,Thu
122199,11,1,22,319,2017-11-06 23:23:54 UTC,0,2017-11-06,23,Mon
168896,11,1,19,319,2017-11-06 23:46:27 UTC,0,2017-11-06,23,Mon
37417,11,1,19,319,2017-11-06 23:48:31 UTC,0,2017-11-06,23,Mon
4324,11,1,6,319,2017-11-06 23:56:55 UTC,0,2017-11-06,23,Mon
8171,11,1,13,319,2017-11-07 01:41:28 UTC,0,2017-11-07,1,Tue
66254,11,1,15,319,2017-11-07 05:07:08 UTC,0,2017-11-07,5,Tue
42153,11,1,17,319,2017-11-07 05:07:17 UTC,0,2017-11-07,5,Tue
122593,11,1,13,319,2017-11-07 13:37:09 UTC,0,2017-11-07,13,Tue
150625,11,1,13,319,2017-11-07 16:30:22 UTC,0,2017-11-07,16,Tue
75453,11,1,19,319,2017-11-07 23:15:31 UTC,0,2017-11-07,23,Tue
40887,11,1,13,319,2017-11-08 00:13:47 UTC,0,2017-11-08,0,Wed
6903,11,1,13,319,2017-11-08 03:22:17 UTC,0,2017-11-08,3,Wed
10813,11,1,10,319,2017-11-08 04:01:00 UTC,0,2017-11-08,4,Wed
130629,11,1,22,319,2017-11-08 04:01:29 UTC,0,2017-11-08,4,Wed
278716,11,1,6,319,2017-11-08 04:28:46 UTC,0,2017-11-08,4,Wed
115445,11,2,63,319,2017-11-08 05:04:18 UTC,0,2017-11-08,5,Wed
203386,11,1,18,319,2017-11-08 06:10:30 UTC,0,2017-11-08,6,Wed
277902,11,1,12,319,2017-11-08 08:08:25 UTC,0,2017-11-08,8,Wed
83723,11,1,19,319,2017-11-08 08:37:49 UTC,0,2017-11-08,8,Wed
164213,11,1,10,319,2017-11-08 11:50:07 UTC,0,2017-11-08,11,Wed
151097,11,1,27,319,2017-11-08 12:07:57 UTC,0,2017-11-08,12,Wed
97522,11,1,6,319,2017-11-08 13:01:54 UTC,0,2017-11-08,13,Wed
123729,11,1,19,319,2017-11-08 13:16:51 UTC,0,2017-11-08,13,Wed
7481,11,1,6,319,2017-11-08 15:37:52 UTC,0,2017-11-08,15,Wed
78903,11,1,17,319,2017-11-09 01:59:04 UTC,0,2017-11-09,1,Thu
17747,11,1,22,319,2017-11-09 02:19:43 UTC,0,2017-11-09,2,Thu
111121,11,1,32,319,2017-11-09 02:22:14 UTC,0,2017-11-09,2,Thu
32967,11,1,66,319,2017-11-09 03:38:12 UTC,0,2017-11-09,3,Thu
42646,11,1,19,319,2017-11-09 06:07:02 UTC,0,2017-11-09,6,Thu
43668,11,1,19,319,2017-11-09 08:37:14 UTC,0,2017-11-09,8,Thu
783,11,1,6,319,2017-11-09 10:31:45 UTC,0,2017-11-09,10,Thu
110589,11,1,16,319,2017-11-09 12:33:17 UTC,0,2017-11-09,12,Thu
43833,9,1,19,322,2017-11-09 15:15:28 UTC,0,2017-11-09,15,Thu
6022,9,2,19,322,2017-11-09 15:32:55 UTC,0,2017-11-09,15,Thu
164071,11,1,37,325,2017-11-07 01:22:38 UTC,0,2017-11-07,1,Tue
29385,11,1,19,325,2017-11-07 05:58:28 UTC,0,2017-11-07,5,Tue
91661,11,1,13,325,2017-11-07 06:28:32 UTC,0,2017-11-07,6,Tue
77940,11,1,43,325,2017-11-07 07:43:25 UTC,0,2017-11-07,7,Tue
94874,11,1,8,325,2017-11-07 08:08:30 UTC,0,2017-11-07,8,Tue
129400,11,1,26,325,2017-11-07 11:42:52 UTC,0,2017-11-07,11,Tue
120159,11,1,22,325,2017-11-08 00:08:40 UTC,0,2017-11-08,0,Wed
32665,11,1,13,325,2017-11-08 01:11:55 UTC,0,2017-11-08,1,Wed
56498,11,1,32,325,2017-11-08 04:55:28 UTC,0,2017-11-08,4,Wed
28011,11,1,15,325,2017-11-08 05:28:29 UTC,0,2017-11-08,5,Wed
8506,11,1,10,325,2017-11-08 08:03:30 UTC,0,2017-11-08,8,Wed
17899,11,1,12,325,2017-11-08 14:49:34 UTC,0,2017-11-08,14,Wed
82039,11,1,20,325,2017-11-08 16:19:07 UTC,0,2017-11-08,16,Wed
109020,11,1,13,325,2017-11-08 22:42:31 UTC,0,2017-11-08,22,Wed
5348,11,1,13,325,2017-11-09 03:54:16 UTC,0,2017-11-09,3,Thu
65253,11,1,8,325,2017-11-09 12:05:40 UTC,0,2017-11-09,12,Thu
100275,11,1,22,325,2017-11-09 15:31:17 UTC,0,2017-11-09,15,Thu
67439,12,1,17,326,2017-11-06 16:09:08 UTC,0,2017-11-06,16,Mon
73516,12,2,42,326,2017-11-06 18:39:10 UTC,0,2017-11-06,18,Mon
44494,12,2,20,326,2017-11-06 22:53:53 UTC,0,2017-11-06,22,Mon
8292,12,1,13,326,2017-11-06 23:35:35 UTC,0,2017-11-06,23,Mon
69852,12,1,17,326,2017-11-07 03:23:59 UTC,0,2017-11-07,3,Tue
52024,12,1,13,326,2017-11-07 10:24:11 UTC,0,2017-11-07,10,Tue
161299,12,2,10,326,2017-11-07 11:57:35 UTC,0,2017-11-07,11,Tue
73516,12,1,13,326,2017-11-07 13:41:31 UTC,0,2017-11-07,13,Tue
67754,12,2,9,326,2017-11-07 14:57:47 UTC,0,2017-11-07,14,Tue
6360,12,1,28,326,2017-11-07 15:07:37 UTC,0,2017-11-07,15,Tue
90509,12,1,17,326,2017-11-07 16:28:55 UTC,0,2017-11-07,16,Tue
92712,12,1,15,326,2017-11-07 22:58:44 UTC,0,2017-11-07,22,Tue
73487,12,1,19,326,2017-11-07 23:26:40 UTC,0,2017-11-07,23,Tue
73516,12,1,35,326,2017-11-08 01:32:04 UTC,0,2017-11-08,1,Wed
92735,12,2,36,326,2017-11-08 02:51:49 UTC,0,2017-11-08,2,Wed
73487,12,1,12,326,2017-11-08 05:21:43 UTC,0,2017-11-08,5,Wed
44494,12,2,19,326,2017-11-08 05:56:39 UTC,0,2017-11-08,5,Wed
92852,12,1,19,326,2017-11-08 08:11:59 UTC,0,2017-11-08,8,Wed
73516,12,2,19,326,2017-11-08 09:33:48 UTC,0,2017-11-08,9,Wed
67611,12,2,14,326,2017-11-08 14:56:27 UTC,0,2017-11-08,14,Wed
52024,12,2,20,326,2017-11-08 15:07:20 UTC,0,2017-11-08,15,Wed
73487,12,1,16,326,2017-11-08 15:23:33 UTC,0,2017-11-08,15,Wed
67439,12,1,19,326,2017-11-08 16:36:12 UTC,0,2017-11-08,16,Wed
73516,12,1,13,326,2017-11-08 17:57:06 UTC,0,2017-11-08,17,Wed
73516,12,1,19,326,2017-11-08 22:15:55 UTC,0,2017-11-08,22,Wed
73516,12,2,49,326,2017-11-09 03:58:14 UTC,0,2017-11-09,3,Thu
73487,12,2,49,326,2017-11-09 05:07:07 UTC,0,2017-11-09,5,Thu
73516,12,1,32,326,2017-11-09 08:48:45 UTC,0,2017-11-09,8,Thu
73516,12,1,16,326,2017-11-09 12:39:03 UTC,0,2017-11-09,12,Thu
79851,12,1,19,328,2017-11-06 19:55:20 UTC,0,2017-11-06,19,Mon
38142,12,1,19,328,2017-11-06 23:00:37 UTC,0,2017-11-06,23,Mon
30203,12,1,22,328,2017-11-06 23:25:16 UTC,0,2017-11-06,23,Mon
70432,12,1,28,328,2017-11-07 00:02:12 UTC,0,2017-11-07,0,Tue
115039,12,1,19,328,2017-11-07 01:12:34 UTC,0,2017-11-07,1,Tue
118238,12,1,19,328,2017-11-07 01:20:54 UTC,0,2017-11-07,1,Tue
4825,12,1,10,328,2017-11-07 01:53:38 UTC,0,2017-11-07,1,Tue
82050,12,1,13,328,2017-11-07 02:45:33 UTC,0,2017-11-07,2,Tue
183090,12,1,19,328,2017-11-07 02:49:56 UTC,0,2017-11-07,2,Tue
33908,12,1,14,328,2017-11-07 03:23:18 UTC,0,2017-11-07,3,Tue
58680,12,1,8,328,2017-11-07 03:49:33 UTC,0,2017-11-07,3,Tue
126685,12,1,13,328,2017-11-07 03:59:30 UTC,0,2017-11-07,3,Tue
11911,12,1,13,328,2017-11-07 05:26:48 UTC,0,2017-11-07,5,Tue
40045,12,1,8,328,2017-11-07 05:41:00 UTC,0,2017-11-07,5,Tue
114276,12,1,3,328,2017-11-07 05:45:32 UTC,0,2017-11-07,5,Tue
142361,12,1,13,328,2017-11-07 06:12:03 UTC,0,2017-11-07,6,Tue
58097,12,1,32,328,2017-11-07 07:44:46 UTC,0,2017-11-07,7,Tue
73467,12,1,13,328,2017-11-07 07:57:58 UTC,0,2017-11-07,7,Tue
116431,12,1,46,328,2017-11-07 08:30:09 UTC,0,2017-11-07,8,Tue
211188,12,1,22,328,2017-11-07 08:41:32 UTC,0,2017-11-07,8,Tue
125456,12,1,18,328,2017-11-07 09:11:36 UTC,0,2017-11-07,9,Tue
121228,12,1,19,328,2017-11-07 09:28:09 UTC,0,2017-11-07,9,Tue
141774,12,1,15,328,2017-11-07 09:35:38 UTC,0,2017-11-07,9,Tue
85631,12,1,19,328,2017-11-07 09:39:50 UTC,0,2017-11-07,9,Tue
149120,12,1,13,328,2017-11-07 09:41:51 UTC,0,2017-11-07,9,Tue
3133,12,1,3,328,2017-11-07 10:13:25 UTC,0,2017-11-07,10,Tue
116375,12,1,14,328,2017-11-07 11:08:13 UTC,0,2017-11-07,11,Tue
44067,12,1,19,328,2017-11-07 11:12:25 UTC,0,2017-11-07,11,Tue
22006,12,1,14,328,2017-11-07 11:42:18 UTC,0,2017-11-07,11,Tue
64516,12,1,16,328,2017-11-07 12:27:13 UTC,0,2017-11-07,12,Tue
46053,12,1,53,328,2017-11-07 12:32:37 UTC,0,2017-11-07,12,Tue
17149,12,1,58,328,2017-11-07 13:46:06 UTC,0,2017-11-07,13,Tue
97151,12,1,25,328,2017-11-07 14:15:40 UTC,0,2017-11-07,14,Tue
89680,12,1,15,328,2017-11-07 14:23:52 UTC,0,2017-11-07,14,Tue
100099,12,1,13,328,2017-11-07 14:28:11 UTC,0,2017-11-07,14,Tue
114276,12,1,19,328,2017-11-07 14:50:04 UTC,0,2017-11-07,14,Tue
43243,12,1,18,328,2017-11-07 15:26:52 UTC,0,2017-11-07,15,Tue
200605,12,1,18,328,2017-11-07 16:25:14 UTC,0,2017-11-07,16,Tue
100275,12,1,13,328,2017-11-07 17:24:19 UTC,0,2017-11-07,17,Tue
87349,12,1,13,328,2017-11-07 21:04:49 UTC,0,2017-11-07,21,Tue
12058,12,1,13,328,2017-11-07 21:21:53 UTC,0,2017-11-07,21,Tue
192891,12,1,19,328,2017-11-07 22:08:03 UTC,0,2017-11-07,22,Tue
157121,12,1,17,328,2017-11-07 23:30:57 UTC,0,2017-11-07,23,Tue
96038,12,1,12,328,2017-11-08 00:32:10 UTC,0,2017-11-08,0,Wed
73347,12,1,22,328,2017-11-08 03:20:31 UTC,0,2017-11-08,3,Wed
143216,12,1,16,328,2017-11-08 04:07:10 UTC,0,2017-11-08,4,Wed
126767,12,1,17,328,2017-11-08 04:09:00 UTC,0,2017-11-08,4,Wed
107802,12,1,3,328,2017-11-08 04:27:56 UTC,0,2017-11-08,4,Wed
96298,12,1,19,328,2017-11-08 04:40:31 UTC,0,2017-11-08,4,Wed
112812,12,1,18,328,2017-11-08 07:10:02 UTC,0,2017-11-08,7,Wed
80743,12,1,19,328,2017-11-08 08:45:21 UTC,0,2017-11-08,8,Wed
28183,12,1,17,328,2017-11-08 09:12:31 UTC,0,2017-11-08,9,Wed
216532,12,1,17,328,2017-11-08 10:01:11 UTC,0,2017-11-08,10,Wed
93780,12,1,15,328,2017-11-08 10:18:35 UTC,0,2017-11-08,10,Wed
79909,12,1,47,328,2017-11-08 10:46:36 UTC,0,2017-11-08,10,Wed
9840,12,1,30,328,2017-11-08 11:19:28 UTC,0,2017-11-08,11,Wed
70416,12,1,8,328,2017-11-08 11:19:51 UTC,0,2017-11-08,11,Wed
27038,12,1,19,328,2017-11-08 11:33:38 UTC,0,2017-11-08,11,Wed
76945,12,1,13,328,2017-11-08 12:16:54 UTC,0,2017-11-08,12,Wed
80306,12,1,17,328,2017-11-08 13:15:54 UTC,0,2017-11-08,13,Wed
2095,12,1,35,328,2017-11-08 14:04:12 UTC,0,2017-11-08,14,Wed
10571,12,1,11,328,2017-11-08 14:05:06 UTC,0,2017-11-08,14,Wed
65937,12,1,19,328,2017-11-08 14:32:38 UTC,0,2017-11-08,14,Wed
121239,12,1,20,328,2017-11-08 14:51:43 UTC,0,2017-11-08,14,Wed
124219,12,1,3,328,2017-11-08 15:09:57 UTC,0,2017-11-08,15,Wed
201182,12,1,10,328,2017-11-08 18:31:24 UTC,0,2017-11-08,18,Wed
197009,12,1,10,328,2017-11-08 20:25:29 UTC,0,2017-11-08,20,Wed
19216,12,1,13,328,2017-11-08 23:56:22 UTC,0,2017-11-08,23,Wed
64741,12,1,25,328,2017-11-09 00:50:09 UTC,0,2017-11-09,0,Thu
48282,12,1,19,328,2017-11-09 01:02:08 UTC,0,2017-11-09,1,Thu
38994,12,1,9,328,2017-11-09 01:23:49 UTC,0,2017-11-09,1,Thu
30981,12,1,13,328,2017-11-09 01:54:01 UTC,0,2017-11-09,1,Thu
83280,12,1,13,328,2017-11-09 02:47:06 UTC,0,2017-11-09,2,Thu
246825,12,1,19,328,2017-11-09 04:02:38 UTC,0,2017-11-09,4,Thu
59969,12,1,19,328,2017-11-09 04:38:49 UTC,0,2017-11-09,4,Thu
45121,12,1,19,328,2017-11-09 05:20:59 UTC,0,2017-11-09,5,Thu
3266,12,1,13,328,2017-11-09 05:39:54 UTC,0,2017-11-09,5,Thu
48011,12,1,19,328,2017-11-09 05:50:16 UTC,0,2017-11-09,5,Thu
81776,12,1,13,328,2017-11-09 06:30:25 UTC,0,2017-11-09,6,Thu
108560,12,1,13,328,2017-11-09 07:32:42 UTC,0,2017-11-09,7,Thu
123100,12,1,19,328,2017-11-09 08:04:51 UTC,0,2017-11-09,8,Thu
84264,12,1,6,328,2017-11-09 08:06:12 UTC,0,2017-11-09,8,Thu
5381,12,1,19,328,2017-11-09 08:13:04 UTC,0,2017-11-09,8,Thu
1235,12,1,13,328,2017-11-09 09:23:16 UTC,0,2017-11-09,9,Thu
31463,12,1,16,328,2017-11-09 10:12:29 UTC,0,2017-11-09,10,Thu
84040,12,1,22,328,2017-11-09 10:28:31 UTC,0,2017-11-09,10,Thu
111219,12,1,19,328,2017-11-09 11:24:01 UTC,0,2017-11-09,11,Thu
30404,12,1,10,328,2017-11-09 12:04:15 UTC,0,2017-11-09,12,Thu
3896,12,1,14,328,2017-11-09 12:28:02 UTC,0,2017-11-09,12,Thu
171263,12,1,19,328,2017-11-09 12:36:11 UTC,0,2017-11-09,12,Thu
94491,12,1,13,328,2017-11-09 12:42:34 UTC,0,2017-11-09,12,Thu
189301,12,1,37,328,2017-11-09 13:19:57 UTC,0,2017-11-09,13,Thu
224571,12,1,3,328,2017-11-09 13:55:48 UTC,0,2017-11-09,13,Thu
84774,12,1,3,328,2017-11-09 15:04:52 UTC,0,2017-11-09,15,Thu
30433,12,1,32,328,2017-11-09 15:15:51 UTC,0,2017-11-09,15,Thu
112715,12,1,32,328,2017-11-09 15:33:45 UTC,0,2017-11-09,15,Thu
103526,12,1,18,328,2017-11-09 15:39:18 UTC,0,2017-11-09,15,Thu
50489,11,1,19,330,2017-11-08 02:32:38 UTC,0,2017-11-08,2,Wed
51609,11,1,17,330,2017-11-08 02:53:04 UTC,0,2017-11-08,2,Wed
77314,43,1,18,330,2017-11-09 10:41:35 UTC,0,2017-11-09,10,Thu
288439,19,0,0,333,2017-11-09 01:49:49 UTC,1,2017-11-09,1,Thu
295677,19,6,29,333,2017-11-09 13:54:28 UTC,1,2017-11-09,13,Thu
34772,9,1,9,334,2017-11-06 18:00:45 UTC,0,2017-11-06,18,Mon
81327,9,1,19,334,2017-11-06 21:55:53 UTC,0,2017-11-06,21,Mon
50374,9,1,41,334,2017-11-06 23:15:21 UTC,0,2017-11-06,23,Mon
8536,9,1,8,334,2017-11-06 23:27:58 UTC,0,2017-11-06,23,Mon
48231,9,1,19,334,2017-11-06 23:30:50 UTC,0,2017-11-06,23,Mon
98738,9,1,17,334,2017-11-06 23:49:11 UTC,0,2017-11-06,23,Mon
138010,9,1,10,334,2017-11-06 23:55:02 UTC,0,2017-11-06,23,Mon
97013,9,1,19,334,2017-11-07 00:08:00 UTC,0,2017-11-07,0,Tue
86767,9,1,19,334,2017-11-07 00:26:54 UTC,0,2017-11-07,0,Tue
106200,9,1,1,334,2017-11-07 00:39:43 UTC,0,2017-11-07,0,Tue
137764,9,1,25,334,2017-11-07 01:12:09 UTC,0,2017-11-07,1,Tue
22957,9,1,19,334,2017-11-07 01:33:18 UTC,0,2017-11-07,1,Tue
110703,9,1,20,334,2017-11-07 01:42:34 UTC,0,2017-11-07,1,Tue
5348,9,1,19,334,2017-11-07 03:21:21 UTC,0,2017-11-07,3,Tue
40125,9,1,13,334,2017-11-07 03:31:25 UTC,0,2017-11-07,3,Tue
139235,9,1,20,334,2017-11-07 05:03:05 UTC,0,2017-11-07,5,Tue
24795,9,1,14,334,2017-11-07 05:25:49 UTC,0,2017-11-07,5,Tue
29646,9,1,8,334,2017-11-07 05:28:21 UTC,0,2017-11-07,5,Tue
51740,9,1,13,334,2017-11-07 06:14:59 UTC,0,2017-11-07,6,Tue
135329,9,1,20,334,2017-11-07 06:17:25 UTC,0,2017-11-07,6,Tue
202156,9,1,13,334,2017-11-07 06:20:29 UTC,0,2017-11-07,6,Tue
24586,9,1,6,334,2017-11-07 06:32:52 UTC,0,2017-11-07,6,Tue
44498,9,1,17,334,2017-11-07 06:56:44 UTC,0,2017-11-07,6,Tue
67291,9,1,19,334,2017-11-07 07:40:29 UTC,0,2017-11-07,7,Tue
133298,9,1,13,334,2017-11-07 07:42:37 UTC,0,2017-11-07,7,Tue
8292,9,1,22,334,2017-11-07 08:26:05 UTC,0,2017-11-07,8,Tue
11170,9,1,19,334,2017-11-07 08:37:16 UTC,0,2017-11-07,8,Tue
90521,9,2,14,334,2017-11-07 09:09:41 UTC,0,2017-11-07,9,Tue
21042,9,1,19,334,2017-11-07 10:25:17 UTC,0,2017-11-07,10,Tue
27678,9,1,19,334,2017-11-07 10:38:02 UTC,0,2017-11-07,10,Tue
44663,9,1,13,334,2017-11-07 10:44:16 UTC,0,2017-11-07,10,Tue
132992,9,1,19,334,2017-11-07 10:54:12 UTC,0,2017-11-07,10,Tue
183964,9,1,19,334,2017-11-07 10:59:49 UTC,0,2017-11-07,10,Tue
16156,9,1,13,334,2017-11-07 11:41:17 UTC,0,2017-11-07,11,Tue
75007,9,1,1,334,2017-11-07 11:50:05 UTC,0,2017-11-07,11,Tue
64428,9,1,13,334,2017-11-07 12:08:24 UTC,0,2017-11-07,12,Tue
80228,9,1,6,334,2017-11-07 12:09:39 UTC,0,2017-11-07,12,Tue
1821,9,1,19,334,2017-11-07 12:36:55 UTC,0,2017-11-07,12,Tue
41082,9,2,10,334,2017-11-07 12:40:13 UTC,0,2017-11-07,12,Tue
117463,9,1,13,334,2017-11-07 13:33:20 UTC,0,2017-11-07,13,Tue
110795,9,1,18,334,2017-11-07 13:58:13 UTC,0,2017-11-07,13,Tue
106537,9,1,41,334,2017-11-07 14:04:42 UTC,0,2017-11-07,14,Tue
51428,9,1,18,334,2017-11-07 14:54:32 UTC,0,2017-11-07,14,Tue
122199,9,1,13,334,2017-11-07 15:16:01 UTC,0,2017-11-07,15,Tue
114276,9,1,19,334,2017-11-07 16:22:29 UTC,0,2017-11-07,16,Tue
38634,9,1,17,334,2017-11-07 16:37:33 UTC,0,2017-11-07,16,Tue
38773,9,1,20,334,2017-11-07 17:54:04 UTC,0,2017-11-07,17,Tue
23398,9,1,10,334,2017-11-07 19:32:18 UTC,0,2017-11-07,19,Tue
53193,9,1,19,334,2017-11-07 23:53:17 UTC,0,2017-11-07,23,Tue
10595,9,1,37,334,2017-11-08 00:19:10 UTC,0,2017-11-08,0,Wed
139835,9,1,19,334,2017-11-08 00:19:40 UTC,0,2017-11-08,0,Wed
126168,9,1,22,334,2017-11-08 00:20:44 UTC,0,2017-11-08,0,Wed
69088,9,1,22,334,2017-11-08 01:00:49 UTC,0,2017-11-08,1,Wed
40372,9,1,19,334,2017-11-08 01:01:25 UTC,0,2017-11-08,1,Wed
55080,9,1,13,334,2017-11-08 02:24:53 UTC,0,2017-11-08,2,Wed
194809,9,1,19,334,2017-11-08 02:49:10 UTC,0,2017-11-08,2,Wed
114276,9,2,9,334,2017-11-08 03:02:33 UTC,0,2017-11-08,3,Wed
201084,9,1,19,334,2017-11-08 03:25:58 UTC,0,2017-11-08,3,Wed
166001,9,1,19,334,2017-11-08 03:27:07 UTC,0,2017-11-08,3,Wed
89565,9,1,13,334,2017-11-08 03:38:42 UTC,0,2017-11-08,3,Wed
277327,9,1,13,334,2017-11-08 04:06:06 UTC,0,2017-11-08,4,Wed
216664,9,1,19,334,2017-11-08 04:08:28 UTC,0,2017-11-08,4,Wed
31906,9,1,19,334,2017-11-08 04:10:27 UTC,0,2017-11-08,4,Wed
78856,9,1,28,334,2017-11-08 04:12:17 UTC,0,2017-11-08,4,Wed
120753,9,1,8,334,2017-11-08 05:20:28 UTC,0,2017-11-08,5,Wed
105160,9,1,13,334,2017-11-08 05:28:57 UTC,0,2017-11-08,5,Wed
18049,9,1,19,334,2017-11-08 05:53:03 UTC,0,2017-11-08,5,Wed
123586,9,1,13,334,2017-11-08 06:09:30 UTC,0,2017-11-08,6,Wed
52646,9,1,13,334,2017-11-08 06:24:45 UTC,0,2017-11-08,6,Wed
38861,9,1,3,334,2017-11-08 06:35:58 UTC,0,2017-11-08,6,Wed
119844,9,1,18,334,2017-11-08 06:50:52 UTC,0,2017-11-08,6,Wed
74013,9,1,13,334,2017-11-08 07:20:30 UTC,0,2017-11-08,7,Wed
103805,9,1,10,334,2017-11-08 07:30:41 UTC,0,2017-11-08,7,Wed
20528,9,1,19,334,2017-11-08 08:08:05 UTC,0,2017-11-08,8,Wed
5543,9,1,6,334,2017-11-08 08:14:45 UTC,0,2017-11-08,8,Wed
30614,9,2,13,334,2017-11-08 09:11:56 UTC,0,2017-11-08,9,Wed
87783,9,1,13,334,2017-11-08 09:16:32 UTC,0,2017-11-08,9,Wed
36934,9,1,6,334,2017-11-08 09:53:12 UTC,0,2017-11-08,9,Wed
103715,9,1,13,334,2017-11-08 11:51:05 UTC,0,2017-11-08,11,Wed
15474,9,1,27,334,2017-11-08 12:05:46 UTC,0,2017-11-08,12,Wed
103023,9,1,19,334,2017-11-08 12:49:48 UTC,0,2017-11-08,12,Wed
46401,9,1,16,334,2017-11-08 15:24:50 UTC,0,2017-11-08,15,Wed
332563,9,1,19,334,2017-11-08 16:56:04 UTC,0,2017-11-08,16,Wed
53073,9,1,18,334,2017-11-08 19:08:55 UTC,0,2017-11-08,19,Wed
28463,9,1,18,334,2017-11-08 21:25:07 UTC,0,2017-11-08,21,Wed
19014,9,1,19,334,2017-11-08 22:41:14 UTC,0,2017-11-08,22,Wed
104906,9,1,19,334,2017-11-08 23:04:14 UTC,0,2017-11-08,23,Wed
55852,9,2,17,334,2017-11-08 23:08:45 UTC,0,2017-11-08,23,Wed
4381,9,1,20,334,2017-11-08 23:17:12 UTC,0,2017-11-08,23,Wed
77475,9,1,6,334,2017-11-08 23:56:36 UTC,0,2017-11-08,23,Wed
40535,9,1,3,334,2017-11-09 00:19:47 UTC,0,2017-11-09,0,Thu
73839,9,1,9,334,2017-11-09 00:40:34 UTC,0,2017-11-09,0,Thu
87696,9,1,19,334,2017-11-09 00:59:55 UTC,0,2017-11-09,0,Thu
175643,9,1,19,334,2017-11-09 02:42:06 UTC,0,2017-11-09,2,Thu
287070,9,1,16,334,2017-11-09 02:45:38 UTC,0,2017-11-09,2,Thu
100896,9,1,12,334,2017-11-09 03:07:41 UTC,0,2017-11-09,3,Thu
40931,9,1,19,334,2017-11-09 03:14:37 UTC,0,2017-11-09,3,Thu
141432,9,1,19,334,2017-11-09 03:28:29 UTC,0,2017-11-09,3,Thu
93021,9,1,18,334,2017-11-09 04:08:25 UTC,0,2017-11-09,4,Thu
16520,9,1,37,334,2017-11-09 04:41:29 UTC,0,2017-11-09,4,Thu
76554,9,1,19,334,2017-11-09 05:02:56 UTC,0,2017-11-09,5,Thu
65552,9,1,13,334,2017-11-09 05:45:16 UTC,0,2017-11-09,5,Thu
78423,9,1,13,334,2017-11-09 05:53:22 UTC,0,2017-11-09,5,Thu
40398,9,1,19,334,2017-11-09 06:11:27 UTC,0,2017-11-09,6,Thu
37323,9,1,19,334,2017-11-09 06:36:23 UTC,0,2017-11-09,6,Thu
5348,9,1,20,334,2017-11-09 06:52:14 UTC,0,2017-11-09,6,Thu
137968,9,1,13,334,2017-11-09 06:56:36 UTC,0,2017-11-09,6,Thu
121616,9,1,19,334,2017-11-09 07:43:24 UTC,0,2017-11-09,7,Thu
37503,9,1,19,334,2017-11-09 08:40:46 UTC,0,2017-11-09,8,Thu
113682,9,1,19,334,2017-11-09 09:30:58 UTC,0,2017-11-09,9,Thu
174433,9,1,8,334,2017-11-09 09:32:58 UTC,0,2017-11-09,9,Thu
18584,9,1,19,334,2017-11-09 10:04:36 UTC,0,2017-11-09,10,Thu
92825,9,1,12,334,2017-11-09 10:14:38 UTC,0,2017-11-09,10,Thu
74478,9,1,17,334,2017-11-09 10:14:59 UTC,0,2017-11-09,10,Thu
5250,9,1,19,334,2017-11-09 10:44:24 UTC,0,2017-11-09,10,Thu
193749,9,1,32,334,2017-11-09 10:56:18 UTC,0,2017-11-09,10,Thu
50747,9,1,20,334,2017-11-09 11:14:42 UTC,0,2017-11-09,11,Thu
80949,9,1,19,334,2017-11-09 11:17:23 UTC,0,2017-11-09,11,Thu
4102,9,1,3,334,2017-11-09 11:33:26 UTC,0,2017-11-09,11,Thu
26995,9,1,10,334,2017-11-09 12:38:54 UTC,0,2017-11-09,12,Thu
106279,9,1,13,334,2017-11-09 14:22:15 UTC,0,2017-11-09,14,Thu
61715,9,1,13,334,2017-11-09 15:37:16 UTC,0,2017-11-09,15,Thu
42103,9,2,9,334,2017-11-09 15:42:00 UTC,0,2017-11-09,15,Thu
102896,12,1,13,340,2017-11-08 04:11:17 UTC,0,2017-11-08,4,Wed
62391,12,1,19,340,2017-11-08 04:30:10 UTC,0,2017-11-08,4,Wed
81503,12,1,19,340,2017-11-08 05:02:33 UTC,0,2017-11-08,5,Wed
52596,12,1,13,340,2017-11-08 05:23:32 UTC,0,2017-11-08,5,Wed
26995,12,1,17,340,2017-11-08 07:04:58 UTC,0,2017-11-08,7,Wed
37207,12,1,41,340,2017-11-08 07:06:03 UTC,0,2017-11-08,7,Wed
79665,12,1,19,340,2017-11-08 07:57:11 UTC,0,2017-11-08,7,Wed
90691,12,1,49,340,2017-11-08 11:13:17 UTC,0,2017-11-08,11,Wed
67445,12,1,13,340,2017-11-08 11:18:47 UTC,0,2017-11-08,11,Wed
83699,12,1,41,340,2017-11-08 14:41:53 UTC,0,2017-11-08,14,Wed
57276,12,1,10,340,2017-11-08 14:50:03 UTC,0,2017-11-08,14,Wed
96891,12,1,41,340,2017-11-08 15:02:06 UTC,0,2017-11-08,15,Wed
34284,12,1,41,340,2017-11-08 15:46:11 UTC,0,2017-11-08,15,Wed
111639,12,1,40,340,2017-11-08 16:03:48 UTC,0,2017-11-08,16,Wed
127360,12,1,53,340,2017-11-08 17:21:22 UTC,0,2017-11-08,17,Wed
41092,12,1,13,340,2017-11-08 17:49:49 UTC,0,2017-11-08,17,Wed
42931,12,1,49,340,2017-11-09 00:03:03 UTC,0,2017-11-09,0,Thu
48251,12,1,19,340,2017-11-09 02:03:54 UTC,0,2017-11-09,2,Thu
24404,12,1,19,340,2017-11-09 05:59:41 UTC,0,2017-11-09,5,Thu
116708,12,1,19,340,2017-11-09 06:23:58 UTC,0,2017-11-09,6,Thu
157880,12,1,16,340,2017-11-09 06:28:15 UTC,0,2017-11-09,6,Thu
93021,12,1,19,340,2017-11-09 06:47:26 UTC,0,2017-11-09,6,Thu
10392,12,1,15,340,2017-11-09 08:34:30 UTC,0,2017-11-09,8,Thu
111484,12,1,15,340,2017-11-09 10:48:05 UTC,0,2017-11-09,10,Thu
80634,12,1,17,340,2017-11-09 11:07:30 UTC,0,2017-11-09,11,Thu
124198,12,1,23,340,2017-11-09 11:50:24 UTC,0,2017-11-09,11,Thu
93291,12,1,19,340,2017-11-09 12:00:09 UTC,0,2017-11-09,12,Thu
112299,12,1,19,340,2017-11-09 13:04:33 UTC,0,2017-11-09,13,Thu
92712,12,1,19,340,2017-11-09 13:24:02 UTC,0,2017-11-09,13,Thu
158703,12,1,13,340,2017-11-09 14:29:16 UTC,0,2017-11-09,14,Thu
10572,12,1,18,340,2017-11-09 15:35:35 UTC,0,2017-11-09,15,Thu
78136,12,1,31,340,2017-11-09 15:39:51 UTC,0,2017-11-09,15,Thu
102025,12,1,6,340,2017-11-09 15:51:11 UTC,0,2017-11-09,15,Thu
195673,19,0,50,343,2017-11-06 16:23:02 UTC,1,2017-11-06,16,Mon
33008,29,2,13,343,2017-11-06 22:48:04 UTC,0,2017-11-06,22,Mon
48646,29,1,15,343,2017-11-07 02:37:41 UTC,0,2017-11-07,2,Tue
36339,29,1,11,343,2017-11-07 02:58:37 UTC,0,2017-11-07,2,Tue
173678,29,1,13,343,2017-11-07 10:38:47 UTC,0,2017-11-07,10,Tue
49677,29,1,19,343,2017-11-07 12:33:35 UTC,0,2017-11-07,12,Tue
55873,29,1,10,343,2017-11-07 19:09:06 UTC,0,2017-11-07,19,Tue
111153,29,1,13,343,2017-11-07 23:52:07 UTC,0,2017-11-07,23,Tue
95125,29,1,17,343,2017-11-08 01:30:01 UTC,0,2017-11-08,1,Wed
110309,29,1,15,343,2017-11-08 01:37:19 UTC,0,2017-11-08,1,Wed
36434,29,1,13,343,2017-11-08 03:26:31 UTC,0,2017-11-08,3,Wed
65352,29,1,10,343,2017-11-08 09:43:19 UTC,0,2017-11-08,9,Wed
16453,29,2,35,343,2017-11-08 11:38:02 UTC,0,2017-11-08,11,Wed
37490,29,2,17,343,2017-11-09 01:17:04 UTC,0,2017-11-09,1,Thu
79666,29,2,9,343,2017-11-09 03:10:08 UTC,0,2017-11-09,3,Thu
75825,29,1,53,343,2017-11-09 06:23:05 UTC,0,2017-11-09,6,Thu
6326,19,0,29,343,2017-11-09 10:56:51 UTC,0,2017-11-09,10,Thu
209477,151,0,38,347,2017-11-06 21:23:59 UTC,0,2017-11-06,21,Mon
67316,581,3032,607,347,2017-11-07 02:11:46 UTC,0,2017-11-07,2,Tue
37972,535,3032,607,347,2017-11-07 02:42:56 UTC,0,2017-11-07,2,Tue
147957,109,0,59,347,2017-11-07 08:01:11 UTC,0,2017-11-07,8,Tue
173152,46,0,24,347,2017-11-07 08:06:00 UTC,0,2017-11-07,8,Tue
5348,46,0,38,347,2017-11-07 08:39:03 UTC,0,2017-11-07,8,Tue
5348,19,0,29,347,2017-11-07 08:59:09 UTC,0,2017-11-07,8,Tue
49602,151,0,24,347,2017-11-07 13:24:00 UTC,0,2017-11-07,13,Tue
72936,151,0,76,347,2017-11-07 13:40:45 UTC,0,2017-11-07,13,Tue
212602,95,3032,607,347,2017-11-07 13:49:47 UTC,0,2017-11-07,13,Tue
11347,68,3032,607,347,2017-11-07 14:18:43 UTC,0,2017-11-07,14,Tue
42190,33,3032,607,347,2017-11-07 15:09:09 UTC,0,2017-11-07,15,Tue
108527,170,3032,607,347,2017-11-07 15:24:26 UTC,0,2017-11-07,15,Tue
5348,183,3032,607,347,2017-11-07 15:31:57 UTC,0,2017-11-07,15,Tue
18781,183,3543,748,347,2017-11-07 16:23:39 UTC,0,2017-11-07,16,Tue
29346,109,0,38,347,2017-11-07 16:26:18 UTC,0,2017-11-07,16,Tue
5348,151,0,0,347,2017-11-07 20:19:21 UTC,0,2017-11-07,20,Tue
32290,19,0,50,347,2017-11-07 23:49:42 UTC,0,2017-11-07,23,Tue
5314,151,0,0,347,2017-11-08 03:04:56 UTC,0,2017-11-08,3,Wed
52401,46,0,38,347,2017-11-08 03:15:27 UTC,0,2017-11-08,3,Wed
52401,46,0,38,347,2017-11-08 03:47:57 UTC,0,2017-11-08,3,Wed
106524,151,0,50,347,2017-11-08 07:55:09 UTC,0,2017-11-08,7,Wed
217833,19,0,24,347,2017-11-08 08:04:12 UTC,0,2017-11-08,8,Wed
36183,151,0,24,347,2017-11-08 08:12:08 UTC,0,2017-11-08,8,Wed
95820,170,3543,748,347,2017-11-08 10:27:19 UTC,0,2017-11-08,10,Wed
99856,44,3543,748,347,2017-11-08 13:50:05 UTC,0,2017-11-08,13,Wed
120299,183,3543,748,347,2017-11-08 14:47:01 UTC,0,2017-11-08,14,Wed
185233,151,0,76,347,2017-11-08 20:27:58 UTC,0,2017-11-08,20,Wed
110354,58,3866,866,347,2017-11-08 22:37:05 UTC,0,2017-11-08,22,Wed
66016,110,3866,866,347,2017-11-08 22:57:05 UTC,0,2017-11-08,22,Wed
101074,151,0,38,347,2017-11-09 01:53:45 UTC,0,2017-11-09,1,Thu
117898,29,1,13,347,2017-11-09 02:51:19 UTC,0,2017-11-09,2,Thu
163607,19,0,24,347,2017-11-09 03:20:52 UTC,0,2017-11-09,3,Thu
119289,19,0,24,347,2017-11-09 03:53:27 UTC,0,2017-11-09,3,Thu
7373,19,0,0,347,2017-11-09 04:20:25 UTC,0,2017-11-09,4,Thu
93592,109,0,24,347,2017-11-09 05:15:17 UTC,0,2017-11-09,5,Thu
118252,19,0,24,347,2017-11-09 06:15:24 UTC,0,2017-11-09,6,Thu
132837,151,0,24,347,2017-11-09 08:11:40 UTC,0,2017-11-09,8,Thu
67040,29,1,17,347,2017-11-09 08:19:46 UTC,0,2017-11-09,8,Thu
298312,19,0,29,347,2017-11-09 08:53:17 UTC,1,2017-11-09,8,Thu
37515,19,0,24,347,2017-11-09 09:36:01 UTC,0,2017-11-09,9,Thu
128799,110,3866,866,347,2017-11-09 09:42:16 UTC,0,2017-11-09,9,Thu
62075,169,3866,866,347,2017-11-09 09:49:40 UTC,0,2017-11-09,9,Thu
20805,58,3866,866,347,2017-11-09 11:12:31 UTC,0,2017-11-09,11,Thu
26814,266,3866,866,347,2017-11-09 11:48:15 UTC,0,2017-11-09,11,Thu
213380,29,1,19,347,2017-11-09 12:58:44 UTC,0,2017-11-09,12,Thu
5314,19,0,0,347,2017-11-09 13:13:59 UTC,0,2017-11-09,13,Thu
11245,14,1,19,349,2017-11-07 00:00:08 UTC,0,2017-11-07,0,Tue
156272,14,1,19,349,2017-11-07 00:02:02 UTC,0,2017-11-07,0,Tue
29031,1,1,25,349,2017-11-07 00:27:55 UTC,0,2017-11-07,0,Tue
7350,14,1,13,349,2017-11-07 03:05:44 UTC,0,2017-11-07,3,Tue
122231,14,1,18,349,2017-11-07 03:07:03 UTC,0,2017-11-07,3,Tue
106524,1,1,3,349,2017-11-07 03:16:10 UTC,0,2017-11-07,3,Tue
147957,14,1,19,349,2017-11-07 05:36:27 UTC,0,2017-11-07,5,Tue
111025,1,1,19,349,2017-11-07 05:37:33 UTC,0,2017-11-07,5,Tue
78950,1,1,13,349,2017-11-07 05:58:26 UTC,0,2017-11-07,5,Tue
61715,14,1,25,349,2017-11-07 07:31:34 UTC,0,2017-11-07,7,Tue
202856,1,1,19,349,2017-11-07 07:47:35 UTC,0,2017-11-07,7,Tue
3774,14,1,19,349,2017-11-07 08:43:14 UTC,0,2017-11-07,8,Tue
98995,14,1,17,349,2017-11-07 08:47:23 UTC,0,2017-11-07,8,Tue
124985,14,1,18,349,2017-11-07 11:33:53 UTC,0,2017-11-07,11,Tue
44527,14,1,19,349,2017-11-07 11:41:29 UTC,0,2017-11-07,11,Tue
44051,14,1,3,349,2017-11-07 11:41:53 UTC,0,2017-11-07,11,Tue
114276,14,1,12,349,2017-11-07 13:03:23 UTC,0,2017-11-07,13,Tue
73100,14,1,13,349,2017-11-07 13:31:20 UTC,0,2017-11-07,13,Tue
169475,14,1,16,349,2017-11-07 13:38:00 UTC,0,2017-11-07,13,Tue
124750,14,1,13,349,2017-11-07 15:40:48 UTC,0,2017-11-07,15,Tue
69185,14,1,19,349,2017-11-07 23:34:20 UTC,0,2017-11-07,23,Tue
122259,14,1,13,349,2017-11-08 00:03:16 UTC,0,2017-11-08,0,Wed
74803,1,1,22,349,2017-11-08 00:29:47 UTC,0,2017-11-08,0,Wed
280302,14,1,19,349,2017-11-08 01:18:58 UTC,0,2017-11-08,1,Wed
287007,1,1,9,349,2017-11-08 01:30:58 UTC,0,2017-11-08,1,Wed
58789,14,1,13,349,2017-11-08 01:31:06 UTC,0,2017-11-08,1,Wed
109119,14,1,13,349,2017-11-08 02:17:08 UTC,0,2017-11-08,2,Wed
67751,14,1,13,349,2017-11-08 03:08:54 UTC,0,2017-11-08,3,Wed
235526,14,1,13,349,2017-11-08 03:26:44 UTC,0,2017-11-08,3,Wed
27607,14,1,10,349,2017-11-08 05:46:02 UTC,0,2017-11-08,5,Wed
257500,14,1,34,349,2017-11-08 07:28:31 UTC,0,2017-11-08,7,Wed
55024,14,1,13,349,2017-11-08 13:11:11 UTC,0,2017-11-08,13,Wed
80300,14,1,19,349,2017-11-08 13:56:56 UTC,0,2017-11-08,13,Wed
100212,14,1,13,349,2017-11-08 15:25:06 UTC,0,2017-11-08,15,Wed
90053,1,1,25,349,2017-11-08 15:40:03 UTC,0,2017-11-08,15,Wed
40631,14,1,19,349,2017-11-09 00:22:26 UTC,0,2017-11-09,0,Thu
299504,14,1,18,349,2017-11-09 00:34:02 UTC,0,2017-11-09,0,Thu
210429,14,1,25,349,2017-11-09 01:32:06 UTC,0,2017-11-09,1,Thu
26995,14,1,47,349,2017-11-09 02:13:40 UTC,0,2017-11-09,2,Thu
16859,14,1,11,349,2017-11-09 03:21:11 UTC,0,2017-11-09,3,Thu
42215,14,1,19,349,2017-11-09 04:32:41 UTC,0,2017-11-09,4,Thu
100971,14,1,16,349,2017-11-09 08:27:21 UTC,0,2017-11-09,8,Thu
111493,14,1,18,349,2017-11-09 11:53:15 UTC,0,2017-11-09,11,Thu
104199,14,1,27,349,2017-11-09 12:42:09 UTC,0,2017-11-09,12,Thu
92735,1,1,15,349,2017-11-09 12:46:27 UTC,0,2017-11-09,12,Thu
120709,14,1,19,349,2017-11-09 13:06:06 UTC,0,2017-11-09,13,Thu
39684,1,1,20,349,2017-11-09 14:14:44 UTC,0,2017-11-09,14,Thu
34587,17,1,19,356,2017-11-07 23:37:02 UTC,0,2017-11-07,23,Tue
119349,14,1,8,356,2017-11-09 12:03:59 UTC,0,2017-11-09,12,Thu
5785,14,1,22,360,2017-11-07 00:14:23 UTC,0,2017-11-07,0,Tue
48288,14,1,20,360,2017-11-07 00:19:17 UTC,0,2017-11-07,0,Tue
45730,11,1,19,360,2017-11-07 07:45:24 UTC,0,2017-11-07,7,Tue
7595,14,1,8,360,2017-11-08 01:18:46 UTC,0,2017-11-08,1,Wed
13479,11,1,13,360,2017-11-09 09:26:09 UTC,0,2017-11-09,9,Thu
53964,11,1,28,360,2017-11-09 14:35:19 UTC,0,2017-11-09,14,Thu
293463,11,1,19,360,2017-11-09 15:42:53 UTC,0,2017-11-09,15,Thu
274381,94,1,17,361,2017-11-08 02:24:31 UTC,0,2017-11-08,2,Wed
118930,94,1,19,361,2017-11-08 02:38:37 UTC,0,2017-11-08,2,Wed
2189,94,1,13,361,2017-11-08 02:44:29 UTC,0,2017-11-08,2,Wed
73908,94,1,18,361,2017-11-08 02:44:30 UTC,0,2017-11-08,2,Wed
137775,94,1,15,361,2017-11-08 02:46:04 UTC,0,2017-11-08,2,Wed
81456,94,1,17,361,2017-11-09 10:20:33 UTC,0,2017-11-09,10,Thu
53964,94,1,9,361,2017-11-09 12:32:24 UTC,0,2017-11-09,12,Thu
40056,94,1,22,361,2017-11-09 13:22:54 UTC,0,2017-11-09,13,Thu
31597,94,1,19,361,2017-11-09 13:47:06 UTC,0,2017-11-09,13,Thu
81935,94,1,1,361,2017-11-09 14:25:41 UTC,0,2017-11-09,14,Thu
112302,94,1,13,361,2017-11-09 14:37:09 UTC,0,2017-11-09,14,Thu
303828,94,1,35,361,2017-11-09 15:29:19 UTC,0,2017-11-09,15,Thu
31959,94,1,79,361,2017-11-09 15:42:40 UTC,0,2017-11-09,15,Thu
105932,2,2,13,364,2017-11-06 17:08:28 UTC,0,2017-11-06,17,Mon
159775,2,2,17,364,2017-11-06 19:05:04 UTC,0,2017-11-06,19,Mon
55910,2,1,17,364,2017-11-06 23:25:59 UTC,0,2017-11-06,23,Mon
55840,2,1,19,364,2017-11-07 01:28:19 UTC,0,2017-11-07,1,Tue
26589,2,1,12,364,2017-11-07 02:30:29 UTC,0,2017-11-07,2,Tue
105855,2,1,13,364,2017-11-07 04:25:17 UTC,0,2017-11-07,4,Tue
25327,2,1,13,364,2017-11-07 11:07:13 UTC,0,2017-11-07,11,Tue
26384,2,1,19,364,2017-11-07 12:42:46 UTC,0,2017-11-07,12,Tue
88127,2,2,13,364,2017-11-07 13:43:18 UTC,0,2017-11-07,13,Tue
55690,2,1,19,364,2017-11-07 14:05:56 UTC,0,2017-11-07,14,Tue
22117,2,1,30,364,2017-11-07 14:29:39 UTC,0,2017-11-07,14,Tue
195980,2,1,3,364,2017-11-07 14:54:50 UTC,0,2017-11-07,14,Tue
193097,2,2,3,364,2017-11-07 15:00:49 UTC,0,2017-11-07,15,Tue
192967,2,2,63,364,2017-11-07 16:02:19 UTC,0,2017-11-07,16,Tue
105834,2,1,16,364,2017-11-07 16:36:50 UTC,0,2017-11-07,16,Tue
50979,2,1,14,364,2017-11-07 17:12:41 UTC,0,2017-11-07,17,Tue
92511,2,2,32,364,2017-11-08 00:11:45 UTC,0,2017-11-08,0,Wed
284996,2,1,12,364,2017-11-08 00:56:47 UTC,0,2017-11-08,0,Wed
88089,2,1,19,364,2017-11-08 01:06:45 UTC,0,2017-11-08,1,Wed
116696,2,2,13,364,2017-11-08 05:06:56 UTC,0,2017-11-08,5,Wed
105834,2,1,22,364,2017-11-08 07:20:19 UTC,0,2017-11-08,7,Wed
249343,2,1,19,364,2017-11-08 08:11:52 UTC,0,2017-11-08,8,Wed
4412,2,1,19,364,2017-11-08 09:29:43 UTC,0,2017-11-08,9,Wed
31240,2,1,1,364,2017-11-08 14:35:19 UTC,0,2017-11-08,14,Wed
31240,2,2,19,364,2017-11-08 14:47:11 UTC,0,2017-11-08,14,Wed
159761,2,1,13,364,2017-11-08 14:53:35 UTC,0,2017-11-08,14,Wed
31061,2,1,13,364,2017-11-08 15:20:20 UTC,0,2017-11-08,15,Wed
22189,2,1,36,364,2017-11-08 16:11:17 UTC,0,2017-11-08,16,Wed
183108,2,1,25,364,2017-11-08 18:58:58 UTC,0,2017-11-08,18,Wed
26384,2,1,13,364,2017-11-08 19:33:11 UTC,0,2017-11-08,19,Wed
116696,2,1,20,364,2017-11-09 01:17:12 UTC,0,2017-11-09,1,Thu
183108,2,1,13,364,2017-11-09 02:41:02 UTC,0,2017-11-09,2,Thu
105834,2,1,16,364,2017-11-09 02:54:15 UTC,0,2017-11-09,2,Thu
188073,2,1,20,364,2017-11-09 03:55:04 UTC,0,2017-11-09,3,Thu
105855,2,1,10,364,2017-11-09 11:56:08 UTC,0,2017-11-09,11,Thu
137397,2,2,37,364,2017-11-09 12:13:17 UTC,0,2017-11-09,12,Thu
116472,2,1,12,364,2017-11-09 12:57:18 UTC,0,2017-11-09,12,Thu
116472,2,1,43,364,2017-11-09 14:03:07 UTC,0,2017-11-09,14,Thu
116425,2,2,47,364,2017-11-09 14:19:08 UTC,0,2017-11-09,14,Thu
183060,2,1,9,364,2017-11-09 15:34:59 UTC,0,2017-11-09,15,Thu
52805,3,1,19,371,2017-11-07 00:16:34 UTC,0,2017-11-07,0,Tue
97571,3,1,36,371,2017-11-07 00:27:53 UTC,0,2017-11-07,0,Tue
2358,3,1,19,371,2017-11-07 00:30:05 UTC,0,2017-11-07,0,Tue
5135,3,1,18,371,2017-11-07 00:39:52 UTC,0,2017-11-07,0,Tue
87865,3,1,13,371,2017-11-07 00:45:06 UTC,0,2017-11-07,0,Tue
44327,3,1,19,371,2017-11-07 00:46:06 UTC,0,2017-11-07,0,Tue
68247,14,1,37,371,2017-11-07 00:46:45 UTC,0,2017-11-07,0,Tue
58705,3,1,20,371,2017-11-07 00:51:13 UTC,0,2017-11-07,0,Tue
34409,14,1,15,371,2017-11-07 01:17:02 UTC,0,2017-11-07,1,Tue
40654,3,1,13,371,2017-11-07 01:46:23 UTC,0,2017-11-07,1,Tue
42127,14,1,17,371,2017-11-08 00:05:23 UTC,0,2017-11-08,0,Wed
128558,3,1,34,371,2017-11-08 00:09:30 UTC,0,2017-11-08,0,Wed
47675,14,1,13,371,2017-11-08 00:13:15 UTC,0,2017-11-08,0,Wed
86291,3,1,19,371,2017-11-08 00:14:23 UTC,0,2017-11-08,0,Wed
4511,3,1,13,371,2017-11-08 00:19:29 UTC,0,2017-11-08,0,Wed
101116,3,2,13,371,2017-11-08 00:19:36 UTC,0,2017-11-08,0,Wed
28986,3,1,36,371,2017-11-08 00:21:24 UTC,0,2017-11-08,0,Wed
88186,14,1,13,371,2017-11-08 00:25:25 UTC,0,2017-11-08,0,Wed
33201,14,1,13,371,2017-11-08 00:35:55 UTC,0,2017-11-08,0,Wed
144133,3,1,18,371,2017-11-08 01:06:46 UTC,0,2017-11-08,1,Wed
204001,3,1,19,371,2017-11-08 01:08:05 UTC,0,2017-11-08,1,Wed
271126,3,1,6,371,2017-11-08 01:09:16 UTC,0,2017-11-08,1,Wed
103190,3,1,9,371,2017-11-08 01:34:43 UTC,0,2017-11-08,1,Wed
180757,3,1,37,371,2017-11-08 01:39:16 UTC,0,2017-11-08,1,Wed
44458,1,1,8,371,2017-11-08 02:22:30 UTC,0,2017-11-08,2,Wed
15781,93,1,19,371,2017-11-08 02:38:30 UTC,0,2017-11-08,2,Wed
8718,93,1,19,371,2017-11-09 07:33:23 UTC,0,2017-11-09,7,Thu
72022,3,1,17,371,2017-11-09 07:34:23 UTC,0,2017-11-09,7,Thu
78616,3,1,19,371,2017-11-09 07:37:03 UTC,0,2017-11-09,7,Thu
110386,3,1,19,371,2017-11-09 07:54:53 UTC,0,2017-11-09,7,Thu
112302,14,1,19,371,2017-11-09 08:53:03 UTC,0,2017-11-09,8,Thu
259838,3,1,41,371,2017-11-09 10:04:34 UTC,0,2017-11-09,10,Thu
269538,3,1,22,371,2017-11-09 12:46:55 UTC,0,2017-11-09,12,Thu
79881,3,1,30,371,2017-11-09 12:52:21 UTC,0,2017-11-09,12,Thu
53715,93,1,13,371,2017-11-09 13:49:52 UTC,0,2017-11-09,13,Thu
330543,93,1,19,371,2017-11-09 13:55:19 UTC,0,2017-11-09,13,Thu
76710,3,1,19,371,2017-11-09 14:30:57 UTC,0,2017-11-09,14,Thu
111025,14,1,16,371,2017-11-09 15:02:41 UTC,0,2017-11-09,15,Thu
29372,93,1,19,371,2017-11-09 15:18:38 UTC,0,2017-11-09,15,Thu
350627,3,1,19,371,2017-11-09 15:29:39 UTC,0,2017-11-09,15,Thu
125485,14,1,36,371,2017-11-09 15:56:10 UTC,0,2017-11-09,15,Thu
161807,36,1,13,373,2017-11-07 01:16:46 UTC,0,2017-11-07,1,Tue
8539,36,1,19,373,2017-11-07 15:22:11 UTC,0,2017-11-07,15,Tue
1923,36,1,8,373,2017-11-07 23:28:59 UTC,0,2017-11-07,23,Tue
149813,18,1,14,376,2017-11-07 02:39:54 UTC,0,2017-11-07,2,Tue
100375,18,1,17,376,2017-11-07 03:39:02 UTC,0,2017-11-07,3,Tue
3178,18,1,19,376,2017-11-07 04:06:08 UTC,0,2017-11-07,4,Tue
41447,18,1,34,376,2017-11-07 05:42:50 UTC,0,2017-11-07,5,Tue
109149,32,1,19,376,2017-11-07 07:07:34 UTC,0,2017-11-07,7,Tue
48783,18,1,17,376,2017-11-07 08:03:35 UTC,0,2017-11-07,8,Tue
58158,32,1,18,376,2017-11-07 09:12:20 UTC,0,2017-11-07,9,Tue
121654,32,1,16,376,2017-11-07 09:16:32 UTC,0,2017-11-07,9,Tue
105971,18,1,25,376,2017-11-07 09:40:28 UTC,0,2017-11-07,9,Tue
73270,18,1,19,376,2017-11-07 10:29:05 UTC,0,2017-11-07,10,Tue
109480,18,1,27,376,2017-11-07 14:33:24 UTC,0,2017-11-07,14,Tue
31616,18,1,4,376,2017-11-07 15:42:34 UTC,0,2017-11-07,15,Tue
63028,18,1,19,376,2017-11-08 00:36:43 UTC,0,2017-11-08,0,Wed
247238,32,1,53,376,2017-11-08 02:00:45 UTC,0,2017-11-08,2,Wed
80228,32,1,10,376,2017-11-08 03:14:49 UTC,0,2017-11-08,3,Wed
38379,18,1,13,376,2017-11-08 05:37:08 UTC,0,2017-11-08,5,Wed
61942,18,1,13,376,2017-11-08 10:13:33 UTC,0,2017-11-08,10,Wed
192290,32,1,19,376,2017-11-08 11:18:11 UTC,0,2017-11-08,11,Wed
49138,32,1,19,376,2017-11-08 11:29:40 UTC,0,2017-11-08,11,Wed
64756,32,1,8,376,2017-11-08 11:49:05 UTC,0,2017-11-08,11,Wed
129584,18,1,1,376,2017-11-08 11:55:51 UTC,0,2017-11-08,11,Wed
38577,32,1,9,376,2017-11-08 12:32:19 UTC,0,2017-11-08,12,Wed
15530,32,1,20,376,2017-11-08 12:37:00 UTC,0,2017-11-08,12,Wed
83803,18,1,25,376,2017-11-08 13:44:23 UTC,0,2017-11-08,13,Wed
188121,32,1,19,376,2017-11-08 14:00:42 UTC,0,2017-11-08,14,Wed
12506,32,1,41,376,2017-11-08 14:17:28 UTC,0,2017-11-08,14,Wed
136031,32,1,23,376,2017-11-08 14:43:20 UTC,0,2017-11-08,14,Wed
56344,18,1,19,376,2017-11-08 15:22:40 UTC,0,2017-11-08,15,Wed
108087,32,1,8,376,2017-11-08 15:25:04 UTC,0,2017-11-08,15,Wed
17426,32,1,31,376,2017-11-08 15:28:43 UTC,0,2017-11-08,15,Wed
109619,32,1,13,376,2017-11-08 16:15:36 UTC,0,2017-11-08,16,Wed
77403,18,1,23,376,2017-11-08 19:18:51 UTC,0,2017-11-08,19,Wed
98971,32,1,23,376,2017-11-09 00:24:41 UTC,0,2017-11-09,0,Thu
338711,18,1,12,376,2017-11-09 00:45:36 UTC,0,2017-11-09,0,Thu
43289,32,1,19,376,2017-11-09 05:21:57 UTC,0,2017-11-09,5,Thu
81610,32,1,19,376,2017-11-09 05:52:00 UTC,0,2017-11-09,5,Thu
32665,18,1,19,376,2017-11-09 06:00:03 UTC,0,2017-11-09,6,Thu
59441,18,1,19,376,2017-11-09 06:52:06 UTC,0,2017-11-09,6,Thu
23505,32,2,65,376,2017-11-09 08:19:50 UTC,0,2017-11-09,8,Thu
317757,18,1,49,376,2017-11-09 08:29:04 UTC,0,2017-11-09,8,Thu
44670,18,1,19,376,2017-11-09 09:23:26 UTC,0,2017-11-09,9,Thu
13016,18,1,23,376,2017-11-09 09:34:39 UTC,0,2017-11-09,9,Thu
106774,32,1,19,376,2017-11-09 10:36:15 UTC,0,2017-11-09,10,Thu
86376,32,1,79,376,2017-11-09 11:52:56 UTC,0,2017-11-09,11,Thu
53418,2,1,12,377,2017-11-06 21:54:17 UTC,0,2017-11-06,21,Mon
79787,2,1,36,377,2017-11-06 23:11:41 UTC,0,2017-11-06,23,Mon
43793,10,1,19,377,2017-11-06 23:22:04 UTC,0,2017-11-06,23,Mon
162963,1,1,37,377,2017-11-06 23:31:56 UTC,0,2017-11-06,23,Mon
180146,2,1,47,377,2017-11-07 00:33:21 UTC,0,2017-11-07,0,Tue
23554,1,1,13,377,2017-11-07 01:10:44 UTC,0,2017-11-07,1,Tue
103132,1,1,22,377,2017-11-07 01:10:54 UTC,0,2017-11-07,1,Tue
39026,5,1,19,377,2017-11-07 02:54:02 UTC,0,2017-11-07,2,Tue
43650,5,1,13,377,2017-11-07 02:59:19 UTC,0,2017-11-07,2,Tue
70144,1,1,8,377,2017-11-07 03:25:55 UTC,0,2017-11-07,3,Tue
188739,2,1,13,377,2017-11-07 03:41:33 UTC,0,2017-11-07,3,Tue
119193,1,1,19,377,2017-11-07 05:04:53 UTC,0,2017-11-07,5,Tue
107041,1,1,13,377,2017-11-07 05:41:59 UTC,0,2017-11-07,5,Tue
154133,1,1,15,377,2017-11-07 06:53:12 UTC,0,2017-11-07,6,Tue
85188,5,1,14,377,2017-11-07 07:20:39 UTC,0,2017-11-07,7,Tue
160345,2,1,13,377,2017-11-07 10:14:40 UTC,0,2017-11-07,10,Tue
169040,1,1,53,377,2017-11-07 11:48:13 UTC,0,2017-11-07,11,Tue
186145,2,1,35,377,2017-11-07 12:00:01 UTC,0,2017-11-07,12,Tue
81107,1,1,18,377,2017-11-07 12:03:02 UTC,0,2017-11-07,12,Tue
164701,5,1,47,377,2017-11-07 13:00:08 UTC,0,2017-11-07,13,Tue
31065,2,1,13,377,2017-11-07 13:03:13 UTC,0,2017-11-07,13,Tue
141490,5,1,13,377,2017-11-07 14:39:19 UTC,0,2017-11-07,14,Tue
109938,10,1,19,377,2017-11-07 15:31:14 UTC,0,2017-11-07,15,Tue
42773,2,1,13,377,2017-11-07 15:33:49 UTC,0,2017-11-07,15,Tue
155509,10,1,13,377,2017-11-07 16:05:01 UTC,0,2017-11-07,16,Tue
32432,5,1,41,377,2017-11-07 16:08:45 UTC,0,2017-11-07,16,Tue
220627,10,1,13,377,2017-11-07 16:22:55 UTC,0,2017-11-07,16,Tue
59199,2,1,8,377,2017-11-07 16:32:00 UTC,0,2017-11-07,16,Tue
100182,5,1,13,377,2017-11-07 22:40:29 UTC,0,2017-11-07,22,Tue
91281,2,1,13,377,2017-11-07 23:57:57 UTC,0,2017-11-07,23,Tue
98682,2,1,19,377,2017-11-08 00:34:49 UTC,0,2017-11-08,0,Wed
53454,2,1,14,377,2017-11-08 02:29:50 UTC,0,2017-11-08,2,Wed
944,2,1,6,377,2017-11-08 02:35:30 UTC,0,2017-11-08,2,Wed
4033,1,1,11,377,2017-11-08 03:21:42 UTC,0,2017-11-08,3,Wed
27038,10,1,15,377,2017-11-08 04:08:21 UTC,0,2017-11-08,4,Wed
37836,5,1,20,377,2017-11-08 06:01:36 UTC,0,2017-11-08,6,Wed
89336,1,1,37,377,2017-11-08 06:14:54 UTC,0,2017-11-08,6,Wed
85138,1,1,19,377,2017-11-08 06:40:17 UTC,0,2017-11-08,6,Wed
89529,10,1,13,377,2017-11-08 08:11:33 UTC,0,2017-11-08,8,Wed
275888,5,1,8,377,2017-11-08 08:29:48 UTC,0,2017-11-08,8,Wed
171108,2,1,53,377,2017-11-08 08:56:52 UTC,0,2017-11-08,8,Wed
138585,2,1,25,377,2017-11-08 10:19:10 UTC,0,2017-11-08,10,Wed
31512,1,1,19,377,2017-11-08 10:39:37 UTC,0,2017-11-08,10,Wed
149030,2,1,19,377,2017-11-08 10:49:03 UTC,0,2017-11-08,10,Wed
244689,5,1,22,377,2017-11-08 11:33:13 UTC,0,2017-11-08,11,Wed
108730,2,1,25,377,2017-11-08 12:09:53 UTC,0,2017-11-08,12,Wed
63986,2,1,13,377,2017-11-08 13:17:29 UTC,0,2017-11-08,13,Wed
118146,5,1,2,377,2017-11-08 13:31:28 UTC,0,2017-11-08,13,Wed
177236,10,1,25,377,2017-11-08 14:28:06 UTC,0,2017-11-08,14,Wed
81939,10,1,18,377,2017-11-08 15:00:19 UTC,0,2017-11-08,15,Wed
22240,2,1,3,377,2017-11-08 17:34:23 UTC,0,2017-11-08,17,Wed
41980,2,1,13,377,2017-11-08 19:08:04 UTC,0,2017-11-08,19,Wed
93054,5,1,15,377,2017-11-08 23:43:56 UTC,0,2017-11-08,23,Wed
188929,10,1,9,377,2017-11-09 00:42:41 UTC,0,2017-11-09,0,Thu
31502,2,1,3,377,2017-11-09 01:04:32 UTC,0,2017-11-09,1,Thu
36286,2,1,41,377,2017-11-09 01:15:37 UTC,0,2017-11-09,1,Thu
168163,2,1,10,377,2017-11-09 02:44:50 UTC,0,2017-11-09,2,Thu
128138,1,1,13,377,2017-11-09 03:12:19 UTC,0,2017-11-09,3,Thu
54992,2,1,17,377,2017-11-09 03:50:43 UTC,0,2017-11-09,3,Thu
86869,2,1,17,377,2017-11-09 03:53:40 UTC,0,2017-11-09,3,Thu
158591,2,1,18,377,2017-11-09 04:27:44 UTC,0,2017-11-09,4,Thu
269733,1,1,27,377,2017-11-09 04:40:35 UTC,0,2017-11-09,4,Thu
107739,5,1,25,377,2017-11-09 06:32:53 UTC,0,2017-11-09,6,Thu
56516,10,1,32,377,2017-11-09 07:00:44 UTC,0,2017-11-09,7,Thu
358741,10,1,19,377,2017-11-09 08:33:04 UTC,0,2017-11-09,8,Thu
125050,5,1,19,377,2017-11-09 09:16:44 UTC,0,2017-11-09,9,Thu
7134,10,1,13,377,2017-11-09 10:21:50 UTC,0,2017-11-09,10,Thu
27627,1,1,19,377,2017-11-09 10:55:41 UTC,0,2017-11-09,10,Thu
814,2,1,30,377,2017-11-09 11:05:22 UTC,0,2017-11-09,11,Thu
36691,10,1,22,377,2017-11-09 11:18:35 UTC,0,2017-11-09,11,Thu
13058,1,1,19,377,2017-11-09 12:06:01 UTC,0,2017-11-09,12,Thu
5314,1,1,19,377,2017-11-09 12:17:17 UTC,0,2017-11-09,12,Thu
11282,2,1,19,377,2017-11-09 12:25:48 UTC,0,2017-11-09,12,Thu
66507,10,1,7,377,2017-11-09 13:53:48 UTC,0,2017-11-09,13,Thu
85065,2,1,9,377,2017-11-09 14:33:16 UTC,0,2017-11-09,14,Thu
658,5,1,20,377,2017-11-09 14:44:28 UTC,0,2017-11-09,14,Thu
147605,2,1,19,377,2017-11-09 14:45:10 UTC,0,2017-11-09,14,Thu
107173,2,1,13,377,2017-11-09 14:55:05 UTC,0,2017-11-09,14,Thu
10301,15,1,19,379,2017-11-06 16:41:10 UTC,0,2017-11-06,16,Mon
179955,3,1,6,379,2017-11-06 18:07:46 UTC,0,2017-11-06,18,Mon
62616,14,1,12,379,2017-11-06 18:53:55 UTC,0,2017-11-06,18,Mon
38900,14,1,19,379,2017-11-06 23:04:55 UTC,0,2017-11-06,23,Mon
201370,14,1,13,379,2017-11-06 23:11:27 UTC,0,2017-11-06,23,Mon
6395,3,1,13,379,2017-11-06 23:26:20 UTC,0,2017-11-06,23,Mon
155720,14,1,17,379,2017-11-06 23:26:42 UTC,0,2017-11-06,23,Mon
37563,14,1,53,379,2017-11-06 23:41:49 UTC,0,2017-11-06,23,Mon
136561,15,1,19,379,2017-11-06 23:43:16 UTC,0,2017-11-06,23,Mon
72773,14,1,17,379,2017-11-06 23:46:34 UTC,0,2017-11-06,23,Mon
42904,15,1,19,379,2017-11-07 00:20:37 UTC,0,2017-11-07,0,Tue
146625,3,1,37,379,2017-11-07 00:32:25 UTC,0,2017-11-07,0,Tue
3513,14,1,19,379,2017-11-07 00:43:50 UTC,0,2017-11-07,0,Tue
108227,3,1,36,379,2017-11-07 00:57:55 UTC,0,2017-11-07,0,Tue
102515,3,1,19,379,2017-11-07 01:03:30 UTC,0,2017-11-07,1,Tue
28136,14,1,32,379,2017-11-07 02:47:58 UTC,0,2017-11-07,2,Tue
48240,3,1,19,379,2017-11-07 03:08:16 UTC,0,2017-11-07,3,Tue
88202,3,1,13,379,2017-11-07 03:25:56 UTC,0,2017-11-07,3,Tue
179788,3,1,13,379,2017-11-07 03:26:16 UTC,0,2017-11-07,3,Tue
20813,14,1,13,379,2017-11-07 03:44:05 UTC,0,2017-11-07,3,Tue
50737,3,1,19,379,2017-11-07 03:55:00 UTC,0,2017-11-07,3,Tue
83018,14,1,19,379,2017-11-07 04:22:49 UTC,0,2017-11-07,4,Tue
44885,14,1,10,379,2017-11-07 04:57:32 UTC,0,2017-11-07,4,Tue
46568,3,1,13,379,2017-11-07 04:59:58 UTC,0,2017-11-07,4,Tue
183755,14,1,19,379,2017-11-07 05:32:50 UTC,0,2017-11-07,5,Tue
83025,15,1,19,379,2017-11-07 05:50:28 UTC,0,2017-11-07,5,Tue
100859,14,1,13,379,2017-11-07 07:16:24 UTC,0,2017-11-07,7,Tue
118847,14,1,17,379,2017-11-07 07:35:32 UTC,0,2017-11-07,7,Tue
159958,15,1,13,379,2017-11-07 07:51:24 UTC,0,2017-11-07,7,Tue
49541,15,1,13,379,2017-11-07 08:29:00 UTC,0,2017-11-07,8,Tue
182270,14,1,19,379,2017-11-07 08:37:10 UTC,0,2017-11-07,8,Tue
142062,14,1,6,379,2017-11-07 10:10:19 UTC,0,2017-11-07,10,Tue
39175,14,1,16,379,2017-11-07 10:18:36 UTC,0,2017-11-07,10,Tue
153871,3,1,22,379,2017-11-07 10:31:56 UTC,0,2017-11-07,10,Tue
13597,15,1,37,379,2017-11-07 10:40:30 UTC,0,2017-11-07,10,Tue
85050,3,1,13,379,2017-11-07 11:08:34 UTC,0,2017-11-07,11,Tue
69484,14,1,19,379,2017-11-07 11:11:16 UTC,0,2017-11-07,11,Tue
1745,15,1,19,379,2017-11-07 11:26:40 UTC,0,2017-11-07,11,Tue
98474,14,1,43,379,2017-11-07 11:56:52 UTC,0,2017-11-07,11,Tue
80476,14,1,34,379,2017-11-07 11:57:11 UTC,0,2017-11-07,11,Tue
38872,3,1,3,379,2017-11-07 12:16:33 UTC,0,2017-11-07,12,Tue
91232,15,1,35,379,2017-11-07 12:42:21 UTC,0,2017-11-07,12,Tue
5348,14,1,47,379,2017-11-07 13:23:40 UTC,0,2017-11-07,13,Tue
67197,3,1,25,379,2017-11-07 13:57:39 UTC,0,2017-11-07,13,Tue
194802,14,1,8,379,2017-11-07 14:34:26 UTC,0,2017-11-07,14,Tue
89062,3,1,20,379,2017-11-07 15:35:12 UTC,0,2017-11-07,15,Tue
73516,14,1,19,379,2017-11-07 16:03:58 UTC,0,2017-11-07,16,Tue
283541,14,1,20,379,2017-11-07 16:58:35 UTC,0,2017-11-07,16,Tue
55840,3,1,22,379,2017-11-07 17:24:53 UTC,0,2017-11-07,17,Tue
16011,15,1,17,379,2017-11-07 18:00:21 UTC,0,2017-11-07,18,Tue
48062,14,1,17,379,2017-11-07 18:15:43 UTC,0,2017-11-07,18,Tue
64071,14,1,19,379,2017-11-07 20:02:44 UTC,0,2017-11-07,20,Tue
112442,14,1,18,379,2017-11-07 20:15:17 UTC,0,2017-11-07,20,Tue
116155,14,1,19,379,2017-11-07 22:26:37 UTC,0,2017-11-07,22,Tue
48502,14,1,53,379,2017-11-07 22:51:49 UTC,0,2017-11-07,22,Tue
84445,14,1,19,379,2017-11-08 00:19:00 UTC,0,2017-11-08,0,Wed
75504,15,1,3,379,2017-11-08 00:19:26 UTC,0,2017-11-08,0,Wed
144955,14,1,13,379,2017-11-08 00:23:37 UTC,0,2017-11-08,0,Wed
7944,3,1,22,379,2017-11-08 00:44:10 UTC,0,2017-11-08,0,Wed
8536,3,1,11,379,2017-11-08 01:10:07 UTC,0,2017-11-08,1,Wed
125141,14,1,9,379,2017-11-08 02:25:34 UTC,0,2017-11-08,2,Wed
115292,14,1,22,379,2017-11-08 02:35:27 UTC,0,2017-11-08,2,Wed
222789,14,1,19,379,2017-11-08 02:43:26 UTC,0,2017-11-08,2,Wed
31597,14,1,20,379,2017-11-08 03:10:01 UTC,0,2017-11-08,3,Wed
68804,3,1,25,379,2017-11-08 03:22:04 UTC,0,2017-11-08,3,Wed
131859,14,1,18,379,2017-11-08 03:27:40 UTC,0,2017-11-08,3,Wed
11492,14,1,19,379,2017-11-08 03:53:20 UTC,0,2017-11-08,3,Wed
22567,14,1,19,379,2017-11-08 04:27:37 UTC,0,2017-11-08,4,Wed
86188,15,1,19,379,2017-11-08 04:28:34 UTC,0,2017-11-08,4,Wed
53454,15,1,13,379,2017-11-08 04:28:52 UTC,0,2017-11-08,4,Wed
15940,14,1,19,379,2017-11-08 05:40:53 UTC,0,2017-11-08,5,Wed
38380,3,1,13,379,2017-11-08 05:41:55 UTC,0,2017-11-08,5,Wed
109286,14,1,18,379,2017-11-08 06:41:23 UTC,0,2017-11-08,6,Wed
6553,3,1,19,379,2017-11-08 06:50:25 UTC,0,2017-11-08,6,Wed
4680,14,1,19,379,2017-11-08 06:56:02 UTC,0,2017-11-08,6,Wed
11616,14,1,6,379,2017-11-08 07:14:20 UTC,0,2017-11-08,7,Wed
8580,3,1,13,379,2017-11-08 07:36:29 UTC,0,2017-11-08,7,Wed
102677,3,1,19,379,2017-11-08 08:00:46 UTC,0,2017-11-08,8,Wed
76919,14,1,32,379,2017-11-08 08:36:04 UTC,0,2017-11-08,8,Wed
78426,3,1,20,379,2017-11-08 09:16:43 UTC,0,2017-11-08,9,Wed
157458,3,1,22,379,2017-11-08 10:00:43 UTC,0,2017-11-08,10,Wed
22394,14,1,3,379,2017-11-08 10:23:39 UTC,0,2017-11-08,10,Wed
8224,14,1,17,379,2017-11-08 10:27:25 UTC,0,2017-11-08,10,Wed
264729,14,1,37,379,2017-11-08 10:51:51 UTC,0,2017-11-08,10,Wed
258379,3,1,13,379,2017-11-08 11:02:38 UTC,0,2017-11-08,11,Wed
19014,14,1,19,379,2017-11-08 11:20:31 UTC,0,2017-11-08,11,Wed
91310,3,1,19,379,2017-11-08 11:50:24 UTC,0,2017-11-08,11,Wed
5314,15,1,15,379,2017-11-08 11:54:34 UTC,0,2017-11-08,11,Wed
108913,14,1,19,379,2017-11-08 12:48:22 UTC,0,2017-11-08,12,Wed
201182,3,2,19,379,2017-11-08 13:07:42 UTC,0,2017-11-08,13,Wed
109703,14,1,6,379,2017-11-08 13:59:41 UTC,0,2017-11-08,13,Wed
78281,3,1,19,379,2017-11-08 14:02:00 UTC,0,2017-11-08,14,Wed
58203,3,1,19,379,2017-11-08 14:29:49 UTC,0,2017-11-08,14,Wed
80273,15,1,10,379,2017-11-08 17:30:56 UTC,0,2017-11-08,17,Wed
56319,15,1,18,379,2017-11-08 18:31:17 UTC,0,2017-11-08,18,Wed
352095,15,1,37,379,2017-11-08 18:56:01 UTC,0,2017-11-08,18,Wed
30025,3,1,19,379,2017-11-08 22:29:51 UTC,0,2017-11-08,22,Wed
65028,14,1,19,379,2017-11-08 22:42:44 UTC,0,2017-11-08,22,Wed
73487,14,1,47,379,2017-11-08 23:11:25 UTC,0,2017-11-08,23,Wed
121906,3,1,10,379,2017-11-09 00:00:09 UTC,0,2017-11-09,0,Thu
97300,14,1,19,379,2017-11-09 00:06:21 UTC,0,2017-11-09,0,Thu
77901,15,1,6,379,2017-11-09 00:26:38 UTC,0,2017-11-09,0,Thu
71076,15,1,14,379,2017-11-09 00:32:40 UTC,0,2017-11-09,0,Thu
46939,15,1,13,379,2017-11-09 00:58:52 UTC,0,2017-11-09,0,Thu
73382,14,1,13,379,2017-11-09 00:59:37 UTC,0,2017-11-09,0,Thu
42726,14,1,35,379,2017-11-09 01:13:47 UTC,0,2017-11-09,1,Thu
109743,3,1,25,379,2017-11-09 01:38:39 UTC,0,2017-11-09,1,Thu
24671,3,1,13,379,2017-11-09 02:57:58 UTC,0,2017-11-09,2,Thu
52225,14,1,19,379,2017-11-09 03:01:23 UTC,0,2017-11-09,3,Thu
372,15,1,47,379,2017-11-09 03:52:24 UTC,0,2017-11-09,3,Thu
90607,14,1,13,379,2017-11-09 05:01:14 UTC,0,2017-11-09,5,Thu
77325,14,1,9,379,2017-11-09 05:04:48 UTC,0,2017-11-09,5,Thu
18942,14,1,8,379,2017-11-09 05:08:47 UTC,0,2017-11-09,5,Thu
87879,14,1,14,379,2017-11-09 05:41:42 UTC,0,2017-11-09,5,Thu
95766,14,1,22,379,2017-11-09 05:56:53 UTC,0,2017-11-09,5,Thu
119375,3,1,19,379,2017-11-09 06:02:01 UTC,0,2017-11-09,6,Thu
114891,3,1,18,379,2017-11-09 06:20:14 UTC,0,2017-11-09,6,Thu
32643,15,1,13,379,2017-11-09 06:24:43 UTC,0,2017-11-09,6,Thu
39216,14,1,19,379,2017-11-09 06:38:29 UTC,0,2017-11-09,6,Thu
117407,15,1,6,379,2017-11-09 06:48:05 UTC,0,2017-11-09,6,Thu
59159,3,1,19,379,2017-11-09 06:51:37 UTC,0,2017-11-09,6,Thu
265588,14,1,13,379,2017-11-09 07:16:35 UTC,0,2017-11-09,7,Thu
35180,14,1,11,379,2017-11-09 07:19:05 UTC,0,2017-11-09,7,Thu
32619,14,1,13,379,2017-11-09 07:19:27 UTC,0,2017-11-09,7,Thu
121879,14,1,13,379,2017-11-09 07:25:59 UTC,0,2017-11-09,7,Thu
117115,14,1,13,379,2017-11-09 07:54:41 UTC,0,2017-11-09,7,Thu
48615,14,1,20,379,2017-11-09 07:57:32 UTC,0,2017-11-09,7,Thu
81167,15,1,8,379,2017-11-09 08:40:47 UTC,0,2017-11-09,8,Thu
108858,14,1,19,379,2017-11-09 09:14:28 UTC,0,2017-11-09,9,Thu
33888,14,1,47,379,2017-11-09 09:34:19 UTC,0,2017-11-09,9,Thu
14737,18,1,22,379,2017-11-09 10:54:38 UTC,0,2017-11-09,10,Thu
6222,3,1,32,379,2017-11-09 10:55:01 UTC,0,2017-11-09,10,Thu
71449,14,1,13,379,2017-11-09 10:58:23 UTC,0,2017-11-09,10,Thu
44744,18,2,13,379,2017-11-09 11:11:02 UTC,0,2017-11-09,11,Thu
59899,14,1,25,379,2017-11-09 11:34:30 UTC,0,2017-11-09,11,Thu
20385,14,1,19,379,2017-11-09 11:36:18 UTC,0,2017-11-09,11,Thu
106776,14,1,13,379,2017-11-09 11:39:54 UTC,0,2017-11-09,11,Thu
67384,3,1,13,379,2017-11-09 11:48:30 UTC,0,2017-11-09,11,Thu
6750,14,1,18,379,2017-11-09 11:49:49 UTC,0,2017-11-09,11,Thu
98995,3,1,18,379,2017-11-09 11:56:12 UTC,0,2017-11-09,11,Thu
104705,14,1,13,379,2017-11-09 12:48:35 UTC,0,2017-11-09,12,Thu
5348,18,1,8,379,2017-11-09 12:57:08 UTC,0,2017-11-09,12,Thu
113543,14,1,17,379,2017-11-09 13:00:15 UTC,0,2017-11-09,13,Thu
284968,14,1,13,379,2017-11-09 13:59:38 UTC,0,2017-11-09,13,Thu
50337,3,1,19,379,2017-11-09 14:03:47 UTC,0,2017-11-09,14,Thu
80827,18,1,13,379,2017-11-09 14:17:02 UTC,0,2017-11-09,14,Thu
20215,3,1,19,379,2017-11-09 14:31:51 UTC,0,2017-11-09,14,Thu
119377,15,1,41,379,2017-11-09 14:59:54 UTC,0,2017-11-09,14,Thu
171257,14,1,19,379,2017-11-09 15:01:59 UTC,0,2017-11-09,15,Thu
48240,18,1,13,379,2017-11-09 15:11:41 UTC,0,2017-11-09,15,Thu
5348,14,1,19,379,2017-11-09 15:25:27 UTC,0,2017-11-09,15,Thu
91885,15,1,5,386,2017-11-06 20:41:49 UTC,0,2017-11-06,20,Mon
210945,15,1,6,386,2017-11-07 00:17:19 UTC,0,2017-11-07,0,Tue
141447,15,1,13,386,2017-11-07 05:03:26 UTC,0,2017-11-07,5,Tue
181717,15,1,19,386,2017-11-07 06:07:10 UTC,0,2017-11-07,6,Tue
96983,15,1,14,386,2017-11-07 07:56:35 UTC,0,2017-11-07,7,Tue
38482,15,1,13,386,2017-11-07 08:01:46 UTC,0,2017-11-07,8,Tue
110167,15,1,13,386,2017-11-07 08:18:36 UTC,0,2017-11-07,8,Tue
28652,15,1,25,386,2017-11-07 09:06:17 UTC,0,2017-11-07,9,Tue
18439,15,1,19,386,2017-11-07 11:04:08 UTC,0,2017-11-07,11,Tue
119870,15,1,9,386,2017-11-07 11:09:35 UTC,0,2017-11-07,11,Tue
145896,15,1,19,386,2017-11-07 11:49:34 UTC,0,2017-11-07,11,Tue
40077,15,1,20,386,2017-11-07 13:51:07 UTC,0,2017-11-07,13,Tue
19140,15,1,19,386,2017-11-07 13:56:16 UTC,0,2017-11-07,13,Tue
92907,15,1,6,386,2017-11-07 14:09:38 UTC,0,2017-11-07,14,Tue
99482,15,1,17,386,2017-11-07 14:33:20 UTC,0,2017-11-07,14,Tue
141879,15,1,18,386,2017-11-07 14:35:05 UTC,0,2017-11-07,14,Tue
80736,15,1,17,386,2017-11-07 14:41:46 UTC,0,2017-11-07,14,Tue
171808,15,1,6,386,2017-11-07 14:41:49 UTC,0,2017-11-07,14,Tue
71272,15,1,22,386,2017-11-07 15:38:18 UTC,0,2017-11-07,15,Tue
82068,15,1,19,386,2017-11-07 16:19:19 UTC,0,2017-11-07,16,Tue
220958,15,1,13,386,2017-11-07 23:37:56 UTC,0,2017-11-07,23,Tue
56731,15,1,27,386,2017-11-08 00:03:46 UTC,0,2017-11-08,0,Wed
234055,15,1,13,386,2017-11-08 03:19:29 UTC,0,2017-11-08,3,Wed
114276,15,1,19,386,2017-11-08 04:40:33 UTC,0,2017-11-08,4,Wed
191084,15,1,23,386,2017-11-08 07:45:01 UTC,0,2017-11-08,7,Wed
100869,15,1,13,386,2017-11-08 08:10:20 UTC,0,2017-11-08,8,Wed
64815,15,1,13,386,2017-11-08 13:52:11 UTC,0,2017-11-08,13,Wed
101698,15,1,13,386,2017-11-08 17:36:34 UTC,0,2017-11-08,17,Wed
207893,15,1,17,386,2017-11-08 18:05:49 UTC,0,2017-11-08,18,Wed
107748,15,1,8,386,2017-11-08 22:37:42 UTC,0,2017-11-08,22,Wed
97347,15,1,16,386,2017-11-08 23:38:30 UTC,0,2017-11-08,23,Wed
14063,15,1,9,386,2017-11-08 23:46:29 UTC,0,2017-11-08,23,Wed
48919,15,1,17,386,2017-11-09 02:55:59 UTC,0,2017-11-09,2,Thu
111324,15,1,13,386,2017-11-09 03:05:19 UTC,0,2017-11-09,3,Thu
28498,15,1,47,386,2017-11-09 03:12:14 UTC,0,2017-11-09,3,Thu
2788,15,1,13,386,2017-11-09 03:20:53 UTC,0,2017-11-09,3,Thu
22300,15,1,15,386,2017-11-09 03:46:02 UTC,0,2017-11-09,3,Thu
161406,15,1,19,386,2017-11-09 04:14:56 UTC,0,2017-11-09,4,Thu
300283,15,1,8,386,2017-11-09 05:00:45 UTC,0,2017-11-09,5,Thu
42038,15,1,19,386,2017-11-09 08:48:30 UTC,0,2017-11-09,8,Thu
121127,15,1,19,386,2017-11-09 09:47:42 UTC,0,2017-11-09,9,Thu
16499,15,1,22,386,2017-11-09 11:08:19 UTC,0,2017-11-09,11,Thu
89458,15,1,19,386,2017-11-09 12:18:41 UTC,0,2017-11-09,12,Thu
23260,15,1,37,386,2017-11-09 13:02:25 UTC,0,2017-11-09,13,Thu
29972,15,1,11,386,2017-11-09 13:22:25 UTC,0,2017-11-09,13,Thu
105475,15,1,13,386,2017-11-09 14:24:20 UTC,0,2017-11-09,14,Thu
108386,15,1,44,386,2017-11-09 14:27:17 UTC,0,2017-11-09,14,Thu
31544,15,1,15,386,2017-11-09 15:14:08 UTC,0,2017-11-09,15,Thu
119542,15,1,18,391,2017-11-07 01:22:19 UTC,0,2017-11-07,1,Tue
39958,9,1,13,391,2017-11-07 10:57:14 UTC,0,2017-11-07,10,Tue
214149,15,1,15,391,2017-11-08 10:07:43 UTC,0,2017-11-08,10,Wed
74550,9,1,16,391,2017-11-09 09:23:21 UTC,0,2017-11-09,9,Thu
184092,13,1,607,400,2017-11-06 16:00:15 UTC,0,2017-11-06,16,Mon
102156,13,1,17,400,2017-11-06 23:20:08 UTC,0,2017-11-06,23,Mon
108858,13,1,13,400,2017-11-07 04:33:26 UTC,0,2017-11-07,4,Tue
29411,13,1,13,400,2017-11-07 04:53:45 UTC,0,2017-11-07,4,Tue
105215,13,1,27,400,2017-11-07 05:00:49 UTC,0,2017-11-07,5,Tue
109734,13,1,19,400,2017-11-07 05:12:43 UTC,0,2017-11-07,5,Tue
62639,13,1,37,400,2017-11-07 05:53:57 UTC,0,2017-11-07,5,Tue
120335,13,1,18,400,2017-11-07 06:28:56 UTC,0,2017-11-07,6,Tue
108056,13,1,16,400,2017-11-07 06:52:57 UTC,0,2017-11-07,6,Tue
65253,13,2,9,400,2017-11-07 08:07:07 UTC,0,2017-11-07,8,Tue
104366,13,1,19,400,2017-11-07 09:25:50 UTC,0,2017-11-07,9,Tue
178851,13,1,3,400,2017-11-07 10:00:09 UTC,0,2017-11-07,10,Tue
49321,13,1,19,400,2017-11-07 10:06:24 UTC,0,2017-11-07,10,Tue
59660,13,1,13,400,2017-11-07 11:08:29 UTC,0,2017-11-07,11,Tue
74784,13,1,12,400,2017-11-07 13:02:49 UTC,0,2017-11-07,13,Tue
39095,13,1,26,400,2017-11-07 13:12:39 UTC,0,2017-11-07,13,Tue
43793,13,1,6,400,2017-11-07 14:43:44 UTC,0,2017-11-07,14,Tue
64079,13,1,13,400,2017-11-08 00:23:26 UTC,0,2017-11-08,0,Wed
16970,13,1,13,400,2017-11-08 03:01:05 UTC,0,2017-11-08,3,Wed
18695,13,1,14,400,2017-11-08 03:42:28 UTC,0,2017-11-08,3,Wed
38211,13,1,13,400,2017-11-08 04:31:48 UTC,0,2017-11-08,4,Wed
105475,13,2,13,400,2017-11-08 04:52:03 UTC,0,2017-11-08,4,Wed
88881,13,1,13,400,2017-11-08 06:18:15 UTC,0,2017-11-08,6,Wed
83388,13,1,22,400,2017-11-08 09:23:18 UTC,0,2017-11-08,9,Wed
469,13,1,22,400,2017-11-08 09:34:15 UTC,0,2017-11-08,9,Wed
117115,13,1,19,400,2017-11-08 09:41:05 UTC,0,2017-11-08,9,Wed
231915,13,1,17,400,2017-11-08 13:06:39 UTC,0,2017-11-08,13,Wed
100212,13,1,13,400,2017-11-08 14:00:15 UTC,0,2017-11-08,14,Wed
19264,13,1,19,400,2017-11-08 14:22:04 UTC,0,2017-11-08,14,Wed
74068,13,1,18,400,2017-11-08 15:30:24 UTC,0,2017-11-08,15,Wed
47747,13,1,8,400,2017-11-08 17:48:38 UTC,0,2017-11-08,17,Wed
34751,13,1,19,400,2017-11-09 01:54:09 UTC,0,2017-11-09,1,Thu
123733,13,1,8,400,2017-11-09 02:52:07 UTC,0,2017-11-09,2,Thu
109776,13,1,19,400,2017-11-09 07:22:59 UTC,0,2017-11-09,7,Thu
40372,13,1,12,400,2017-11-09 08:56:36 UTC,0,2017-11-09,8,Thu
75885,13,1,13,400,2017-11-09 14:24:09 UTC,0,2017-11-09,14,Thu
27607,14,1,9,401,2017-11-06 17:04:20 UTC,0,2017-11-06,17,Mon
77107,14,1,42,401,2017-11-06 20:07:37 UTC,0,2017-11-06,20,Mon
59997,14,1,2,401,2017-11-06 23:39:09 UTC,0,2017-11-06,23,Mon
143888,14,1,3,401,2017-11-07 00:15:44 UTC,0,2017-11-07,0,Tue
17917,14,1,17,401,2017-11-07 01:01:15 UTC,0,2017-11-07,1,Tue
200066,14,1,19,401,2017-11-07 02:44:24 UTC,0,2017-11-07,2,Tue
55032,14,1,11,401,2017-11-07 03:07:46 UTC,0,2017-11-07,3,Tue
165919,14,1,13,401,2017-11-07 03:30:23 UTC,0,2017-11-07,3,Tue
112215,14,1,13,401,2017-11-07 03:41:09 UTC,0,2017-11-07,3,Tue
80571,14,1,19,401,2017-11-07 03:54:44 UTC,0,2017-11-07,3,Tue
102235,14,1,19,401,2017-11-07 03:55:24 UTC,0,2017-11-07,3,Tue
8104,14,1,13,401,2017-11-07 05:08:29 UTC,0,2017-11-07,5,Tue
76966,14,1,17,401,2017-11-07 06:12:42 UTC,0,2017-11-07,6,Tue
62339,2,1,53,401,2017-11-07 06:18:11 UTC,0,2017-11-07,6,Tue
10618,14,1,19,401,2017-11-07 06:30:18 UTC,0,2017-11-07,6,Tue
175075,14,1,55,401,2017-11-07 07:18:02 UTC,0,2017-11-07,7,Tue
120361,14,1,14,401,2017-11-07 07:21:39 UTC,0,2017-11-07,7,Tue
39780,14,1,40,401,2017-11-07 08:15:55 UTC,0,2017-11-07,8,Tue
34366,14,1,19,401,2017-11-07 11:04:14 UTC,0,2017-11-07,11,Tue
105587,14,1,19,401,2017-11-07 12:13:35 UTC,0,2017-11-07,12,Tue
55957,14,2,9,401,2017-11-07 13:40:41 UTC,0,2017-11-07,13,Tue
48212,2,1,14,401,2017-11-07 13:53:20 UTC,0,2017-11-07,13,Tue
6196,14,1,19,401,2017-11-07 14:33:34 UTC,0,2017-11-07,14,Tue
84953,14,1,13,401,2017-11-07 14:37:06 UTC,0,2017-11-07,14,Tue
20081,2,1,19,401,2017-11-07 16:09:15 UTC,0,2017-11-07,16,Tue
73767,14,1,37,401,2017-11-07 18:20:44 UTC,0,2017-11-07,18,Tue
36183,14,1,20,401,2017-11-07 21:43:49 UTC,0,2017-11-07,21,Tue
21046,14,1,32,401,2017-11-07 22:28:57 UTC,0,2017-11-07,22,Tue
87556,14,1,13,401,2017-11-07 23:49:51 UTC,0,2017-11-07,23,Tue
135374,14,1,18,401,2017-11-08 01:56:11 UTC,0,2017-11-08,1,Wed
91712,14,1,22,401,2017-11-08 02:55:30 UTC,0,2017-11-08,2,Wed
153937,14,1,20,401,2017-11-08 03:12:33 UTC,0,2017-11-08,3,Wed
112455,14,1,32,401,2017-11-08 03:39:19 UTC,0,2017-11-08,3,Wed
65785,14,1,12,401,2017-11-08 04:52:44 UTC,0,2017-11-08,4,Wed
120385,2,1,13,401,2017-11-08 05:01:49 UTC,0,2017-11-08,5,Wed
65826,2,1,19,401,2017-11-08 05:02:30 UTC,0,2017-11-08,5,Wed
54125,2,1,25,401,2017-11-08 06:52:04 UTC,0,2017-11-08,6,Wed
113236,2,1,25,401,2017-11-08 07:37:43 UTC,0,2017-11-08,7,Wed
272361,14,1,8,401,2017-11-08 07:50:46 UTC,0,2017-11-08,7,Wed
86767,14,1,13,401,2017-11-08 07:51:07 UTC,0,2017-11-08,7,Wed
3564,14,1,17,401,2017-11-08 08:05:25 UTC,0,2017-11-08,8,Wed
28247,14,1,13,401,2017-11-08 08:41:28 UTC,0,2017-11-08,8,Wed
96815,2,1,41,401,2017-11-08 08:43:23 UTC,0,2017-11-08,8,Wed
100311,2,1,12,401,2017-11-08 10:32:21 UTC,0,2017-11-08,10,Wed
40194,2,1,53,401,2017-11-08 10:48:29 UTC,0,2017-11-08,10,Wed
42360,14,1,19,401,2017-11-08 11:03:51 UTC,0,2017-11-08,11,Wed
73233,2,1,13,401,2017-11-08 11:20:48 UTC,0,2017-11-08,11,Wed
97716,14,1,17,401,2017-11-08 12:18:31 UTC,0,2017-11-08,12,Wed
76855,2,1,19,401,2017-11-08 12:26:22 UTC,0,2017-11-08,12,Wed
38219,14,1,19,401,2017-11-08 12:34:59 UTC,0,2017-11-08,12,Wed
198559,2,1,12,401,2017-11-08 13:10:12 UTC,0,2017-11-08,13,Wed
114314,2,1,13,401,2017-11-08 13:36:06 UTC,0,2017-11-08,13,Wed
81896,14,1,1,401,2017-11-08 15:47:47 UTC,0,2017-11-08,15,Wed
86419,2,1,20,401,2017-11-08 18:05:32 UTC,0,2017-11-08,18,Wed
121472,14,1,28,401,2017-11-08 20:52:05 UTC,0,2017-11-08,20,Wed
5178,14,1,18,401,2017-11-08 23:43:29 UTC,0,2017-11-08,23,Wed
33860,2,1,41,401,2017-11-09 00:15:07 UTC,0,2017-11-09,0,Thu
110667,14,1,9,401,2017-11-09 00:16:35 UTC,0,2017-11-09,0,Thu
69944,14,1,19,401,2017-11-09 02:18:53 UTC,0,2017-11-09,2,Thu
59043,14,1,13,401,2017-11-09 02:20:35 UTC,0,2017-11-09,2,Thu
16401,14,1,13,401,2017-11-09 03:49:35 UTC,0,2017-11-09,3,Thu
308454,14,1,27,401,2017-11-09 04:56:30 UTC,0,2017-11-09,4,Thu
27318,14,1,18,401,2017-11-09 06:12:50 UTC,0,2017-11-09,6,Thu
63989,14,1,17,401,2017-11-09 06:57:24 UTC,0,2017-11-09,6,Thu
20215,2,1,37,401,2017-11-09 08:30:38 UTC,0,2017-11-09,8,Thu
168352,14,1,28,401,2017-11-09 09:11:14 UTC,0,2017-11-09,9,Thu
105475,2,1,14,401,2017-11-09 09:24:06 UTC,0,2017-11-09,9,Thu
107907,14,1,13,401,2017-11-09 09:30:44 UTC,0,2017-11-09,9,Thu
130827,14,1,27,401,2017-11-09 09:40:21 UTC,0,2017-11-09,9,Thu
7120,14,1,13,401,2017-11-09 10:27:03 UTC,0,2017-11-09,10,Thu
167091,14,1,1,401,2017-11-09 10:57:52 UTC,0,2017-11-09,10,Thu
254077,14,1,6,401,2017-11-09 11:26:19 UTC,0,2017-11-09,11,Thu
69297,14,1,19,401,2017-11-09 13:07:04 UTC,0,2017-11-09,13,Thu
72831,2,1,18,401,2017-11-09 13:27:42 UTC,0,2017-11-09,13,Thu
60235,3,1,19,402,2017-11-06 22:10:12 UTC,0,2017-11-06,22,Mon
27388,3,2,77,402,2017-11-07 02:55:25 UTC,0,2017-11-07,2,Tue
25097,3,1,19,402,2017-11-07 05:31:17 UTC,0,2017-11-07,5,Tue
209663,3,1,18,402,2017-11-07 09:31:04 UTC,0,2017-11-07,9,Tue
118229,3,1,22,402,2017-11-07 10:21:29 UTC,0,2017-11-07,10,Tue
44663,3,1,19,402,2017-11-07 11:31:20 UTC,0,2017-11-07,11,Tue
251823,3,1,19,402,2017-11-08 08:40:25 UTC,0,2017-11-08,8,Wed
119885,3,1,10,402,2017-11-08 11:57:06 UTC,0,2017-11-08,11,Wed
68089,3,1,60,402,2017-11-08 17:52:42 UTC,0,2017-11-08,17,Wed
105292,3,2,79,402,2017-11-08 22:43:00 UTC,0,2017-11-08,22,Wed
39782,3,1,17,402,2017-11-09 06:24:44 UTC,0,2017-11-09,6,Thu
25097,3,1,10,402,2017-11-09 06:44:17 UTC,0,2017-11-09,6,Thu
105485,3,1,19,402,2017-11-09 10:22:01 UTC,0,2017-11-09,10,Thu
18703,3,1,14,402,2017-11-09 11:02:58 UTC,0,2017-11-09,11,Thu
91536,3,1,19,402,2017-11-09 14:37:36 UTC,0,2017-11-09,14,Thu
16589,3,5,45,404,2017-11-09 14:44:45 UTC,0,2017-11-09,14,Thu
88881,14,1,13,406,2017-11-08 00:50:31 UTC,0,2017-11-08,0,Wed
75574,56,1,18,406,2017-11-08 02:34:03 UTC,0,2017-11-08,2,Wed
164737,56,1,13,406,2017-11-08 03:03:57 UTC,0,2017-11-08,3,Wed
105475,56,1,12,406,2017-11-09 06:53:56 UTC,0,2017-11-09,6,Thu
17149,55,1,13,406,2017-11-09 08:26:08 UTC,0,2017-11-09,8,Thu
97670,56,1,19,406,2017-11-09 09:03:34 UTC,0,2017-11-09,9,Thu
107155,56,1,13,406,2017-11-09 13:42:04 UTC,0,2017-11-09,13,Thu
32930,12,1,17,409,2017-11-06 16:12:48 UTC,0,2017-11-06,16,Mon
176799,12,1,3,409,2017-11-06 16:17:49 UTC,0,2017-11-06,16,Mon
53715,3,1,20,409,2017-11-06 17:04:28 UTC,0,2017-11-06,17,Mon
42447,3,1,20,409,2017-11-06 17:59:28 UTC,0,2017-11-06,17,Mon
41287,3,1,13,409,2017-11-06 18:48:56 UTC,0,2017-11-06,18,Mon
123788,12,1,19,409,2017-11-06 20:23:47 UTC,0,2017-11-06,20,Mon
5729,3,1,19,409,2017-11-06 22:12:29 UTC,0,2017-11-06,22,Mon
117867,3,1,9,409,2017-11-06 23:13:47 UTC,0,2017-11-06,23,Mon
86767,12,1,19,409,2017-11-06 23:14:14 UTC,0,2017-11-06,23,Mon
37462,12,1,19,409,2017-11-06 23:48:10 UTC,0,2017-11-06,23,Mon
195892,3,1,17,409,2017-11-07 00:03:18 UTC,0,2017-11-07,0,Tue
5147,3,1,41,409,2017-11-07 01:53:16 UTC,0,2017-11-07,1,Tue
86521,3,1,41,409,2017-11-07 02:26:59 UTC,0,2017-11-07,2,Tue
199458,3,1,19,409,2017-11-07 02:29:37 UTC,0,2017-11-07,2,Tue
3850,3,1,13,409,2017-11-07 02:45:16 UTC,0,2017-11-07,2,Tue
22677,3,1,17,409,2017-11-07 03:34:05 UTC,0,2017-11-07,3,Tue
69331,3,1,4,409,2017-11-07 04:08:30 UTC,0,2017-11-07,4,Tue
70451,3,1,16,409,2017-11-07 04:37:47 UTC,0,2017-11-07,4,Tue
172724,3,1,13,409,2017-11-07 06:13:28 UTC,0,2017-11-07,6,Tue
42384,12,1,13,409,2017-11-07 06:21:18 UTC,0,2017-11-07,6,Tue
144604,3,1,13,409,2017-11-07 06:31:52 UTC,0,2017-11-07,6,Tue
44692,12,1,8,409,2017-11-07 06:39:54 UTC,0,2017-11-07,6,Tue
95669,3,1,22,409,2017-11-07 06:56:22 UTC,0,2017-11-07,6,Tue
131588,3,1,9,409,2017-11-07 07:08:55 UTC,0,2017-11-07,7,Tue
94003,3,1,19,409,2017-11-07 07:20:48 UTC,0,2017-11-07,7,Tue
184884,3,1,19,409,2017-11-07 08:45:09 UTC,0,2017-11-07,8,Tue
9460,12,1,25,409,2017-11-07 09:06:34 UTC,0,2017-11-07,9,Tue
48384,3,1,19,409,2017-11-07 10:49:55 UTC,0,2017-11-07,10,Tue
5314,3,1,19,409,2017-11-07 11:21:29 UTC,0,2017-11-07,11,Tue
106665,3,1,8,409,2017-11-07 12:06:20 UTC,0,2017-11-07,12,Tue
73487,3,1,19,409,2017-11-07 12:17:47 UTC,0,2017-11-07,12,Tue
119688,12,1,22,409,2017-11-07 13:08:47 UTC,0,2017-11-07,13,Tue
108341,12,1,19,409,2017-11-07 13:17:04 UTC,0,2017-11-07,13,Tue
114965,12,1,19,409,2017-11-07 13:34:16 UTC,0,2017-11-07,13,Tue
105475,3,1,19,409,2017-11-07 13:39:47 UTC,0,2017-11-07,13,Tue
83660,3,1,13,409,2017-11-07 13:55:04 UTC,0,2017-11-07,13,Tue
9781,3,1,13,409,2017-11-07 14:03:56 UTC,0,2017-11-07,14,Tue
125222,12,1,10,409,2017-11-07 14:34:56 UTC,0,2017-11-07,14,Tue
77756,12,1,20,409,2017-11-07 14:49:12 UTC,0,2017-11-07,14,Tue
123948,3,1,8,409,2017-11-07 14:52:45 UTC,0,2017-11-07,14,Tue
67779,3,1,11,409,2017-11-07 15:51:35 UTC,0,2017-11-07,15,Tue
72357,12,1,27,409,2017-11-07 19:09:24 UTC,0,2017-11-07,19,Tue
100971,12,1,19,409,2017-11-07 19:45:26 UTC,0,2017-11-07,19,Tue
73487,3,1,22,409,2017-11-07 23:22:21 UTC,0,2017-11-07,23,Tue
75830,3,1,19,409,2017-11-07 23:48:43 UTC,0,2017-11-07,23,Tue
119349,3,1,19,409,2017-11-08 00:25:25 UTC,0,2017-11-08,0,Wed
83662,12,1,19,409,2017-11-08 00:48:21 UTC,0,2017-11-08,0,Wed
62036,3,1,13,409,2017-11-08 01:11:38 UTC,0,2017-11-08,1,Wed
153181,12,1,18,409,2017-11-08 03:32:04 UTC,0,2017-11-08,3,Wed
114054,12,1,27,409,2017-11-08 03:35:57 UTC,0,2017-11-08,3,Wed
83886,12,1,53,409,2017-11-08 03:41:41 UTC,0,2017-11-08,3,Wed
48240,3,1,19,409,2017-11-08 03:56:14 UTC,0,2017-11-08,3,Wed
83321,3,1,10,409,2017-11-08 04:27:25 UTC,0,2017-11-08,4,Wed
36565,12,1,16,409,2017-11-08 04:37:09 UTC,0,2017-11-08,4,Wed
259330,12,1,19,409,2017-11-08 05:16:59 UTC,0,2017-11-08,5,Wed
100013,3,1,8,409,2017-11-08 06:52:10 UTC,0,2017-11-08,6,Wed
102962,3,1,20,409,2017-11-08 07:07:33 UTC,0,2017-11-08,7,Wed
107643,3,1,15,409,2017-11-08 11:10:59 UTC,0,2017-11-08,11,Wed
279182,12,1,25,409,2017-11-08 11:14:14 UTC,0,2017-11-08,11,Wed
19161,3,1,3,409,2017-11-08 11:58:04 UTC,0,2017-11-08,11,Wed
137780,12,1,13,409,2017-11-08 13:11:46 UTC,0,2017-11-08,13,Wed
109242,3,1,19,409,2017-11-08 13:12:15 UTC,0,2017-11-08,13,Wed
100959,3,1,17,409,2017-11-08 14:04:26 UTC,0,2017-11-08,14,Wed
41573,3,1,48,409,2017-11-08 14:11:19 UTC,0,2017-11-08,14,Wed
10749,12,1,15,409,2017-11-08 14:23:03 UTC,0,2017-11-08,14,Wed
87715,3,1,19,409,2017-11-08 14:47:32 UTC,0,2017-11-08,14,Wed
100654,12,1,17,409,2017-11-08 15:26:27 UTC,0,2017-11-08,15,Wed
39546,3,1,25,409,2017-11-08 15:35:13 UTC,0,2017-11-08,15,Wed
69260,12,1,13,409,2017-11-08 15:56:08 UTC,0,2017-11-08,15,Wed
114133,3,1,19,409,2017-11-08 16:13:55 UTC,0,2017-11-08,16,Wed
14063,12,1,13,409,2017-11-08 16:15:36 UTC,0,2017-11-08,16,Wed
44663,12,1,19,409,2017-11-08 16:48:32 UTC,0,2017-11-08,16,Wed
95962,3,1,41,409,2017-11-08 19:37:22 UTC,0,2017-11-08,19,Wed
39428,3,1,19,409,2017-11-08 22:56:20 UTC,0,2017-11-08,22,Wed
48569,12,1,13,409,2017-11-09 01:31:33 UTC,0,2017-11-09,1,Thu
98344,12,1,3,409,2017-11-09 01:46:22 UTC,0,2017-11-09,1,Thu
20215,12,2,17,409,2017-11-09 01:58:38 UTC,0,2017-11-09,1,Thu
44349,12,1,20,409,2017-11-09 02:00:53 UTC,0,2017-11-09,2,Thu
103555,3,1,18,409,2017-11-09 02:24:37 UTC,0,2017-11-09,2,Thu
83928,12,1,13,409,2017-11-09 02:40:20 UTC,0,2017-11-09,2,Thu
67585,12,1,19,409,2017-11-09 02:44:35 UTC,0,2017-11-09,2,Thu
163461,3,1,13,409,2017-11-09 03:42:39 UTC,0,2017-11-09,3,Thu
69034,12,1,30,409,2017-11-09 03:43:36 UTC,0,2017-11-09,3,Thu
42404,12,1,26,409,2017-11-09 04:02:10 UTC,0,2017-11-09,4,Thu
109832,12,1,19,409,2017-11-09 04:13:43 UTC,0,2017-11-09,4,Thu
30151,3,1,19,409,2017-11-09 04:24:50 UTC,0,2017-11-09,4,Thu
96832,3,1,3,409,2017-11-09 04:41:31 UTC,0,2017-11-09,4,Thu
289845,12,1,13,409,2017-11-09 04:57:17 UTC,0,2017-11-09,4,Thu
105475,3,1,13,409,2017-11-09 05:00:20 UTC,0,2017-11-09,5,Thu
41691,12,1,17,409,2017-11-09 05:26:05 UTC,0,2017-11-09,5,Thu
109035,12,1,37,409,2017-11-09 05:44:45 UTC,0,2017-11-09,5,Thu
49604,3,1,13,409,2017-11-09 06:05:44 UTC,0,2017-11-09,6,Thu
74013,12,1,19,409,2017-11-09 06:12:54 UTC,0,2017-11-09,6,Thu
90557,12,1,19,409,2017-11-09 06:41:12 UTC,0,2017-11-09,6,Thu
79103,12,1,10,409,2017-11-09 09:07:22 UTC,0,2017-11-09,9,Thu
59086,3,1,41,409,2017-11-09 10:23:33 UTC,0,2017-11-09,10,Thu
264331,3,1,19,409,2017-11-09 10:35:37 UTC,0,2017-11-09,10,Thu
99972,3,1,18,409,2017-11-09 11:56:51 UTC,0,2017-11-09,11,Thu
179344,3,1,27,409,2017-11-09 12:04:17 UTC,0,2017-11-09,12,Thu
26454,3,1,19,409,2017-11-09 12:13:59 UTC,0,2017-11-09,12,Thu
2564,12,1,7,409,2017-11-09 13:05:29 UTC,0,2017-11-09,13,Thu
93263,3,1,10,409,2017-11-09 15:08:15 UTC,0,2017-11-09,15,Thu
118284,3,1,17,409,2017-11-09 15:53:58 UTC,0,2017-11-09,15,Thu
17077,45,1,16,411,2017-11-07 01:01:12 UTC,0,2017-11-07,1,Tue
49600,45,2,10,411,2017-11-09 09:40:50 UTC,0,2017-11-09,9,Thu
112291,15,1,13,412,2017-11-07 01:45:21 UTC,0,2017-11-07,1,Tue
141999,15,1,1,412,2017-11-07 02:04:58 UTC,0,2017-11-07,2,Tue
30781,15,1,17,412,2017-11-07 03:06:19 UTC,0,2017-11-07,3,Tue
59391,15,1,13,412,2017-11-07 07:58:25 UTC,0,2017-11-07,7,Tue
25152,15,1,19,412,2017-11-07 08:40:26 UTC,0,2017-11-07,8,Tue
64563,15,1,15,412,2017-11-07 08:48:28 UTC,0,2017-11-07,8,Tue
1634,15,1,18,412,2017-11-07 13:05:00 UTC,0,2017-11-07,13,Tue
50164,15,1,18,412,2017-11-07 13:34:36 UTC,0,2017-11-07,13,Tue
66015,15,1,3,412,2017-11-07 13:35:00 UTC,0,2017-11-07,13,Tue
227947,15,1,23,412,2017-11-08 00:16:44 UTC,0,2017-11-08,0,Wed
27782,15,1,16,412,2017-11-08 00:20:10 UTC,0,2017-11-08,0,Wed
66769,15,1,25,412,2017-11-08 00:21:03 UTC,0,2017-11-08,0,Wed
153621,15,1,22,412,2017-11-08 00:22:43 UTC,0,2017-11-08,0,Wed
69449,15,1,18,412,2017-11-08 04:51:39 UTC,0,2017-11-08,4,Wed
53964,15,1,13,412,2017-11-08 09:23:06 UTC,0,2017-11-08,9,Wed
97744,15,1,19,412,2017-11-08 10:27:19 UTC,0,2017-11-08,10,Wed
88971,15,1,15,412,2017-11-08 12:42:46 UTC,0,2017-11-08,12,Wed
175837,15,1,18,412,2017-11-08 13:08:48 UTC,0,2017-11-08,13,Wed
110628,15,1,13,412,2017-11-08 18:01:15 UTC,0,2017-11-08,18,Wed
10299,15,1,25,412,2017-11-09 00:34:40 UTC,0,2017-11-09,0,Thu
362038,15,1,13,412,2017-11-09 00:43:32 UTC,0,2017-11-09,0,Thu
119040,15,1,13,412,2017-11-09 02:12:35 UTC,0,2017-11-09,2,Thu
23203,15,1,25,412,2017-11-09 02:53:33 UTC,0,2017-11-09,2,Thu
8292,15,1,27,412,2017-11-09 04:04:45 UTC,0,2017-11-09,4,Thu
16032,15,1,6,412,2017-11-09 04:32:49 UTC,0,2017-11-09,4,Thu
212126,15,1,3,412,2017-11-09 05:38:11 UTC,0,2017-11-09,5,Thu
35047,15,1,25,412,2017-11-09 06:19:20 UTC,0,2017-11-09,6,Thu
100868,15,1,19,412,2017-11-09 07:25:41 UTC,0,2017-11-09,7,Thu
105540,15,1,41,412,2017-11-09 08:39:30 UTC,0,2017-11-09,8,Thu
139710,15,1,17,412,2017-11-09 11:21:12 UTC,0,2017-11-09,11,Thu
42139,14,1,8,416,2017-11-07 01:08:55 UTC,0,2017-11-07,1,Tue
37506,14,1,13,416,2017-11-07 01:17:41 UTC,0,2017-11-07,1,Tue
132086,14,1,19,416,2017-11-07 01:18:06 UTC,0,2017-11-07,1,Tue
216999,14,1,19,416,2017-11-08 00:56:07 UTC,0,2017-11-08,0,Wed
151603,14,1,19,416,2017-11-09 06:40:53 UTC,0,2017-11-09,6,Thu
99638,14,1,18,416,2017-11-09 07:20:52 UTC,0,2017-11-09,7,Thu
171073,3,1,3,417,2017-11-07 00:49:50 UTC,0,2017-11-07,0,Tue
105560,3,1,19,417,2017-11-07 01:55:58 UTC,0,2017-11-07,1,Tue
31737,3,1,13,417,2017-11-07 03:07:22 UTC,0,2017-11-07,3,Tue
78905,3,1,13,417,2017-11-07 05:48:12 UTC,0,2017-11-07,5,Tue
54376,3,1,19,417,2017-11-07 09:13:04 UTC,0,2017-11-07,9,Tue
73031,3,1,11,417,2017-11-07 15:11:46 UTC,0,2017-11-07,15,Tue
95766,3,1,6,417,2017-11-07 15:14:50 UTC,0,2017-11-07,15,Tue
79238,3,1,19,417,2017-11-08 00:46:20 UTC,0,2017-11-08,0,Wed
128885,3,1,1,417,2017-11-08 00:47:00 UTC,0,2017-11-08,0,Wed
108658,3,1,13,417,2017-11-08 04:31:39 UTC,0,2017-11-08,4,Wed
44673,3,1,13,417,2017-11-08 06:36:34 UTC,0,2017-11-08,6,Wed
30151,3,1,40,417,2017-11-08 09:28:57 UTC,0,2017-11-08,9,Wed
142590,3,1,19,417,2017-11-09 00:35:10 UTC,0,2017-11-09,0,Thu
262668,3,1,10,417,2017-11-09 03:44:03 UTC,0,2017-11-09,3,Thu
17149,3,1,8,417,2017-11-09 07:01:18 UTC,0,2017-11-09,7,Thu
105363,3,1,14,417,2017-11-09 10:37:27 UTC,0,2017-11-09,10,Thu
351137,3,1,1,417,2017-11-09 11:58:14 UTC,0,2017-11-09,11,Thu
53454,3,2,13,417,2017-11-09 13:15:34 UTC,0,2017-11-09,13,Thu
92904,3,1,13,417,2017-11-09 14:39:34 UTC,0,2017-11-09,14,Thu
30483,202,1,20,421,2017-11-06 16:58:14 UTC,0,2017-11-06,16,Mon
44744,3,1,13,421,2017-11-09 11:13:33 UTC,0,2017-11-09,11,Thu
94407,3,1,13,421,2017-11-09 12:23:15 UTC,0,2017-11-09,12,Thu
111153,3,1,19,424,2017-11-06 16:00:14 UTC,0,2017-11-06,16,Mon
115708,12,1,26,424,2017-11-06 16:53:29 UTC,0,2017-11-06,16,Mon
178873,12,1,9,424,2017-11-06 16:57:06 UTC,0,2017-11-06,16,Mon
62717,3,1,19,424,2017-11-06 23:30:57 UTC,0,2017-11-06,23,Mon
186588,3,1,12,424,2017-11-06 23:43:46 UTC,0,2017-11-06,23,Mon
95982,3,1,19,424,2017-11-07 00:03:22 UTC,0,2017-11-07,0,Tue
46810,12,1,17,424,2017-11-07 00:13:05 UTC,0,2017-11-07,0,Tue
70975,12,1,1,424,2017-11-07 00:23:53 UTC,0,2017-11-07,0,Tue
119028,3,1,17,424,2017-11-07 00:47:58 UTC,0,2017-11-07,0,Tue
111690,3,1,53,424,2017-11-07 01:31:26 UTC,0,2017-11-07,1,Tue
96801,12,1,13,424,2017-11-07 02:58:51 UTC,0,2017-11-07,2,Tue
4957,3,1,12,424,2017-11-07 03:41:17 UTC,0,2017-11-07,3,Tue
23700,3,1,13,424,2017-11-07 04:09:33 UTC,0,2017-11-07,4,Tue
147065,3,1,19,424,2017-11-07 04:10:18 UTC,0,2017-11-07,4,Tue
36741,3,1,19,424,2017-11-07 04:16:03 UTC,0,2017-11-07,4,Tue
195270,12,1,41,424,2017-11-07 05:14:10 UTC,0,2017-11-07,5,Tue
200949,3,1,6,424,2017-11-07 06:43:47 UTC,1,2017-11-07,6,Tue
6037,3,1,37,424,2017-11-07 09:43:43 UTC,0,2017-11-07,9,Tue
69925,3,1,17,424,2017-11-07 10:53:02 UTC,0,2017-11-07,10,Tue
107164,12,1,19,424,2017-11-07 11:50:54 UTC,0,2017-11-07,11,Tue
83659,3,1,18,424,2017-11-07 12:16:23 UTC,0,2017-11-07,12,Tue
119369,12,1,14,424,2017-11-07 13:08:57 UTC,0,2017-11-07,13,Tue
75203,12,1,17,424,2017-11-07 14:17:55 UTC,0,2017-11-07,14,Tue
209104,3,1,43,424,2017-11-07 14:42:34 UTC,0,2017-11-07,14,Tue
166770,3,1,22,424,2017-11-07 14:48:25 UTC,0,2017-11-07,14,Tue
86349,3,1,17,424,2017-11-07 15:36:37 UTC,0,2017-11-07,15,Tue
124423,3,1,18,424,2017-11-07 16:52:46 UTC,0,2017-11-07,16,Tue
176997,3,1,12,424,2017-11-07 20:30:42 UTC,0,2017-11-07,20,Tue
88281,3,1,9,424,2017-11-07 20:36:11 UTC,0,2017-11-07,20,Tue
143171,3,1,25,424,2017-11-07 22:16:45 UTC,0,2017-11-07,22,Tue
5348,3,1,17,424,2017-11-07 23:09:33 UTC,0,2017-11-07,23,Tue
61230,3,1,10,424,2017-11-07 23:52:15 UTC,0,2017-11-07,23,Tue
15660,3,1,8,424,2017-11-08 00:53:47 UTC,0,2017-11-08,0,Wed
45432,3,1,18,424,2017-11-08 01:21:16 UTC,0,2017-11-08,1,Wed
58485,3,1,8,424,2017-11-08 02:07:08 UTC,0,2017-11-08,2,Wed
76333,3,1,3,424,2017-11-08 03:04:16 UTC,0,2017-11-08,3,Wed
10265,3,1,13,424,2017-11-08 03:11:33 UTC,0,2017-11-08,3,Wed
79909,12,1,53,424,2017-11-08 03:20:35 UTC,0,2017-11-08,3,Wed
165072,3,1,6,424,2017-11-08 03:42:07 UTC,0,2017-11-08,3,Wed
99769,12,1,19,424,2017-11-08 05:06:24 UTC,0,2017-11-08,5,Wed
5314,3,1,18,424,2017-11-08 05:31:49 UTC,0,2017-11-08,5,Wed
38407,3,1,53,424,2017-11-08 05:47:28 UTC,0,2017-11-08,5,Wed
69775,3,1,15,424,2017-11-08 05:58:40 UTC,0,2017-11-08,5,Wed
233477,3,1,22,424,2017-11-08 05:58:56 UTC,0,2017-11-08,5,Wed
35414,3,1,15,424,2017-11-08 06:33:02 UTC,0,2017-11-08,6,Wed
1713,3,1,18,424,2017-11-08 06:56:36 UTC,0,2017-11-08,6,Wed
18182,3,1,17,424,2017-11-08 07:04:03 UTC,0,2017-11-08,7,Wed
89982,3,1,13,424,2017-11-08 07:17:12 UTC,0,2017-11-08,7,Wed
63762,12,1,8,424,2017-11-08 07:18:34 UTC,0,2017-11-08,7,Wed
7567,3,1,19,424,2017-11-08 08:44:32 UTC,0,2017-11-08,8,Wed
177466,3,1,23,424,2017-11-08 08:47:25 UTC,0,2017-11-08,8,Wed
211594,3,1,41,424,2017-11-08 09:47:38 UTC,0,2017-11-08,9,Wed
41232,3,1,13,424,2017-11-08 10:03:00 UTC,0,2017-11-08,10,Wed
56400,3,1,13,424,2017-11-08 10:56:32 UTC,0,2017-11-08,10,Wed
55184,3,1,18,424,2017-11-08 11:27:04 UTC,0,2017-11-08,11,Wed
103358,3,1,13,424,2017-11-08 12:34:26 UTC,0,2017-11-08,12,Wed
81876,3,1,40,424,2017-11-08 18:15:43 UTC,0,2017-11-08,18,Wed
103833,3,1,13,424,2017-11-08 19:45:07 UTC,0,2017-11-08,19,Wed
73582,3,1,18,424,2017-11-08 22:57:14 UTC,0,2017-11-08,22,Wed
133349,3,1,17,424,2017-11-08 23:46:51 UTC,0,2017-11-08,23,Wed
5314,3,1,6,424,2017-11-09 00:57:56 UTC,0,2017-11-09,0,Thu
100115,3,1,13,424,2017-11-09 01:15:58 UTC,0,2017-11-09,1,Thu
124700,3,1,13,424,2017-11-09 01:41:04 UTC,0,2017-11-09,1,Thu
89792,3,1,1,424,2017-11-09 01:46:02 UTC,0,2017-11-09,1,Thu
31184,3,1,13,424,2017-11-09 01:58:50 UTC,0,2017-11-09,1,Thu
37148,3,1,9,424,2017-11-09 03:14:47 UTC,0,2017-11-09,3,Thu
32788,3,1,32,424,2017-11-09 03:18:55 UTC,0,2017-11-09,3,Thu
60083,3,1,9,424,2017-11-09 03:47:14 UTC,0,2017-11-09,3,Thu
68352,3,1,8,424,2017-11-09 03:52:04 UTC,0,2017-11-09,3,Thu
74999,12,1,40,424,2017-11-09 03:57:36 UTC,0,2017-11-09,3,Thu
139498,3,1,20,424,2017-11-09 04:09:07 UTC,0,2017-11-09,4,Thu
323330,3,1,15,424,2017-11-09 05:26:28 UTC,0,2017-11-09,5,Thu
22943,3,1,19,424,2017-11-09 06:46:16 UTC,0,2017-11-09,6,Thu
16955,3,1,13,424,2017-11-09 07:21:59 UTC,0,2017-11-09,7,Thu
122777,3,1,58,424,2017-11-09 07:40:53 UTC,0,2017-11-09,7,Thu
33247,3,1,19,424,2017-11-09 09:19:15 UTC,0,2017-11-09,9,Thu
43222,3,1,17,424,2017-11-09 09:48:21 UTC,0,2017-11-09,9,Thu
96987,3,1,13,424,2017-11-09 09:53:06 UTC,0,2017-11-09,9,Thu
44595,3,1,19,424,2017-11-09 09:53:38 UTC,0,2017-11-09,9,Thu
112911,3,1,19,424,2017-11-09 11:16:46 UTC,0,2017-11-09,11,Thu
68022,12,1,18,424,2017-11-09 12:27:26 UTC,0,2017-11-09,12,Thu
14290,3,1,19,424,2017-11-09 13:41:50 UTC,0,2017-11-09,13,Thu
104397,3,1,19,424,2017-11-09 14:21:31 UTC,0,2017-11-09,14,Thu
53856,3,1,13,424,2017-11-09 15:07:24 UTC,0,2017-11-09,15,Thu
29660,3,1,13,424,2017-11-09 15:38:53 UTC,0,2017-11-09,15,Thu
109361,15,1,53,430,2017-11-06 18:30:05 UTC,0,2017-11-06,18,Mon
27229,15,1,13,430,2017-11-06 23:38:53 UTC,0,2017-11-06,23,Mon
106507,15,1,19,430,2017-11-07 00:15:29 UTC,0,2017-11-07,0,Tue
166201,15,1,18,430,2017-11-07 01:12:18 UTC,0,2017-11-07,1,Tue
48552,15,1,17,430,2017-11-07 02:11:02 UTC,0,2017-11-07,2,Tue
92766,15,1,13,430,2017-11-07 02:39:28 UTC,0,2017-11-07,2,Tue
58280,15,1,1,430,2017-11-07 03:54:31 UTC,0,2017-11-07,3,Tue
24278,15,1,19,430,2017-11-07 06:41:57 UTC,0,2017-11-07,6,Tue
85150,15,1,9,430,2017-11-07 07:08:23 UTC,0,2017-11-07,7,Tue
92766,15,1,18,430,2017-11-07 07:32:23 UTC,0,2017-11-07,7,Tue
70956,15,1,13,430,2017-11-07 08:42:09 UTC,0,2017-11-07,8,Tue
110124,15,1,13,430,2017-11-07 08:52:38 UTC,0,2017-11-07,8,Tue
124763,15,1,8,430,2017-11-07 09:05:11 UTC,0,2017-11-07,9,Tue
27429,15,1,13,430,2017-11-07 09:19:38 UTC,0,2017-11-07,9,Tue
16859,15,1,10,430,2017-11-07 09:32:15 UTC,0,2017-11-07,9,Tue
58961,15,1,12,430,2017-11-07 12:48:18 UTC,0,2017-11-07,12,Tue
4405,15,1,19,430,2017-11-07 13:24:27 UTC,0,2017-11-07,13,Tue
18757,15,1,19,430,2017-11-07 13:34:05 UTC,0,2017-11-07,13,Tue
200107,15,1,8,430,2017-11-07 14:36:54 UTC,0,2017-11-07,14,Tue
1074,15,1,19,430,2017-11-07 15:13:03 UTC,0,2017-11-07,15,Tue
4680,15,1,14,430,2017-11-07 15:48:23 UTC,0,2017-11-07,15,Tue
66594,15,1,10,430,2017-11-07 16:12:12 UTC,0,2017-11-07,16,Tue
93198,15,1,13,430,2017-11-07 23:50:54 UTC,0,2017-11-07,23,Tue
93587,15,1,9,430,2017-11-08 02:20:05 UTC,0,2017-11-08,2,Wed
960,15,1,19,430,2017-11-08 04:32:39 UTC,0,2017-11-08,4,Wed
162182,15,1,6,430,2017-11-08 07:36:54 UTC,0,2017-11-08,7,Wed
120883,15,1,8,430,2017-11-08 08:19:05 UTC,0,2017-11-08,8,Wed
84445,15,1,1,430,2017-11-08 09:20:42 UTC,0,2017-11-08,9,Wed
88050,15,1,17,430,2017-11-08 10:55:33 UTC,0,2017-11-08,10,Wed
63790,15,1,13,430,2017-11-08 11:34:19 UTC,0,2017-11-08,11,Wed
89821,15,1,13,430,2017-11-08 14:44:22 UTC,0,2017-11-08,14,Wed
17204,15,1,13,430,2017-11-08 19:16:37 UTC,0,2017-11-08,19,Wed
319710,15,1,41,430,2017-11-08 21:48:46 UTC,0,2017-11-08,21,Wed
41611,15,1,25,430,2017-11-08 23:25:53 UTC,0,2017-11-08,23,Wed
106279,15,1,17,430,2017-11-09 00:39:13 UTC,0,2017-11-09,0,Thu
112049,15,1,9,430,2017-11-09 00:50:38 UTC,0,2017-11-09,0,Thu
114235,15,1,19,430,2017-11-09 02:19:51 UTC,0,2017-11-09,2,Thu
197864,15,1,13,430,2017-11-09 02:29:05 UTC,0,2017-11-09,2,Thu
67409,15,1,6,430,2017-11-09 03:14:27 UTC,0,2017-11-09,3,Thu
123839,15,1,8,430,2017-11-09 05:12:30 UTC,0,2017-11-09,5,Thu
124574,15,1,19,430,2017-11-09 08:45:32 UTC,0,2017-11-09,8,Thu
43793,15,1,13,430,2017-11-09 09:51:14 UTC,0,2017-11-09,9,Thu
212132,15,1,19,430,2017-11-09 10:01:51 UTC,0,2017-11-09,10,Thu
119818,15,1,13,430,2017-11-09 10:46:12 UTC,0,2017-11-09,10,Thu
126200,15,1,13,430,2017-11-09 15:32:07 UTC,0,2017-11-09,15,Thu
26995,2,1,35,435,2017-11-06 16:53:18 UTC,0,2017-11-06,16,Mon
127081,2,2,9,435,2017-11-06 20:42:24 UTC,0,2017-11-06,20,Mon
20173,2,1,17,435,2017-11-06 23:40:13 UTC,0,2017-11-06,23,Mon
134086,2,1,19,435,2017-11-06 23:41:33 UTC,0,2017-11-06,23,Mon
103295,2,1,1,435,2017-11-06 23:48:11 UTC,0,2017-11-06,23,Mon
44744,2,1,13,435,2017-11-07 00:14:00 UTC,0,2017-11-07,0,Tue
143980,2,1,36,435,2017-11-07 00:32:53 UTC,0,2017-11-07,0,Tue
51496,2,1,19,435,2017-11-07 00:39:35 UTC,0,2017-11-07,0,Tue
64639,2,1,19,435,2017-11-07 00:40:08 UTC,0,2017-11-07,0,Tue
5788,2,1,10,435,2017-11-07 01:04:57 UTC,0,2017-11-07,1,Tue
43692,2,1,19,435,2017-11-07 01:12:11 UTC,0,2017-11-07,1,Tue
149097,2,1,22,435,2017-11-07 01:35:29 UTC,0,2017-11-07,1,Tue
181838,2,1,25,435,2017-11-07 01:55:10 UTC,0,2017-11-07,1,Tue
168931,2,1,19,435,2017-11-07 02:44:18 UTC,0,2017-11-07,2,Tue
82137,2,1,19,435,2017-11-07 02:48:33 UTC,0,2017-11-07,2,Tue
65177,2,1,14,435,2017-11-07 02:54:47 UTC,0,2017-11-07,2,Tue
133461,2,1,19,435,2017-11-07 03:06:19 UTC,0,2017-11-07,3,Tue
83535,2,1,13,435,2017-11-07 03:13:09 UTC,0,2017-11-07,3,Tue
201269,2,1,12,435,2017-11-07 04:05:32 UTC,0,2017-11-07,4,Tue
184702,2,1,19,435,2017-11-07 04:13:27 UTC,0,2017-11-07,4,Tue
14921,2,1,18,435,2017-11-07 04:36:03 UTC,0,2017-11-07,4,Tue
18649,2,1,17,435,2017-11-07 04:37:57 UTC,0,2017-11-07,4,Tue
42334,2,1,13,435,2017-11-07 04:46:28 UTC,0,2017-11-07,4,Tue
62770,2,1,19,435,2017-11-07 05:14:04 UTC,0,2017-11-07,5,Tue
114314,2,1,19,435,2017-11-07 05:18:53 UTC,0,2017-11-07,5,Tue
75844,2,1,17,435,2017-11-07 06:29:44 UTC,0,2017-11-07,6,Tue
26995,2,1,13,435,2017-11-07 06:32:17 UTC,0,2017-11-07,6,Tue
139344,2,1,19,435,2017-11-07 06:53:32 UTC,0,2017-11-07,6,Tue
119031,2,1,19,435,2017-11-07 07:20:13 UTC,0,2017-11-07,7,Tue
123619,2,1,13,435,2017-11-07 09:30:12 UTC,0,2017-11-07,9,Tue
207893,2,1,13,435,2017-11-07 09:47:24 UTC,0,2017-11-07,9,Tue
93155,2,1,13,435,2017-11-07 10:37:21 UTC,0,2017-11-07,10,Tue
148879,2,1,30,435,2017-11-07 11:16:53 UTC,0,2017-11-07,11,Tue
75393,2,1,19,435,2017-11-07 11:34:13 UTC,0,2017-11-07,11,Tue
8794,2,1,36,435,2017-11-07 12:07:05 UTC,0,2017-11-07,12,Tue
142716,2,1,13,435,2017-11-07 12:25:06 UTC,0,2017-11-07,12,Tue
115130,2,1,7,435,2017-11-07 13:26:36 UTC,0,2017-11-07,13,Tue
66948,2,1,17,435,2017-11-07 13:33:40 UTC,0,2017-11-07,13,Tue
16375,2,1,19,435,2017-11-07 13:44:47 UTC,0,2017-11-07,13,Tue
73333,2,1,19,435,2017-11-07 14:27:19 UTC,0,2017-11-07,14,Tue
34419,2,1,17,435,2017-11-07 14:36:00 UTC,0,2017-11-07,14,Tue
203175,2,1,19,435,2017-11-07 15:04:32 UTC,0,2017-11-07,15,Tue
100929,2,1,13,435,2017-11-07 15:08:50 UTC,0,2017-11-07,15,Tue
201182,2,1,13,435,2017-11-07 15:42:29 UTC,0,2017-11-07,15,Tue
100212,2,1,19,435,2017-11-07 15:45:03 UTC,0,2017-11-07,15,Tue
90966,2,1,58,435,2017-11-07 15:51:53 UTC,0,2017-11-07,15,Tue
109147,2,1,22,435,2017-11-07 15:54:59 UTC,0,2017-11-07,15,Tue
221041,2,1,37,435,2017-11-07 16:59:23 UTC,0,2017-11-07,16,Tue
124146,2,1,18,435,2017-11-07 17:20:30 UTC,0,2017-11-07,17,Tue
44673,2,1,19,435,2017-11-07 18:06:43 UTC,0,2017-11-07,18,Tue
114314,2,1,48,435,2017-11-07 20:09:26 UTC,0,2017-11-07,20,Tue
97541,2,1,27,435,2017-11-07 21:28:05 UTC,0,2017-11-07,21,Tue
217915,2,1,19,435,2017-11-07 22:42:15 UTC,0,2017-11-07,22,Tue
105125,2,1,13,435,2017-11-07 23:19:51 UTC,0,2017-11-07,23,Tue
267477,2,1,8,435,2017-11-08 00:04:35 UTC,0,2017-11-08,0,Wed
125571,2,1,17,435,2017-11-08 00:09:20 UTC,0,2017-11-08,0,Wed
170208,2,1,22,435,2017-11-08 00:20:20 UTC,0,2017-11-08,0,Wed
63408,2,1,3,435,2017-11-08 00:27:38 UTC,0,2017-11-08,0,Wed
33482,2,1,13,435,2017-11-08 01:37:45 UTC,0,2017-11-08,1,Wed
47168,2,1,19,435,2017-11-08 01:40:03 UTC,0,2017-11-08,1,Wed
16032,2,1,13,435,2017-11-08 01:43:54 UTC,0,2017-11-08,1,Wed
76853,2,1,18,435,2017-11-08 02:16:25 UTC,0,2017-11-08,2,Wed
149667,2,1,19,435,2017-11-08 02:34:27 UTC,0,2017-11-08,2,Wed
247525,2,1,19,435,2017-11-08 03:00:36 UTC,0,2017-11-08,3,Wed
160620,2,1,6,435,2017-11-08 03:23:37 UTC,0,2017-11-08,3,Wed
48282,2,1,3,435,2017-11-08 04:12:57 UTC,0,2017-11-08,4,Wed
110999,2,1,13,435,2017-11-08 04:21:06 UTC,0,2017-11-08,4,Wed
48008,2,1,1,435,2017-11-08 04:24:11 UTC,0,2017-11-08,4,Wed
56166,2,1,26,435,2017-11-08 06:12:13 UTC,0,2017-11-08,6,Wed
160103,2,1,12,435,2017-11-08 06:23:36 UTC,0,2017-11-08,6,Wed
37855,2,1,19,435,2017-11-08 07:56:58 UTC,0,2017-11-08,7,Wed
279884,2,1,17,435,2017-11-08 08:19:28 UTC,0,2017-11-08,8,Wed
47171,2,1,25,435,2017-11-08 08:41:15 UTC,0,2017-11-08,8,Wed
47664,2,1,13,435,2017-11-08 09:25:51 UTC,0,2017-11-08,9,Wed
12340,2,1,13,435,2017-11-08 09:35:59 UTC,0,2017-11-08,9,Wed
59397,2,1,41,435,2017-11-08 10:09:08 UTC,0,2017-11-08,10,Wed
43692,2,1,8,435,2017-11-08 11:08:12 UTC,0,2017-11-08,11,Wed
32000,2,1,13,435,2017-11-08 13:20:36 UTC,0,2017-11-08,13,Wed
109676,2,1,37,435,2017-11-08 13:24:18 UTC,0,2017-11-08,13,Wed
118991,2,1,13,435,2017-11-08 13:33:14 UTC,0,2017-11-08,13,Wed
197144,2,1,19,435,2017-11-08 13:50:16 UTC,0,2017-11-08,13,Wed
95104,2,1,19,435,2017-11-08 14:08:55 UTC,0,2017-11-08,14,Wed
95111,2,1,2,435,2017-11-08 14:45:54 UTC,0,2017-11-08,14,Wed
5348,2,1,53,435,2017-11-08 15:16:58 UTC,0,2017-11-08,15,Wed
299020,2,1,15,435,2017-11-08 17:56:05 UTC,0,2017-11-08,17,Wed
357753,2,1,15,435,2017-11-08 22:25:54 UTC,0,2017-11-08,22,Wed
146548,2,1,13,435,2017-11-08 23:14:23 UTC,0,2017-11-08,23,Wed
94971,2,1,22,435,2017-11-09 00:31:10 UTC,0,2017-11-09,0,Thu
345635,2,1,36,435,2017-11-09 02:03:45 UTC,0,2017-11-09,2,Thu
76788,2,1,20,435,2017-11-09 02:07:58 UTC,0,2017-11-09,2,Thu
142067,2,1,6,435,2017-11-09 03:38:20 UTC,0,2017-11-09,3,Thu
73487,2,1,19,435,2017-11-09 04:14:29 UTC,0,2017-11-09,4,Thu
109009,2,1,42,435,2017-11-09 04:30:02 UTC,0,2017-11-09,4,Thu
88358,2,1,19,435,2017-11-09 04:59:05 UTC,0,2017-11-09,4,Thu
103332,2,1,13,435,2017-11-09 05:02:19 UTC,0,2017-11-09,5,Thu
45344,2,1,32,435,2017-11-09 05:34:19 UTC,0,2017-11-09,5,Thu
183151,2,1,8,435,2017-11-09 06:03:20 UTC,0,2017-11-09,6,Thu
290599,2,1,13,435,2017-11-09 06:08:12 UTC,0,2017-11-09,6,Thu
71285,2,1,25,435,2017-11-09 06:15:01 UTC,0,2017-11-09,6,Thu
70975,2,1,8,435,2017-11-09 06:52:37 UTC,0,2017-11-09,6,Thu
75177,2,1,41,435,2017-11-09 06:53:07 UTC,0,2017-11-09,6,Thu
67581,2,1,8,435,2017-11-09 09:59:46 UTC,0,2017-11-09,9,Thu
213012,2,1,16,435,2017-11-09 10:00:57 UTC,0,2017-11-09,10,Thu
63080,2,1,6,435,2017-11-09 10:09:16 UTC,0,2017-11-09,10,Thu
43793,2,1,41,435,2017-11-09 10:28:29 UTC,0,2017-11-09,10,Thu
14792,2,1,6,435,2017-11-09 11:16:12 UTC,0,2017-11-09,11,Thu
77099,2,1,13,435,2017-11-09 11:37:25 UTC,0,2017-11-09,11,Thu
53625,2,1,19,435,2017-11-09 11:40:33 UTC,0,2017-11-09,11,Thu
184822,2,1,13,435,2017-11-09 12:10:04 UTC,0,2017-11-09,12,Thu
8503,2,1,19,435,2017-11-09 12:24:16 UTC,0,2017-11-09,12,Thu
22187,2,1,13,435,2017-11-09 13:37:40 UTC,0,2017-11-09,13,Thu
67776,2,1,13,435,2017-11-09 14:54:12 UTC,0,2017-11-09,14,Thu
91066,14,1,30,439,2017-11-06 16:18:41 UTC,0,2017-11-06,16,Mon
162981,18,1,19,439,2017-11-06 16:21:04 UTC,0,2017-11-06,16,Mon
202464,14,1,9,439,2017-11-06 17:47:11 UTC,0,2017-11-06,17,Mon
93620,18,1,15,439,2017-11-06 19:09:14 UTC,0,2017-11-06,19,Mon
68381,18,1,23,439,2017-11-06 20:28:02 UTC,0,2017-11-06,20,Mon
104791,18,1,13,439,2017-11-07 00:17:06 UTC,0,2017-11-07,0,Tue
26990,18,1,31,439,2017-11-07 00:22:44 UTC,0,2017-11-07,0,Tue
88585,1,1,18,439,2017-11-07 00:35:47 UTC,0,2017-11-07,0,Tue
118722,14,1,25,439,2017-11-07 00:48:53 UTC,0,2017-11-07,0,Tue
15819,1,1,19,439,2017-11-07 01:29:13 UTC,0,2017-11-07,1,Tue
324,18,1,19,439,2017-11-07 01:40:49 UTC,0,2017-11-07,1,Tue
3641,18,1,4,439,2017-11-07 02:15:18 UTC,0,2017-11-07,2,Tue
8286,18,1,17,439,2017-11-07 02:27:26 UTC,0,2017-11-07,2,Tue
177567,14,1,20,439,2017-11-07 03:57:23 UTC,0,2017-11-07,3,Tue
26406,14,1,18,439,2017-11-07 04:24:49 UTC,0,2017-11-07,4,Tue
74100,18,1,28,439,2017-11-07 04:26:25 UTC,0,2017-11-07,4,Tue
67776,18,1,18,439,2017-11-07 04:33:08 UTC,0,2017-11-07,4,Tue
126129,18,1,30,439,2017-11-07 04:33:11 UTC,0,2017-11-07,4,Tue
26889,18,1,1,439,2017-11-07 04:35:42 UTC,0,2017-11-07,4,Tue
33143,18,1,22,439,2017-11-07 04:47:17 UTC,0,2017-11-07,4,Tue
169297,18,1,15,439,2017-11-07 04:52:02 UTC,0,2017-11-07,4,Tue
181911,14,1,19,439,2017-11-07 05:04:14 UTC,0,2017-11-07,5,Tue
172498,18,1,19,439,2017-11-07 05:10:29 UTC,0,2017-11-07,5,Tue
138385,18,1,4,439,2017-11-07 05:29:09 UTC,0,2017-11-07,5,Tue
32252,18,1,13,439,2017-11-07 05:57:25 UTC,0,2017-11-07,5,Tue
195844,18,1,19,439,2017-11-07 06:31:19 UTC,0,2017-11-07,6,Tue
115947,18,1,22,439,2017-11-07 07:01:01 UTC,0,2017-11-07,7,Tue
136665,18,1,25,439,2017-11-07 07:20:41 UTC,0,2017-11-07,7,Tue
110595,14,1,19,439,2017-11-07 07:28:43 UTC,0,2017-11-07,7,Tue
8582,18,1,22,439,2017-11-07 09:35:50 UTC,0,2017-11-07,9,Tue
71810,18,1,19,439,2017-11-07 09:48:26 UTC,0,2017-11-07,9,Tue
92993,18,1,19,439,2017-11-07 09:49:02 UTC,0,2017-11-07,9,Tue
34208,14,1,10,439,2017-11-07 09:52:32 UTC,0,2017-11-07,9,Tue
16462,18,1,19,439,2017-11-07 10:29:17 UTC,0,2017-11-07,10,Tue
36061,14,1,47,439,2017-11-07 10:43:22 UTC,0,2017-11-07,10,Tue
100065,18,1,13,439,2017-11-07 10:46:55 UTC,0,2017-11-07,10,Tue
86860,18,1,19,439,2017-11-07 10:59:29 UTC,0,2017-11-07,10,Tue
47456,18,1,6,439,2017-11-07 11:25:14 UTC,0,2017-11-07,11,Tue
171690,18,1,13,439,2017-11-07 11:26:41 UTC,0,2017-11-07,11,Tue
69577,14,1,4,439,2017-11-07 11:28:08 UTC,0,2017-11-07,11,Tue
166884,14,1,10,439,2017-11-07 11:37:29 UTC,0,2017-11-07,11,Tue
42167,18,1,20,439,2017-11-07 11:43:06 UTC,0,2017-11-07,11,Tue
1319,18,1,22,439,2017-11-07 11:54:57 UTC,0,2017-11-07,11,Tue
123239,18,1,19,439,2017-11-07 11:55:51 UTC,0,2017-11-07,11,Tue
80703,18,1,3,439,2017-11-07 11:57:31 UTC,0,2017-11-07,11,Tue
92583,18,1,10,439,2017-11-07 12:10:16 UTC,0,2017-11-07,12,Tue
173892,14,1,10,439,2017-11-07 12:14:38 UTC,0,2017-11-07,12,Tue
208265,14,1,16,439,2017-11-07 12:32:56 UTC,0,2017-11-07,12,Tue
9916,18,1,19,439,2017-11-07 12:48:33 UTC,0,2017-11-07,12,Tue
17149,14,1,19,439,2017-11-07 13:25:33 UTC,0,2017-11-07,13,Tue
64516,18,1,13,439,2017-11-07 13:37:05 UTC,0,2017-11-07,13,Tue
56402,14,1,13,439,2017-11-07 13:43:47 UTC,0,2017-11-07,13,Tue
103077,18,1,19,439,2017-11-07 14:36:49 UTC,0,2017-11-07,14,Tue
2228,14,1,13,439,2017-11-07 15:56:16 UTC,0,2017-11-07,15,Tue
90731,18,1,19,439,2017-11-07 15:59:56 UTC,0,2017-11-07,15,Tue
43698,18,1,13,439,2017-11-07 16:31:20 UTC,0,2017-11-07,16,Tue
105249,18,1,37,439,2017-11-07 16:34:22 UTC,0,2017-11-07,16,Tue
77356,18,1,47,439,2017-11-07 18:25:39 UTC,0,2017-11-07,18,Tue
114802,18,1,13,439,2017-11-07 22:25:20 UTC,0,2017-11-07,22,Tue
5348,18,1,25,439,2017-11-07 23:03:19 UTC,0,2017-11-07,23,Tue
119167,18,1,13,439,2017-11-07 23:24:21 UTC,0,2017-11-07,23,Tue
62892,18,1,25,439,2017-11-08 00:03:42 UTC,0,2017-11-08,0,Wed
49178,18,1,19,439,2017-11-08 00:26:21 UTC,0,2017-11-08,0,Wed
85172,14,1,13,439,2017-11-08 00:37:37 UTC,0,2017-11-08,0,Wed
114547,14,1,13,439,2017-11-08 00:42:44 UTC,0,2017-11-08,0,Wed
59064,14,1,22,439,2017-11-08 00:45:06 UTC,0,2017-11-08,0,Wed
228111,14,1,17,439,2017-11-08 01:54:29 UTC,0,2017-11-08,1,Wed
108594,1,1,22,439,2017-11-08 02:26:33 UTC,0,2017-11-08,2,Wed
34714,18,1,17,439,2017-11-08 02:54:10 UTC,0,2017-11-08,2,Wed
18927,14,1,19,439,2017-11-08 03:01:00 UTC,0,2017-11-08,3,Wed
55213,18,1,6,439,2017-11-08 04:03:01 UTC,0,2017-11-08,4,Wed
263654,18,1,19,439,2017-11-08 04:45:02 UTC,0,2017-11-08,4,Wed
42343,18,1,13,439,2017-11-08 04:48:26 UTC,0,2017-11-08,4,Wed
48240,18,1,19,439,2017-11-08 05:01:12 UTC,0,2017-11-08,5,Wed
83616,18,1,17,439,2017-11-08 05:20:32 UTC,0,2017-11-08,5,Wed
19410,18,1,13,439,2017-11-08 05:24:46 UTC,0,2017-11-08,5,Wed
78021,14,1,19,439,2017-11-08 06:29:18 UTC,0,2017-11-08,6,Wed
124198,18,1,13,439,2017-11-08 06:38:19 UTC,0,2017-11-08,6,Wed
13291,18,1,19,439,2017-11-08 07:26:36 UTC,0,2017-11-08,7,Wed
973,18,1,19,439,2017-11-08 07:41:28 UTC,0,2017-11-08,7,Wed
186803,18,1,13,439,2017-11-08 08:06:54 UTC,0,2017-11-08,8,Wed
80000,18,1,17,439,2017-11-08 08:18:45 UTC,0,2017-11-08,8,Wed
231958,18,1,53,439,2017-11-08 09:01:40 UTC,0,2017-11-08,9,Wed
90991,14,1,19,439,2017-11-08 09:54:13 UTC,0,2017-11-08,9,Wed
116625,18,1,13,439,2017-11-08 10:09:56 UTC,0,2017-11-08,10,Wed
37752,18,1,28,439,2017-11-08 11:14:02 UTC,0,2017-11-08,11,Wed
5314,18,1,12,439,2017-11-08 11:23:13 UTC,0,2017-11-08,11,Wed
28731,14,2,10,439,2017-11-08 11:48:23 UTC,0,2017-11-08,11,Wed
256393,18,1,17,439,2017-11-08 12:16:12 UTC,0,2017-11-08,12,Wed
44673,18,1,47,439,2017-11-08 12:47:27 UTC,0,2017-11-08,12,Wed
109723,18,1,19,439,2017-11-08 12:52:49 UTC,0,2017-11-08,12,Wed
37972,1,1,22,439,2017-11-08 13:04:38 UTC,0,2017-11-08,13,Wed
30869,1,1,25,439,2017-11-08 13:18:36 UTC,0,2017-11-08,13,Wed
47902,18,1,19,439,2017-11-08 14:23:09 UTC,0,2017-11-08,14,Wed
107739,14,1,16,439,2017-11-08 14:28:56 UTC,0,2017-11-08,14,Wed
56581,18,1,13,439,2017-11-08 14:52:38 UTC,0,2017-11-08,14,Wed
96038,18,1,10,439,2017-11-08 15:13:08 UTC,0,2017-11-08,15,Wed
214064,18,1,13,439,2017-11-08 15:15:37 UTC,0,2017-11-08,15,Wed
83595,18,1,13,439,2017-11-08 15:17:07 UTC,0,2017-11-08,15,Wed
31823,14,1,16,439,2017-11-08 15:44:17 UTC,0,2017-11-08,15,Wed
3605,18,1,9,439,2017-11-08 15:52:56 UTC,0,2017-11-08,15,Wed
30404,18,1,19,439,2017-11-08 16:33:18 UTC,0,2017-11-08,16,Wed
53665,14,1,19,439,2017-11-08 17:54:21 UTC,0,2017-11-08,17,Wed
7808,14,1,3,439,2017-11-08 19:41:34 UTC,0,2017-11-08,19,Wed
315844,14,1,18,439,2017-11-08 20:09:49 UTC,0,2017-11-08,20,Wed
208618,14,1,13,439,2017-11-08 20:34:03 UTC,0,2017-11-08,20,Wed
944,18,1,13,439,2017-11-08 22:21:29 UTC,0,2017-11-08,22,Wed
62704,14,1,8,439,2017-11-08 22:37:42 UTC,0,2017-11-08,22,Wed
64393,18,1,4,439,2017-11-08 23:32:30 UTC,0,2017-11-08,23,Wed
88018,18,1,14,439,2017-11-09 00:28:05 UTC,0,2017-11-09,0,Thu
32985,14,1,14,439,2017-11-09 00:34:55 UTC,0,2017-11-09,0,Thu
56889,18,1,19,439,2017-11-09 01:30:10 UTC,0,2017-11-09,1,Thu
28272,18,1,19,439,2017-11-09 01:41:16 UTC,0,2017-11-09,1,Thu
91104,18,1,19,439,2017-11-09 01:43:25 UTC,0,2017-11-09,1,Thu
42299,18,1,19,439,2017-11-09 03:25:42 UTC,0,2017-11-09,3,Thu
125671,18,1,19,439,2017-11-09 03:27:05 UTC,0,2017-11-09,3,Thu
71149,18,1,41,439,2017-11-09 03:42:43 UTC,0,2017-11-09,3,Thu
98178,14,1,19,439,2017-11-09 04:02:35 UTC,0,2017-11-09,4,Thu
88295,14,1,6,439,2017-11-09 04:04:21 UTC,0,2017-11-09,4,Thu
2306,18,1,32,439,2017-11-09 04:27:26 UTC,0,2017-11-09,4,Thu
180643,18,1,41,439,2017-11-09 04:57:25 UTC,0,2017-11-09,4,Thu
73174,14,1,13,439,2017-11-09 05:06:23 UTC,0,2017-11-09,5,Thu
95766,18,1,6,439,2017-11-09 05:27:38 UTC,0,2017-11-09,5,Thu
93523,18,1,22,439,2017-11-09 05:35:51 UTC,0,2017-11-09,5,Thu
95766,1,1,13,439,2017-11-09 07:01:05 UTC,0,2017-11-09,7,Thu
189032,14,1,8,439,2017-11-09 07:07:43 UTC,0,2017-11-09,7,Thu
43667,1,1,53,439,2017-11-09 07:40:13 UTC,0,2017-11-09,7,Thu
116226,18,1,19,439,2017-11-09 07:47:46 UTC,0,2017-11-09,7,Thu
103241,18,1,19,439,2017-11-09 07:56:55 UTC,0,2017-11-09,7,Thu
6908,18,1,19,439,2017-11-09 08:22:58 UTC,0,2017-11-09,8,Thu
71575,18,1,32,439,2017-11-09 09:38:47 UTC,0,2017-11-09,9,Thu
26409,18,1,19,439,2017-11-09 10:38:47 UTC,0,2017-11-09,10,Thu
94958,18,1,13,439,2017-11-09 10:40:28 UTC,0,2017-11-09,10,Thu
80389,14,1,19,439,2017-11-09 10:43:40 UTC,0,2017-11-09,10,Thu
18821,14,1,13,439,2017-11-09 11:13:28 UTC,0,2017-11-09,11,Thu
140145,18,1,19,439,2017-11-09 12:17:10 UTC,0,2017-11-09,12,Thu
63725,18,1,19,439,2017-11-09 12:23:00 UTC,0,2017-11-09,12,Thu
116469,18,1,35,439,2017-11-09 13:32:42 UTC,0,2017-11-09,13,Thu
22702,18,1,13,439,2017-11-09 13:40:02 UTC,0,2017-11-09,13,Thu
109703,18,1,13,439,2017-11-09 14:47:05 UTC,0,2017-11-09,14,Thu
100393,14,1,2,439,2017-11-09 14:50:32 UTC,0,2017-11-09,14,Thu
115152,14,1,10,439,2017-11-09 15:00:54 UTC,0,2017-11-09,15,Thu
120163,1,1,17,439,2017-11-09 15:22:06 UTC,0,2017-11-09,15,Thu
248754,14,1,22,439,2017-11-09 15:49:54 UTC,0,2017-11-09,15,Thu
106824,18,1,18,439,2017-11-09 15:51:55 UTC,0,2017-11-09,15,Thu
111191,14,1,15,442,2017-11-06 16:01:41 UTC,0,2017-11-06,16,Mon
120597,3,1,19,442,2017-11-06 22:11:06 UTC,0,2017-11-06,22,Mon
9832,3,1,19,442,2017-11-06 22:27:59 UTC,0,2017-11-06,22,Mon
15970,14,1,16,442,2017-11-06 22:30:09 UTC,0,2017-11-06,22,Mon
137052,9,1,13,442,2017-11-06 22:43:19 UTC,0,2017-11-06,22,Mon
210644,3,1,13,442,2017-11-06 23:04:00 UTC,0,2017-11-06,23,Mon
133825,3,1,22,442,2017-11-06 23:06:53 UTC,0,2017-11-06,23,Mon
132262,14,1,52,442,2017-11-06 23:33:19 UTC,0,2017-11-06,23,Mon
5348,3,1,28,442,2017-11-06 23:59:36 UTC,0,2017-11-06,23,Mon
111182,3,1,13,442,2017-11-07 00:21:31 UTC,0,2017-11-07,0,Tue
160476,3,1,13,442,2017-11-07 00:21:55 UTC,0,2017-11-07,0,Tue
114314,9,2,13,442,2017-11-07 00:22:36 UTC,0,2017-11-07,0,Tue
48072,9,1,25,442,2017-11-07 00:27:42 UTC,0,2017-11-07,0,Tue
137052,3,1,1,442,2017-11-07 01:28:01 UTC,0,2017-11-07,1,Tue
24781,9,1,13,442,2017-11-07 01:38:52 UTC,0,2017-11-07,1,Tue
103250,3,1,37,442,2017-11-07 01:58:05 UTC,0,2017-11-07,1,Tue
93810,3,1,25,442,2017-11-07 02:02:04 UTC,0,2017-11-07,2,Tue
110039,9,1,13,442,2017-11-07 02:05:18 UTC,0,2017-11-07,2,Tue
33549,9,1,20,442,2017-11-07 02:48:43 UTC,0,2017-11-07,2,Tue
19537,3,1,47,442,2017-11-07 03:20:32 UTC,0,2017-11-07,3,Tue
32765,3,1,19,442,2017-11-07 03:30:21 UTC,0,2017-11-07,3,Tue
85419,3,1,13,442,2017-11-07 03:44:46 UTC,0,2017-11-07,3,Tue
201256,9,1,3,442,2017-11-07 03:49:45 UTC,0,2017-11-07,3,Tue
1334,14,1,13,442,2017-11-07 04:05:19 UTC,0,2017-11-07,4,Tue
60017,14,1,18,442,2017-11-07 04:11:20 UTC,0,2017-11-07,4,Tue
19934,9,1,22,442,2017-11-07 04:17:31 UTC,0,2017-11-07,4,Tue
140948,9,1,8,442,2017-11-07 04:27:05 UTC,0,2017-11-07,4,Tue
180894,14,1,83,442,2017-11-07 04:42:43 UTC,0,2017-11-07,4,Tue
69070,3,1,19,442,2017-11-07 04:45:34 UTC,0,2017-11-07,4,Tue
5348,9,1,12,442,2017-11-07 04:49:10 UTC,0,2017-11-07,4,Tue
102163,3,1,19,442,2017-11-07 05:01:11 UTC,0,2017-11-07,5,Tue
84896,3,1,13,442,2017-11-07 05:04:40 UTC,0,2017-11-07,5,Tue
92890,14,1,19,442,2017-11-07 06:12:35 UTC,0,2017-11-07,6,Tue
34691,9,1,13,442,2017-11-07 06:32:59 UTC,0,2017-11-07,6,Tue
163535,3,1,8,442,2017-11-07 07:08:42 UTC,0,2017-11-07,7,Tue
41853,3,1,17,442,2017-11-07 07:27:30 UTC,0,2017-11-07,7,Tue
42851,3,1,18,442,2017-11-07 07:40:41 UTC,0,2017-11-07,7,Tue
130760,3,1,9,442,2017-11-07 07:45:41 UTC,0,2017-11-07,7,Tue
195042,3,1,6,442,2017-11-07 07:47:24 UTC,0,2017-11-07,7,Tue
154162,14,1,2,442,2017-11-07 08:22:03 UTC,0,2017-11-07,8,Tue
105649,9,1,31,442,2017-11-07 08:48:16 UTC,0,2017-11-07,8,Tue
153711,3,1,13,442,2017-11-07 08:54:45 UTC,0,2017-11-07,8,Tue
147609,9,1,13,442,2017-11-07 09:17:24 UTC,0,2017-11-07,9,Tue
162959,3,1,17,442,2017-11-07 09:49:58 UTC,0,2017-11-07,9,Tue
5314,9,1,13,442,2017-11-07 10:05:18 UTC,0,2017-11-07,10,Tue
5348,14,2,13,442,2017-11-07 10:14:22 UTC,0,2017-11-07,10,Tue
18812,9,1,6,442,2017-11-07 10:16:07 UTC,0,2017-11-07,10,Tue
162805,3,1,19,442,2017-11-07 10:16:08 UTC,0,2017-11-07,10,Tue
195038,9,1,18,442,2017-11-07 10:57:41 UTC,0,2017-11-07,10,Tue
172187,9,1,13,442,2017-11-07 11:26:13 UTC,0,2017-11-07,11,Tue
69411,3,1,18,442,2017-11-07 12:03:21 UTC,0,2017-11-07,12,Tue
84644,9,1,13,442,2017-11-07 12:03:55 UTC,0,2017-11-07,12,Tue
111340,3,1,20,442,2017-11-07 12:11:00 UTC,0,2017-11-07,12,Tue
95766,9,2,9,442,2017-11-07 12:26:24 UTC,0,2017-11-07,12,Tue
172503,14,1,13,442,2017-11-07 12:31:22 UTC,0,2017-11-07,12,Tue
149504,14,1,53,442,2017-11-07 13:24:17 UTC,0,2017-11-07,13,Tue
106287,3,1,22,442,2017-11-07 13:29:23 UTC,0,2017-11-07,13,Tue
52225,3,1,13,442,2017-11-07 13:30:04 UTC,0,2017-11-07,13,Tue
23761,9,1,13,442,2017-11-07 13:35:15 UTC,0,2017-11-07,13,Tue
81501,14,1,13,442,2017-11-07 13:47:19 UTC,0,2017-11-07,13,Tue
4930,3,1,11,442,2017-11-07 14:08:39 UTC,0,2017-11-07,14,Tue
81973,9,1,10,442,2017-11-07 14:40:29 UTC,0,2017-11-07,14,Tue
137052,14,1,3,442,2017-11-07 14:43:19 UTC,0,2017-11-07,14,Tue
142268,3,1,8,442,2017-11-07 14:46:56 UTC,0,2017-11-07,14,Tue
34450,14,1,32,442,2017-11-07 15:00:37 UTC,0,2017-11-07,15,Tue
195475,14,1,8,442,2017-11-07 15:02:37 UTC,0,2017-11-07,15,Tue
80163,3,1,19,442,2017-11-07 15:15:11 UTC,0,2017-11-07,15,Tue
129121,9,1,19,442,2017-11-07 15:19:38 UTC,0,2017-11-07,15,Tue
114878,9,1,13,442,2017-11-07 15:31:43 UTC,0,2017-11-07,15,Tue
37417,9,1,10,442,2017-11-07 15:47:20 UTC,0,2017-11-07,15,Tue
266308,9,1,27,442,2017-11-07 16:00:52 UTC,0,2017-11-07,16,Tue
105519,9,1,13,442,2017-11-07 16:11:11 UTC,0,2017-11-07,16,Tue
5348,9,1,25,442,2017-11-07 16:14:52 UTC,0,2017-11-07,16,Tue
128400,9,1,17,442,2017-11-07 16:23:56 UTC,0,2017-11-07,16,Tue
95145,9,1,13,442,2017-11-07 17:03:00 UTC,0,2017-11-07,17,Tue
75007,3,1,37,442,2017-11-07 17:05:11 UTC,0,2017-11-07,17,Tue
285017,3,2,9,442,2017-11-07 18:26:04 UTC,0,2017-11-07,18,Tue
105475,9,2,26,442,2017-11-07 18:57:21 UTC,0,2017-11-07,18,Tue
86593,14,1,19,442,2017-11-07 19:39:44 UTC,0,2017-11-07,19,Tue
75634,9,1,19,442,2017-11-07 19:40:39 UTC,0,2017-11-07,19,Tue
82038,3,1,20,442,2017-11-07 19:55:56 UTC,0,2017-11-07,19,Tue
83509,3,1,66,442,2017-11-07 22:33:34 UTC,0,2017-11-07,22,Tue
138815,3,1,37,442,2017-11-07 23:11:14 UTC,0,2017-11-07,23,Tue
43255,3,1,22,442,2017-11-07 23:37:24 UTC,0,2017-11-07,23,Tue
109644,14,1,6,442,2017-11-07 23:44:04 UTC,0,2017-11-07,23,Tue
12711,3,1,19,442,2017-11-08 00:14:15 UTC,0,2017-11-08,0,Wed
64516,9,1,19,442,2017-11-08 00:19:43 UTC,0,2017-11-08,0,Wed
144698,9,1,13,442,2017-11-08 00:40:50 UTC,0,2017-11-08,0,Wed
112377,3,1,17,442,2017-11-08 00:51:12 UTC,0,2017-11-08,0,Wed
2938,3,1,25,442,2017-11-08 00:57:48 UTC,0,2017-11-08,0,Wed
77209,14,1,19,442,2017-11-08 01:06:12 UTC,0,2017-11-08,1,Wed
21595,14,1,19,442,2017-11-08 01:12:21 UTC,0,2017-11-08,1,Wed
40631,9,1,19,442,2017-11-08 01:12:53 UTC,0,2017-11-08,1,Wed
265877,9,1,6,442,2017-11-08 01:29:15 UTC,0,2017-11-08,1,Wed
113786,9,1,13,442,2017-11-08 01:50:48 UTC,0,2017-11-08,1,Wed
153553,9,1,28,442,2017-11-08 02:37:50 UTC,0,2017-11-08,2,Wed
125222,9,1,41,442,2017-11-08 03:00:10 UTC,0,2017-11-08,3,Wed
4429,3,1,32,442,2017-11-08 03:23:40 UTC,0,2017-11-08,3,Wed
130760,3,1,18,442,2017-11-08 03:25:32 UTC,0,2017-11-08,3,Wed
112078,9,1,18,442,2017-11-08 03:27:02 UTC,0,2017-11-08,3,Wed
63411,3,1,22,442,2017-11-08 03:36:08 UTC,0,2017-11-08,3,Wed
256958,14,1,10,442,2017-11-08 03:37:08 UTC,0,2017-11-08,3,Wed
63189,14,1,13,442,2017-11-08 03:52:30 UTC,0,2017-11-08,3,Wed
4486,14,1,27,442,2017-11-08 03:58:44 UTC,0,2017-11-08,3,Wed
98403,3,1,19,442,2017-11-08 04:44:18 UTC,0,2017-11-08,4,Wed
86662,9,1,18,442,2017-11-08 04:51:14 UTC,0,2017-11-08,4,Wed
131779,14,1,53,442,2017-11-08 04:53:59 UTC,0,2017-11-08,4,Wed
86767,9,1,13,442,2017-11-08 05:00:19 UTC,0,2017-11-08,5,Wed
40631,14,1,23,442,2017-11-08 05:18:20 UTC,0,2017-11-08,5,Wed
145963,3,1,22,442,2017-11-08 05:38:07 UTC,0,2017-11-08,5,Wed
85506,14,1,20,442,2017-11-08 05:43:30 UTC,0,2017-11-08,5,Wed
110476,14,1,19,442,2017-11-08 05:54:29 UTC,0,2017-11-08,5,Wed
246887,9,1,13,442,2017-11-08 06:00:36 UTC,0,2017-11-08,6,Wed
107802,3,1,6,442,2017-11-08 06:15:45 UTC,0,2017-11-08,6,Wed
278711,3,1,10,442,2017-11-08 06:16:02 UTC,0,2017-11-08,6,Wed
7617,3,1,19,442,2017-11-08 07:34:29 UTC,0,2017-11-08,7,Wed
119349,9,1,15,442,2017-11-08 08:02:19 UTC,0,2017-11-08,8,Wed
108697,9,1,13,442,2017-11-08 08:12:04 UTC,0,2017-11-08,8,Wed
118534,3,1,13,442,2017-11-08 08:13:04 UTC,0,2017-11-08,8,Wed
63101,14,1,19,442,2017-11-08 08:43:18 UTC,0,2017-11-08,8,Wed
67734,3,1,13,442,2017-11-08 08:46:33 UTC,0,2017-11-08,8,Wed
37485,3,1,13,442,2017-11-08 09:14:13 UTC,0,2017-11-08,9,Wed
12340,3,1,41,442,2017-11-08 09:20:09 UTC,0,2017-11-08,9,Wed
27090,3,1,15,442,2017-11-08 09:26:50 UTC,0,2017-11-08,9,Wed
95294,3,1,19,442,2017-11-08 09:38:20 UTC,0,2017-11-08,9,Wed
114276,9,1,19,442,2017-11-08 09:56:56 UTC,0,2017-11-08,9,Wed
81997,3,1,13,442,2017-11-08 10:06:44 UTC,0,2017-11-08,10,Wed
7815,3,1,19,442,2017-11-08 10:22:55 UTC,0,2017-11-08,10,Wed
54631,3,1,19,442,2017-11-08 10:23:29 UTC,0,2017-11-08,10,Wed
118563,9,2,9,442,2017-11-08 10:57:37 UTC,0,2017-11-08,10,Wed
48862,14,1,19,442,2017-11-08 11:49:28 UTC,0,2017-11-08,11,Wed
49360,9,2,2,442,2017-11-08 12:13:27 UTC,0,2017-11-08,12,Wed
223201,9,1,13,442,2017-11-08 12:18:39 UTC,0,2017-11-08,12,Wed
199564,3,2,11,442,2017-11-08 12:19:52 UTC,0,2017-11-08,12,Wed
68550,9,2,36,442,2017-11-08 12:31:17 UTC,0,2017-11-08,12,Wed
17149,9,2,17,442,2017-11-08 14:16:17 UTC,0,2017-11-08,14,Wed
114276,9,1,2,442,2017-11-08 14:40:53 UTC,0,2017-11-08,14,Wed
179458,14,1,17,442,2017-11-08 14:43:14 UTC,0,2017-11-08,14,Wed
99226,14,1,10,442,2017-11-08 15:15:33 UTC,0,2017-11-08,15,Wed
2189,3,1,13,442,2017-11-08 15:59:13 UTC,0,2017-11-08,15,Wed
99692,9,1,28,442,2017-11-08 16:37:17 UTC,0,2017-11-08,16,Wed
21734,9,1,35,442,2017-11-08 17:18:44 UTC,0,2017-11-08,17,Wed
89192,9,1,22,442,2017-11-08 17:25:08 UTC,0,2017-11-08,17,Wed
101096,14,1,10,442,2017-11-08 22:16:00 UTC,0,2017-11-08,22,Wed
120775,9,1,13,442,2017-11-08 22:23:47 UTC,0,2017-11-08,22,Wed
35658,3,1,13,442,2017-11-08 22:24:26 UTC,0,2017-11-08,22,Wed
154993,3,1,22,442,2017-11-08 22:57:33 UTC,0,2017-11-08,22,Wed
359548,3,1,19,442,2017-11-08 22:58:26 UTC,0,2017-11-08,22,Wed
85328,9,1,22,442,2017-11-08 23:07:30 UTC,0,2017-11-08,23,Wed
113848,3,1,13,442,2017-11-08 23:11:30 UTC,0,2017-11-08,23,Wed
90888,3,1,32,442,2017-11-08 23:30:27 UTC,0,2017-11-08,23,Wed
80926,14,1,19,442,2017-11-08 23:41:10 UTC,0,2017-11-08,23,Wed
48796,3,1,22,442,2017-11-09 00:47:03 UTC,0,2017-11-09,0,Thu
56019,14,1,13,442,2017-11-09 00:50:30 UTC,0,2017-11-09,0,Thu
95527,9,1,20,442,2017-11-09 01:00:18 UTC,0,2017-11-09,1,Thu
130163,9,1,19,442,2017-11-09 01:12:00 UTC,0,2017-11-09,1,Thu
94115,3,1,16,442,2017-11-09 01:12:18 UTC,0,2017-11-09,1,Thu
61763,3,1,14,442,2017-11-09 01:22:42 UTC,0,2017-11-09,1,Thu
28010,3,1,13,442,2017-11-09 01:30:06 UTC,0,2017-11-09,1,Thu
32745,3,1,15,442,2017-11-09 02:12:19 UTC,0,2017-11-09,2,Thu
211976,14,1,19,442,2017-11-09 02:15:13 UTC,0,2017-11-09,2,Thu
71483,14,1,13,442,2017-11-09 02:45:07 UTC,0,2017-11-09,2,Thu
87879,3,1,13,442,2017-11-09 03:01:16 UTC,0,2017-11-09,3,Thu
107212,9,1,13,442,2017-11-09 03:12:55 UTC,0,2017-11-09,3,Thu
3432,14,1,19,442,2017-11-09 03:33:09 UTC,0,2017-11-09,3,Thu
35793,3,1,8,442,2017-11-09 03:35:20 UTC,0,2017-11-09,3,Thu
156715,3,1,13,442,2017-11-09 03:37:04 UTC,0,2017-11-09,3,Thu
51992,9,1,9,442,2017-11-09 04:05:43 UTC,0,2017-11-09,4,Thu
27879,3,1,19,442,2017-11-09 04:06:45 UTC,0,2017-11-09,4,Thu
75422,3,1,18,442,2017-11-09 04:18:15 UTC,0,2017-11-09,4,Thu
41463,3,1,37,442,2017-11-09 04:49:07 UTC,0,2017-11-09,4,Thu
92735,9,1,15,442,2017-11-09 06:11:12 UTC,0,2017-11-09,6,Thu
69753,3,1,19,442,2017-11-09 06:12:40 UTC,0,2017-11-09,6,Thu
120221,14,1,13,442,2017-11-09 06:50:50 UTC,0,2017-11-09,6,Thu
104868,9,1,19,442,2017-11-09 07:47:30 UTC,0,2017-11-09,7,Thu
151678,14,1,13,442,2017-11-09 08:02:54 UTC,0,2017-11-09,8,Thu
32490,3,1,15,442,2017-11-09 08:43:05 UTC,0,2017-11-09,8,Thu
32472,9,1,35,442,2017-11-09 08:48:04 UTC,0,2017-11-09,8,Thu
59214,14,1,19,442,2017-11-09 08:53:39 UTC,0,2017-11-09,8,Thu
347004,3,1,18,442,2017-11-09 08:55:13 UTC,0,2017-11-09,8,Thu
5509,9,1,19,442,2017-11-09 08:58:05 UTC,0,2017-11-09,8,Thu
6908,14,1,18,442,2017-11-09 09:05:36 UTC,0,2017-11-09,9,Thu
2936,3,1,8,442,2017-11-09 09:07:41 UTC,0,2017-11-09,9,Thu
98102,9,1,35,442,2017-11-09 09:09:07 UTC,0,2017-11-09,9,Thu
9073,3,1,19,442,2017-11-09 09:46:35 UTC,0,2017-11-09,9,Thu
83429,9,1,17,442,2017-11-09 09:49:52 UTC,0,2017-11-09,9,Thu
119531,9,1,11,442,2017-11-09 09:58:02 UTC,0,2017-11-09,9,Thu
237039,3,1,22,442,2017-11-09 10:00:19 UTC,0,2017-11-09,10,Thu
80560,9,2,9,442,2017-11-09 10:11:29 UTC,0,2017-11-09,10,Thu
5348,3,1,19,442,2017-11-09 10:53:23 UTC,0,2017-11-09,10,Thu
124708,14,1,13,442,2017-11-09 11:00:53 UTC,0,2017-11-09,11,Thu
29533,3,1,22,442,2017-11-09 11:03:20 UTC,0,2017-11-09,11,Thu
55819,3,1,35,442,2017-11-09 11:12:01 UTC,0,2017-11-09,11,Thu
9820,9,1,49,442,2017-11-09 11:14:37 UTC,0,2017-11-09,11,Thu
42712,3,1,19,442,2017-11-09 11:30:32 UTC,0,2017-11-09,11,Thu
13634,9,1,19,442,2017-11-09 11:44:46 UTC,0,2017-11-09,11,Thu
118512,9,1,20,442,2017-11-09 11:45:33 UTC,0,2017-11-09,11,Thu
75270,3,1,19,442,2017-11-09 12:09:49 UTC,0,2017-11-09,12,Thu
9177,3,1,22,442,2017-11-09 12:16:38 UTC,0,2017-11-09,12,Thu
125222,3,1,13,442,2017-11-09 12:22:23 UTC,0,2017-11-09,12,Thu
123837,9,1,13,442,2017-11-09 12:28:24 UTC,0,2017-11-09,12,Thu
101340,9,1,17,442,2017-11-09 13:00:35 UTC,0,2017-11-09,13,Thu
88063,9,1,19,442,2017-11-09 13:25:40 UTC,0,2017-11-09,13,Thu
45137,14,1,19,442,2017-11-09 13:26:28 UTC,0,2017-11-09,13,Thu
72607,9,1,41,442,2017-11-09 13:46:36 UTC,0,2017-11-09,13,Thu
16760,3,1,13,442,2017-11-09 13:49:15 UTC,0,2017-11-09,13,Thu
5348,9,1,22,442,2017-11-09 13:52:07 UTC,0,2017-11-09,13,Thu
77840,14,1,19,442,2017-11-09 14:02:53 UTC,0,2017-11-09,14,Thu
8391,14,1,13,442,2017-11-09 14:05:10 UTC,0,2017-11-09,14,Thu
63986,9,1,20,442,2017-11-09 14:22:04 UTC,0,2017-11-09,14,Thu
121163,9,1,22,442,2017-11-09 14:35:36 UTC,0,2017-11-09,14,Thu
5348,3,1,41,442,2017-11-09 14:35:54 UTC,0,2017-11-09,14,Thu
68333,3,1,6,442,2017-11-09 14:57:36 UTC,0,2017-11-09,14,Thu
78942,3,1,19,442,2017-11-09 15:03:12 UTC,0,2017-11-09,15,Thu
14381,3,1,22,442,2017-11-09 15:04:35 UTC,0,2017-11-09,15,Thu
118315,3,1,19,442,2017-11-09 15:35:26 UTC,0,2017-11-09,15,Thu
199067,9,1,17,442,2017-11-09 15:35:30 UTC,0,2017-11-09,15,Thu
88304,14,1,13,442,2017-11-09 15:37:42 UTC,0,2017-11-09,15,Thu
16171,9,1,13,445,2017-11-06 17:31:03 UTC,0,2017-11-06,17,Mon
60348,9,1,13,445,2017-11-07 02:47:47 UTC,0,2017-11-07,2,Tue
59869,9,1,10,445,2017-11-07 03:09:51 UTC,0,2017-11-07,3,Tue
23035,9,1,13,445,2017-11-07 04:17:06 UTC,0,2017-11-07,4,Tue
99945,9,1,15,445,2017-11-07 04:39:17 UTC,0,2017-11-07,4,Tue
50028,9,1,17,445,2017-11-07 05:39:30 UTC,0,2017-11-07,5,Tue
1801,9,1,19,445,2017-11-07 05:54:50 UTC,0,2017-11-07,5,Tue
93542,9,1,19,445,2017-11-07 06:55:53 UTC,0,2017-11-07,6,Tue
92766,9,2,58,445,2017-11-07 11:14:49 UTC,0,2017-11-07,11,Tue
50251,9,1,19,445,2017-11-07 12:05:29 UTC,0,2017-11-07,12,Tue
53454,9,1,13,445,2017-11-07 12:39:21 UTC,0,2017-11-07,12,Tue
145896,9,1,17,445,2017-11-07 13:46:54 UTC,0,2017-11-07,13,Tue
80305,9,1,17,445,2017-11-08 01:01:30 UTC,0,2017-11-08,1,Wed
116285,9,1,19,445,2017-11-08 02:32:10 UTC,0,2017-11-08,2,Wed
247802,9,1,13,445,2017-11-08 03:23:46 UTC,0,2017-11-08,3,Wed
1456,9,1,13,445,2017-11-08 03:43:08 UTC,0,2017-11-08,3,Wed
7088,9,1,16,445,2017-11-08 06:02:24 UTC,0,2017-11-08,6,Wed
71671,9,1,19,445,2017-11-08 07:33:50 UTC,0,2017-11-08,7,Wed
41383,9,1,13,445,2017-11-08 07:57:46 UTC,0,2017-11-08,7,Wed
85041,9,1,23,445,2017-11-08 08:09:05 UTC,0,2017-11-08,8,Wed
189816,9,1,19,445,2017-11-08 09:31:12 UTC,0,2017-11-08,9,Wed
184901,9,1,19,445,2017-11-08 09:56:42 UTC,0,2017-11-08,9,Wed
50375,9,1,19,445,2017-11-08 10:12:42 UTC,0,2017-11-08,10,Wed
100901,9,1,17,445,2017-11-08 10:37:48 UTC,0,2017-11-08,10,Wed
62906,9,1,13,445,2017-11-08 13:29:13 UTC,0,2017-11-08,13,Wed
247374,9,1,16,445,2017-11-08 13:30:24 UTC,0,2017-11-08,13,Wed
81550,9,1,13,445,2017-11-08 14:24:42 UTC,0,2017-11-08,14,Wed
14961,9,1,13,445,2017-11-08 14:28:17 UTC,0,2017-11-08,14,Wed
114702,9,1,18,445,2017-11-09 00:33:40 UTC,0,2017-11-09,0,Thu
157743,9,1,19,445,2017-11-09 01:34:18 UTC,0,2017-11-09,1,Thu
41142,9,2,13,445,2017-11-09 06:00:16 UTC,0,2017-11-09,6,Thu
171503,9,1,26,445,2017-11-09 06:18:37 UTC,0,2017-11-09,6,Thu
123585,9,1,8,445,2017-11-09 07:06:46 UTC,0,2017-11-09,7,Thu
103337,9,1,3,445,2017-11-09 08:01:12 UTC,0,2017-11-09,8,Thu
82449,9,1,18,445,2017-11-09 08:27:28 UTC,0,2017-11-09,8,Thu
74062,9,1,19,445,2017-11-09 12:55:30 UTC,0,2017-11-09,12,Thu
77085,9,1,13,445,2017-11-09 14:07:30 UTC,0,2017-11-09,14,Thu
203230,14,1,22,446,2017-11-06 23:39:06 UTC,0,2017-11-06,23,Mon
172003,14,1,19,446,2017-11-08 02:36:24 UTC,0,2017-11-08,2,Wed
119349,14,1,28,446,2017-11-09 11:03:57 UTC,0,2017-11-09,11,Thu
57783,14,1,42,446,2017-11-09 12:37:32 UTC,0,2017-11-09,12,Thu
32238,14,1,13,446,2017-11-09 13:56:28 UTC,0,2017-11-09,13,Thu
17149,14,2,184,446,2017-11-09 14:09:36 UTC,0,2017-11-09,14,Thu
20266,14,1,13,446,2017-11-09 14:23:49 UTC,0,2017-11-09,14,Thu
206498,9,1,10,448,2017-11-09 04:06:30 UTC,0,2017-11-09,4,Thu
6262,13,1,16,449,2017-11-08 02:12:15 UTC,0,2017-11-08,2,Wed
45304,18,1,19,449,2017-11-08 02:12:16 UTC,0,2017-11-08,2,Wed
237358,18,1,19,449,2017-11-08 02:25:05 UTC,0,2017-11-08,2,Wed
4147,18,1,32,449,2017-11-08 02:31:55 UTC,0,2017-11-08,2,Wed
15365,9,1,19,449,2017-11-08 12:50:56 UTC,0,2017-11-08,12,Wed
72723,18,1,19,449,2017-11-09 02:50:20 UTC,0,2017-11-09,2,Thu
305086,18,1,20,449,2017-11-09 08:30:03 UTC,0,2017-11-09,8,Thu
34561,18,1,32,449,2017-11-09 09:42:33 UTC,0,2017-11-09,9,Thu
13479,13,1,19,449,2017-11-09 12:45:56 UTC,0,2017-11-09,12,Thu
53964,13,1,22,449,2017-11-09 14:03:56 UTC,0,2017-11-09,14,Thu
342017,9,1,18,449,2017-11-09 14:17:25 UTC,0,2017-11-09,14,Thu
5596,9,1,13,450,2017-11-07 00:09:38 UTC,0,2017-11-07,0,Tue
17149,9,1,13,450,2017-11-09 06:42:40 UTC,0,2017-11-09,6,Thu
84301,9,1,19,450,2017-11-09 10:55:58 UTC,0,2017-11-09,10,Thu
48855,9,1,13,450,2017-11-09 11:04:40 UTC,0,2017-11-09,11,Thu
121419,2,1,19,452,2017-11-06 16:39:26 UTC,0,2017-11-06,16,Mon
184453,2,1,19,452,2017-11-06 17:21:30 UTC,0,2017-11-06,17,Mon
80163,1,1,19,452,2017-11-06 18:52:15 UTC,0,2017-11-06,18,Mon
85625,1,1,8,452,2017-11-06 22:36:38 UTC,0,2017-11-06,22,Mon
42143,3,1,14,452,2017-11-07 00:07:06 UTC,0,2017-11-07,0,Tue
60691,2,1,19,452,2017-11-07 00:57:15 UTC,0,2017-11-07,0,Tue
33835,2,1,19,452,2017-11-07 01:20:07 UTC,0,2017-11-07,1,Tue
172498,2,1,10,452,2017-11-07 01:36:33 UTC,0,2017-11-07,1,Tue
43793,3,1,13,452,2017-11-07 01:49:43 UTC,0,2017-11-07,1,Tue
105560,1,1,19,452,2017-11-07 03:12:19 UTC,0,2017-11-07,3,Tue
203706,2,1,13,452,2017-11-07 03:20:07 UTC,0,2017-11-07,3,Tue
206780,2,1,18,452,2017-11-07 03:46:20 UTC,0,2017-11-07,3,Tue
177032,3,1,14,452,2017-11-07 03:48:24 UTC,0,2017-11-07,3,Tue
113630,1,1,19,452,2017-11-07 05:04:24 UTC,0,2017-11-07,5,Tue
138714,1,1,1,452,2017-11-07 05:05:39 UTC,0,2017-11-07,5,Tue
99917,3,1,18,452,2017-11-07 05:15:07 UTC,0,2017-11-07,5,Tue
119262,1,1,17,452,2017-11-07 05:20:56 UTC,0,2017-11-07,5,Tue
34253,2,1,19,452,2017-11-07 05:35:02 UTC,0,2017-11-07,5,Tue
51665,2,1,30,452,2017-11-07 06:17:23 UTC,0,2017-11-07,6,Tue
1204,2,1,3,452,2017-11-07 07:22:33 UTC,0,2017-11-07,7,Tue
179458,3,1,19,452,2017-11-07 09:34:18 UTC,0,2017-11-07,9,Tue
12087,3,1,19,452,2017-11-07 09:40:56 UTC,0,2017-11-07,9,Tue
176671,2,1,8,452,2017-11-07 10:38:19 UTC,0,2017-11-07,10,Tue
121216,3,1,13,452,2017-11-07 11:43:19 UTC,0,2017-11-07,11,Tue
67237,2,1,19,452,2017-11-07 13:15:47 UTC,0,2017-11-07,13,Tue
183426,2,1,17,452,2017-11-07 14:23:16 UTC,0,2017-11-07,14,Tue
71380,2,1,19,452,2017-11-07 16:47:44 UTC,0,2017-11-07,16,Tue
67628,2,1,13,452,2017-11-07 18:03:38 UTC,0,2017-11-07,18,Tue
37462,3,1,19,452,2017-11-07 19:01:54 UTC,0,2017-11-07,19,Tue
92861,3,1,13,452,2017-11-07 20:27:29 UTC,0,2017-11-07,20,Tue
36150,3,1,13,452,2017-11-07 20:34:00 UTC,0,2017-11-07,20,Tue
53665,1,1,18,452,2017-11-07 23:12:54 UTC,0,2017-11-07,23,Tue
14737,3,2,19,452,2017-11-08 01:21:16 UTC,0,2017-11-08,1,Wed
142416,3,1,17,452,2017-11-08 01:28:55 UTC,0,2017-11-08,1,Wed
127986,1,1,6,452,2017-11-08 02:14:07 UTC,0,2017-11-08,2,Wed
90743,3,1,15,452,2017-11-08 03:04:44 UTC,0,2017-11-08,3,Wed
35984,2,1,13,452,2017-11-08 04:25:59 UTC,0,2017-11-08,4,Wed
124375,3,1,19,452,2017-11-08 04:57:16 UTC,0,2017-11-08,4,Wed
98261,2,1,56,452,2017-11-08 05:26:10 UTC,0,2017-11-08,5,Wed
106171,2,1,19,452,2017-11-08 06:01:52 UTC,0,2017-11-08,6,Wed
39158,3,1,20,452,2017-11-08 06:11:31 UTC,0,2017-11-08,6,Wed
150129,2,1,17,452,2017-11-08 06:23:16 UTC,0,2017-11-08,6,Wed
48384,2,1,19,452,2017-11-08 08:01:19 UTC,0,2017-11-08,8,Wed
8019,3,1,13,452,2017-11-08 08:19:36 UTC,0,2017-11-08,8,Wed
43550,3,1,3,452,2017-11-08 08:32:30 UTC,0,2017-11-08,8,Wed
18058,3,1,16,452,2017-11-08 08:44:12 UTC,0,2017-11-08,8,Wed
40329,2,1,19,452,2017-11-08 09:02:44 UTC,0,2017-11-08,9,Wed
83730,3,1,13,452,2017-11-08 09:07:09 UTC,0,2017-11-08,9,Wed
103737,3,1,19,452,2017-11-08 09:20:06 UTC,0,2017-11-08,9,Wed
108602,2,1,27,452,2017-11-08 10:25:00 UTC,0,2017-11-08,10,Wed
10613,3,1,22,452,2017-11-08 12:04:03 UTC,0,2017-11-08,12,Wed
43215,2,1,25,452,2017-11-08 12:53:04 UTC,0,2017-11-08,12,Wed
123788,3,1,13,452,2017-11-08 14:18:19 UTC,0,2017-11-08,14,Wed
99579,2,1,13,452,2017-11-08 14:51:35 UTC,0,2017-11-08,14,Wed
65724,3,1,17,452,2017-11-08 15:30:20 UTC,0,2017-11-08,15,Wed
17728,3,1,19,452,2017-11-08 15:35:58 UTC,0,2017-11-08,15,Wed
88284,3,1,32,452,2017-11-08 16:14:57 UTC,0,2017-11-08,16,Wed
191846,2,1,13,452,2017-11-08 16:44:35 UTC,0,2017-11-08,16,Wed
56019,3,1,37,452,2017-11-08 17:08:34 UTC,0,2017-11-08,17,Wed
5348,3,1,19,452,2017-11-08 20:52:42 UTC,0,2017-11-08,20,Wed
114276,3,1,22,452,2017-11-08 22:27:16 UTC,0,2017-11-08,22,Wed
100475,3,1,13,452,2017-11-08 23:56:51 UTC,0,2017-11-08,23,Wed
55213,2,1,17,452,2017-11-09 00:01:54 UTC,0,2017-11-09,0,Thu
199976,3,1,13,452,2017-11-09 00:20:28 UTC,0,2017-11-09,0,Thu
4330,3,1,19,452,2017-11-09 01:13:18 UTC,0,2017-11-09,1,Thu
70343,3,1,28,452,2017-11-09 01:28:33 UTC,0,2017-11-09,1,Thu
32323,3,1,19,452,2017-11-09 01:40:36 UTC,0,2017-11-09,1,Thu
17144,3,1,27,452,2017-11-09 02:49:27 UTC,0,2017-11-09,2,Thu
77182,2,1,13,452,2017-11-09 02:50:40 UTC,0,2017-11-09,2,Thu
240057,2,1,10,452,2017-11-09 03:23:15 UTC,0,2017-11-09,3,Thu
79155,2,1,19,452,2017-11-09 03:25:01 UTC,0,2017-11-09,3,Thu
77209,3,1,32,452,2017-11-09 04:07:57 UTC,0,2017-11-09,4,Thu
22266,1,1,22,452,2017-11-09 04:46:41 UTC,0,2017-11-09,4,Thu
28336,2,1,19,452,2017-11-09 05:10:36 UTC,0,2017-11-09,5,Thu
5178,3,1,19,452,2017-11-09 06:13:38 UTC,0,2017-11-09,6,Thu
51784,3,1,15,452,2017-11-09 06:25:50 UTC,0,2017-11-09,6,Thu
195729,2,1,13,452,2017-11-09 06:53:51 UTC,0,2017-11-09,6,Thu
100182,3,1,13,452,2017-11-09 07:50:21 UTC,0,2017-11-09,7,Thu
55726,1,1,13,452,2017-11-09 07:56:23 UTC,0,2017-11-09,7,Thu
115974,2,1,19,452,2017-11-09 09:03:33 UTC,0,2017-11-09,9,Thu
95329,2,1,41,452,2017-11-09 09:09:24 UTC,0,2017-11-09,9,Thu
235509,2,1,10,452,2017-11-09 09:11:43 UTC,0,2017-11-09,9,Thu
16929,2,1,8,452,2017-11-09 09:31:19 UTC,0,2017-11-09,9,Thu
123885,3,1,13,452,2017-11-09 10:43:27 UTC,0,2017-11-09,10,Thu
27526,2,1,105,452,2017-11-09 10:45:24 UTC,0,2017-11-09,10,Thu
157743,2,1,19,452,2017-11-09 11:47:39 UTC,0,2017-11-09,11,Thu
25039,1,1,32,452,2017-11-09 12:12:18 UTC,0,2017-11-09,12,Thu
29290,2,1,19,452,2017-11-09 12:30:04 UTC,0,2017-11-09,12,Thu
69577,2,1,19,452,2017-11-09 13:38:37 UTC,0,2017-11-09,13,Thu
11073,3,1,6,452,2017-11-09 15:33:10 UTC,0,2017-11-09,15,Thu
209609,1,1,13,452,2017-11-09 15:46:49 UTC,0,2017-11-09,15,Thu
106294,55,1,13,453,2017-11-07 02:09:04 UTC,0,2017-11-07,2,Tue
66576,55,1,19,453,2017-11-07 02:58:14 UTC,0,2017-11-07,2,Tue
31090,55,1,25,453,2017-11-08 04:08:41 UTC,0,2017-11-08,4,Wed
71335,55,1,13,453,2017-11-08 04:14:42 UTC,0,2017-11-08,4,Wed
73516,9,2,13,453,2017-11-09 11:11:28 UTC,0,2017-11-09,11,Thu
123100,29,1,18,456,2017-11-08 14:58:43 UTC,0,2017-11-08,14,Wed
88358,64,1,13,459,2017-11-06 16:02:04 UTC,0,2017-11-06,16,Mon
74422,64,1,10,459,2017-11-06 16:14:18 UTC,0,2017-11-06,16,Mon
114220,6,1,15,459,2017-11-06 16:19:37 UTC,0,2017-11-06,16,Mon
193104,64,1,19,459,2017-11-06 16:59:20 UTC,0,2017-11-06,16,Mon
70834,64,1,10,459,2017-11-06 17:30:34 UTC,0,2017-11-06,17,Mon
92721,64,1,41,459,2017-11-06 17:43:32 UTC,0,2017-11-06,17,Mon
137443,6,1,20,459,2017-11-06 17:48:21 UTC,0,2017-11-06,17,Mon
178873,6,1,22,459,2017-11-06 18:04:13 UTC,0,2017-11-06,18,Mon
48919,6,1,17,459,2017-11-06 18:38:13 UTC,0,2017-11-06,18,Mon
122747,6,1,19,459,2017-11-06 18:44:35 UTC,0,2017-11-06,18,Mon
161166,64,1,13,459,2017-11-06 20:17:15 UTC,0,2017-11-06,20,Mon
45723,64,1,23,459,2017-11-06 21:58:37 UTC,0,2017-11-06,21,Mon
104569,6,1,13,459,2017-11-06 22:42:58 UTC,0,2017-11-06,22,Mon
20215,6,1,20,459,2017-11-06 23:10:55 UTC,0,2017-11-06,23,Mon
13104,64,2,37,459,2017-11-06 23:32:12 UTC,0,2017-11-06,23,Mon
98001,6,1,19,459,2017-11-07 00:54:24 UTC,0,2017-11-07,0,Tue
74728,6,1,19,459,2017-11-07 01:55:15 UTC,0,2017-11-07,1,Tue
206411,64,1,19,459,2017-11-07 01:56:12 UTC,0,2017-11-07,1,Tue
146963,64,1,19,459,2017-11-07 02:41:40 UTC,0,2017-11-07,2,Tue
138927,64,1,31,459,2017-11-07 02:50:03 UTC,0,2017-11-07,2,Tue
125222,64,1,19,459,2017-11-07 02:58:17 UTC,0,2017-11-07,2,Tue
121759,64,1,25,459,2017-11-07 03:00:26 UTC,0,2017-11-07,3,Tue
109425,6,1,19,459,2017-11-07 03:04:11 UTC,0,2017-11-07,3,Tue
94104,6,1,18,459,2017-11-07 03:19:34 UTC,0,2017-11-07,3,Tue
165072,64,1,13,459,2017-11-07 03:50:35 UTC,0,2017-11-07,3,Tue
41052,64,1,13,459,2017-11-07 04:10:24 UTC,0,2017-11-07,4,Tue
204164,64,1,13,459,2017-11-07 04:12:14 UTC,0,2017-11-07,4,Tue
55874,6,1,13,459,2017-11-07 04:18:21 UTC,0,2017-11-07,4,Tue
210975,64,2,13,459,2017-11-07 04:22:23 UTC,0,2017-11-07,4,Tue
40022,64,1,19,459,2017-11-07 04:55:39 UTC,0,2017-11-07,4,Tue
16426,64,1,19,459,2017-11-07 05:41:46 UTC,0,2017-11-07,5,Tue
53454,6,1,25,459,2017-11-07 05:52:33 UTC,0,2017-11-07,5,Tue
64609,6,1,18,459,2017-11-07 06:19:01 UTC,0,2017-11-07,6,Tue
76822,6,1,19,459,2017-11-07 06:30:21 UTC,0,2017-11-07,6,Tue
152339,64,1,31,459,2017-11-07 06:39:29 UTC,0,2017-11-07,6,Tue
82011,6,1,20,459,2017-11-07 06:43:27 UTC,0,2017-11-07,6,Tue
35616,64,1,10,459,2017-11-07 06:50:22 UTC,0,2017-11-07,6,Tue
35007,64,1,12,459,2017-11-07 07:13:31 UTC,0,2017-11-07,7,Tue
48679,64,1,14,459,2017-11-07 07:14:08 UTC,0,2017-11-07,7,Tue
182643,6,1,19,459,2017-11-07 07:19:00 UTC,0,2017-11-07,7,Tue
100447,6,1,19,459,2017-11-07 08:18:12 UTC,0,2017-11-07,8,Tue
4019,6,1,1,459,2017-11-07 08:30:29 UTC,0,2017-11-07,8,Tue
14325,6,1,12,459,2017-11-07 08:36:14 UTC,0,2017-11-07,8,Tue
6256,6,1,13,459,2017-11-07 08:41:59 UTC,0,2017-11-07,8,Tue
182500,64,1,15,459,2017-11-07 09:06:59 UTC,0,2017-11-07,9,Tue
122991,64,1,8,459,2017-11-07 09:19:21 UTC,0,2017-11-07,9,Tue
18942,6,1,19,459,2017-11-07 09:28:41 UTC,0,2017-11-07,9,Tue
88696,6,1,15,459,2017-11-07 09:31:32 UTC,0,2017-11-07,9,Tue
182576,6,1,19,459,2017-11-07 09:31:50 UTC,0,2017-11-07,9,Tue
137052,64,1,9,459,2017-11-07 09:58:35 UTC,0,2017-11-07,9,Tue
42530,64,1,13,459,2017-11-07 10:17:19 UTC,0,2017-11-07,10,Tue
145883,64,1,19,459,2017-11-07 10:26:24 UTC,0,2017-11-07,10,Tue
76944,64,1,37,459,2017-11-07 11:12:24 UTC,0,2017-11-07,11,Tue
20576,6,1,20,459,2017-11-07 11:21:22 UTC,0,2017-11-07,11,Tue
77825,6,1,13,459,2017-11-07 11:29:29 UTC,0,2017-11-07,11,Tue
193464,6,1,15,459,2017-11-07 11:33:17 UTC,0,2017-11-07,11,Tue
19064,64,1,13,459,2017-11-07 11:37:28 UTC,0,2017-11-07,11,Tue
103036,64,1,13,459,2017-11-07 11:48:23 UTC,0,2017-11-07,11,Tue
14759,6,1,17,459,2017-11-07 11:52:03 UTC,0,2017-11-07,11,Tue
41203,64,1,19,459,2017-11-07 12:02:45 UTC,0,2017-11-07,12,Tue
167801,6,1,23,459,2017-11-07 12:18:00 UTC,0,2017-11-07,12,Tue
15117,6,1,19,459,2017-11-07 12:22:26 UTC,0,2017-11-07,12,Tue
37513,64,1,23,459,2017-11-07 12:34:17 UTC,0,2017-11-07,12,Tue
33409,64,1,23,459,2017-11-07 12:38:08 UTC,0,2017-11-07,12,Tue
19247,64,1,13,459,2017-11-07 12:41:27 UTC,0,2017-11-07,12,Tue
108481,6,1,8,459,2017-11-07 13:02:23 UTC,0,2017-11-07,13,Tue
112106,64,1,19,459,2017-11-07 13:10:43 UTC,0,2017-11-07,13,Tue
51808,64,1,13,459,2017-11-07 13:15:40 UTC,0,2017-11-07,13,Tue
43805,6,1,23,459,2017-11-07 13:20:49 UTC,0,2017-11-07,13,Tue
163593,64,1,19,459,2017-11-07 13:53:40 UTC,0,2017-11-07,13,Tue
5314,6,1,20,459,2017-11-07 14:21:13 UTC,0,2017-11-07,14,Tue
103276,64,1,15,459,2017-11-07 14:28:26 UTC,0,2017-11-07,14,Tue
16658,64,1,13,459,2017-11-07 14:28:48 UTC,0,2017-11-07,14,Tue
91797,64,1,19,459,2017-11-07 14:30:39 UTC,0,2017-11-07,14,Tue
105654,6,2,19,459,2017-11-07 14:51:00 UTC,0,2017-11-07,14,Tue
201920,64,1,19,459,2017-11-07 14:51:38 UTC,0,2017-11-07,14,Tue
206220,6,1,15,459,2017-11-07 14:57:51 UTC,0,2017-11-07,14,Tue
30587,64,1,23,459,2017-11-07 15:13:28 UTC,0,2017-11-07,15,Tue
14094,64,1,70,459,2017-11-07 15:22:25 UTC,0,2017-11-07,15,Tue
48656,6,1,43,459,2017-11-07 15:23:24 UTC,0,2017-11-07,15,Tue
2805,64,1,19,459,2017-11-07 15:40:33 UTC,0,2017-11-07,15,Tue
107594,64,1,18,459,2017-11-07 15:45:42 UTC,0,2017-11-07,15,Tue
48575,6,1,19,459,2017-11-07 16:14:40 UTC,0,2017-11-07,16,Tue
13812,6,1,13,459,2017-11-07 16:35:57 UTC,0,2017-11-07,16,Tue
7373,64,1,19,459,2017-11-07 16:54:42 UTC,0,2017-11-07,16,Tue
90201,64,1,19,459,2017-11-07 17:14:24 UTC,0,2017-11-07,17,Tue
123952,64,1,22,459,2017-11-07 17:26:59 UTC,0,2017-11-07,17,Tue
186799,64,2,13,459,2017-11-07 17:46:01 UTC,0,2017-11-07,17,Tue
50169,64,1,23,459,2017-11-07 18:09:45 UTC,0,2017-11-07,18,Tue
88696,64,1,19,459,2017-11-07 19:30:05 UTC,0,2017-11-07,19,Tue
111897,64,1,23,459,2017-11-07 21:59:38 UTC,0,2017-11-07,21,Tue
72921,6,1,17,459,2017-11-07 23:06:43 UTC,0,2017-11-07,23,Tue
127081,6,1,13,459,2017-11-07 23:12:10 UTC,0,2017-11-07,23,Tue
63993,64,1,13,459,2017-11-07 23:36:59 UTC,0,2017-11-07,23,Tue
111847,64,1,23,459,2017-11-07 23:44:45 UTC,0,2017-11-07,23,Tue
47071,64,1,10,459,2017-11-08 00:00:17 UTC,0,2017-11-08,0,Wed
81571,6,1,6,459,2017-11-08 00:03:35 UTC,0,2017-11-08,0,Wed
27475,64,1,20,459,2017-11-08 00:28:39 UTC,0,2017-11-08,0,Wed
240190,64,1,22,459,2017-11-08 00:33:55 UTC,0,2017-11-08,0,Wed
229747,6,1,11,459,2017-11-08 01:25:53 UTC,0,2017-11-08,1,Wed
89047,6,1,13,459,2017-11-08 01:26:56 UTC,0,2017-11-08,1,Wed
58637,64,1,13,459,2017-11-08 01:34:24 UTC,0,2017-11-08,1,Wed
110078,64,1,19,459,2017-11-08 01:38:43 UTC,0,2017-11-08,1,Wed
239406,64,1,22,459,2017-11-08 01:51:08 UTC,0,2017-11-08,1,Wed
119901,6,1,19,459,2017-11-08 01:53:26 UTC,0,2017-11-08,1,Wed
53408,6,1,19,459,2017-11-08 01:59:43 UTC,0,2017-11-08,1,Wed
263949,6,2,6,459,2017-11-08 02:09:17 UTC,0,2017-11-08,2,Wed
54868,64,1,37,459,2017-11-08 02:14:46 UTC,0,2017-11-08,2,Wed
24361,6,1,13,459,2017-11-08 02:18:16 UTC,0,2017-11-08,2,Wed
100929,64,1,19,459,2017-11-08 02:29:22 UTC,0,2017-11-08,2,Wed
62916,6,1,37,459,2017-11-08 02:38:38 UTC,0,2017-11-08,2,Wed
7664,64,1,19,459,2017-11-08 02:56:13 UTC,0,2017-11-08,2,Wed
95766,6,1,19,459,2017-11-08 03:28:17 UTC,0,2017-11-08,3,Wed
98581,6,1,13,459,2017-11-08 04:09:07 UTC,0,2017-11-08,4,Wed
16453,6,1,23,459,2017-11-08 04:15:56 UTC,0,2017-11-08,4,Wed
137832,64,1,16,459,2017-11-08 04:19:25 UTC,0,2017-11-08,4,Wed
23871,64,1,18,459,2017-11-08 04:22:24 UTC,0,2017-11-08,4,Wed
50307,6,1,18,459,2017-11-08 05:21:05 UTC,0,2017-11-08,5,Wed
265592,64,1,13,459,2017-11-08 05:32:36 UTC,0,2017-11-08,5,Wed
104945,6,1,19,459,2017-11-08 05:33:41 UTC,0,2017-11-08,5,Wed
3749,6,1,10,459,2017-11-08 05:41:40 UTC,0,2017-11-08,5,Wed
103648,6,1,13,459,2017-11-08 05:41:48 UTC,0,2017-11-08,5,Wed
9314,64,1,15,459,2017-11-08 06:11:14 UTC,0,2017-11-08,6,Wed
34005,64,1,14,459,2017-11-08 06:11:35 UTC,0,2017-11-08,6,Wed
107969,64,1,23,459,2017-11-08 06:12:07 UTC,0,2017-11-08,6,Wed
84105,6,1,18,459,2017-11-08 06:19:10 UTC,0,2017-11-08,6,Wed
132782,64,1,9,459,2017-11-08 06:21:10 UTC,0,2017-11-08,6,Wed
234613,64,1,19,459,2017-11-08 06:44:34 UTC,0,2017-11-08,6,Wed
96165,64,1,13,459,2017-11-08 06:49:10 UTC,0,2017-11-08,6,Wed
14721,6,1,12,459,2017-11-08 06:59:57 UTC,0,2017-11-08,6,Wed
41526,6,1,15,459,2017-11-08 07:02:11 UTC,0,2017-11-08,7,Wed
81347,64,1,8,459,2017-11-08 07:06:38 UTC,0,2017-11-08,7,Wed
147609,6,1,19,459,2017-11-08 07:22:41 UTC,0,2017-11-08,7,Wed
178822,64,1,19,459,2017-11-08 07:36:45 UTC,0,2017-11-08,7,Wed
216027,6,1,19,459,2017-11-08 07:53:44 UTC,0,2017-11-08,7,Wed
59395,64,1,17,459,2017-11-08 08:24:57 UTC,0,2017-11-08,8,Wed
101407,64,1,23,459,2017-11-08 08:29:47 UTC,0,2017-11-08,8,Wed
207643,6,1,53,459,2017-11-08 08:33:19 UTC,0,2017-11-08,8,Wed
70233,6,1,37,459,2017-11-08 08:37:32 UTC,0,2017-11-08,8,Wed
62930,6,1,13,459,2017-11-08 08:57:21 UTC,0,2017-11-08,8,Wed
226319,64,1,23,459,2017-11-08 09:02:13 UTC,0,2017-11-08,9,Wed
118048,64,1,3,459,2017-11-08 10:00:48 UTC,0,2017-11-08,10,Wed
53454,6,1,30,459,2017-11-08 10:49:19 UTC,0,2017-11-08,10,Wed
92727,64,1,15,459,2017-11-08 12:03:59 UTC,0,2017-11-08,12,Wed
82866,6,1,19,459,2017-11-08 12:05:42 UTC,0,2017-11-08,12,Wed
50482,64,1,19,459,2017-11-08 12:18:52 UTC,0,2017-11-08,12,Wed
163448,6,1,13,459,2017-11-08 12:46:11 UTC,0,2017-11-08,12,Wed
103831,6,1,13,459,2017-11-08 12:55:37 UTC,0,2017-11-08,12,Wed
7645,6,1,10,459,2017-11-08 12:57:33 UTC,0,2017-11-08,12,Wed
44327,64,1,20,459,2017-11-08 13:15:08 UTC,0,2017-11-08,13,Wed
55898,64,1,48,459,2017-11-08 13:23:32 UTC,0,2017-11-08,13,Wed
123181,64,1,10,459,2017-11-08 13:25:26 UTC,0,2017-11-08,13,Wed
28082,64,1,48,459,2017-11-08 13:34:22 UTC,0,2017-11-08,13,Wed
76184,6,1,19,459,2017-11-08 13:45:37 UTC,0,2017-11-08,13,Wed
5314,64,1,41,459,2017-11-08 14:12:49 UTC,0,2017-11-08,14,Wed
98066,6,1,53,459,2017-11-08 14:19:55 UTC,0,2017-11-08,14,Wed
229176,64,1,41,459,2017-11-08 14:55:43 UTC,0,2017-11-08,14,Wed
109706,6,1,20,459,2017-11-08 15:20:24 UTC,0,2017-11-08,15,Wed
73238,64,1,13,459,2017-11-08 15:21:19 UTC,0,2017-11-08,15,Wed
18985,6,1,17,459,2017-11-08 16:21:14 UTC,0,2017-11-08,16,Wed
58472,64,1,9,459,2017-11-08 17:13:22 UTC,0,2017-11-08,17,Wed
154542,6,1,14,459,2017-11-08 18:00:19 UTC,0,2017-11-08,18,Wed
116642,6,1,13,459,2017-11-08 19:38:41 UTC,0,2017-11-08,19,Wed
292121,6,1,1,459,2017-11-08 20:06:58 UTC,0,2017-11-08,20,Wed
145592,6,1,22,459,2017-11-08 23:38:16 UTC,0,2017-11-08,23,Wed
125459,6,1,13,459,2017-11-09 00:27:33 UTC,0,2017-11-09,0,Thu
99323,6,1,19,459,2017-11-09 01:33:00 UTC,0,2017-11-09,1,Thu
106332,64,1,19,459,2017-11-09 01:43:34 UTC,0,2017-11-09,1,Thu
48212,64,1,13,459,2017-11-09 04:14:51 UTC,0,2017-11-09,4,Thu
16426,64,1,20,459,2017-11-09 04:46:14 UTC,0,2017-11-09,4,Thu
14041,6,1,19,459,2017-11-09 04:56:26 UTC,0,2017-11-09,4,Thu
112198,6,1,10,459,2017-11-09 04:57:23 UTC,0,2017-11-09,4,Thu
5147,6,1,13,459,2017-11-09 05:17:55 UTC,0,2017-11-09,5,Thu
120440,6,1,14,459,2017-11-09 06:19:50 UTC,0,2017-11-09,6,Thu
40700,6,1,25,459,2017-11-09 06:26:09 UTC,0,2017-11-09,6,Thu
113862,6,1,19,459,2017-11-09 06:32:46 UTC,0,2017-11-09,6,Thu
39711,6,1,3,459,2017-11-09 07:09:44 UTC,0,2017-11-09,7,Thu
47377,6,1,17,459,2017-11-09 07:42:27 UTC,0,2017-11-09,7,Thu
5257,6,1,13,459,2017-11-09 07:44:44 UTC,0,2017-11-09,7,Thu
95692,6,1,1,459,2017-11-09 08:45:41 UTC,0,2017-11-09,8,Thu
88730,6,1,15,459,2017-11-09 08:59:03 UTC,0,2017-11-09,8,Thu
51110,6,1,13,459,2017-11-09 09:12:56 UTC,0,2017-11-09,9,Thu
55047,64,1,13,459,2017-11-09 09:53:23 UTC,0,2017-11-09,9,Thu
234242,6,1,27,459,2017-11-09 10:44:02 UTC,0,2017-11-09,10,Thu
101300,64,1,25,459,2017-11-09 10:55:12 UTC,0,2017-11-09,10,Thu
48170,6,1,27,459,2017-11-09 11:20:44 UTC,0,2017-11-09,11,Thu
99681,6,1,6,459,2017-11-09 12:06:41 UTC,0,2017-11-09,12,Thu
18053,6,1,18,459,2017-11-09 12:09:17 UTC,0,2017-11-09,12,Thu
1235,6,1,15,459,2017-11-09 12:33:43 UTC,0,2017-11-09,12,Thu
75539,6,1,13,459,2017-11-09 12:38:12 UTC,0,2017-11-09,12,Thu
79332,6,1,13,459,2017-11-09 14:03:31 UTC,0,2017-11-09,14,Thu
49431,6,1,8,459,2017-11-09 14:50:52 UTC,0,2017-11-09,14,Thu
352951,6,1,25,459,2017-11-09 15:12:55 UTC,0,2017-11-09,15,Thu
41232,6,1,22,459,2017-11-09 15:21:27 UTC,0,2017-11-09,15,Thu
44744,6,1,13,459,2017-11-09 15:22:32 UTC,0,2017-11-09,15,Thu
20184,6,1,13,459,2017-11-09 15:28:31 UTC,0,2017-11-09,15,Thu
34304,14,1,16,463,2017-11-06 21:48:49 UTC,0,2017-11-06,21,Mon
64567,14,1,19,463,2017-11-06 22:45:04 UTC,0,2017-11-06,22,Mon
119289,14,1,9,463,2017-11-06 22:45:23 UTC,0,2017-11-06,22,Mon
11829,14,1,53,463,2017-11-07 00:23:59 UTC,0,2017-11-07,0,Tue
72986,14,1,19,463,2017-11-07 02:35:38 UTC,0,2017-11-07,2,Tue
25131,14,1,19,463,2017-11-07 02:35:56 UTC,0,2017-11-07,2,Tue
105435,14,1,19,463,2017-11-07 02:47:49 UTC,0,2017-11-07,2,Tue
15643,14,1,17,463,2017-11-07 03:11:31 UTC,0,2017-11-07,3,Tue
64435,14,1,19,463,2017-11-07 04:13:10 UTC,0,2017-11-07,4,Tue
88977,14,1,22,463,2017-11-07 04:15:26 UTC,0,2017-11-07,4,Tue
90922,14,1,13,463,2017-11-07 04:55:20 UTC,0,2017-11-07,4,Tue
66541,14,1,18,463,2017-11-07 05:04:48 UTC,0,2017-11-07,5,Tue
120709,14,1,18,463,2017-11-07 05:12:54 UTC,0,2017-11-07,5,Tue
59263,14,1,3,463,2017-11-07 05:50:13 UTC,0,2017-11-07,5,Tue
125217,14,1,8,463,2017-11-07 06:19:15 UTC,0,2017-11-07,6,Tue
40488,14,1,16,463,2017-11-07 06:40:21 UTC,0,2017-11-07,6,Tue
39075,14,1,13,463,2017-11-07 07:59:58 UTC,0,2017-11-07,7,Tue
6965,14,1,20,463,2017-11-07 11:09:04 UTC,0,2017-11-07,11,Tue
148546,14,1,13,463,2017-11-07 11:43:22 UTC,0,2017-11-07,11,Tue
119524,14,1,13,463,2017-11-07 11:55:20 UTC,0,2017-11-07,11,Tue
6950,14,1,19,463,2017-11-07 13:29:33 UTC,0,2017-11-07,13,Tue
127081,14,1,19,463,2017-11-07 13:51:41 UTC,0,2017-11-07,13,Tue
100393,14,1,15,463,2017-11-07 13:54:32 UTC,0,2017-11-07,13,Tue
5314,14,1,6,463,2017-11-07 14:16:30 UTC,0,2017-11-07,14,Tue
82816,14,1,16,463,2017-11-07 14:35:31 UTC,0,2017-11-07,14,Tue
149910,14,1,19,463,2017-11-07 14:43:39 UTC,0,2017-11-07,14,Tue
20628,14,1,25,463,2017-11-07 14:53:26 UTC,0,2017-11-07,14,Tue
173141,14,1,19,463,2017-11-07 15:17:26 UTC,0,2017-11-07,15,Tue
7862,14,1,13,463,2017-11-07 16:06:53 UTC,0,2017-11-07,16,Tue
112086,14,1,19,463,2017-11-07 22:41:47 UTC,0,2017-11-07,22,Tue
7210,14,1,13,463,2017-11-07 23:22:30 UTC,0,2017-11-07,23,Tue
54895,14,1,14,463,2017-11-08 01:00:09 UTC,0,2017-11-08,1,Wed
116827,14,1,13,463,2017-11-08 01:15:16 UTC,0,2017-11-08,1,Wed
64609,14,1,19,463,2017-11-08 02:35:53 UTC,0,2017-11-08,2,Wed
105116,14,1,13,463,2017-11-08 04:09:25 UTC,0,2017-11-08,4,Wed
56166,14,1,9,463,2017-11-08 04:28:39 UTC,0,2017-11-08,4,Wed
100543,14,1,18,463,2017-11-08 04:42:31 UTC,0,2017-11-08,4,Wed
98424,14,1,17,463,2017-11-08 06:09:55 UTC,0,2017-11-08,6,Wed
88914,14,1,15,463,2017-11-08 06:12:36 UTC,0,2017-11-08,6,Wed
203736,14,1,28,463,2017-11-08 07:07:15 UTC,0,2017-11-08,7,Wed
167836,14,1,19,463,2017-11-08 07:08:13 UTC,0,2017-11-08,7,Wed
242106,14,1,13,463,2017-11-08 07:15:20 UTC,0,2017-11-08,7,Wed
2095,14,1,19,463,2017-11-08 07:33:51 UTC,0,2017-11-08,7,Wed
70552,14,1,13,463,2017-11-08 08:04:04 UTC,0,2017-11-08,8,Wed
157590,14,1,47,463,2017-11-08 08:16:09 UTC,0,2017-11-08,8,Wed
100073,14,1,18,463,2017-11-08 10:21:28 UTC,0,2017-11-08,10,Wed
83453,14,1,8,463,2017-11-08 10:51:05 UTC,0,2017-11-08,10,Wed
24039,14,1,17,463,2017-11-08 13:51:20 UTC,0,2017-11-08,13,Wed
50411,14,1,40,463,2017-11-08 15:51:12 UTC,0,2017-11-08,15,Wed
5314,14,1,19,463,2017-11-08 17:12:15 UTC,0,2017-11-08,17,Wed
138557,14,1,16,463,2017-11-09 00:07:44 UTC,0,2017-11-09,0,Thu
15343,14,1,13,463,2017-11-09 00:18:12 UTC,0,2017-11-09,0,Thu
204824,14,1,27,463,2017-11-09 00:39:56 UTC,0,2017-11-09,0,Thu
34624,14,1,17,463,2017-11-09 02:43:34 UTC,0,2017-11-09,2,Thu
54991,14,1,19,463,2017-11-09 03:11:30 UTC,0,2017-11-09,3,Thu
82068,14,1,13,463,2017-11-09 03:37:25 UTC,0,2017-11-09,3,Thu
167031,14,1,19,463,2017-11-09 04:08:08 UTC,0,2017-11-09,4,Thu
200707,14,1,17,463,2017-11-09 08:43:35 UTC,0,2017-11-09,8,Thu
64609,14,1,17,463,2017-11-09 09:45:50 UTC,0,2017-11-09,9,Thu
39436,14,1,58,463,2017-11-09 11:36:59 UTC,0,2017-11-09,11,Thu
148276,45,1,47,465,2017-11-07 06:03:21 UTC,1,2017-11-07,6,Tue
15680,3,1,12,466,2017-11-06 18:56:49 UTC,0,2017-11-06,18,Mon
5812,3,1,17,466,2017-11-06 23:29:10 UTC,0,2017-11-06,23,Mon
124002,9,1,19,466,2017-11-06 23:48:51 UTC,0,2017-11-06,23,Mon
103773,3,1,1,466,2017-11-07 00:55:30 UTC,0,2017-11-07,0,Tue
118412,9,1,26,466,2017-11-07 03:31:28 UTC,0,2017-11-07,3,Tue
102141,9,1,22,466,2017-11-07 04:05:32 UTC,0,2017-11-07,4,Tue
103224,9,1,47,466,2017-11-07 05:26:29 UTC,0,2017-11-07,5,Tue
73503,3,1,8,466,2017-11-07 06:20:56 UTC,0,2017-11-07,6,Tue
71076,3,1,6,466,2017-11-07 07:02:30 UTC,0,2017-11-07,7,Tue
4903,9,1,6,466,2017-11-07 07:36:55 UTC,0,2017-11-07,7,Tue
102025,9,1,10,466,2017-11-07 08:12:01 UTC,0,2017-11-07,8,Tue
137176,9,1,19,466,2017-11-07 08:50:42 UTC,0,2017-11-07,8,Tue
54520,9,1,36,466,2017-11-07 09:12:57 UTC,0,2017-11-07,9,Tue
45992,9,1,19,466,2017-11-07 09:59:14 UTC,0,2017-11-07,9,Tue
93715,9,1,19,466,2017-11-07 10:49:19 UTC,0,2017-11-07,10,Tue
124024,9,1,13,466,2017-11-07 11:09:50 UTC,0,2017-11-07,11,Tue
6860,3,1,22,466,2017-11-07 11:11:40 UTC,0,2017-11-07,11,Tue
167814,3,1,9,466,2017-11-07 14:33:12 UTC,0,2017-11-07,14,Tue
184921,3,1,22,466,2017-11-07 14:33:17 UTC,0,2017-11-07,14,Tue
52052,9,1,19,466,2017-11-07 15:06:14 UTC,0,2017-11-07,15,Tue
205285,9,1,43,466,2017-11-07 16:42:43 UTC,0,2017-11-07,16,Tue
121767,9,1,13,466,2017-11-07 23:29:04 UTC,0,2017-11-07,23,Tue
54868,3,1,53,466,2017-11-08 00:26:35 UTC,0,2017-11-08,0,Wed
92846,9,1,22,466,2017-11-08 00:43:41 UTC,0,2017-11-08,0,Wed
118146,9,1,18,466,2017-11-08 01:42:41 UTC,0,2017-11-08,1,Wed
179753,9,1,13,466,2017-11-08 02:14:55 UTC,0,2017-11-08,2,Wed
86767,3,1,32,466,2017-11-08 02:15:10 UTC,0,2017-11-08,2,Wed
115772,9,1,16,466,2017-11-08 03:01:22 UTC,0,2017-11-08,3,Wed
124170,9,1,58,466,2017-11-08 03:25:33 UTC,0,2017-11-08,3,Wed
134524,9,1,17,466,2017-11-08 03:31:21 UTC,0,2017-11-08,3,Wed
41261,9,2,42,466,2017-11-08 03:51:05 UTC,0,2017-11-08,3,Wed
69873,9,1,1,466,2017-11-08 03:57:43 UTC,0,2017-11-08,3,Wed
220427,9,1,22,466,2017-11-08 04:43:48 UTC,0,2017-11-08,4,Wed
95820,9,1,13,466,2017-11-08 04:49:05 UTC,0,2017-11-08,4,Wed
11039,3,1,22,466,2017-11-08 04:51:16 UTC,0,2017-11-08,4,Wed
108227,9,1,13,466,2017-11-08 04:59:15 UTC,0,2017-11-08,4,Wed
114314,9,2,19,466,2017-11-08 05:01:13 UTC,0,2017-11-08,5,Wed
27038,9,1,10,466,2017-11-08 07:26:48 UTC,0,2017-11-08,7,Wed
63712,9,1,30,466,2017-11-08 08:05:57 UTC,0,2017-11-08,8,Wed
65582,9,1,20,466,2017-11-08 08:17:26 UTC,0,2017-11-08,8,Wed
7754,3,1,13,466,2017-11-08 08:52:56 UTC,0,2017-11-08,8,Wed
52628,9,1,18,466,2017-11-08 09:04:15 UTC,0,2017-11-08,9,Wed
122982,9,1,8,466,2017-11-08 09:24:13 UTC,0,2017-11-08,9,Wed
99150,9,1,20,466,2017-11-08 09:28:11 UTC,0,2017-11-08,9,Wed
41725,9,1,19,466,2017-11-08 09:35:36 UTC,0,2017-11-08,9,Wed
137151,9,1,20,466,2017-11-08 09:44:36 UTC,0,2017-11-08,9,Wed
18312,9,1,19,466,2017-11-08 10:07:35 UTC,0,2017-11-08,10,Wed
119901,9,1,17,466,2017-11-08 10:36:41 UTC,0,2017-11-08,10,Wed
113862,9,1,25,466,2017-11-08 10:52:35 UTC,0,2017-11-08,10,Wed
273363,9,1,17,466,2017-11-08 11:31:18 UTC,0,2017-11-08,11,Wed
108913,9,1,9,466,2017-11-08 12:11:01 UTC,0,2017-11-08,12,Wed
24951,9,1,37,466,2017-11-08 12:30:06 UTC,0,2017-11-08,12,Wed
29974,9,1,15,466,2017-11-08 12:30:19 UTC,0,2017-11-08,12,Wed
19264,9,1,19,466,2017-11-08 12:32:32 UTC,0,2017-11-08,12,Wed
287492,9,1,13,466,2017-11-08 12:35:12 UTC,0,2017-11-08,12,Wed
119262,9,1,41,466,2017-11-08 12:36:52 UTC,0,2017-11-08,12,Wed
75794,9,1,16,466,2017-11-08 12:46:57 UTC,0,2017-11-08,12,Wed
68890,9,1,31,466,2017-11-08 12:48:46 UTC,0,2017-11-08,12,Wed
238196,9,1,19,466,2017-11-08 12:51:06 UTC,0,2017-11-08,12,Wed
5147,9,1,13,466,2017-11-08 12:54:33 UTC,0,2017-11-08,12,Wed
45745,9,1,6,466,2017-11-08 13:04:38 UTC,0,2017-11-08,13,Wed
100971,9,2,13,466,2017-11-08 13:05:48 UTC,0,2017-11-08,13,Wed
9964,9,1,19,466,2017-11-08 13:07:21 UTC,0,2017-11-08,13,Wed
171401,9,1,14,466,2017-11-08 13:20:10 UTC,0,2017-11-08,13,Wed
86767,9,1,14,466,2017-11-08 13:27:36 UTC,0,2017-11-08,13,Wed
12450,9,1,18,466,2017-11-08 14:26:56 UTC,0,2017-11-08,14,Wed
81973,9,1,13,466,2017-11-08 14:28:05 UTC,0,2017-11-08,14,Wed
9592,9,1,13,466,2017-11-08 14:36:20 UTC,0,2017-11-08,14,Wed
279352,9,1,41,466,2017-11-08 14:37:45 UTC,0,2017-11-08,14,Wed
91584,9,1,13,466,2017-11-08 14:38:28 UTC,0,2017-11-08,14,Wed
61168,9,2,9,466,2017-11-08 14:52:39 UTC,0,2017-11-08,14,Wed
28011,9,1,19,466,2017-11-08 15:03:22 UTC,0,2017-11-08,15,Wed
7690,9,2,17,466,2017-11-08 15:04:49 UTC,0,2017-11-08,15,Wed
253401,9,1,41,466,2017-11-08 15:10:49 UTC,0,2017-11-08,15,Wed
47313,9,2,37,466,2017-11-08 15:14:10 UTC,0,2017-11-08,15,Wed
202529,9,1,13,466,2017-11-08 15:17:14 UTC,0,2017-11-08,15,Wed
83763,9,1,16,466,2017-11-08 15:41:11 UTC,0,2017-11-08,15,Wed
28084,9,1,13,466,2017-11-08 15:50:02 UTC,0,2017-11-08,15,Wed
89800,9,1,18,466,2017-11-08 16:02:33 UTC,0,2017-11-08,16,Wed
111025,9,1,3,466,2017-11-08 16:23:44 UTC,0,2017-11-08,16,Wed
2600,9,1,6,466,2017-11-08 17:11:08 UTC,0,2017-11-08,17,Wed
18332,9,2,10,466,2017-11-08 17:45:23 UTC,0,2017-11-08,17,Wed
85625,9,1,19,466,2017-11-08 18:04:30 UTC,0,2017-11-08,18,Wed
181641,9,1,17,466,2017-11-08 20:03:25 UTC,0,2017-11-08,20,Wed
48282,9,2,7,466,2017-11-08 20:26:15 UTC,0,2017-11-08,20,Wed
106795,9,1,19,466,2017-11-08 22:22:42 UTC,0,2017-11-08,22,Wed
101358,9,1,13,466,2017-11-08 22:52:54 UTC,0,2017-11-08,22,Wed
139090,9,1,19,466,2017-11-08 23:14:37 UTC,0,2017-11-08,23,Wed
49602,9,1,25,466,2017-11-08 23:19:20 UTC,0,2017-11-08,23,Wed
46680,9,1,13,466,2017-11-08 23:22:32 UTC,0,2017-11-08,23,Wed
83087,3,1,19,466,2017-11-08 23:24:57 UTC,0,2017-11-08,23,Wed
185121,9,1,16,466,2017-11-09 00:08:04 UTC,0,2017-11-09,0,Thu
121136,9,1,19,466,2017-11-09 00:19:13 UTC,0,2017-11-09,0,Thu
14764,9,1,20,466,2017-11-09 00:21:20 UTC,0,2017-11-09,0,Thu
165542,9,1,19,466,2017-11-09 00:27:16 UTC,0,2017-11-09,0,Thu
19868,9,1,19,466,2017-11-09 00:52:00 UTC,0,2017-11-09,0,Thu
90791,9,1,6,466,2017-11-09 01:02:09 UTC,0,2017-11-09,1,Thu
104954,9,1,16,466,2017-11-09 01:44:44 UTC,0,2017-11-09,1,Thu
134211,9,1,19,466,2017-11-09 03:13:32 UTC,0,2017-11-09,3,Thu
73555,9,2,19,466,2017-11-09 03:29:55 UTC,0,2017-11-09,3,Thu
31412,9,1,19,466,2017-11-09 03:42:01 UTC,0,2017-11-09,3,Thu
111227,9,1,13,466,2017-11-09 03:51:58 UTC,0,2017-11-09,3,Thu
10410,9,1,10,466,2017-11-09 04:10:24 UTC,0,2017-11-09,4,Thu
124825,9,1,13,466,2017-11-09 05:08:27 UTC,0,2017-11-09,5,Thu
69665,9,1,19,466,2017-11-09 05:23:38 UTC,0,2017-11-09,5,Thu
108806,9,1,13,466,2017-11-09 05:24:50 UTC,0,2017-11-09,5,Thu
68900,9,1,10,466,2017-11-09 05:28:03 UTC,0,2017-11-09,5,Thu
41307,9,1,17,466,2017-11-09 05:32:37 UTC,0,2017-11-09,5,Thu
166638,9,1,17,466,2017-11-09 05:45:46 UTC,0,2017-11-09,5,Thu
86552,9,1,20,466,2017-11-09 05:56:51 UTC,0,2017-11-09,5,Thu
102738,9,1,19,466,2017-11-09 06:03:33 UTC,0,2017-11-09,6,Thu
50658,9,1,13,466,2017-11-09 06:36:55 UTC,0,2017-11-09,6,Thu
16278,9,1,9,466,2017-11-09 06:49:20 UTC,0,2017-11-09,6,Thu
163785,9,1,13,466,2017-11-09 06:54:02 UTC,0,2017-11-09,6,Thu
86926,3,1,13,466,2017-11-09 07:02:01 UTC,0,2017-11-09,7,Thu
90891,3,1,9,466,2017-11-09 07:14:45 UTC,0,2017-11-09,7,Thu
37262,3,1,37,466,2017-11-09 07:46:02 UTC,0,2017-11-09,7,Thu
106812,9,1,19,466,2017-11-09 08:10:56 UTC,0,2017-11-09,8,Thu
5185,9,1,32,466,2017-11-09 08:23:48 UTC,0,2017-11-09,8,Thu
3241,9,1,25,466,2017-11-09 08:42:39 UTC,0,2017-11-09,8,Thu
307556,9,1,22,466,2017-11-09 08:44:17 UTC,0,2017-11-09,8,Thu
66655,9,1,13,466,2017-11-09 08:50:54 UTC,0,2017-11-09,8,Thu
85329,9,1,16,466,2017-11-09 08:56:43 UTC,0,2017-11-09,8,Thu
12103,9,1,14,466,2017-11-09 09:04:13 UTC,0,2017-11-09,9,Thu
71071,9,2,19,466,2017-11-09 09:34:22 UTC,0,2017-11-09,9,Thu
50924,9,1,13,466,2017-11-09 09:38:05 UTC,0,2017-11-09,9,Thu
53715,9,1,30,466,2017-11-09 09:46:28 UTC,0,2017-11-09,9,Thu
70787,9,1,17,466,2017-11-09 09:53:02 UTC,0,2017-11-09,9,Thu
167563,9,1,41,466,2017-11-09 10:09:01 UTC,0,2017-11-09,10,Thu
71149,9,1,1,466,2017-11-09 10:23:35 UTC,0,2017-11-09,10,Thu
80192,9,1,22,466,2017-11-09 10:33:59 UTC,0,2017-11-09,10,Thu
102543,3,1,13,466,2017-11-09 10:36:31 UTC,0,2017-11-09,10,Thu
67197,9,1,17,466,2017-11-09 11:35:16 UTC,0,2017-11-09,11,Thu
104791,9,1,13,466,2017-11-09 11:37:14 UTC,0,2017-11-09,11,Thu
168944,9,1,18,466,2017-11-09 11:42:22 UTC,0,2017-11-09,11,Thu
319397,9,1,58,466,2017-11-09 12:02:27 UTC,0,2017-11-09,12,Thu
223623,9,1,19,466,2017-11-09 12:07:54 UTC,0,2017-11-09,12,Thu
67895,9,1,19,466,2017-11-09 12:09:09 UTC,0,2017-11-09,12,Thu
18332,9,1,8,466,2017-11-09 12:21:02 UTC,0,2017-11-09,12,Thu
43827,9,1,13,466,2017-11-09 12:22:08 UTC,0,2017-11-09,12,Thu
33868,9,1,30,466,2017-11-09 12:41:33 UTC,0,2017-11-09,12,Thu
77866,9,1,19,466,2017-11-09 13:52:00 UTC,0,2017-11-09,13,Thu
14809,9,1,32,466,2017-11-09 14:17:27 UTC,0,2017-11-09,14,Thu
6814,9,1,37,466,2017-11-09 14:24:15 UTC,0,2017-11-09,14,Thu
91611,3,1,13,466,2017-11-09 14:40:13 UTC,0,2017-11-09,14,Thu
61900,9,1,19,466,2017-11-09 14:44:59 UTC,0,2017-11-09,14,Thu
14872,9,2,17,466,2017-11-09 14:52:38 UTC,0,2017-11-09,14,Thu
250794,3,1,37,466,2017-11-09 14:55:16 UTC,0,2017-11-09,14,Thu
204304,9,1,25,466,2017-11-09 15:00:49 UTC,0,2017-11-09,15,Thu
203749,3,1,19,466,2017-11-09 15:05:23 UTC,0,2017-11-09,15,Thu
177171,9,1,25,466,2017-11-09 15:09:36 UTC,0,2017-11-09,15,Thu
2253,9,1,16,466,2017-11-09 15:10:01 UTC,0,2017-11-09,15,Thu
20422,9,1,19,466,2017-11-09 15:21:59 UTC,0,2017-11-09,15,Thu
93273,9,1,19,466,2017-11-09 15:47:53 UTC,0,2017-11-09,15,Thu
4869,9,1,19,466,2017-11-09 15:53:17 UTC,0,2017-11-09,15,Thu
14737,9,1,19,466,2017-11-09 15:53:45 UTC,0,2017-11-09,15,Thu
40179,9,1,20,466,2017-11-09 15:59:44 UTC,0,2017-11-09,15,Thu
111251,14,1,37,467,2017-11-06 18:28:01 UTC,0,2017-11-06,18,Mon
125551,14,1,13,467,2017-11-06 23:20:45 UTC,0,2017-11-06,23,Mon
57559,14,1,22,467,2017-11-07 16:00:56 UTC,0,2017-11-07,16,Tue
8482,14,1,25,467,2017-11-08 14:29:54 UTC,0,2017-11-08,14,Wed
925,14,2,41,467,2017-11-08 15:09:40 UTC,0,2017-11-08,15,Wed
34387,14,1,6,467,2017-11-08 16:09:12 UTC,0,2017-11-08,16,Wed
125592,14,1,13,467,2017-11-08 19:39:31 UTC,0,2017-11-08,19,Wed
33746,14,1,18,467,2017-11-08 21:06:58 UTC,0,2017-11-08,21,Wed
73516,14,2,5,467,2017-11-08 22:49:15 UTC,0,2017-11-08,22,Wed
89192,14,1,19,467,2017-11-09 00:32:46 UTC,0,2017-11-09,0,Thu
65631,14,1,19,467,2017-11-09 01:19:31 UTC,0,2017-11-09,1,Thu
310364,14,1,3,467,2017-11-09 03:00:36 UTC,0,2017-11-09,3,Thu
362641,14,1,10,467,2017-11-09 05:39:56 UTC,0,2017-11-09,5,Thu
97067,14,1,13,467,2017-11-09 06:17:28 UTC,0,2017-11-09,6,Thu
71789,14,1,13,467,2017-11-09 06:42:26 UTC,0,2017-11-09,6,Thu
83306,14,1,19,467,2017-11-09 08:43:26 UTC,0,2017-11-09,8,Thu
73487,14,1,18,467,2017-11-09 09:17:09 UTC,0,2017-11-09,9,Thu
62874,14,1,16,467,2017-11-09 10:42:37 UTC,0,2017-11-09,10,Thu
95766,14,1,25,467,2017-11-09 13:30:45 UTC,0,2017-11-09,13,Thu
68328,14,1,47,467,2017-11-09 15:27:17 UTC,0,2017-11-09,15,Thu
51060,13,1,19,469,2017-11-06 18:16:27 UTC,0,2017-11-06,18,Mon
90509,2,1,22,469,2017-11-06 19:42:43 UTC,0,2017-11-06,19,Mon
158203,2,1,16,469,2017-11-06 22:49:38 UTC,0,2017-11-06,22,Mon
139542,2,1,13,469,2017-11-06 23:09:14 UTC,0,2017-11-06,23,Mon
212476,2,1,19,469,2017-11-06 23:42:29 UTC,0,2017-11-06,23,Mon
110386,2,1,19,469,2017-11-07 00:02:23 UTC,0,2017-11-07,0,Tue
47669,2,1,10,469,2017-11-07 00:42:32 UTC,0,2017-11-07,0,Tue
67589,2,1,12,469,2017-11-07 00:43:42 UTC,0,2017-11-07,0,Tue
17677,2,1,9,469,2017-11-07 01:09:04 UTC,0,2017-11-07,1,Tue
123577,2,1,27,469,2017-11-07 01:26:31 UTC,0,2017-11-07,1,Tue
49293,2,1,37,469,2017-11-07 01:55:54 UTC,0,2017-11-07,1,Tue
191249,2,1,53,469,2017-11-07 02:27:05 UTC,0,2017-11-07,2,Tue
202531,11,1,13,469,2017-11-07 02:57:41 UTC,0,2017-11-07,2,Tue
26454,2,1,17,469,2017-11-07 02:57:48 UTC,0,2017-11-07,2,Tue
124317,2,1,41,469,2017-11-07 03:49:35 UTC,0,2017-11-07,3,Tue
116272,2,1,19,469,2017-11-07 03:53:55 UTC,0,2017-11-07,3,Tue
69020,2,1,19,469,2017-11-07 04:03:08 UTC,0,2017-11-07,4,Tue
23086,2,1,19,469,2017-11-07 04:28:00 UTC,0,2017-11-07,4,Tue
201786,2,1,10,469,2017-11-07 04:56:01 UTC,0,2017-11-07,4,Tue
81792,13,1,47,469,2017-11-07 05:08:04 UTC,0,2017-11-07,5,Tue
26531,2,1,22,469,2017-11-07 05:11:00 UTC,0,2017-11-07,5,Tue
91734,2,1,13,469,2017-11-07 05:27:08 UTC,0,2017-11-07,5,Tue
31653,11,1,18,469,2017-11-07 05:28:59 UTC,0,2017-11-07,5,Tue
101367,2,1,13,469,2017-11-07 05:46:31 UTC,0,2017-11-07,5,Tue
23098,2,1,19,469,2017-11-07 05:54:11 UTC,0,2017-11-07,5,Tue
123974,13,1,13,469,2017-11-07 06:00:56 UTC,0,2017-11-07,6,Tue
55575,2,1,15,469,2017-11-07 06:37:22 UTC,0,2017-11-07,6,Tue
90782,13,1,16,469,2017-11-07 06:56:12 UTC,0,2017-11-07,6,Tue
33016,2,1,27,469,2017-11-07 07:16:50 UTC,0,2017-11-07,7,Tue
129803,13,1,19,469,2017-11-07 07:31:21 UTC,0,2017-11-07,7,Tue
175442,2,1,19,469,2017-11-07 07:54:25 UTC,0,2017-11-07,7,Tue
112014,2,1,19,469,2017-11-07 08:50:26 UTC,0,2017-11-07,8,Tue
37892,2,1,19,469,2017-11-07 08:57:04 UTC,0,2017-11-07,8,Tue
100276,2,1,8,469,2017-11-07 09:03:01 UTC,0,2017-11-07,9,Tue
5314,2,1,66,469,2017-11-07 09:19:18 UTC,0,2017-11-07,9,Tue
174803,2,1,13,469,2017-11-07 09:26:44 UTC,0,2017-11-07,9,Tue
56313,2,1,25,469,2017-11-07 09:33:47 UTC,0,2017-11-07,9,Tue
26218,13,1,13,469,2017-11-07 10:20:12 UTC,0,2017-11-07,10,Tue
111547,11,1,13,469,2017-11-07 10:44:54 UTC,0,2017-11-07,10,Tue
17231,2,1,19,469,2017-11-07 10:53:22 UTC,0,2017-11-07,10,Tue
67350,2,1,27,469,2017-11-07 11:14:55 UTC,0,2017-11-07,11,Tue
114276,13,1,35,469,2017-11-07 11:38:29 UTC,0,2017-11-07,11,Tue
33919,2,1,13,469,2017-11-07 11:50:01 UTC,0,2017-11-07,11,Tue
73954,2,1,8,469,2017-11-07 11:59:16 UTC,0,2017-11-07,11,Tue
60752,13,1,8,469,2017-11-07 12:08:43 UTC,0,2017-11-07,12,Tue
148429,2,1,20,469,2017-11-07 12:16:55 UTC,0,2017-11-07,12,Tue
705,2,1,13,469,2017-11-07 12:35:32 UTC,0,2017-11-07,12,Tue
98738,2,1,53,469,2017-11-07 12:47:12 UTC,0,2017-11-07,12,Tue
109425,2,1,47,469,2017-11-07 12:48:03 UTC,0,2017-11-07,12,Tue
15518,2,1,19,469,2017-11-07 13:05:22 UTC,0,2017-11-07,13,Tue
5348,2,1,30,469,2017-11-07 13:05:27 UTC,0,2017-11-07,13,Tue
22804,2,1,17,469,2017-11-07 13:22:28 UTC,0,2017-11-07,13,Tue
35327,2,1,13,469,2017-11-07 13:41:45 UTC,0,2017-11-07,13,Tue
53479,2,1,47,469,2017-11-07 13:50:23 UTC,0,2017-11-07,13,Tue
12109,2,1,8,469,2017-11-07 14:08:53 UTC,0,2017-11-07,14,Tue
77761,13,1,19,469,2017-11-07 14:22:11 UTC,0,2017-11-07,14,Tue
13073,2,1,19,469,2017-11-07 14:36:25 UTC,0,2017-11-07,14,Tue
8569,2,1,19,469,2017-11-07 14:40:10 UTC,0,2017-11-07,14,Tue
28355,13,1,19,469,2017-11-07 14:47:04 UTC,0,2017-11-07,14,Tue
93234,2,1,27,469,2017-11-07 15:23:56 UTC,0,2017-11-07,15,Tue
79176,2,1,13,469,2017-11-07 15:24:41 UTC,0,2017-11-07,15,Tue
24795,13,3543,748,469,2017-11-07 16:28:51 UTC,0,2017-11-07,16,Tue
41181,2,1,19,469,2017-11-07 22:04:10 UTC,0,2017-11-07,22,Tue
182367,2,1,13,469,2017-11-07 23:50:18 UTC,0,2017-11-07,23,Tue
123839,2,1,11,469,2017-11-08 00:16:12 UTC,0,2017-11-08,0,Wed
101300,2,1,19,469,2017-11-08 00:20:22 UTC,0,2017-11-08,0,Wed
76811,2,1,2,469,2017-11-08 00:23:33 UTC,0,2017-11-08,0,Wed
25158,13,1,19,469,2017-11-08 00:28:00 UTC,0,2017-11-08,0,Wed
75975,2,1,8,469,2017-11-08 01:55:50 UTC,0,2017-11-08,1,Wed
50055,2,1,41,469,2017-11-08 01:57:13 UTC,0,2017-11-08,1,Wed
86767,13,1,8,469,2017-11-08 02:23:22 UTC,0,2017-11-08,2,Wed
98881,13,1,19,469,2017-11-08 03:58:08 UTC,0,2017-11-08,3,Wed
213532,2,1,8,469,2017-11-08 04:35:10 UTC,0,2017-11-08,4,Wed
87673,2,1,15,469,2017-11-08 04:48:20 UTC,0,2017-11-08,4,Wed
76792,13,1,19,469,2017-11-08 04:48:51 UTC,0,2017-11-08,4,Wed
149535,2,1,13,469,2017-11-08 05:09:19 UTC,0,2017-11-08,5,Wed
100840,13,1,13,469,2017-11-08 05:59:09 UTC,0,2017-11-08,5,Wed
179199,2,1,47,469,2017-11-08 06:35:53 UTC,0,2017-11-08,6,Wed
196529,2,1,19,469,2017-11-08 06:42:33 UTC,0,2017-11-08,6,Wed
237370,2,1,30,469,2017-11-08 06:51:46 UTC,0,2017-11-08,6,Wed
8870,13,1,17,469,2017-11-08 07:20:19 UTC,0,2017-11-08,7,Wed
45275,2,1,13,469,2017-11-08 07:50:57 UTC,0,2017-11-08,7,Wed
148032,2,1,19,469,2017-11-08 08:54:28 UTC,0,2017-11-08,8,Wed
241622,11,1,19,469,2017-11-08 10:35:55 UTC,0,2017-11-08,10,Wed
32391,2,1,13,469,2017-11-08 11:08:44 UTC,0,2017-11-08,11,Wed
121187,13,1,13,469,2017-11-08 11:27:36 UTC,0,2017-11-08,11,Wed
89405,13,1,20,469,2017-11-08 11:46:59 UTC,0,2017-11-08,11,Wed
2027,2,1,14,469,2017-11-08 11:49:03 UTC,0,2017-11-08,11,Wed
114854,2,1,19,469,2017-11-08 12:11:45 UTC,0,2017-11-08,12,Wed
30587,2,1,19,469,2017-11-08 12:24:11 UTC,0,2017-11-08,12,Wed
248946,11,1,19,469,2017-11-08 12:36:38 UTC,0,2017-11-08,12,Wed
95766,2,1,19,469,2017-11-08 13:34:43 UTC,0,2017-11-08,13,Wed
44164,2,1,27,469,2017-11-08 13:52:09 UTC,0,2017-11-08,13,Wed
73487,2,1,174,469,2017-11-08 14:14:27 UTC,0,2017-11-08,14,Wed
111588,13,1,19,469,2017-11-08 14:26:34 UTC,0,2017-11-08,14,Wed
99075,13,1,13,469,2017-11-08 14:32:52 UTC,0,2017-11-08,14,Wed
86767,2,1,3,469,2017-11-08 14:57:50 UTC,0,2017-11-08,14,Wed
90485,2,1,19,469,2017-11-08 15:03:10 UTC,0,2017-11-08,15,Wed
86383,2,1,19,469,2017-11-08 15:32:25 UTC,0,2017-11-08,15,Wed
100356,2,1,47,469,2017-11-08 15:50:24 UTC,0,2017-11-08,15,Wed
361877,2,1,19,469,2017-11-08 16:37:11 UTC,0,2017-11-08,16,Wed
26583,2,1,13,469,2017-11-08 16:52:38 UTC,0,2017-11-08,16,Wed
92904,2,1,17,469,2017-11-08 17:40:44 UTC,0,2017-11-08,17,Wed
159945,11,1,13,469,2017-11-08 22:35:38 UTC,0,2017-11-08,22,Wed
29347,11,1,15,469,2017-11-08 22:39:42 UTC,0,2017-11-08,22,Wed
242813,2,1,40,469,2017-11-08 22:56:51 UTC,0,2017-11-08,22,Wed
75979,2,1,13,469,2017-11-08 23:03:18 UTC,0,2017-11-08,23,Wed
40815,2,1,18,469,2017-11-08 23:16:01 UTC,0,2017-11-08,23,Wed
111409,13,1,10,469,2017-11-08 23:46:29 UTC,0,2017-11-08,23,Wed
306237,11,1,17,469,2017-11-09 00:01:09 UTC,0,2017-11-09,0,Thu
105475,2,1,32,469,2017-11-09 00:30:57 UTC,0,2017-11-09,0,Thu
31158,2,1,19,469,2017-11-09 01:15:48 UTC,0,2017-11-09,1,Thu
66184,13,1,14,469,2017-11-09 01:16:41 UTC,0,2017-11-09,1,Thu
121087,2,1,19,469,2017-11-09 01:53:58 UTC,0,2017-11-09,1,Thu
76068,2,1,22,469,2017-11-09 01:56:23 UTC,0,2017-11-09,1,Thu
30164,13,1,16,469,2017-11-09 03:05:17 UTC,0,2017-11-09,3,Thu
40767,13,1,17,469,2017-11-09 03:35:48 UTC,0,2017-11-09,3,Thu
86078,2,1,19,469,2017-11-09 04:14:46 UTC,0,2017-11-09,4,Thu
26703,2,1,13,469,2017-11-09 04:15:05 UTC,0,2017-11-09,4,Thu
123763,2,1,19,469,2017-11-09 05:22:54 UTC,0,2017-11-09,5,Thu
112765,2,1,58,469,2017-11-09 05:34:48 UTC,0,2017-11-09,5,Thu
75057,2,1,25,469,2017-11-09 05:37:06 UTC,0,2017-11-09,5,Thu
121679,2,1,13,469,2017-11-09 05:48:33 UTC,0,2017-11-09,5,Thu
123709,13,1,6,469,2017-11-09 06:46:54 UTC,0,2017-11-09,6,Thu
6410,13,1,19,469,2017-11-09 07:02:42 UTC,0,2017-11-09,7,Thu
112302,2,1,41,469,2017-11-09 07:33:21 UTC,0,2017-11-09,7,Thu
68963,2,1,19,469,2017-11-09 07:53:55 UTC,0,2017-11-09,7,Thu
280287,2,1,19,469,2017-11-09 08:10:02 UTC,0,2017-11-09,8,Thu
88935,2,1,19,469,2017-11-09 08:56:47 UTC,0,2017-11-09,8,Thu
126043,2,1,19,469,2017-11-09 08:58:53 UTC,0,2017-11-09,8,Thu
32372,13,1,18,469,2017-11-09 09:02:52 UTC,0,2017-11-09,9,Thu
4977,13,1,44,469,2017-11-09 09:18:24 UTC,0,2017-11-09,9,Thu
55705,13,1,10,469,2017-11-09 10:23:39 UTC,0,2017-11-09,10,Thu
53715,2,1,47,469,2017-11-09 11:26:57 UTC,0,2017-11-09,11,Thu
53454,2,2,17,469,2017-11-09 11:38:53 UTC,0,2017-11-09,11,Thu
177427,2,1,20,469,2017-11-09 12:14:12 UTC,0,2017-11-09,12,Thu
6516,11,1,8,469,2017-11-09 12:17:27 UTC,0,2017-11-09,12,Thu
84896,2,1,19,469,2017-11-09 12:42:40 UTC,0,2017-11-09,12,Thu
318934,13,1,19,469,2017-11-09 13:01:02 UTC,0,2017-11-09,13,Thu
17191,2,1,22,469,2017-11-09 13:20:44 UTC,0,2017-11-09,13,Thu
4052,2,1,37,469,2017-11-09 13:34:36 UTC,0,2017-11-09,13,Thu
1528,2,1,13,469,2017-11-09 13:40:09 UTC,0,2017-11-09,13,Thu
255,13,1,13,469,2017-11-09 14:01:54 UTC,0,2017-11-09,14,Thu
116272,13,1,14,469,2017-11-09 15:10:56 UTC,0,2017-11-09,15,Thu
77295,13,1,17,469,2017-11-09 15:13:37 UTC,0,2017-11-09,15,Thu
66644,2,1,6,469,2017-11-09 15:52:03 UTC,0,2017-11-09,15,Thu
66266,2,1,18,477,2017-11-06 16:21:46 UTC,0,2017-11-06,16,Mon
126461,2,1,15,477,2017-11-06 16:32:07 UTC,0,2017-11-06,16,Mon
95541,2,1,13,477,2017-11-06 17:05:55 UTC,0,2017-11-06,17,Mon
72460,13,1,2,477,2017-11-06 17:06:26 UTC,0,2017-11-06,17,Mon
48288,2,1,18,477,2017-11-06 17:14:00 UTC,0,2017-11-06,17,Mon
106723,2,1,8,477,2017-11-06 17:17:46 UTC,0,2017-11-06,17,Mon
64209,13,1,20,477,2017-11-06 17:23:19 UTC,0,2017-11-06,17,Mon
158006,2,1,22,477,2017-11-06 17:36:13 UTC,0,2017-11-06,17,Mon
8179,13,1,53,477,2017-11-06 17:43:55 UTC,0,2017-11-06,17,Mon
15290,13,1,8,477,2017-11-06 17:46:21 UTC,0,2017-11-06,17,Mon
126693,2,1,22,477,2017-11-06 19:12:11 UTC,0,2017-11-06,19,Mon
77216,2,1,20,477,2017-11-06 22:29:40 UTC,0,2017-11-06,22,Mon
76727,13,1,19,477,2017-11-06 22:48:46 UTC,0,2017-11-06,22,Mon
5348,13,1,27,477,2017-11-06 23:08:35 UTC,0,2017-11-06,23,Mon
80228,2,1,13,477,2017-11-06 23:16:10 UTC,0,2017-11-06,23,Mon
145260,2,1,28,477,2017-11-06 23:24:02 UTC,0,2017-11-06,23,Mon
184489,13,1,19,477,2017-11-06 23:27:55 UTC,0,2017-11-06,23,Mon
110077,2,1,19,477,2017-11-06 23:37:44 UTC,0,2017-11-06,23,Mon
49538,2,1,6,477,2017-11-06 23:42:13 UTC,0,2017-11-06,23,Mon
103335,13,1,47,477,2017-11-06 23:55:50 UTC,0,2017-11-06,23,Mon
27906,2,1,17,477,2017-11-07 00:08:43 UTC,0,2017-11-07,0,Tue
152416,2,1,13,477,2017-11-07 00:37:11 UTC,0,2017-11-07,0,Tue
90224,13,1,13,477,2017-11-07 00:44:39 UTC,0,2017-11-07,0,Tue
43827,13,1,18,477,2017-11-07 00:45:41 UTC,0,2017-11-07,0,Tue
57400,13,1,19,477,2017-11-07 00:45:49 UTC,0,2017-11-07,0,Tue
85045,2,1,19,477,2017-11-07 00:55:32 UTC,0,2017-11-07,0,Tue
167719,2,1,6,477,2017-11-07 01:08:32 UTC,0,2017-11-07,1,Tue
103351,2,1,19,477,2017-11-07 01:17:33 UTC,0,2017-11-07,1,Tue
156330,13,1,16,477,2017-11-07 01:18:24 UTC,0,2017-11-07,1,Tue
64593,13,1,13,477,2017-11-07 01:31:53 UTC,0,2017-11-07,1,Tue
139435,13,1,13,477,2017-11-07 01:35:48 UTC,0,2017-11-07,1,Tue
203637,2,1,23,477,2017-11-07 01:46:40 UTC,0,2017-11-07,1,Tue
132538,2,1,13,477,2017-11-07 01:52:46 UTC,0,2017-11-07,1,Tue
29915,2,1,19,477,2017-11-07 02:49:12 UTC,0,2017-11-07,2,Tue
128221,13,1,19,477,2017-11-07 02:50:04 UTC,0,2017-11-07,2,Tue
200609,13,1,19,477,2017-11-07 02:53:51 UTC,0,2017-11-07,2,Tue
163632,13,1,19,477,2017-11-07 02:56:49 UTC,0,2017-11-07,2,Tue
26208,2,1,19,477,2017-11-07 03:04:31 UTC,0,2017-11-07,3,Tue
173196,13,1,23,477,2017-11-07 03:08:10 UTC,0,2017-11-07,3,Tue
164896,2,1,13,477,2017-11-07 03:13:36 UTC,0,2017-11-07,3,Tue
30203,13,1,19,477,2017-11-07 03:22:34 UTC,0,2017-11-07,3,Tue
87877,13,1,37,477,2017-11-07 03:23:16 UTC,0,2017-11-07,3,Tue
204953,2,1,32,477,2017-11-07 03:32:27 UTC,0,2017-11-07,3,Tue
201182,2,1,25,477,2017-11-07 03:37:44 UTC,0,2017-11-07,3,Tue
151109,13,1,19,477,2017-11-07 03:42:26 UTC,0,2017-11-07,3,Tue
61326,13,1,19,477,2017-11-07 03:44:31 UTC,0,2017-11-07,3,Tue
124938,2,1,13,477,2017-11-07 03:50:48 UTC,0,2017-11-07,3,Tue
47422,13,1,13,477,2017-11-07 03:57:15 UTC,0,2017-11-07,3,Tue
150739,2,1,15,477,2017-11-07 04:06:14 UTC,0,2017-11-07,4,Tue
55960,13,1,22,477,2017-11-07 04:26:31 UTC,0,2017-11-07,4,Tue
114490,2,1,19,477,2017-11-07 04:28:50 UTC,0,2017-11-07,4,Tue
50128,13,1,19,477,2017-11-07 04:29:37 UTC,0,2017-11-07,4,Tue
81973,2,1,19,477,2017-11-07 04:31:36 UTC,0,2017-11-07,4,Tue
88992,2,1,17,477,2017-11-07 04:34:24 UTC,0,2017-11-07,4,Tue
10053,2,1,6,477,2017-11-07 04:51:12 UTC,0,2017-11-07,4,Tue
54657,2,1,13,477,2017-11-07 04:51:31 UTC,0,2017-11-07,4,Tue
77257,2,1,18,477,2017-11-07 04:53:56 UTC,0,2017-11-07,4,Tue
152714,13,1,8,477,2017-11-07 05:04:03 UTC,0,2017-11-07,5,Tue
55428,2,1,13,477,2017-11-07 05:07:54 UTC,0,2017-11-07,5,Tue
110327,2,1,19,477,2017-11-07 05:08:03 UTC,0,2017-11-07,5,Tue
30016,2,1,19,477,2017-11-07 05:09:39 UTC,0,2017-11-07,5,Tue
41691,2,1,6,477,2017-11-07 05:18:31 UTC,0,2017-11-07,5,Tue
102208,2,1,12,477,2017-11-07 05:25:44 UTC,0,2017-11-07,5,Tue
136279,13,1,19,477,2017-11-07 05:26:57 UTC,0,2017-11-07,5,Tue
75644,2,1,19,477,2017-11-07 05:31:37 UTC,0,2017-11-07,5,Tue
114904,2,1,6,477,2017-11-07 05:34:01 UTC,0,2017-11-07,5,Tue
100309,2,1,19,477,2017-11-07 05:34:43 UTC,0,2017-11-07,5,Tue
38095,2,1,17,477,2017-11-07 05:35:53 UTC,0,2017-11-07,5,Tue
81695,2,1,13,477,2017-11-07 05:43:48 UTC,0,2017-11-07,5,Tue
4989,2,1,42,477,2017-11-07 05:44:22 UTC,0,2017-11-07,5,Tue
104705,13,1,13,477,2017-11-07 05:44:49 UTC,0,2017-11-07,5,Tue
207815,13,1,13,477,2017-11-07 05:45:47 UTC,0,2017-11-07,5,Tue
115748,13,1,10,477,2017-11-07 05:46:51 UTC,0,2017-11-07,5,Tue
60010,2,1,13,477,2017-11-07 05:47:14 UTC,0,2017-11-07,5,Tue
20116,2,1,13,477,2017-11-07 05:47:29 UTC,0,2017-11-07,5,Tue
7466,2,1,13,477,2017-11-07 05:59:05 UTC,0,2017-11-07,5,Tue
64756,13,1,19,477,2017-11-07 06:03:49 UTC,0,2017-11-07,6,Tue
53454,2,1,12,477,2017-11-07 06:06:31 UTC,0,2017-11-07,6,Tue
17321,2,1,13,477,2017-11-07 06:12:12 UTC,0,2017-11-07,6,Tue
17853,13,1,15,477,2017-11-07 06:24:03 UTC,0,2017-11-07,6,Tue
114276,2,1,8,477,2017-11-07 06:36:53 UTC,0,2017-11-07,6,Tue
15652,13,1,37,477,2017-11-07 06:57:15 UTC,0,2017-11-07,6,Tue
211188,13,1,19,477,2017-11-07 06:57:45 UTC,0,2017-11-07,6,Tue
90837,13,1,32,477,2017-11-07 07:02:36 UTC,0,2017-11-07,7,Tue
8469,13,1,10,477,2017-11-07 07:14:22 UTC,0,2017-11-07,7,Tue
117651,2,1,13,477,2017-11-07 07:31:17 UTC,0,2017-11-07,7,Tue
148126,13,1,18,477,2017-11-07 07:32:30 UTC,0,2017-11-07,7,Tue
4869,2,1,13,477,2017-11-07 07:38:40 UTC,0,2017-11-07,7,Tue
108103,2,1,13,477,2017-11-07 07:43:45 UTC,0,2017-11-07,7,Tue
100275,2,1,19,477,2017-11-07 07:55:14 UTC,0,2017-11-07,7,Tue
152945,13,1,30,477,2017-11-07 07:56:59 UTC,0,2017-11-07,7,Tue
43872,13,1,13,477,2017-11-07 08:50:57 UTC,0,2017-11-07,8,Tue
35984,13,1,8,477,2017-11-07 09:00:20 UTC,0,2017-11-07,9,Tue
38852,13,1,15,477,2017-11-07 09:00:23 UTC,0,2017-11-07,9,Tue
158804,13,1,19,477,2017-11-07 09:10:41 UTC,0,2017-11-07,9,Tue
44256,13,1,17,477,2017-11-07 09:11:32 UTC,0,2017-11-07,9,Tue
198958,2,1,3,477,2017-11-07 09:13:31 UTC,0,2017-11-07,9,Tue
59159,13,1,13,477,2017-11-07 09:16:17 UTC,0,2017-11-07,9,Tue
118728,2,1,10,477,2017-11-07 09:20:21 UTC,0,2017-11-07,9,Tue
90837,13,1,13,477,2017-11-07 09:28:48 UTC,0,2017-11-07,9,Tue
54841,13,1,3,477,2017-11-07 09:37:57 UTC,0,2017-11-07,9,Tue
3994,13,1,13,477,2017-11-07 09:51:06 UTC,0,2017-11-07,9,Tue
139542,13,1,42,477,2017-11-07 10:04:39 UTC,0,2017-11-07,10,Tue
84896,2,1,3,477,2017-11-07 10:12:24 UTC,0,2017-11-07,10,Tue
8645,13,1,6,477,2017-11-07 10:17:01 UTC,0,2017-11-07,10,Tue
5314,2,1,6,477,2017-11-07 10:20:03 UTC,0,2017-11-07,10,Tue
50969,13,1,8,477,2017-11-07 10:25:29 UTC,0,2017-11-07,10,Tue
185956,13,1,19,477,2017-11-07 10:40:54 UTC,0,2017-11-07,10,Tue
51992,2,1,2,477,2017-11-07 10:44:38 UTC,0,2017-11-07,10,Tue
5314,2,1,11,477,2017-11-07 11:31:48 UTC,0,2017-11-07,11,Tue
86767,2,1,6,477,2017-11-07 11:33:46 UTC,0,2017-11-07,11,Tue
76979,13,1,22,477,2017-11-07 11:40:28 UTC,0,2017-11-07,11,Tue
43959,13,1,13,477,2017-11-07 11:41:11 UTC,0,2017-11-07,11,Tue
101921,13,1,13,477,2017-11-07 11:54:29 UTC,0,2017-11-07,11,Tue
124540,2,2,9,477,2017-11-07 11:59:43 UTC,0,2017-11-07,11,Tue
9867,13,1,19,477,2017-11-07 12:25:32 UTC,0,2017-11-07,12,Tue
37287,13,1,19,477,2017-11-07 12:48:06 UTC,0,2017-11-07,12,Tue
90814,13,1,19,477,2017-11-07 12:51:22 UTC,0,2017-11-07,12,Tue
95766,13,1,37,477,2017-11-07 12:53:48 UTC,0,2017-11-07,12,Tue
107091,2,1,13,477,2017-11-07 13:01:36 UTC,0,2017-11-07,13,Tue
95766,2,1,6,477,2017-11-07 13:42:41 UTC,0,2017-11-07,13,Tue
209663,2,1,22,477,2017-11-07 13:59:39 UTC,0,2017-11-07,13,Tue
45745,13,1,19,477,2017-11-07 14:00:03 UTC,0,2017-11-07,14,Tue
4052,13,1,19,477,2017-11-07 14:02:33 UTC,0,2017-11-07,14,Tue
122253,2,1,19,477,2017-11-07 14:09:11 UTC,0,2017-11-07,14,Tue
27627,2,1,19,477,2017-11-07 14:19:28 UTC,0,2017-11-07,14,Tue
20556,13,1,41,477,2017-11-07 14:49:54 UTC,0,2017-11-07,14,Tue
49407,2,1,42,477,2017-11-07 15:00:57 UTC,0,2017-11-07,15,Tue
49383,2,1,20,477,2017-11-07 15:08:09 UTC,0,2017-11-07,15,Tue
126297,2,1,18,477,2017-11-07 15:10:32 UTC,0,2017-11-07,15,Tue
78144,13,1,35,477,2017-11-07 15:20:44 UTC,0,2017-11-07,15,Tue
15026,2,1,1,477,2017-11-07 15:32:13 UTC,0,2017-11-07,15,Tue
91661,2,1,13,477,2017-11-07 15:36:10 UTC,0,2017-11-07,15,Tue
27751,13,1,16,477,2017-11-07 15:39:36 UTC,0,2017-11-07,15,Tue
5348,2,1,9,477,2017-11-07 15:41:25 UTC,0,2017-11-07,15,Tue
67097,2,2,49,477,2017-11-07 15:44:19 UTC,0,2017-11-07,15,Tue
114235,2,1,9,477,2017-11-07 15:56:04 UTC,0,2017-11-07,15,Tue
152714,13,1,15,477,2017-11-07 15:59:31 UTC,0,2017-11-07,15,Tue
44527,2,1,9,477,2017-11-07 16:08:16 UTC,0,2017-11-07,16,Tue
44661,2,1,19,477,2017-11-07 16:25:51 UTC,0,2017-11-07,16,Tue
77041,2,1,18,477,2017-11-07 16:29:34 UTC,0,2017-11-07,16,Tue
6123,13,1,18,477,2017-11-07 16:30:20 UTC,0,2017-11-07,16,Tue
53454,2,1,13,477,2017-11-07 16:33:07 UTC,0,2017-11-07,16,Tue
36434,2,1,41,477,2017-11-07 16:49:24 UTC,0,2017-11-07,16,Tue
5314,2,1,19,477,2017-11-07 17:00:13 UTC,0,2017-11-07,17,Tue
105560,13,1,22,477,2017-11-07 17:11:09 UTC,0,2017-11-07,17,Tue
105475,2,1,18,477,2017-11-07 17:36:05 UTC,0,2017-11-07,17,Tue
78648,2,1,17,477,2017-11-07 17:37:25 UTC,0,2017-11-07,17,Tue
118440,2,1,13,477,2017-11-07 18:21:34 UTC,0,2017-11-07,18,Tue
10434,2,1,13,477,2017-11-07 19:36:17 UTC,0,2017-11-07,19,Tue
65762,13,1,19,477,2017-11-07 20:12:16 UTC,0,2017-11-07,20,Tue
87399,2,1,10,477,2017-11-07 21:02:04 UTC,0,2017-11-07,21,Tue
113357,13,1,25,477,2017-11-07 21:31:44 UTC,0,2017-11-07,21,Tue
22975,2,1,19,477,2017-11-07 22:15:18 UTC,0,2017-11-07,22,Tue
61667,2,1,19,477,2017-11-07 22:27:16 UTC,0,2017-11-07,22,Tue
5812,2,1,15,477,2017-11-07 22:39:40 UTC,0,2017-11-07,22,Tue
118284,13,1,17,477,2017-11-07 23:00:01 UTC,0,2017-11-07,23,Tue
35456,2,1,17,477,2017-11-07 23:22:32 UTC,0,2017-11-07,23,Tue
114276,2,1,13,477,2017-11-07 23:48:46 UTC,0,2017-11-07,23,Tue
43984,13,1,19,477,2017-11-07 23:48:56 UTC,0,2017-11-07,23,Tue
221083,13,1,19,477,2017-11-07 23:59:17 UTC,0,2017-11-07,23,Tue
2572,13,1,28,477,2017-11-08 00:10:35 UTC,0,2017-11-08,0,Wed
44327,13,1,10,477,2017-11-08 00:13:17 UTC,0,2017-11-08,0,Wed
3102,13,1,13,477,2017-11-08 00:14:43 UTC,0,2017-11-08,0,Wed
20449,13,1,19,477,2017-11-08 00:41:40 UTC,0,2017-11-08,0,Wed
196216,2,1,13,477,2017-11-08 00:50:19 UTC,0,2017-11-08,0,Wed
101499,13,1,35,477,2017-11-08 01:05:15 UTC,0,2017-11-08,1,Wed
5853,13,1,53,477,2017-11-08 01:34:05 UTC,0,2017-11-08,1,Wed
39782,13,1,8,477,2017-11-08 01:55:36 UTC,0,2017-11-08,1,Wed
35221,13,1,22,477,2017-11-08 03:10:14 UTC,0,2017-11-08,3,Wed
122032,13,1,19,477,2017-11-08 03:15:04 UTC,0,2017-11-08,3,Wed
835,2,1,19,477,2017-11-08 03:35:47 UTC,0,2017-11-08,3,Wed
125004,2,1,19,477,2017-11-08 03:39:09 UTC,0,2017-11-08,3,Wed
25095,13,1,15,477,2017-11-08 03:57:50 UTC,0,2017-11-08,3,Wed
75813,2,1,25,477,2017-11-08 04:02:50 UTC,0,2017-11-08,4,Wed
93021,2,1,19,477,2017-11-08 04:08:34 UTC,0,2017-11-08,4,Wed
120094,2,1,1,477,2017-11-08 04:12:23 UTC,0,2017-11-08,4,Wed
88281,2,1,10,477,2017-11-08 04:35:00 UTC,0,2017-11-08,4,Wed
75393,13,1,11,477,2017-11-08 04:37:51 UTC,0,2017-11-08,4,Wed
83045,2,1,1,477,2017-11-08 04:50:30 UTC,0,2017-11-08,4,Wed
105560,13,1,25,477,2017-11-08 04:57:59 UTC,0,2017-11-08,4,Wed
94013,13,1,19,477,2017-11-08 05:04:51 UTC,0,2017-11-08,5,Wed
287359,2,1,47,477,2017-11-08 05:10:01 UTC,0,2017-11-08,5,Wed
14236,2,2,65,477,2017-11-08 05:47:38 UTC,0,2017-11-08,5,Wed
9308,13,1,13,477,2017-11-08 05:49:02 UTC,0,2017-11-08,5,Wed
95601,26,1,8,477,2017-11-08 05:52:20 UTC,0,2017-11-08,5,Wed
102446,2,1,13,477,2017-11-08 05:53:32 UTC,0,2017-11-08,5,Wed
75431,13,1,18,477,2017-11-08 06:13:28 UTC,0,2017-11-08,6,Wed
83306,2,1,35,477,2017-11-08 06:13:47 UTC,0,2017-11-08,6,Wed
81329,2,1,13,477,2017-11-08 06:21:59 UTC,0,2017-11-08,6,Wed
30880,2,1,9,477,2017-11-08 06:42:55 UTC,0,2017-11-08,6,Wed
7612,2,1,35,477,2017-11-08 06:45:51 UTC,0,2017-11-08,6,Wed
111702,13,1,19,477,2017-11-08 06:59:27 UTC,0,2017-11-08,6,Wed
75539,2,1,19,477,2017-11-08 07:23:18 UTC,0,2017-11-08,7,Wed
125190,2,1,16,477,2017-11-08 07:31:27 UTC,0,2017-11-08,7,Wed
111102,2,1,25,477,2017-11-08 07:42:26 UTC,0,2017-11-08,7,Wed
29164,2,1,13,477,2017-11-08 07:53:48 UTC,0,2017-11-08,7,Wed
10195,13,1,8,477,2017-11-08 07:54:36 UTC,0,2017-11-08,7,Wed
24537,2,1,13,477,2017-11-08 08:07:39 UTC,0,2017-11-08,8,Wed
50512,2,1,25,477,2017-11-08 08:16:21 UTC,0,2017-11-08,8,Wed
151672,2,1,13,477,2017-11-08 08:23:36 UTC,0,2017-11-08,8,Wed
215649,13,1,11,477,2017-11-08 08:31:06 UTC,0,2017-11-08,8,Wed
246966,26,1,19,477,2017-11-08 08:35:08 UTC,0,2017-11-08,8,Wed
24703,13,1,13,477,2017-11-08 08:35:26 UTC,0,2017-11-08,8,Wed
56257,2,1,2,477,2017-11-08 08:36:25 UTC,0,2017-11-08,8,Wed
90949,26,1,13,477,2017-11-08 08:38:04 UTC,0,2017-11-08,8,Wed
103199,13,1,22,477,2017-11-08 08:51:11 UTC,0,2017-11-08,8,Wed
3363,2,1,6,477,2017-11-08 09:01:40 UTC,0,2017-11-08,9,Wed
95155,13,1,18,477,2017-11-08 09:12:58 UTC,0,2017-11-08,9,Wed
99938,13,1,25,477,2017-11-08 09:18:19 UTC,0,2017-11-08,9,Wed
93886,13,1,19,477,2017-11-08 09:33:30 UTC,0,2017-11-08,9,Wed
278482,13,1,8,477,2017-11-08 09:35:38 UTC,0,2017-11-08,9,Wed
119870,2,1,1,477,2017-11-08 09:54:02 UTC,0,2017-11-08,9,Wed
71417,26,1,19,477,2017-11-08 09:54:14 UTC,0,2017-11-08,9,Wed
71597,13,1,13,477,2017-11-08 10:14:05 UTC,0,2017-11-08,10,Wed
104386,13,1,17,477,2017-11-08 10:20:25 UTC,0,2017-11-08,10,Wed
72967,13,1,19,477,2017-11-08 10:21:03 UTC,0,2017-11-08,10,Wed
49553,2,1,6,477,2017-11-08 10:25:54 UTC,0,2017-11-08,10,Wed
5314,13,1,13,477,2017-11-08 10:28:05 UTC,0,2017-11-08,10,Wed
126339,13,1,20,477,2017-11-08 10:28:22 UTC,0,2017-11-08,10,Wed
5348,13,1,17,477,2017-11-08 10:29:47 UTC,0,2017-11-08,10,Wed
96057,26,1,17,477,2017-11-08 10:46:49 UTC,0,2017-11-08,10,Wed
26807,13,1,6,477,2017-11-08 11:02:22 UTC,0,2017-11-08,11,Wed
28852,2,1,22,477,2017-11-08 11:07:14 UTC,0,2017-11-08,11,Wed
44005,2,1,14,477,2017-11-08 11:09:17 UTC,0,2017-11-08,11,Wed
123635,2,1,1,477,2017-11-08 11:11:36 UTC,0,2017-11-08,11,Wed
92993,26,1,23,477,2017-11-08 11:30:46 UTC,0,2017-11-08,11,Wed
124065,13,1,6,477,2017-11-08 11:32:25 UTC,0,2017-11-08,11,Wed
51718,13,1,13,477,2017-11-08 11:37:07 UTC,0,2017-11-08,11,Wed
189032,13,1,17,477,2017-11-08 11:44:19 UTC,0,2017-11-08,11,Wed
72028,2,1,19,477,2017-11-08 11:46:48 UTC,0,2017-11-08,11,Wed
25485,26,1,13,477,2017-11-08 11:59:31 UTC,0,2017-11-08,11,Wed
114490,2,2,19,477,2017-11-08 12:00:46 UTC,0,2017-11-08,12,Wed
1524,2,1,13,477,2017-11-08 12:35:34 UTC,0,2017-11-08,12,Wed
284210,13,1,19,477,2017-11-08 12:37:08 UTC,0,2017-11-08,12,Wed
265228,2,1,1,477,2017-11-08 12:47:01 UTC,0,2017-11-08,12,Wed
75959,13,1,25,477,2017-11-08 12:50:43 UTC,0,2017-11-08,12,Wed
100339,2,1,18,477,2017-11-08 13:03:05 UTC,0,2017-11-08,13,Wed
103047,26,1,4,477,2017-11-08 13:13:32 UTC,0,2017-11-08,13,Wed
16473,13,1,13,477,2017-11-08 13:19:54 UTC,0,2017-11-08,13,Wed
125928,13,1,13,477,2017-11-08 13:21:32 UTC,0,2017-11-08,13,Wed
29223,2,1,19,477,2017-11-08 13:29:18 UTC,0,2017-11-08,13,Wed
18753,26,1,13,477,2017-11-08 13:43:05 UTC,0,2017-11-08,13,Wed
220613,13,1,17,477,2017-11-08 13:52:16 UTC,0,2017-11-08,13,Wed
43855,13,1,12,477,2017-11-08 13:59:37 UTC,0,2017-11-08,13,Wed
18676,2,1,41,477,2017-11-08 14:24:11 UTC,0,2017-11-08,14,Wed
226759,13,1,32,477,2017-11-08 14:25:54 UTC,0,2017-11-08,14,Wed
34980,26,1,19,477,2017-11-08 14:47:04 UTC,0,2017-11-08,14,Wed
248917,2,1,13,477,2017-11-08 14:58:11 UTC,0,2017-11-08,14,Wed
53479,2,1,6,477,2017-11-08 15:04:20 UTC,0,2017-11-08,15,Wed
104621,13,1,17,477,2017-11-08 15:04:45 UTC,0,2017-11-08,15,Wed
2660,26,1,32,477,2017-11-08 15:09:35 UTC,0,2017-11-08,15,Wed
40204,2,1,13,477,2017-11-08 15:12:28 UTC,0,2017-11-08,15,Wed
119531,26,1,13,477,2017-11-08 15:12:40 UTC,0,2017-11-08,15,Wed
208568,2,1,20,477,2017-11-08 15:16:42 UTC,0,2017-11-08,15,Wed
107954,2,1,19,477,2017-11-08 15:27:51 UTC,0,2017-11-08,15,Wed
209039,13,1,13,477,2017-11-08 15:31:02 UTC,0,2017-11-08,15,Wed
159862,2,1,70,477,2017-11-08 15:50:14 UTC,0,2017-11-08,15,Wed
237884,13,1,9,477,2017-11-08 15:50:52 UTC,0,2017-11-08,15,Wed
5147,2,1,6,477,2017-11-08 15:53:56 UTC,0,2017-11-08,15,Wed
45745,2,1,17,477,2017-11-08 15:58:48 UTC,0,2017-11-08,15,Wed
68079,2,1,13,477,2017-11-08 16:24:49 UTC,0,2017-11-08,16,Wed
126961,2,1,23,477,2017-11-08 16:28:08 UTC,0,2017-11-08,16,Wed
73516,2,2,18,477,2017-11-08 16:29:38 UTC,0,2017-11-08,16,Wed
48488,2,1,19,477,2017-11-08 16:36:50 UTC,0,2017-11-08,16,Wed
81662,2,1,16,477,2017-11-08 16:43:20 UTC,0,2017-11-08,16,Wed
37080,13,1,46,477,2017-11-08 16:58:31 UTC,0,2017-11-08,16,Wed
18596,2,1,22,477,2017-11-08 16:59:00 UTC,0,2017-11-08,16,Wed
255,13,1,96,477,2017-11-08 17:06:14 UTC,0,2017-11-08,17,Wed
362938,2,1,22,477,2017-11-08 17:07:23 UTC,0,2017-11-08,17,Wed
347391,2,1,53,477,2017-11-08 18:22:17 UTC,0,2017-11-08,18,Wed
44493,13,1,18,477,2017-11-08 18:30:02 UTC,0,2017-11-08,18,Wed
322543,2,1,16,477,2017-11-08 18:41:53 UTC,0,2017-11-08,18,Wed
106537,2,1,13,477,2017-11-08 19:11:41 UTC,0,2017-11-08,19,Wed
359632,2,1,6,477,2017-11-08 19:25:36 UTC,0,2017-11-08,19,Wed
106537,2,1,13,477,2017-11-08 19:43:36 UTC,0,2017-11-08,19,Wed
55034,26,1,13,477,2017-11-08 19:49:55 UTC,0,2017-11-08,19,Wed
33503,26,1,19,477,2017-11-08 21:09:06 UTC,0,2017-11-08,21,Wed
79916,26,1,17,477,2017-11-08 22:16:16 UTC,0,2017-11-08,22,Wed
269695,13,1,31,477,2017-11-08 22:23:13 UTC,0,2017-11-08,22,Wed
114802,2,1,13,477,2017-11-08 22:25:06 UTC,0,2017-11-08,22,Wed
319476,2,1,77,477,2017-11-08 22:26:41 UTC,0,2017-11-08,22,Wed
13727,2,1,6,477,2017-11-08 23:03:41 UTC,0,2017-11-08,23,Wed
129931,2,1,35,477,2017-11-08 23:03:51 UTC,0,2017-11-08,23,Wed
45595,2,1,19,477,2017-11-08 23:21:52 UTC,0,2017-11-08,23,Wed
86452,13,1,19,477,2017-11-08 23:29:35 UTC,0,2017-11-08,23,Wed
61718,26,1,19,477,2017-11-08 23:43:59 UTC,0,2017-11-08,23,Wed
17077,26,1,31,477,2017-11-08 23:49:50 UTC,0,2017-11-08,23,Wed
133136,26,1,37,477,2017-11-08 23:52:15 UTC,0,2017-11-08,23,Wed
34380,13,1,13,477,2017-11-08 23:52:21 UTC,0,2017-11-08,23,Wed
5314,2,1,2,477,2017-11-09 00:14:56 UTC,0,2017-11-09,0,Thu
211410,2,1,18,477,2017-11-09 00:15:29 UTC,0,2017-11-09,0,Thu
37919,13,1,13,477,2017-11-09 00:31:27 UTC,0,2017-11-09,0,Thu
37948,13,1,13,477,2017-11-09 00:51:51 UTC,0,2017-11-09,0,Thu
40216,26,1,19,477,2017-11-09 01:06:07 UTC,0,2017-11-09,1,Thu
95631,13,1,19,477,2017-11-09 01:25:30 UTC,0,2017-11-09,1,Thu
112816,13,1,13,477,2017-11-09 01:42:38 UTC,0,2017-11-09,1,Thu
36129,13,1,13,477,2017-11-09 01:57:08 UTC,0,2017-11-09,1,Thu
32457,13,1,22,477,2017-11-09 02:02:40 UTC,0,2017-11-09,2,Thu
209385,2,1,6,477,2017-11-09 02:04:41 UTC,0,2017-11-09,2,Thu
54503,2,1,13,477,2017-11-09 02:25:56 UTC,0,2017-11-09,2,Thu
135457,26,1,17,477,2017-11-09 02:29:52 UTC,0,2017-11-09,2,Thu
191028,13,1,13,477,2017-11-09 02:30:36 UTC,0,2017-11-09,2,Thu
121979,2,1,18,477,2017-11-09 02:34:46 UTC,0,2017-11-09,2,Thu
2786,13,1,13,477,2017-11-09 02:43:53 UTC,0,2017-11-09,2,Thu
50482,2,1,18,477,2017-11-09 03:14:29 UTC,0,2017-11-09,3,Thu
1586,2,1,18,477,2017-11-09 03:34:29 UTC,0,2017-11-09,3,Thu
60925,2,1,20,477,2017-11-09 03:38:20 UTC,0,2017-11-09,3,Thu
319009,13,1,19,477,2017-11-09 03:40:35 UTC,0,2017-11-09,3,Thu
81812,13,1,18,477,2017-11-09 03:46:06 UTC,0,2017-11-09,3,Thu
104398,13,1,3,477,2017-11-09 03:53:09 UTC,0,2017-11-09,3,Thu
44056,13,1,19,477,2017-11-09 04:02:20 UTC,0,2017-11-09,4,Thu
12340,26,1,6,477,2017-11-09 04:09:08 UTC,0,2017-11-09,4,Thu
12610,26,1,13,477,2017-11-09 04:09:53 UTC,0,2017-11-09,4,Thu
189032,13,1,16,477,2017-11-09 04:21:25 UTC,0,2017-11-09,4,Thu
55685,13,1,13,477,2017-11-09 04:32:22 UTC,0,2017-11-09,4,Thu
15171,13,1,14,477,2017-11-09 04:43:36 UTC,0,2017-11-09,4,Thu
42812,13,1,55,477,2017-11-09 04:44:03 UTC,0,2017-11-09,4,Thu
50657,26,1,53,477,2017-11-09 04:49:38 UTC,0,2017-11-09,4,Thu
119369,13,1,19,477,2017-11-09 05:03:44 UTC,0,2017-11-09,5,Thu
221787,13,1,13,477,2017-11-09 05:10:38 UTC,0,2017-11-09,5,Thu
114999,13,1,8,477,2017-11-09 05:10:39 UTC,0,2017-11-09,5,Thu
95366,2,1,6,477,2017-11-09 05:25:48 UTC,0,2017-11-09,5,Thu
36052,2,1,13,477,2017-11-09 05:26:25 UTC,0,2017-11-09,5,Thu
236755,2,1,13,477,2017-11-09 05:34:13 UTC,0,2017-11-09,5,Thu
80770,13,1,13,477,2017-11-09 05:42:48 UTC,0,2017-11-09,5,Thu
80560,13,1,22,477,2017-11-09 05:43:49 UTC,0,2017-11-09,5,Thu
42596,2,1,18,477,2017-11-09 05:44:58 UTC,0,2017-11-09,5,Thu
47251,2,1,19,477,2017-11-09 05:54:35 UTC,0,2017-11-09,5,Thu
38866,2,1,17,477,2017-11-09 05:55:38 UTC,0,2017-11-09,5,Thu
124325,2,1,19,477,2017-11-09 05:55:44 UTC,0,2017-11-09,5,Thu
50395,2,1,13,477,2017-11-09 05:56:06 UTC,0,2017-11-09,5,Thu
73516,2,1,13,477,2017-11-09 05:57:05 UTC,0,2017-11-09,5,Thu
96827,2,1,19,477,2017-11-09 05:59:59 UTC,0,2017-11-09,5,Thu
50482,2,1,15,477,2017-11-09 06:06:56 UTC,0,2017-11-09,6,Thu
96784,13,1,19,477,2017-11-09 06:08:02 UTC,0,2017-11-09,6,Thu
106460,2,1,25,477,2017-11-09 06:10:50 UTC,0,2017-11-09,6,Thu
97744,2,1,17,477,2017-11-09 06:18:34 UTC,0,2017-11-09,6,Thu
38527,2,1,17,477,2017-11-09 06:24:01 UTC,0,2017-11-09,6,Thu
35261,2,1,23,477,2017-11-09 06:35:22 UTC,0,2017-11-09,6,Thu
118094,13,1,8,477,2017-11-09 06:40:50 UTC,0,2017-11-09,6,Thu
40207,2,1,13,477,2017-11-09 06:43:05 UTC,0,2017-11-09,6,Thu
28237,2,1,19,477,2017-11-09 06:46:23 UTC,0,2017-11-09,6,Thu
26751,26,1,19,477,2017-11-09 07:03:03 UTC,0,2017-11-09,7,Thu
110000,2,1,19,477,2017-11-09 07:05:16 UTC,0,2017-11-09,7,Thu
106178,2,1,13,477,2017-11-09 07:09:36 UTC,0,2017-11-09,7,Thu
81138,2,1,40,477,2017-11-09 07:12:41 UTC,0,2017-11-09,7,Thu
63979,26,1,19,477,2017-11-09 07:17:36 UTC,0,2017-11-09,7,Thu
37120,2,1,20,477,2017-11-09 07:19:09 UTC,0,2017-11-09,7,Thu
237196,2,1,41,477,2017-11-09 07:23:28 UTC,0,2017-11-09,7,Thu
196389,2,1,25,477,2017-11-09 07:23:50 UTC,0,2017-11-09,7,Thu
152045,26,1,19,477,2017-11-09 07:30:00 UTC,0,2017-11-09,7,Thu
135450,13,1,13,477,2017-11-09 07:33:30 UTC,0,2017-11-09,7,Thu
8215,2,1,12,477,2017-11-09 07:49:51 UTC,0,2017-11-09,7,Thu
112302,2,2,10,477,2017-11-09 07:49:53 UTC,0,2017-11-09,7,Thu
84876,13,1,13,477,2017-11-09 07:50:17 UTC,0,2017-11-09,7,Thu
100333,13,1,19,477,2017-11-09 07:57:03 UTC,0,2017-11-09,7,Thu
121302,2,1,19,477,2017-11-09 08:03:04 UTC,0,2017-11-09,8,Thu
72000,13,1,19,477,2017-11-09 08:08:46 UTC,0,2017-11-09,8,Thu
87764,2,1,19,477,2017-11-09 08:09:32 UTC,0,2017-11-09,8,Thu
93587,13,1,12,477,2017-11-09 08:13:43 UTC,0,2017-11-09,8,Thu
70491,2,1,13,477,2017-11-09 08:24:38 UTC,0,2017-11-09,8,Thu
182286,26,1,47,477,2017-11-09 08:51:00 UTC,0,2017-11-09,8,Thu
1142,2,1,17,477,2017-11-09 09:06:21 UTC,0,2017-11-09,9,Thu
109096,2,1,10,477,2017-11-09 09:16:42 UTC,0,2017-11-09,9,Thu
326339,13,1,13,477,2017-11-09 09:25:42 UTC,0,2017-11-09,9,Thu
152271,2,1,13,477,2017-11-09 09:26:06 UTC,0,2017-11-09,9,Thu
64022,26,1,10,477,2017-11-09 09:27:12 UTC,0,2017-11-09,9,Thu
32788,2,1,36,477,2017-11-09 09:28:35 UTC,0,2017-11-09,9,Thu
198160,26,1,22,477,2017-11-09 09:42:33 UTC,0,2017-11-09,9,Thu
3964,2,1,6,477,2017-11-09 09:54:12 UTC,0,2017-11-09,9,Thu
554,13,1,19,477,2017-11-09 10:03:22 UTC,0,2017-11-09,10,Thu
70576,2,1,19,477,2017-11-09 10:04:57 UTC,0,2017-11-09,10,Thu
93642,26,1,18,477,2017-11-09 10:07:02 UTC,0,2017-11-09,10,Thu
43793,2,1,13,477,2017-11-09 10:23:54 UTC,0,2017-11-09,10,Thu
5348,2,1,41,477,2017-11-09 10:29:06 UTC,0,2017-11-09,10,Thu
25705,13,1,19,477,2017-11-09 10:32:16 UTC,0,2017-11-09,10,Thu
115717,13,1,20,477,2017-11-09 10:44:18 UTC,0,2017-11-09,10,Thu
4414,2,1,13,477,2017-11-09 11:38:42 UTC,0,2017-11-09,11,Thu
5178,26,1,17,477,2017-11-09 11:41:19 UTC,0,2017-11-09,11,Thu
46720,13,1,19,477,2017-11-09 11:51:52 UTC,0,2017-11-09,11,Thu
119349,13,1,22,477,2017-11-09 11:57:37 UTC,0,2017-11-09,11,Thu
121339,26,1,17,477,2017-11-09 12:04:20 UTC,0,2017-11-09,12,Thu
346524,2,1,2,477,2017-11-09 12:10:06 UTC,0,2017-11-09,12,Thu
114816,13,1,19,477,2017-11-09 12:31:55 UTC,0,2017-11-09,12,Thu
5314,2,1,6,477,2017-11-09 12:43:59 UTC,0,2017-11-09,12,Thu
202193,13,1,18,477,2017-11-09 12:51:35 UTC,0,2017-11-09,12,Thu
122415,13,1,6,477,2017-11-09 13:00:30 UTC,0,2017-11-09,13,Thu
32412,13,1,40,477,2017-11-09 13:15:12 UTC,0,2017-11-09,13,Thu
121472,13,1,9,477,2017-11-09 13:31:26 UTC,0,2017-11-09,13,Thu
98317,26,1,42,477,2017-11-09 13:40:28 UTC,0,2017-11-09,13,Thu
48671,13,1,19,477,2017-11-09 13:47:43 UTC,0,2017-11-09,13,Thu
93263,13,2,20,477,2017-11-09 13:47:56 UTC,0,2017-11-09,13,Thu
108535,13,1,8,477,2017-11-09 13:55:16 UTC,0,2017-11-09,13,Thu
53454,26,1,13,477,2017-11-09 14:21:13 UTC,0,2017-11-09,14,Thu
93587,13,1,9,477,2017-11-09 14:22:47 UTC,0,2017-11-09,14,Thu
94385,13,1,19,477,2017-11-09 14:26:32 UTC,0,2017-11-09,14,Thu
14611,13,1,9,477,2017-11-09 14:44:37 UTC,0,2017-11-09,14,Thu
345196,2,1,6,477,2017-11-09 14:45:37 UTC,0,2017-11-09,14,Thu
52692,26,1,15,477,2017-11-09 14:59:06 UTC,0,2017-11-09,14,Thu
130996,2,1,13,477,2017-11-09 15:00:36 UTC,0,2017-11-09,15,Thu
11593,2,1,16,477,2017-11-09 15:30:47 UTC,0,2017-11-09,15,Thu
107115,2,1,9,477,2017-11-09 15:40:19 UTC,0,2017-11-09,15,Thu
40259,13,1,19,477,2017-11-09 15:42:11 UTC,0,2017-11-09,15,Thu
123994,26,1,22,477,2017-11-09 15:51:12 UTC,0,2017-11-09,15,Thu
289892,2,1,20,477,2017-11-09 15:57:17 UTC,0,2017-11-09,15,Thu
24021,20,1,19,478,2017-11-07 00:18:42 UTC,0,2017-11-07,0,Tue
123994,20,1,20,478,2017-11-07 01:45:24 UTC,0,2017-11-07,1,Tue
6262,20,1,19,478,2017-11-07 02:39:19 UTC,0,2017-11-07,2,Tue
69510,20,1,19,478,2017-11-07 05:15:30 UTC,0,2017-11-07,5,Tue
3133,20,1,19,478,2017-11-07 05:20:14 UTC,0,2017-11-07,5,Tue
81859,20,1,22,478,2017-11-07 07:13:03 UTC,0,2017-11-07,7,Tue
169058,20,1,37,478,2017-11-07 08:47:31 UTC,0,2017-11-07,8,Tue
106898,20,1,11,478,2017-11-07 11:47:08 UTC,0,2017-11-07,11,Tue
84896,20,1,19,478,2017-11-07 12:25:38 UTC,0,2017-11-07,12,Tue
77318,20,1,30,478,2017-11-07 13:43:29 UTC,0,2017-11-07,13,Tue
77277,20,1,13,478,2017-11-07 14:14:04 UTC,0,2017-11-07,14,Tue
95473,20,1,53,478,2017-11-07 15:54:38 UTC,0,2017-11-07,15,Tue
18219,14,1,19,478,2017-11-07 17:03:21 UTC,0,2017-11-07,17,Tue
81556,20,1,18,478,2017-11-07 19:40:20 UTC,0,2017-11-07,19,Tue
34388,20,1,13,478,2017-11-07 23:39:11 UTC,0,2017-11-07,23,Tue
262075,20,1,13,478,2017-11-08 01:22:42 UTC,0,2017-11-08,1,Wed
92890,20,1,19,478,2017-11-08 03:12:39 UTC,0,2017-11-08,3,Wed
43537,20,1,19,478,2017-11-08 05:39:06 UTC,0,2017-11-08,5,Wed
120419,20,1,19,478,2017-11-08 05:53:55 UTC,0,2017-11-08,5,Wed
92721,14,1,13,478,2017-11-08 09:53:40 UTC,0,2017-11-08,9,Wed
77844,20,1,19,478,2017-11-08 14:07:38 UTC,0,2017-11-08,14,Wed
101487,20,1,19,478,2017-11-09 02:24:06 UTC,0,2017-11-09,2,Thu
59763,20,1,19,478,2017-11-09 02:38:37 UTC,0,2017-11-09,2,Thu
121679,20,1,18,478,2017-11-09 04:58:31 UTC,0,2017-11-09,4,Thu
119372,20,1,3,478,2017-11-09 08:26:41 UTC,0,2017-11-09,8,Thu
10392,20,1,22,478,2017-11-09 08:41:23 UTC,0,2017-11-09,8,Thu
203156,20,1,13,478,2017-11-09 09:53:42 UTC,0,2017-11-09,9,Thu
119369,20,1,3,478,2017-11-09 11:35:29 UTC,0,2017-11-09,11,Thu
45308,20,1,35,478,2017-11-09 11:38:16 UTC,0,2017-11-09,11,Thu
113326,20,1,19,478,2017-11-09 11:47:50 UTC,0,2017-11-09,11,Thu
54910,20,1,12,478,2017-11-09 13:55:26 UTC,0,2017-11-09,13,Thu
125460,23,1,20,479,2017-11-06 22:48:57 UTC,0,2017-11-06,22,Mon
106485,23,1,18,479,2017-11-09 08:59:58 UTC,0,2017-11-09,8,Thu
48418,15,1,13,480,2017-11-06 16:51:40 UTC,0,2017-11-06,16,Mon
119715,14,1,19,480,2017-11-06 17:14:47 UTC,0,2017-11-06,17,Mon
32286,3,1,19,480,2017-11-06 17:31:33 UTC,0,2017-11-06,17,Mon
81807,3,1,6,480,2017-11-06 22:27:50 UTC,0,2017-11-06,22,Mon
53765,3,1,18,480,2017-11-06 23:17:41 UTC,0,2017-11-06,23,Mon
139511,15,1,19,480,2017-11-07 00:37:41 UTC,0,2017-11-07,0,Tue
68568,3,1,19,480,2017-11-07 00:59:41 UTC,0,2017-11-07,0,Tue
66948,3,1,13,480,2017-11-07 01:08:16 UTC,0,2017-11-07,1,Tue
48646,3,1,13,480,2017-11-07 01:19:47 UTC,0,2017-11-07,1,Tue
180624,14,1,13,480,2017-11-07 02:28:01 UTC,0,2017-11-07,2,Tue
31536,3,1,18,480,2017-11-07 02:34:21 UTC,0,2017-11-07,2,Tue
114736,3,1,13,480,2017-11-07 03:05:21 UTC,0,2017-11-07,3,Tue
157020,14,1,13,480,2017-11-07 03:24:28 UTC,0,2017-11-07,3,Tue
160793,14,1,53,480,2017-11-07 03:28:17 UTC,0,2017-11-07,3,Tue
50696,14,1,17,480,2017-11-07 03:47:59 UTC,0,2017-11-07,3,Tue
95631,15,1,12,480,2017-11-07 03:57:44 UTC,0,2017-11-07,3,Tue
100212,15,1,20,480,2017-11-07 04:04:42 UTC,0,2017-11-07,4,Tue
105024,14,1,41,480,2017-11-07 04:27:20 UTC,0,2017-11-07,4,Tue
49234,3,1,13,480,2017-11-07 04:37:58 UTC,0,2017-11-07,4,Tue
16462,14,1,10,480,2017-11-07 05:11:26 UTC,0,2017-11-07,5,Tue
136705,3,2,19,480,2017-11-07 05:15:01 UTC,0,2017-11-07,5,Tue
182820,3,1,17,480,2017-11-07 05:24:01 UTC,0,2017-11-07,5,Tue
55891,3,1,18,480,2017-11-07 05:45:27 UTC,0,2017-11-07,5,Tue
95766,3,1,13,480,2017-11-07 05:47:44 UTC,0,2017-11-07,5,Tue
63840,14,2,9,480,2017-11-07 05:59:53 UTC,0,2017-11-07,5,Tue
116281,3,1,47,480,2017-11-07 06:05:40 UTC,0,2017-11-07,6,Tue
205572,3,1,19,480,2017-11-07 06:14:53 UTC,0,2017-11-07,6,Tue
99754,14,1,19,480,2017-11-07 06:38:40 UTC,0,2017-11-07,6,Tue
156451,15,1,17,480,2017-11-07 06:44:55 UTC,0,2017-11-07,6,Tue
118457,3,1,19,480,2017-11-07 06:57:25 UTC,0,2017-11-07,6,Tue
164320,15,1,20,480,2017-11-07 07:14:41 UTC,0,2017-11-07,7,Tue
44169,3,1,13,480,2017-11-07 07:30:26 UTC,0,2017-11-07,7,Tue
180644,14,1,28,480,2017-11-07 07:58:18 UTC,0,2017-11-07,7,Tue
49553,15,1,16,480,2017-11-07 08:13:05 UTC,0,2017-11-07,8,Tue
60650,3,1,18,480,2017-11-07 09:02:47 UTC,0,2017-11-07,9,Tue
88172,14,1,19,480,2017-11-07 09:04:34 UTC,0,2017-11-07,9,Tue
57407,15,1,6,480,2017-11-07 09:16:03 UTC,0,2017-11-07,9,Tue
75329,3,1,13,480,2017-11-07 10:37:26 UTC,0,2017-11-07,10,Tue
102099,3,1,19,480,2017-11-07 10:51:25 UTC,0,2017-11-07,10,Tue
192796,3,1,13,480,2017-11-07 11:26:56 UTC,0,2017-11-07,11,Tue
117167,15,1,18,480,2017-11-07 15:36:42 UTC,0,2017-11-07,15,Tue
50702,14,1,11,480,2017-11-07 16:18:09 UTC,0,2017-11-07,16,Tue
7838,14,1,47,480,2017-11-07 17:32:22 UTC,0,2017-11-07,17,Tue
56619,15,1,27,480,2017-11-07 22:17:27 UTC,0,2017-11-07,22,Tue
106929,15,1,19,480,2017-11-07 22:53:34 UTC,0,2017-11-07,22,Tue
37883,15,1,13,480,2017-11-07 23:29:03 UTC,0,2017-11-07,23,Tue
242240,15,1,13,480,2017-11-07 23:33:12 UTC,0,2017-11-07,23,Tue
9521,3,1,16,480,2017-11-07 23:39:12 UTC,0,2017-11-07,23,Tue
155518,14,1,49,480,2017-11-07 23:49:48 UTC,0,2017-11-07,23,Tue
220616,15,1,18,480,2017-11-08 00:09:26 UTC,0,2017-11-08,0,Wed
86479,3,1,13,480,2017-11-08 01:12:07 UTC,0,2017-11-08,1,Wed
63925,3,1,37,480,2017-11-08 01:47:19 UTC,0,2017-11-08,1,Wed
124459,15,1,13,480,2017-11-08 02:03:30 UTC,0,2017-11-08,2,Wed
45745,3,1,13,480,2017-11-08 02:43:46 UTC,0,2017-11-08,2,Wed
9868,3,1,13,480,2017-11-08 02:47:45 UTC,0,2017-11-08,2,Wed
120425,15,1,19,480,2017-11-08 03:44:43 UTC,0,2017-11-08,3,Wed
88923,14,1,35,480,2017-11-08 04:05:18 UTC,0,2017-11-08,4,Wed
74276,14,1,17,480,2017-11-08 04:37:36 UTC,0,2017-11-08,4,Wed
96547,15,1,19,480,2017-11-08 05:37:42 UTC,0,2017-11-08,5,Wed
269756,15,1,19,480,2017-11-08 05:45:19 UTC,0,2017-11-08,5,Wed
102062,14,1,19,480,2017-11-08 06:33:10 UTC,0,2017-11-08,6,Wed
48245,3,1,13,480,2017-11-08 06:48:52 UTC,0,2017-11-08,6,Wed
84460,14,1,19,480,2017-11-08 06:55:17 UTC,0,2017-11-08,6,Wed
8924,3,1,14,480,2017-11-08 07:12:29 UTC,0,2017-11-08,7,Wed
37467,14,1,15,480,2017-11-08 07:42:21 UTC,0,2017-11-08,7,Wed
103358,3,1,19,480,2017-11-08 07:48:35 UTC,0,2017-11-08,7,Wed
71641,3,1,19,480,2017-11-08 08:01:22 UTC,0,2017-11-08,8,Wed
41277,3,1,19,480,2017-11-08 08:03:04 UTC,0,2017-11-08,8,Wed
209663,14,1,13,480,2017-11-08 08:04:14 UTC,0,2017-11-08,8,Wed
168869,15,1,19,480,2017-11-08 08:32:00 UTC,0,2017-11-08,8,Wed
73329,14,1,16,480,2017-11-08 09:28:06 UTC,0,2017-11-08,9,Wed
15843,14,1,19,480,2017-11-08 09:31:17 UTC,0,2017-11-08,9,Wed
184601,3,1,28,480,2017-11-08 09:31:46 UTC,0,2017-11-08,9,Wed
65629,3,1,19,480,2017-11-08 09:42:07 UTC,0,2017-11-08,9,Wed
245560,3,1,18,480,2017-11-08 10:36:17 UTC,0,2017-11-08,10,Wed
5348,14,1,52,480,2017-11-08 10:48:09 UTC,0,2017-11-08,10,Wed
80935,3,1,3,480,2017-11-08 10:49:22 UTC,0,2017-11-08,10,Wed
240151,15,1,1,480,2017-11-08 11:10:47 UTC,0,2017-11-08,11,Wed
41662,14,1,22,480,2017-11-08 11:24:27 UTC,0,2017-11-08,11,Wed
108783,15,1,20,480,2017-11-08 12:34:46 UTC,0,2017-11-08,12,Wed
58905,3,1,48,480,2017-11-08 12:59:31 UTC,0,2017-11-08,12,Wed
30587,3,1,13,480,2017-11-08 13:27:55 UTC,0,2017-11-08,13,Wed
107155,3,1,13,480,2017-11-08 13:30:58 UTC,0,2017-11-08,13,Wed
111025,14,1,9,480,2017-11-08 13:36:05 UTC,0,2017-11-08,13,Wed
83449,3,1,19,480,2017-11-08 13:51:04 UTC,0,2017-11-08,13,Wed
841,15,1,25,480,2017-11-08 14:17:10 UTC,0,2017-11-08,14,Wed
41392,3,1,22,480,2017-11-08 14:28:42 UTC,0,2017-11-08,14,Wed
105811,14,1,13,480,2017-11-08 14:55:29 UTC,0,2017-11-08,14,Wed
28140,15,1,22,480,2017-11-08 15:06:19 UTC,0,2017-11-08,15,Wed
14839,14,1,27,480,2017-11-08 15:09:01 UTC,0,2017-11-08,15,Wed
74918,3,1,19,480,2017-11-08 15:20:05 UTC,0,2017-11-08,15,Wed
56708,3,1,13,480,2017-11-08 15:27:01 UTC,0,2017-11-08,15,Wed
55145,3,1,25,480,2017-11-08 16:14:28 UTC,0,2017-11-08,16,Wed
13126,3,1,13,480,2017-11-08 17:09:58 UTC,0,2017-11-08,17,Wed
7275,14,1,28,480,2017-11-08 17:35:46 UTC,0,2017-11-08,17,Wed
8506,15,1,15,480,2017-11-08 21:57:05 UTC,0,2017-11-08,21,Wed
70404,14,1,13,480,2017-11-08 22:40:41 UTC,0,2017-11-08,22,Wed
119688,3,1,19,480,2017-11-08 22:55:56 UTC,0,2017-11-08,22,Wed
80163,15,1,12,480,2017-11-08 23:16:38 UTC,0,2017-11-08,23,Wed
13104,3,1,19,480,2017-11-08 23:41:37 UTC,0,2017-11-08,23,Wed
123759,14,1,10,480,2017-11-08 23:42:01 UTC,0,2017-11-08,23,Wed
133331,3,1,13,480,2017-11-08 23:43:13 UTC,0,2017-11-08,23,Wed
77553,14,1,19,480,2017-11-09 00:02:53 UTC,0,2017-11-09,0,Thu
161482,3,1,17,480,2017-11-09 00:11:06 UTC,0,2017-11-09,0,Thu
80743,14,1,6,480,2017-11-09 00:12:58 UTC,0,2017-11-09,0,Thu
40631,3,1,17,480,2017-11-09 00:13:16 UTC,0,2017-11-09,0,Thu
177728,3,1,12,480,2017-11-09 00:28:35 UTC,0,2017-11-09,0,Thu
62915,3,1,13,480,2017-11-09 00:37:19 UTC,0,2017-11-09,0,Thu
64325,14,1,13,480,2017-11-09 00:54:18 UTC,0,2017-11-09,0,Thu
60151,14,2,19,480,2017-11-09 01:01:14 UTC,0,2017-11-09,1,Thu
62968,14,1,19,480,2017-11-09 01:17:02 UTC,0,2017-11-09,1,Thu
125222,3,2,27,480,2017-11-09 01:21:16 UTC,0,2017-11-09,1,Thu
121339,3,1,22,480,2017-11-09 01:25:05 UTC,0,2017-11-09,1,Thu
167094,15,1,19,480,2017-11-09 01:42:41 UTC,0,2017-11-09,1,Thu
73673,3,1,3,480,2017-11-09 01:53:36 UTC,0,2017-11-09,1,Thu
7521,14,1,19,480,2017-11-09 02:38:50 UTC,0,2017-11-09,2,Thu
21013,14,1,19,480,2017-11-09 02:42:31 UTC,0,2017-11-09,2,Thu
80058,15,1,3,480,2017-11-09 02:43:40 UTC,0,2017-11-09,2,Thu
361704,3,1,13,480,2017-11-09 02:59:02 UTC,0,2017-11-09,2,Thu
107937,3,1,19,480,2017-11-09 03:38:07 UTC,0,2017-11-09,3,Thu
137509,14,1,15,480,2017-11-09 03:39:27 UTC,0,2017-11-09,3,Thu
151267,14,1,1,480,2017-11-09 04:25:13 UTC,0,2017-11-09,4,Thu
88071,14,1,19,480,2017-11-09 04:45:30 UTC,0,2017-11-09,4,Thu
16649,14,2,2,480,2017-11-09 04:53:33 UTC,0,2017-11-09,4,Thu
40028,3,1,22,480,2017-11-09 04:58:16 UTC,0,2017-11-09,4,Thu
55040,15,1,13,480,2017-11-09 05:55:58 UTC,0,2017-11-09,5,Thu
73839,3,1,22,480,2017-11-09 06:12:29 UTC,0,2017-11-09,6,Thu
1235,14,1,15,480,2017-11-09 06:56:15 UTC,0,2017-11-09,6,Thu
167386,15,1,15,480,2017-11-09 07:31:34 UTC,0,2017-11-09,7,Thu
57519,3,1,8,480,2017-11-09 07:49:41 UTC,0,2017-11-09,7,Thu
110710,3,1,53,480,2017-11-09 08:18:57 UTC,0,2017-11-09,8,Thu
95991,15,1,19,480,2017-11-09 08:20:58 UTC,0,2017-11-09,8,Thu
204809,14,1,8,480,2017-11-09 08:43:54 UTC,0,2017-11-09,8,Thu
28471,3,1,62,480,2017-11-09 08:51:20 UTC,0,2017-11-09,8,Thu
210555,14,1,14,480,2017-11-09 08:52:59 UTC,0,2017-11-09,8,Thu
45373,3,1,13,480,2017-11-09 09:05:06 UTC,0,2017-11-09,9,Thu
115673,14,1,19,480,2017-11-09 09:06:37 UTC,0,2017-11-09,9,Thu
49219,14,1,18,480,2017-11-09 09:50:54 UTC,0,2017-11-09,9,Thu
8081,14,1,6,480,2017-11-09 10:59:37 UTC,0,2017-11-09,10,Thu
109258,3,1,19,480,2017-11-09 11:09:14 UTC,0,2017-11-09,11,Thu
110112,3,1,8,480,2017-11-09 11:39:09 UTC,0,2017-11-09,11,Thu
82816,15,1,10,480,2017-11-09 11:39:53 UTC,0,2017-11-09,11,Thu
66481,3,1,13,480,2017-11-09 11:45:21 UTC,0,2017-11-09,11,Thu
100152,14,1,13,480,2017-11-09 12:04:22 UTC,0,2017-11-09,12,Thu
72361,3,1,13,480,2017-11-09 12:54:08 UTC,0,2017-11-09,12,Thu
84644,15,1,8,480,2017-11-09 13:28:09 UTC,0,2017-11-09,13,Thu
14737,3,1,13,480,2017-11-09 13:30:09 UTC,0,2017-11-09,13,Thu
123703,14,1,37,480,2017-11-09 13:31:13 UTC,0,2017-11-09,13,Thu
48240,3,2,9,480,2017-11-09 13:34:45 UTC,0,2017-11-09,13,Thu
73516,15,1,13,480,2017-11-09 14:21:26 UTC,0,2017-11-09,14,Thu
24943,3,1,22,480,2017-11-09 14:33:21 UTC,0,2017-11-09,14,Thu
105560,15,1,22,480,2017-11-09 14:59:59 UTC,0,2017-11-09,14,Thu
79456,14,1,17,480,2017-11-09 15:02:15 UTC,0,2017-11-09,15,Thu
29085,15,1,13,480,2017-11-09 15:22:34 UTC,0,2017-11-09,15,Thu
32526,14,1,13,480,2017-11-09 15:29:23 UTC,0,2017-11-09,15,Thu
91031,14,1,8,480,2017-11-09 15:50:25 UTC,0,2017-11-09,15,Thu
74324,11,1,16,481,2017-11-06 18:04:33 UTC,0,2017-11-06,18,Mon
68453,11,1,37,481,2017-11-06 19:01:35 UTC,0,2017-11-06,19,Mon
37801,11,1,6,481,2017-11-06 19:28:15 UTC,0,2017-11-06,19,Mon
3454,12,1,19,481,2017-11-07 00:14:05 UTC,0,2017-11-07,0,Tue
207864,12,1,49,481,2017-11-07 01:10:04 UTC,0,2017-11-07,1,Tue
108914,12,1,41,481,2017-11-07 01:47:36 UTC,0,2017-11-07,1,Tue
27437,12,1,10,481,2017-11-07 03:24:14 UTC,0,2017-11-07,3,Tue
53910,11,1,25,481,2017-11-07 03:32:47 UTC,0,2017-11-07,3,Tue
196165,11,1,19,481,2017-11-07 09:24:02 UTC,0,2017-11-07,9,Tue
59361,12,1,17,481,2017-11-07 10:34:34 UTC,0,2017-11-07,10,Tue
8330,11,1,3,481,2017-11-07 11:48:00 UTC,0,2017-11-07,11,Tue
3964,12,1,22,481,2017-11-07 15:06:34 UTC,0,2017-11-07,15,Tue
53964,11,1,13,481,2017-11-07 15:32:43 UTC,0,2017-11-07,15,Tue
211313,12,1,9,481,2017-11-07 22:40:22 UTC,0,2017-11-07,22,Tue
128829,11,1,37,481,2017-11-07 23:09:04 UTC,0,2017-11-07,23,Tue
944,12,1,19,481,2017-11-07 23:17:38 UTC,0,2017-11-07,23,Tue
34854,11,1,13,481,2017-11-07 23:19:44 UTC,0,2017-11-07,23,Tue
206243,12,1,6,481,2017-11-07 23:32:33 UTC,0,2017-11-07,23,Tue
249138,11,1,35,481,2017-11-08 00:38:00 UTC,0,2017-11-08,0,Wed
45992,12,1,19,481,2017-11-08 01:08:56 UTC,0,2017-11-08,1,Wed
87764,12,1,22,481,2017-11-08 06:24:17 UTC,0,2017-11-08,6,Wed
5587,12,1,19,481,2017-11-08 06:32:45 UTC,0,2017-11-08,6,Wed
12091,11,1,8,481,2017-11-08 09:42:18 UTC,0,2017-11-08,9,Wed
142067,12,1,13,481,2017-11-08 10:41:42 UTC,0,2017-11-08,10,Wed
38300,11,1,8,481,2017-11-08 10:44:12 UTC,0,2017-11-08,10,Wed
5348,11,1,27,481,2017-11-08 12:59:12 UTC,0,2017-11-08,12,Wed
105128,12,1,13,481,2017-11-08 13:34:48 UTC,0,2017-11-08,13,Wed
234802,11,1,19,481,2017-11-08 15:09:49 UTC,0,2017-11-08,15,Wed
66519,12,1,6,481,2017-11-09 04:14:59 UTC,0,2017-11-09,4,Thu
46625,11,1,19,481,2017-11-09 05:47:50 UTC,0,2017-11-09,5,Thu
59043,12,1,19,481,2017-11-09 07:03:22 UTC,0,2017-11-09,7,Thu
75595,12,1,25,481,2017-11-09 08:04:15 UTC,0,2017-11-09,8,Thu
86231,11,1,14,481,2017-11-09 09:27:29 UTC,0,2017-11-09,9,Thu
13634,11,1,3,481,2017-11-09 10:18:29 UTC,0,2017-11-09,10,Thu
166352,12,1,17,481,2017-11-09 11:12:43 UTC,0,2017-11-09,11,Thu
42298,12,1,19,481,2017-11-09 12:10:35 UTC,0,2017-11-09,12,Thu
5314,12,1,17,481,2017-11-09 14:00:20 UTC,0,2017-11-09,14,Thu
84900,12,1,19,481,2017-11-09 14:16:52 UTC,0,2017-11-09,14,Thu
103026,12,1,47,481,2017-11-09 15:13:59 UTC,0,2017-11-09,15,Thu
13104,11,1,19,481,2017-11-09 15:58:59 UTC,0,2017-11-09,15,Thu
70298,47,1,6,484,2017-11-08 02:24:50 UTC,0,2017-11-08,2,Wed
228090,47,1,13,484,2017-11-09 10:50:09 UTC,0,2017-11-09,10,Thu
67694,47,1,22,484,2017-11-09 10:56:15 UTC,0,2017-11-09,10,Thu
115119,47,1,14,484,2017-11-09 11:03:45 UTC,0,2017-11-09,11,Thu
26375,47,1,19,484,2017-11-09 11:32:09 UTC,0,2017-11-09,11,Thu
35538,47,1,49,484,2017-11-09 11:38:27 UTC,0,2017-11-09,11,Thu
34387,47,1,6,484,2017-11-09 11:41:57 UTC,0,2017-11-09,11,Thu
108153,47,1,1,484,2017-11-09 11:52:31 UTC,0,2017-11-09,11,Thu
42035,47,1,19,484,2017-11-09 13:12:20 UTC,0,2017-11-09,13,Thu
15651,47,1,11,484,2017-11-09 13:19:58 UTC,0,2017-11-09,13,Thu
64615,11,1,19,487,2017-11-07 01:06:27 UTC,0,2017-11-07,1,Tue
200466,11,1,17,487,2017-11-07 01:47:37 UTC,0,2017-11-07,1,Tue
179333,11,1,32,487,2017-11-07 07:23:46 UTC,0,2017-11-07,7,Tue
18676,11,1,16,487,2017-11-07 08:40:07 UTC,0,2017-11-07,8,Tue
7124,11,1,15,487,2017-11-07 08:53:35 UTC,0,2017-11-07,8,Tue
66541,11,1,19,487,2017-11-07 09:30:52 UTC,0,2017-11-07,9,Tue
50397,11,1,48,487,2017-11-07 12:06:23 UTC,0,2017-11-07,12,Tue
66658,11,1,13,487,2017-11-07 23:48:46 UTC,0,2017-11-07,23,Tue
39762,11,1,15,487,2017-11-08 01:40:31 UTC,0,2017-11-08,1,Wed
125842,11,1,18,487,2017-11-08 03:59:07 UTC,0,2017-11-08,3,Wed
31785,11,1,13,487,2017-11-08 05:22:14 UTC,0,2017-11-08,5,Wed
281258,11,1,3,487,2017-11-08 11:01:32 UTC,0,2017-11-08,11,Wed
76745,11,1,47,487,2017-11-08 18:09:03 UTC,0,2017-11-08,18,Wed
74924,11,1,19,487,2017-11-08 23:13:58 UTC,0,2017-11-08,23,Wed
73339,11,1,19,487,2017-11-09 02:44:56 UTC,0,2017-11-09,2,Thu
334024,11,1,25,487,2017-11-09 04:44:49 UTC,0,2017-11-09,4,Thu
58813,11,1,19,487,2017-11-09 04:46:12 UTC,0,2017-11-09,4,Thu
103301,11,1,13,487,2017-11-09 05:56:10 UTC,0,2017-11-09,5,Thu
43827,11,1,10,487,2017-11-09 06:37:15 UTC,0,2017-11-09,6,Thu
14112,11,1,13,487,2017-11-09 07:04:25 UTC,0,2017-11-09,7,Thu
187282,11,1,36,487,2017-11-09 13:48:28 UTC,0,2017-11-09,13,Thu
114719,11,1,10,487,2017-11-09 14:47:11 UTC,0,2017-11-09,14,Thu
53651,207,1,13,488,2017-11-07 01:36:07 UTC,0,2017-11-07,1,Tue
227490,3,1,12,488,2017-11-08 02:49:39 UTC,0,2017-11-08,2,Wed
133331,3,1,19,489,2017-11-06 16:02:18 UTC,0,2017-11-06,16,Mon
118597,3,1,19,489,2017-11-06 16:15:57 UTC,0,2017-11-06,16,Mon
155197,14,1,19,489,2017-11-06 17:09:24 UTC,0,2017-11-06,17,Mon
86907,14,1,13,489,2017-11-06 17:56:37 UTC,0,2017-11-06,17,Mon
78881,3,1,17,489,2017-11-06 21:19:29 UTC,0,2017-11-06,21,Mon
25485,14,1,13,489,2017-11-06 23:02:07 UTC,0,2017-11-06,23,Mon
194008,14,1,19,489,2017-11-06 23:10:47 UTC,0,2017-11-06,23,Mon
101268,3,1,19,489,2017-11-06 23:35:41 UTC,0,2017-11-06,23,Mon
2334,3,1,19,489,2017-11-06 23:39:45 UTC,0,2017-11-06,23,Mon
170404,14,1,37,489,2017-11-06 23:54:27 UTC,0,2017-11-06,23,Mon
114409,3,1,13,489,2017-11-07 00:06:48 UTC,0,2017-11-07,0,Tue
95651,3,1,18,489,2017-11-07 00:37:19 UTC,0,2017-11-07,0,Tue
124195,14,1,13,489,2017-11-07 02:23:13 UTC,0,2017-11-07,2,Tue
37763,3,1,25,489,2017-11-07 02:59:26 UTC,0,2017-11-07,2,Tue
72371,14,1,25,489,2017-11-07 03:22:58 UTC,0,2017-11-07,3,Tue
4542,14,1,13,489,2017-11-07 03:37:08 UTC,0,2017-11-07,3,Tue
39059,14,1,13,489,2017-11-07 04:09:23 UTC,0,2017-11-07,4,Tue
88772,14,1,22,489,2017-11-07 04:25:40 UTC,0,2017-11-07,4,Tue
177121,3,1,22,489,2017-11-07 04:52:09 UTC,0,2017-11-07,4,Tue
39780,14,1,17,489,2017-11-07 05:00:57 UTC,0,2017-11-07,5,Tue
71238,14,1,19,489,2017-11-07 05:37:08 UTC,0,2017-11-07,5,Tue
133441,3,1,13,489,2017-11-07 05:59:13 UTC,0,2017-11-07,5,Tue
3133,3,1,37,489,2017-11-07 07:03:15 UTC,0,2017-11-07,7,Tue
114066,3,1,13,489,2017-11-07 07:51:29 UTC,0,2017-11-07,7,Tue
29490,3,1,13,489,2017-11-07 08:08:44 UTC,0,2017-11-07,8,Tue
73238,14,1,19,489,2017-11-07 08:10:44 UTC,0,2017-11-07,8,Tue
71643,3,1,15,489,2017-11-07 08:24:40 UTC,0,2017-11-07,8,Tue
135364,9,1,13,489,2017-11-07 08:52:54 UTC,0,2017-11-07,8,Tue
108857,14,1,17,489,2017-11-07 09:56:12 UTC,0,2017-11-07,9,Tue
41025,14,1,17,489,2017-11-07 10:06:56 UTC,0,2017-11-07,10,Tue
85107,3,1,11,489,2017-11-07 10:20:39 UTC,0,2017-11-07,10,Tue
125222,14,1,13,489,2017-11-07 11:09:30 UTC,0,2017-11-07,11,Tue
106078,9,1,22,489,2017-11-07 12:11:49 UTC,0,2017-11-07,12,Tue
195048,9,1,19,489,2017-11-07 12:21:54 UTC,0,2017-11-07,12,Tue
74515,3,1,19,489,2017-11-07 12:36:57 UTC,0,2017-11-07,12,Tue
13756,3,1,20,489,2017-11-07 13:08:29 UTC,0,2017-11-07,13,Tue
69975,3,1,19,489,2017-11-07 13:16:22 UTC,0,2017-11-07,13,Tue
63137,9,1,13,489,2017-11-07 14:12:51 UTC,0,2017-11-07,14,Tue
92183,14,1,19,489,2017-11-07 14:27:26 UTC,0,2017-11-07,14,Tue
16972,3,1,6,489,2017-11-07 14:34:17 UTC,0,2017-11-07,14,Tue
67708,9,1,10,489,2017-11-07 14:36:29 UTC,0,2017-11-07,14,Tue
90855,9,1,17,489,2017-11-07 15:43:18 UTC,0,2017-11-07,15,Tue
115445,9,1,19,489,2017-11-07 16:36:00 UTC,0,2017-11-07,16,Tue
68996,9,1,6,489,2017-11-07 17:12:19 UTC,0,2017-11-07,17,Tue
90408,9,1,56,489,2017-11-07 22:58:23 UTC,0,2017-11-07,22,Tue
121209,14,1,13,489,2017-11-07 23:16:20 UTC,0,2017-11-07,23,Tue
114468,9,1,11,489,2017-11-08 00:01:45 UTC,0,2017-11-08,0,Wed
89653,3,1,18,489,2017-11-08 00:22:09 UTC,0,2017-11-08,0,Wed
116239,14,1,8,489,2017-11-08 00:24:40 UTC,0,2017-11-08,0,Wed
104839,14,1,8,489,2017-11-08 00:31:13 UTC,0,2017-11-08,0,Wed
58666,14,1,9,489,2017-11-08 00:35:48 UTC,0,2017-11-08,0,Wed
189693,3,1,19,489,2017-11-08 01:00:33 UTC,0,2017-11-08,1,Wed
31278,14,1,19,489,2017-11-08 01:29:36 UTC,0,2017-11-08,1,Wed
44410,3,1,27,489,2017-11-08 02:14:16 UTC,0,2017-11-08,2,Wed
103023,14,1,13,489,2017-11-08 02:26:41 UTC,0,2017-11-08,2,Wed
116407,14,1,17,489,2017-11-08 02:31:05 UTC,0,2017-11-08,2,Wed
9592,9,1,17,489,2017-11-08 02:51:30 UTC,0,2017-11-08,2,Wed
201182,3,1,6,489,2017-11-08 03:08:30 UTC,0,2017-11-08,3,Wed
73487,14,1,3,489,2017-11-08 03:53:58 UTC,0,2017-11-08,3,Wed
104985,9,1,18,489,2017-11-08 04:30:26 UTC,0,2017-11-08,4,Wed
89946,3,1,13,489,2017-11-08 04:35:52 UTC,0,2017-11-08,4,Wed
114276,3,1,19,489,2017-11-08 04:36:55 UTC,0,2017-11-08,4,Wed
82843,14,1,8,489,2017-11-08 04:37:55 UTC,0,2017-11-08,4,Wed
115641,14,1,19,489,2017-11-08 05:03:02 UTC,0,2017-11-08,5,Wed
47162,9,1,12,489,2017-11-08 05:32:55 UTC,0,2017-11-08,5,Wed
68418,3,1,9,489,2017-11-08 06:28:38 UTC,0,2017-11-08,6,Wed
77582,9,1,41,489,2017-11-08 06:48:41 UTC,0,2017-11-08,6,Wed
168650,3,1,19,489,2017-11-08 06:48:57 UTC,0,2017-11-08,6,Wed
24582,14,1,10,489,2017-11-08 06:57:39 UTC,0,2017-11-08,6,Wed
185146,9,1,22,489,2017-11-08 06:57:51 UTC,0,2017-11-08,6,Wed
213380,14,1,19,489,2017-11-08 06:57:54 UTC,0,2017-11-08,6,Wed
43188,3,1,30,489,2017-11-08 07:16:42 UTC,0,2017-11-08,7,Wed
63994,3,1,19,489,2017-11-08 07:58:36 UTC,0,2017-11-08,7,Wed
53664,3,1,15,489,2017-11-08 07:59:02 UTC,0,2017-11-08,7,Wed
35436,14,1,22,489,2017-11-08 08:51:02 UTC,0,2017-11-08,8,Wed
31428,9,1,22,489,2017-11-08 08:57:47 UTC,0,2017-11-08,8,Wed
114728,3,1,19,489,2017-11-08 08:59:02 UTC,0,2017-11-08,8,Wed
7243,9,1,37,489,2017-11-08 09:03:21 UTC,0,2017-11-08,9,Wed
15759,3,1,10,489,2017-11-08 09:13:04 UTC,0,2017-11-08,9,Wed
121310,14,1,19,489,2017-11-08 09:39:06 UTC,0,2017-11-08,9,Wed
108690,9,1,18,489,2017-11-08 10:11:02 UTC,0,2017-11-08,10,Wed
80740,9,1,22,489,2017-11-08 10:29:03 UTC,0,2017-11-08,10,Wed
20015,14,1,28,489,2017-11-08 10:34:08 UTC,0,2017-11-08,10,Wed
220223,14,1,46,489,2017-11-08 10:40:02 UTC,0,2017-11-08,10,Wed
89592,9,1,20,489,2017-11-08 10:58:36 UTC,0,2017-11-08,10,Wed
31675,3,1,19,489,2017-11-08 11:13:24 UTC,0,2017-11-08,11,Wed
103715,9,1,10,489,2017-11-08 11:19:20 UTC,0,2017-11-08,11,Wed
42240,9,1,19,489,2017-11-08 11:56:58 UTC,0,2017-11-08,11,Wed
76749,14,1,3,489,2017-11-08 12:10:38 UTC,0,2017-11-08,12,Wed
193419,14,1,10,489,2017-11-08 12:26:40 UTC,0,2017-11-08,12,Wed
90688,3,1,18,489,2017-11-08 12:27:08 UTC,0,2017-11-08,12,Wed
209663,3,1,19,489,2017-11-08 12:58:12 UTC,0,2017-11-08,12,Wed
98317,3,1,19,489,2017-11-08 13:10:20 UTC,0,2017-11-08,13,Wed
81935,14,1,19,489,2017-11-08 13:12:23 UTC,0,2017-11-08,13,Wed
20134,9,1,22,489,2017-11-08 13:24:38 UTC,0,2017-11-08,13,Wed
136987,14,1,19,489,2017-11-08 14:07:05 UTC,0,2017-11-08,14,Wed
6595,3,1,14,489,2017-11-08 14:45:46 UTC,0,2017-11-08,14,Wed
7255,9,1,19,489,2017-11-08 14:51:23 UTC,0,2017-11-08,14,Wed
4775,9,1,19,489,2017-11-08 14:55:21 UTC,0,2017-11-08,14,Wed
55369,9,1,13,489,2017-11-08 15:03:09 UTC,0,2017-11-08,15,Wed
267945,14,1,8,489,2017-11-08 15:29:13 UTC,0,2017-11-08,15,Wed
275683,9,1,20,489,2017-11-08 15:36:21 UTC,0,2017-11-08,15,Wed
68382,14,1,19,489,2017-11-08 15:48:55 UTC,0,2017-11-08,15,Wed
26987,3,1,17,489,2017-11-08 16:40:30 UTC,0,2017-11-08,16,Wed
17477,3,1,22,489,2017-11-08 17:42:30 UTC,0,2017-11-08,17,Wed
27036,14,1,19,489,2017-11-08 18:16:49 UTC,0,2017-11-08,18,Wed
7709,9,1,19,489,2017-11-08 19:34:02 UTC,0,2017-11-08,19,Wed
12634,3,1,10,489,2017-11-08 19:51:26 UTC,0,2017-11-08,19,Wed
77048,9,1,18,489,2017-11-08 22:06:53 UTC,0,2017-11-08,22,Wed
37972,3,1,44,489,2017-11-08 22:58:59 UTC,0,2017-11-08,22,Wed
4463,3,1,22,489,2017-11-08 23:20:08 UTC,0,2017-11-08,23,Wed
64172,3,1,17,489,2017-11-09 00:26:06 UTC,0,2017-11-09,0,Thu
23589,14,1,19,489,2017-11-09 00:31:44 UTC,0,2017-11-09,0,Thu
77582,3,1,30,489,2017-11-09 00:34:39 UTC,0,2017-11-09,0,Thu
58934,14,1,20,489,2017-11-09 01:12:35 UTC,0,2017-11-09,1,Thu
3994,3,1,9,489,2017-11-09 01:22:39 UTC,0,2017-11-09,1,Thu
89078,14,1,18,489,2017-11-09 01:42:34 UTC,0,2017-11-09,1,Thu
99600,3,1,19,489,2017-11-09 02:07:08 UTC,0,2017-11-09,2,Thu
105247,3,1,10,489,2017-11-09 02:57:52 UTC,0,2017-11-09,2,Thu
111324,3,1,17,489,2017-11-09 03:06:28 UTC,0,2017-11-09,3,Thu
1395,3,1,19,489,2017-11-09 03:26:07 UTC,0,2017-11-09,3,Thu
211579,14,1,13,489,2017-11-09 03:34:10 UTC,0,2017-11-09,3,Thu
332627,3,1,13,489,2017-11-09 03:35:38 UTC,0,2017-11-09,3,Thu
91061,14,1,47,489,2017-11-09 03:47:15 UTC,0,2017-11-09,3,Thu
35335,3,1,19,489,2017-11-09 04:07:09 UTC,0,2017-11-09,4,Thu
84596,14,1,46,489,2017-11-09 04:23:48 UTC,0,2017-11-09,4,Thu
53009,9,1,22,489,2017-11-09 04:28:25 UTC,0,2017-11-09,4,Thu
348371,9,1,36,489,2017-11-09 04:30:11 UTC,0,2017-11-09,4,Thu
113700,14,1,19,489,2017-11-09 04:36:11 UTC,0,2017-11-09,4,Thu
193454,14,1,13,489,2017-11-09 04:47:25 UTC,0,2017-11-09,4,Thu
344579,9,1,25,489,2017-11-09 05:06:41 UTC,0,2017-11-09,5,Thu
49006,9,1,19,489,2017-11-09 05:12:31 UTC,0,2017-11-09,5,Thu
328755,9,1,13,489,2017-11-09 05:13:36 UTC,0,2017-11-09,5,Thu
48518,3,1,6,489,2017-11-09 05:54:01 UTC,0,2017-11-09,5,Thu
44377,14,1,6,489,2017-11-09 06:01:45 UTC,0,2017-11-09,6,Thu
345285,14,1,19,489,2017-11-09 06:38:24 UTC,0,2017-11-09,6,Thu
18996,3,1,19,489,2017-11-09 07:47:20 UTC,0,2017-11-09,7,Thu
80121,14,1,13,489,2017-11-09 07:47:57 UTC,0,2017-11-09,7,Thu
35762,9,1,13,489,2017-11-09 07:59:56 UTC,0,2017-11-09,7,Thu
31675,9,1,19,489,2017-11-09 08:35:20 UTC,0,2017-11-09,8,Thu
152257,9,1,10,489,2017-11-09 09:01:22 UTC,0,2017-11-09,9,Thu
43750,14,1,41,489,2017-11-09 09:44:06 UTC,0,2017-11-09,9,Thu
342481,3,1,11,489,2017-11-09 09:47:23 UTC,0,2017-11-09,9,Thu
201499,3,1,19,489,2017-11-09 09:56:34 UTC,0,2017-11-09,9,Thu
213595,9,1,20,489,2017-11-09 10:00:00 UTC,0,2017-11-09,10,Thu
88923,14,1,25,489,2017-11-09 10:10:40 UTC,0,2017-11-09,10,Thu
5147,9,1,25,489,2017-11-09 10:24:32 UTC,0,2017-11-09,10,Thu
83614,14,1,17,489,2017-11-09 10:45:18 UTC,0,2017-11-09,10,Thu
132716,9,1,8,489,2017-11-09 11:49:03 UTC,0,2017-11-09,11,Thu
12184,3,1,18,489,2017-11-09 11:58:19 UTC,0,2017-11-09,11,Thu
53978,3,1,6,489,2017-11-09 12:19:22 UTC,0,2017-11-09,12,Thu
14692,3,1,23,489,2017-11-09 12:34:05 UTC,0,2017-11-09,12,Thu
7448,9,1,6,489,2017-11-09 12:37:36 UTC,0,2017-11-09,12,Thu
75595,3,1,10,489,2017-11-09 12:47:57 UTC,0,2017-11-09,12,Thu
82846,9,1,6,489,2017-11-09 12:53:49 UTC,0,2017-11-09,12,Thu
154541,3,1,13,489,2017-11-09 12:55:39 UTC,0,2017-11-09,12,Thu
284,3,1,6,489,2017-11-09 13:06:53 UTC,0,2017-11-09,13,Thu
93959,3,1,22,489,2017-11-09 13:08:05 UTC,0,2017-11-09,13,Thu
105532,3,1,17,489,2017-11-09 13:31:32 UTC,0,2017-11-09,13,Thu
319862,3,1,13,489,2017-11-09 13:52:27 UTC,0,2017-11-09,13,Thu
113676,9,1,19,489,2017-11-09 14:25:03 UTC,0,2017-11-09,14,Thu
54841,9,1,34,489,2017-11-09 15:29:32 UTC,0,2017-11-09,15,Thu
14374,3,1,18,489,2017-11-09 15:57:12 UTC,0,2017-11-09,15,Thu
75574,9,1,35,490,2017-11-09 05:12:08 UTC,0,2017-11-09,5,Thu
304120,9,1,8,490,2017-11-09 05:17:36 UTC,0,2017-11-09,5,Thu
185712,9,1,22,490,2017-11-09 05:48:34 UTC,0,2017-11-09,5,Thu
141399,9,1,14,490,2017-11-09 11:09:20 UTC,0,2017-11-09,11,Thu
362224,9,1,14,490,2017-11-09 12:45:54 UTC,0,2017-11-09,12,Thu
111172,22,1,25,496,2017-11-07 00:42:27 UTC,0,2017-11-07,0,Tue
44570,22,1,13,496,2017-11-07 01:06:14 UTC,0,2017-11-07,1,Tue
78526,22,1,25,496,2017-11-07 01:37:27 UTC,0,2017-11-07,1,Tue
38845,22,1,19,496,2017-11-07 02:11:41 UTC,0,2017-11-07,2,Tue
59745,22,1,13,496,2017-11-07 02:43:18 UTC,0,2017-11-07,2,Tue
5178,22,1,3,496,2017-11-07 04:23:29 UTC,0,2017-11-07,4,Tue
7377,22,1,19,496,2017-11-07 05:08:03 UTC,0,2017-11-07,5,Tue
69197,22,1,4,496,2017-11-07 06:02:44 UTC,0,2017-11-07,6,Tue
44229,22,1,13,496,2017-11-07 06:18:13 UTC,0,2017-11-07,6,Tue
178588,22,1,13,496,2017-11-07 07:29:37 UTC,0,2017-11-07,7,Tue
107513,22,1,13,496,2017-11-07 08:04:53 UTC,0,2017-11-07,8,Tue
15983,22,1,23,496,2017-11-07 08:32:37 UTC,0,2017-11-07,8,Tue
80413,22,1,17,496,2017-11-07 11:16:56 UTC,0,2017-11-07,11,Tue
133522,22,1,19,496,2017-11-07 11:20:49 UTC,0,2017-11-07,11,Tue
3994,22,2,13,496,2017-11-07 11:33:55 UTC,0,2017-11-07,11,Tue
109504,12,1,47,497,2017-11-06 17:27:51 UTC,0,2017-11-06,17,Mon
188586,12,1,8,497,2017-11-07 01:52:00 UTC,0,2017-11-07,1,Tue
67441,12,1,19,497,2017-11-07 04:27:40 UTC,0,2017-11-07,4,Tue
114314,12,1,17,497,2017-11-07 04:35:22 UTC,0,2017-11-07,4,Tue
145490,12,1,36,497,2017-11-07 08:36:11 UTC,0,2017-11-07,8,Tue
5314,12,1,17,497,2017-11-07 11:10:39 UTC,0,2017-11-07,11,Tue
73610,12,1,18,497,2017-11-07 11:39:19 UTC,0,2017-11-07,11,Tue
210444,12,1,47,497,2017-11-07 12:02:50 UTC,0,2017-11-07,12,Tue
85512,12,1,19,497,2017-11-07 12:21:11 UTC,0,2017-11-07,12,Tue
28980,12,1,19,497,2017-11-07 18:10:42 UTC,0,2017-11-07,18,Tue
245382,12,1,13,497,2017-11-08 02:57:03 UTC,0,2017-11-08,2,Wed
201801,12,1,17,497,2017-11-08 04:24:34 UTC,0,2017-11-08,4,Wed
93150,12,1,25,497,2017-11-08 06:45:33 UTC,0,2017-11-08,6,Wed
222475,12,1,15,497,2017-11-08 08:10:56 UTC,0,2017-11-08,8,Wed
125954,12,1,19,497,2017-11-08 10:39:59 UTC,0,2017-11-08,10,Wed
40995,12,1,6,497,2017-11-08 11:19:36 UTC,0,2017-11-08,11,Wed
98293,12,2,65,497,2017-11-08 13:10:29 UTC,0,2017-11-08,13,Wed
2407,12,1,4,497,2017-11-08 13:49:00 UTC,0,2017-11-08,13,Wed
32609,12,1,18,497,2017-11-08 13:50:45 UTC,0,2017-11-08,13,Wed
50397,12,1,19,497,2017-11-08 15:15:24 UTC,0,2017-11-08,15,Wed
22528,12,1,3,497,2017-11-09 02:25:20 UTC,0,2017-11-09,2,Thu
62072,12,1,19,497,2017-11-09 03:02:25 UTC,0,2017-11-09,3,Thu
184454,12,1,18,497,2017-11-09 03:38:53 UTC,0,2017-11-09,3,Thu
201786,12,1,13,497,2017-11-09 04:09:26 UTC,0,2017-11-09,4,Thu
28200,12,1,18,497,2017-11-09 04:46:39 UTC,0,2017-11-09,4,Thu
36045,12,1,8,497,2017-11-09 05:25:02 UTC,0,2017-11-09,5,Thu
30214,12,1,17,497,2017-11-09 08:42:00 UTC,0,2017-11-09,8,Thu
9362,12,1,19,497,2017-11-09 13:12:07 UTC,0,2017-11-09,13,Thu
125730,12,1,19,497,2017-11-09 13:26:53 UTC,0,2017-11-09,13,Thu
