ip,app,device,os,channel,click_time,is_attributed,click_datetime,click_date,click_hour,click_dow
106385,12,1,19,178,2017-11-08 6:30:54,0,11/8/2017 6:30:54,2017-11-08,6,Wed
114066,3,1,13,489,2017-11-07 7:51:29,0,11/7/2017 7:51:29,2017-11-07,7,Tue
189805,12,1,23,105,2017-11-07 12:30:07,0,11/7/2017 12:30:07,2017-11-07,12,Tue
107100,18,1,20,107,2017-11-08 4:31:19,0,11/8/2017 4:31:19,2017-11-08,4,Wed
5314,3,1,19,409,2017-11-07 11:21:29,0,11/7/2017 11:21:29,2017-11-07,11,Tue
48996,3,1,19,205,2017-11-07 3:38:20,0,11/7/2017 3:38:20,2017-11-07,3,Tue
83698,26,1,19,266,2017-11-09 5:01:42,0,11/9/2017 5:01:42,2017-11-09,5,Thu
5147,22,1,15,116,2017-11-09 8:38:30,0,11/9/2017 8:38:30,2017-11-09,8,Thu
145086,12,1,22,242,2017-11-07 6:30:30,0,11/7/2017 6:30:30,2017-11-07,6,Tue
61400,3,1,18,137,2017-11-08 23:58:43,0,11/8/2017 23:58:43,2017-11-08,23,Wed
66371,23,1,19,153,2017-11-07 14:29:15,0,11/7/2017 14:29:15,2017-11-07,14,Tue
73339,11,1,19,487,2017-11-09 2:44:56,0,11/9/2017 2:44:56,2017-11-09,2,Thu
208618,14,1,13,439,2017-11-08 20:34:03,0,11/8/2017 20:34:03,2017-11-08,20,Wed
83260,12,1,13,265,2017-11-08 8:33:44,0,11/8/2017 8:33:44,2017-11-08,8,Wed
7567,1,1,53,150,2017-11-07 16:02:32,0,11/7/2017 16:02:32,2017-11-07,16,Tue
3994,9,1,19,244,2017-11-09 10:59:09,0,11/9/2017 10:59:09,2017-11-09,10,Thu
45362,15,1,28,315,2017-11-07 16:38:09,0,11/7/2017 16:38:09,2017-11-07,16,Tue
85172,15,1,13,315,2017-11-08 23:12:06,0,11/8/2017 23:12:06,2017-11-08,23,Wed
137258,21,1,8,232,2017-11-09 1:49:02,0,11/9/2017 1:49:02,2017-11-09,1,Thu
103132,1,1,22,377,2017-11-07 1:10:54,0,11/7/2017 1:10:54,2017-11-07,1,Tue
25039,1,1,32,452,2017-11-09 12:12:18,0,11/9/2017 12:12:18,2017-11-09,12,Thu
19537,3,1,47,442,2017-11-07 3:20:32,0,11/7/2017 3:20:32,2017-11-07,3,Tue
98380,25,1,9,259,2017-11-07 14:45:33,0,11/7/2017 14:45:33,2017-11-07,14,Tue
13963,18,1,3,134,2017-11-07 2:39:45,0,11/7/2017 2:39:45,2017-11-07,2,Tue
86767,9,1,8,244,2017-11-08 4:00:35,0,11/8/2017 4:00:35,2017-11-08,4,Wed
18994,15,1,19,245,2017-11-06 23:37:20,0,11/6/2017 23:37:20,2017-11-06,23,Mon
211425,2,1,41,219,2017-11-07 2:58:40,0,11/7/2017 2:58:40,2017-11-07,2,Tue
38300,12,1,19,178,2017-11-07 23:29:34,0,11/7/2017 23:29:34,2017-11-07,23,Tue
75504,2,1,19,237,2017-11-08 7:25:23,0,11/8/2017 7:25:23,2017-11-08,7,Wed
90607,14,1,13,379,2017-11-09 5:01:14,0,11/9/2017 5:01:14,2017-11-09,5,Thu
120361,14,1,14,401,2017-11-07 7:21:39,0,11/7/2017 7:21:39,2017-11-07,7,Tue
100408,12,1,19,140,2017-11-09 5:05:13,0,11/9/2017 5:05:13,2017-11-09,5,Thu
196790,3,1,19,137,2017-11-08 8:44:16,0,11/8/2017 8:44:16,2017-11-08,8,Wed
77048,12,1,36,265,2017-11-08 2:34:34,0,11/8/2017 2:34:34,2017-11-08,2,Wed
87653,18,1,19,121,2017-11-09 0:34:39,0,11/9/2017 0:34:39,2017-11-09,0,Thu
112442,14,1,18,379,2017-11-07 20:15:17,0,11/7/2017 20:15:17,2017-11-07,20,Tue
4573,2,1,19,236,2017-11-09 6:52:43,0,11/9/2017 6:52:43,2017-11-09,6,Thu
112215,14,1,13,401,2017-11-07 3:41:09,0,11/7/2017 3:41:09,2017-11-07,3,Tue
17149,12,1,22,140,2017-11-07 13:24:16,0,11/7/2017 13:24:16,2017-11-07,13,Tue
8964,18,2,18,30,2017-11-09 7:12:37,0,11/9/2017 7:12:37,2017-11-09,7,Thu
79827,15,1,18,245,2017-11-07 14:48:18,0,11/7/2017 14:48:18,2017-11-07,14,Tue
37161,18,1,13,121,2017-11-08 10:36:43,0,11/8/2017 10:36:43,2017-11-08,10,Wed
118930,94,1,19,361,2017-11-08 2:38:37,0,11/8/2017 2:38:37,2017-11-08,2,Wed
70551,21,1,53,128,2017-11-07 0:53:50,0,11/7/2017 0:53:50,2017-11-07,0,Tue
280687,3,1,17,135,2017-11-09 8:10:36,0,11/9/2017 8:10:36,2017-11-09,8,Thu
24951,9,1,37,466,2017-11-08 12:30:06,0,11/8/2017 12:30:06,2017-11-08,12,Wed
17077,26,1,31,477,2017-11-08 23:49:50,0,11/8/2017 23:49:50,2017-11-08,23,Wed
88772,14,1,22,489,2017-11-07 4:25:40,0,11/7/2017 4:25:40,2017-11-07,4,Tue
127628,12,1,13,259,2017-11-09 8:33:05,0,11/9/2017 8:33:05,2017-11-09,8,Thu
166206,9,1,13,232,2017-11-09 12:46:34,0,11/9/2017 12:46:34,2017-11-09,12,Thu
59763,20,1,19,478,2017-11-09 2:38:37,0,11/9/2017 2:38:37,2017-11-09,2,Thu
31463,12,1,16,328,2017-11-09 10:12:29,0,11/9/2017 10:12:29,2017-11-09,10,Thu
87349,12,1,13,328,2017-11-07 21:04:49,0,11/7/2017 21:04:49,2017-11-07,21,Tue
7664,3,1,47,280,2017-11-07 4:20:35,0,11/7/2017 4:20:35,2017-11-07,4,Tue
32130,3,1,53,280,2017-11-07 1:11:53,0,11/7/2017 1:11:53,2017-11-07,1,Tue
116785,26,1,13,121,2017-11-07 12:44:13,0,11/7/2017 12:44:13,2017-11-07,12,Tue
213380,29,1,19,347,2017-11-09 12:58:44,0,11/9/2017 12:58:44,2017-11-09,12,Thu
7210,3,1,10,280,2017-11-08 11:33:38,0,11/8/2017 11:33:38,2017-11-08,11,Wed
120753,9,1,8,334,2017-11-08 5:20:28,0,11/8/2017 5:20:28,2017-11-08,5,Wed
31572,26,1,19,266,2017-11-09 14:14:48,0,11/9/2017 14:14:48,2017-11-09,14,Thu
120962,12,1,13,245,2017-11-06 17:04:32,0,11/6/2017 17:04:32,2017-11-06,17,Mon
24067,2,1,16,237,2017-11-09 2:47:07,0,11/9/2017 2:47:07,2017-11-09,2,Thu
53964,3,1,18,280,2017-11-08 2:40:50,0,11/8/2017 2:40:50,2017-11-08,2,Wed
112816,13,1,13,477,2017-11-09 1:42:38,0,11/9/2017 1:42:38,2017-11-09,1,Thu
11852,1,1,19,125,2017-11-07 10:52:55,0,11/7/2017 10:52:55,2017-11-07,10,Tue
71093,3,1,30,173,2017-11-07 12:15:50,0,11/7/2017 12:15:50,2017-11-07,12,Tue
65716,23,1,13,153,2017-11-09 3:05:33,0,11/9/2017 3:05:33,2017-11-09,3,Thu
95962,3,1,41,409,2017-11-08 19:37:22,0,11/8/2017 19:37:22,2017-11-08,19,Wed
24278,15,1,19,430,2017-11-07 6:41:57,0,11/7/2017 6:41:57,2017-11-07,6,Tue
107513,22,1,13,496,2017-11-07 8:04:53,0,11/7/2017 8:04:53,2017-11-07,8,Tue
109537,26,1,19,266,2017-11-07 5:49:11,0,11/7/2017 5:49:11,2017-11-07,5,Tue
107954,9,1,70,234,2017-11-06 16:54:21,0,11/6/2017 16:54:21,2017-11-06,16,Mon
5314,3,1,6,424,2017-11-09 0:57:56,0,11/9/2017 0:57:56,2017-11-09,0,Thu
89680,9,1,34,244,2017-11-07 3:20:35,0,11/7/2017 3:20:35,2017-11-07,3,Tue
176923,3,1,19,205,2017-11-07 0:37:21,0,11/7/2017 0:37:21,2017-11-07,0,Tue
73487,12,1,12,326,2017-11-08 5:21:43,0,11/8/2017 5:21:43,2017-11-08,5,Wed
5314,2,1,2,477,2017-11-09 0:14:56,0,11/9/2017 0:14:56,2017-11-09,0,Thu
97773,12,1,25,140,2017-11-09 8:07:01,0,11/9/2017 8:07:01,2017-11-09,8,Thu
112291,15,1,13,412,2017-11-07 1:45:21,0,11/7/2017 1:45:21,2017-11-07,1,Tue
74013,18,1,19,121,2017-11-09 12:59:53,0,11/9/2017 12:59:53,2017-11-09,12,Thu
45275,2,1,13,469,2017-11-08 7:50:57,0,11/8/2017 7:50:57,2017-11-08,7,Wed
83659,15,1,19,278,2017-11-07 4:11:17,0,11/7/2017 4:11:17,2017-11-07,4,Tue
12505,2,1,19,205,2017-11-07 2:45:04,0,11/7/2017 2:45:04,2017-11-07,2,Tue
203175,2,1,19,435,2017-11-07 15:04:32,0,11/7/2017 15:04:32,2017-11-07,15,Tue
66033,18,1,18,107,2017-11-09 12:03:17,0,11/9/2017 12:03:17,2017-11-09,12,Thu
20215,12,2,17,409,2017-11-09 1:58:38,0,11/9/2017 1:58:38,2017-11-09,1,Thu
88295,14,1,6,439,2017-11-09 4:04:21,0,11/9/2017 4:04:21,2017-11-09,4,Thu
75885,8,1,10,145,2017-11-08 11:48:36,0,11/8/2017 11:48:36,2017-11-08,11,Wed
23035,9,1,13,445,2017-11-07 4:17:06,0,11/7/2017 4:17:06,2017-11-07,4,Tue
46677,9,1,19,107,2017-11-09 6:43:19,0,11/9/2017 6:43:19,2017-11-09,6,Thu
123596,1,1,2,153,2017-11-09 9:43:28,0,11/9/2017 9:43:28,2017-11-09,9,Thu
179026,18,1,13,107,2017-11-07 3:10:50,0,11/7/2017 3:10:50,2017-11-07,3,Tue
258385,11,1,19,137,2017-11-09 7:17:26,0,11/9/2017 7:17:26,2017-11-09,7,Thu
80140,12,1,27,145,2017-11-08 23:36:31,0,11/8/2017 23:36:31,2017-11-08,23,Wed
41725,9,1,19,466,2017-11-08 9:35:36,0,11/8/2017 9:35:36,2017-11-08,9,Wed
242240,15,1,13,480,2017-11-07 23:33:12,0,11/7/2017 23:33:12,2017-11-07,23,Tue
84916,12,1,13,259,2017-11-08 8:17:14,0,11/8/2017 8:17:14,2017-11-08,8,Wed
66767,1,1,13,17,2017-11-07 0:57:08,0,11/7/2017 0:57:08,2017-11-07,0,Tue
332563,9,1,19,334,2017-11-08 16:56:04,0,11/8/2017 16:56:04,2017-11-08,16,Wed
73516,9,2,13,453,2017-11-09 11:11:28,0,11/9/2017 11:11:28,2017-11-09,11,Thu
108103,2,1,13,477,2017-11-07 7:43:45,0,11/7/2017 7:43:45,2017-11-07,7,Tue
195332,25,1,15,259,2017-11-07 12:46:10,0,11/7/2017 12:46:10,2017-11-07,12,Tue
53418,2,1,12,377,2017-11-06 21:54:17,0,11/6/2017 21:54:17,2017-11-06,21,Mon
104512,9,1,10,258,2017-11-08 10:00:17,0,11/8/2017 10:00:17,2017-11-08,10,Wed
114276,9,1,19,442,2017-11-08 9:56:56,0,11/8/2017 9:56:56,2017-11-08,9,Wed
74816,27,1,13,153,2017-11-08 2:30:13,0,11/8/2017 2:30:13,2017-11-08,2,Wed
98521,15,1,16,315,2017-11-08 11:28:36,0,11/8/2017 11:28:36,2017-11-08,11,Wed
119930,2,1,19,219,2017-11-07 18:25:23,0,11/7/2017 18:25:23,2017-11-07,18,Tue
144687,21,1,19,128,2017-11-07 15:37:12,0,11/7/2017 15:37:12,2017-11-07,15,Tue
60348,9,1,13,445,2017-11-07 2:47:47,0,11/7/2017 2:47:47,2017-11-07,2,Tue
112302,7,1,35,101,2017-11-09 12:54:07,0,11/9/2017 12:54:07,2017-11-09,12,Thu
120883,15,1,8,430,2017-11-08 8:19:05,0,11/8/2017 8:19:05,2017-11-08,8,Wed
44744,3,1,13,421,2017-11-09 11:13:33,0,11/9/2017 11:13:33,2017-11-09,11,Thu
209929,25,1,13,259,2017-11-07 12:15:41,0,11/7/2017 12:15:41,2017-11-07,12,Tue
55569,1,1,13,150,2017-11-09 7:00:08,0,11/9/2017 7:00:08,2017-11-09,7,Thu
141432,9,1,19,334,2017-11-09 3:28:29,0,11/9/2017 3:28:29,2017-11-09,3,Thu
267177,2,1,13,219,2017-11-08 9:32:57,0,11/8/2017 9:32:57,2017-11-08,9,Wed
60083,3,1,9,424,2017-11-09 3:47:14,0,11/9/2017 3:47:14,2017-11-09,3,Thu
193346,18,1,18,107,2017-11-08 0:48:47,0,11/8/2017 0:48:47,2017-11-08,0,Wed
93021,12,1,19,265,2017-11-07 1:23:56,0,11/7/2017 1:23:56,2017-11-07,1,Tue
65253,13,2,9,400,2017-11-07 8:07:07,0,11/7/2017 8:07:07,2017-11-07,8,Tue
37752,18,1,28,439,2017-11-08 11:14:02,0,11/8/2017 11:14:02,2017-11-08,11,Wed
26927,9,1,13,134,2017-11-07 0:23:44,0,11/7/2017 0:23:44,2017-11-07,0,Tue
5185,9,1,32,466,2017-11-09 8:23:48,0,11/9/2017 8:23:48,2017-11-09,8,Thu
106294,55,1,13,453,2017-11-07 2:09:04,0,11/7/2017 2:09:04,2017-11-07,2,Tue
27090,3,1,15,442,2017-11-08 9:26:50,0,11/8/2017 9:26:50,2017-11-08,9,Wed
171274,26,1,15,266,2017-11-09 12:12:39,0,11/9/2017 12:12:39,2017-11-09,12,Thu
64609,14,1,17,463,2017-11-09 9:45:50,0,11/9/2017 9:45:50,2017-11-09,9,Thu
208347,15,1,13,111,2017-11-09 12:27:57,0,11/9/2017 12:27:57,2017-11-09,12,Thu
126786,15,1,53,245,2017-11-07 15:16:22,0,11/7/2017 15:16:22,2017-11-07,15,Tue
69503,12,1,19,265,2017-11-08 11:19:01,0,11/8/2017 11:19:01,2017-11-08,11,Wed
41025,14,1,17,489,2017-11-07 10:06:56,0,11/7/2017 10:06:56,2017-11-07,10,Tue
47168,12,1,14,265,2017-11-08 6:30:13,0,11/8/2017 6:30:13,2017-11-08,6,Wed
9844,9,2,18,258,2017-11-09 14:12:32,0,11/9/2017 14:12:32,2017-11-09,14,Thu
43243,12,1,18,328,2017-11-07 15:26:52,0,11/7/2017 15:26:52,2017-11-07,15,Tue
7304,3,1,19,135,2017-11-09 14:28:48,0,11/9/2017 14:28:48,2017-11-09,14,Thu
118903,28,1,4,135,2017-11-08 3:11:58,0,11/8/2017 3:11:58,2017-11-08,3,Wed
173678,29,1,13,343,2017-11-07 10:38:47,0,11/7/2017 10:38:47,2017-11-07,10,Tue
118647,26,1,18,266,2017-11-09 15:01:35,0,11/9/2017 15:01:35,2017-11-09,15,Thu
28089,12,1,14,178,2017-11-08 12:29:02,0,11/8/2017 12:29:02,2017-11-08,12,Wed
38233,18,1,19,107,2017-11-09 2:29:18,0,11/9/2017 2:29:18,2017-11-09,2,Thu
9849,15,1,19,315,2017-11-07 12:57:41,0,11/7/2017 12:57:41,2017-11-07,12,Tue
91536,2,2,6,205,2017-11-08 15:21:56,0,11/8/2017 15:21:56,2017-11-08,15,Wed
77112,2,1,17,236,2017-11-09 8:28:34,0,11/9/2017 8:28:34,2017-11-09,8,Thu
44926,18,1,19,134,2017-11-07 4:11:24,0,11/7/2017 4:11:24,2017-11-07,4,Tue
201786,12,1,13,497,2017-11-09 4:09:26,0,11/9/2017 4:09:26,2017-11-09,4,Thu
86231,11,1,14,481,2017-11-09 9:27:29,0,11/9/2017 9:27:29,2017-11-09,9,Thu
6395,3,1,13,379,2017-11-06 23:26:20,0,11/6/2017 23:26:20,2017-11-06,23,Mon
79851,12,1,19,328,2017-11-06 19:55:20,0,11/6/2017 19:55:20,2017-11-06,19,Mon
72936,151,0,76,347,2017-11-07 13:40:45,0,11/7/2017 13:40:45,2017-11-07,13,Tue
114379,25,1,8,259,2017-11-08 13:03:53,0,11/8/2017 13:03:53,2017-11-08,13,Wed
112880,18,1,19,107,2017-11-09 3:55:33,0,11/9/2017 3:55:33,2017-11-09,3,Thu
231915,13,1,17,400,2017-11-08 13:06:39,0,11/8/2017 13:06:39,2017-11-08,13,Wed
8292,9,1,22,334,2017-11-07 8:26:05,0,11/7/2017 8:26:05,2017-11-07,8,Tue
313388,3,1,13,280,2017-11-09 0:18:12,0,11/9/2017 0:18:12,2017-11-09,0,Thu
57191,23,1,19,153,2017-11-09 10:28:43,0,11/9/2017 10:28:43,2017-11-09,10,Thu
5314,12,1,17,497,2017-11-07 11:10:39,0,11/7/2017 11:10:39,2017-11-07,11,Tue
137652,3,1,19,115,2017-11-07 13:11:43,0,11/7/2017 13:11:43,2017-11-07,13,Tue
32937,18,1,6,107,2017-11-06 16:24:27,0,11/6/2017 16:24:27,2017-11-06,16,Mon
83306,14,1,19,467,2017-11-09 8:43:26,0,11/9/2017 8:43:26,2017-11-09,8,Thu
73839,3,1,22,480,2017-11-09 6:12:29,0,11/9/2017 6:12:29,2017-11-09,6,Thu
37628,15,1,13,245,2017-11-08 15:08:10,0,11/8/2017 15:08:10,2017-11-08,15,Wed
34947,12,1,19,265,2017-11-07 12:10:09,0,11/7/2017 12:10:09,2017-11-07,12,Tue
41369,12,1,25,178,2017-11-07 11:12:14,0,11/7/2017 11:12:14,2017-11-07,11,Tue
106385,3,1,13,280,2017-11-09 3:01:25,0,11/9/2017 3:01:25,2017-11-09,3,Thu
109634,28,1,6,135,2017-11-09 14:44:36,0,11/9/2017 14:44:36,2017-11-09,14,Thu
82050,12,1,13,328,2017-11-07 2:45:33,0,11/7/2017 2:45:33,2017-11-07,2,Tue
7645,3,1,19,280,2017-11-06 16:17:12,0,11/6/2017 16:17:12,2017-11-06,16,Mon
107594,64,1,18,459,2017-11-07 15:45:42,0,11/7/2017 15:45:42,2017-11-07,15,Tue
122777,3,1,58,424,2017-11-09 7:40:53,0,11/9/2017 7:40:53,2017-11-09,7,Thu
205644,18,1,13,107,2017-11-07 2:40:35,0,11/7/2017 2:40:35,2017-11-07,2,Tue
138245,25,1,25,259,2017-11-07 11:46:43,0,11/7/2017 11:46:43,2017-11-07,11,Tue
118229,12,2,2,265,2017-11-09 14:02:06,0,11/9/2017 14:02:06,2017-11-09,14,Thu
114904,2,1,19,205,2017-11-07 8:57:54,0,11/7/2017 8:57:54,2017-11-07,8,Tue
181182,18,1,13,107,2017-11-07 15:53:01,0,11/7/2017 15:53:01,2017-11-07,15,Tue
7815,3,1,19,442,2017-11-08 10:22:55,0,11/8/2017 10:22:55,2017-11-08,10,Wed
55910,2,1,17,364,2017-11-06 23:25:59,0,11/6/2017 23:25:59,2017-11-06,23,Mon
173196,13,1,23,477,2017-11-07 3:08:10,0,11/7/2017 3:08:10,2017-11-07,3,Tue
332197,12,2,19,135,2017-11-09 14:57:36,0,11/9/2017 14:57:36,2017-11-09,14,Thu
66985,3,1,20,137,2017-11-06 17:48:39,0,11/6/2017 17:48:39,2017-11-06,17,Mon
164865,24,1,10,105,2017-11-07 12:32:38,0,11/7/2017 12:32:38,2017-11-07,12,Tue
54481,9,1,30,232,2017-11-06 22:49:38,0,11/6/2017 22:49:38,2017-11-06,22,Mon
194117,15,1,18,245,2017-11-07 21:24:05,0,11/7/2017 21:24:05,2017-11-07,21,Tue
58556,2,2,22,237,2017-11-07 2:25:55,0,11/7/2017 2:25:55,2017-11-07,2,Tue
235903,26,1,10,121,2017-11-07 17:25:00,0,11/7/2017 17:25:00,2017-11-07,17,Tue
109676,9,1,15,127,2017-11-09 13:42:10,0,11/9/2017 13:42:10,2017-11-09,13,Thu
110095,12,1,19,245,2017-11-07 16:21:34,0,11/7/2017 16:21:34,2017-11-07,16,Tue
91336,3,1,13,280,2017-11-09 4:55:48,0,11/9/2017 4:55:48,2017-11-09,4,Thu
76853,2,1,18,435,2017-11-08 2:16:25,0,11/8/2017 2:16:25,2017-11-08,2,Wed
5509,9,1,19,442,2017-11-09 8:58:05,0,11/9/2017 8:58:05,2017-11-09,8,Thu
33777,27,1,15,122,2017-11-08 11:54:07,0,11/8/2017 11:54:07,2017-11-08,11,Wed
26826,12,1,13,259,2017-11-09 11:47:27,0,11/9/2017 11:47:27,2017-11-09,11,Thu
80560,13,1,22,477,2017-11-09 5:43:49,0,11/9/2017 5:43:49,2017-11-09,5,Thu
96266,8,1,13,145,2017-11-09 10:48:45,0,11/9/2017 10:48:45,2017-11-09,10,Thu
78910,12,1,13,245,2017-11-06 19:26:47,0,11/6/2017 19:26:47,2017-11-06,19,Mon
10265,15,1,9,245,2017-11-07 8:58:45,0,11/7/2017 8:58:45,2017-11-07,8,Tue
23733,2,1,32,219,2017-11-06 17:52:32,0,11/6/2017 17:52:32,2017-11-06,17,Mon
141490,5,1,13,377,2017-11-07 14:39:19,0,11/7/2017 14:39:19,2017-11-07,14,Tue
88541,21,1,25,128,2017-11-06 18:51:40,0,11/6/2017 18:51:40,2017-11-06,18,Mon
92289,9,1,16,258,2017-11-09 12:49:58,0,11/9/2017 12:49:58,2017-11-09,12,Thu
80571,14,1,19,401,2017-11-07 3:54:44,0,11/7/2017 3:54:44,2017-11-07,3,Tue
15218,12,1,6,265,2017-11-08 8:34:05,0,11/8/2017 8:34:05,2017-11-08,8,Wed
67577,26,1,11,266,2017-11-08 9:52:54,0,11/8/2017 9:52:54,2017-11-08,9,Wed
22349,12,1,32,219,2017-11-07 3:42:58,0,11/7/2017 3:42:58,2017-11-07,3,Tue
67409,15,1,6,430,2017-11-09 3:14:27,0,11/9/2017 3:14:27,2017-11-09,3,Thu
39453,3,1,19,280,2017-11-07 8:02:10,0,11/7/2017 8:02:10,2017-11-07,8,Tue
88255,2,1,13,122,2017-11-07 14:01:59,0,11/7/2017 14:01:59,2017-11-07,14,Tue
28272,18,1,19,439,2017-11-09 1:41:16,0,11/9/2017 1:41:16,2017-11-09,1,Thu
71579,3,1,9,130,2017-11-06 17:24:18,0,11/6/2017 17:24:18,2017-11-06,17,Mon
46939,15,1,13,379,2017-11-09 0:58:52,0,11/9/2017 0:58:52,2017-11-09,0,Thu
46740,2,1,9,236,2017-11-08 13:28:37,0,11/8/2017 13:28:37,2017-11-08,13,Wed
146536,23,1,37,153,2017-11-08 13:13:03,0,11/8/2017 13:13:03,2017-11-08,13,Wed
27303,15,1,18,245,2017-11-08 23:36:18,0,11/8/2017 23:36:18,2017-11-08,23,Wed
101445,9,1,4,127,2017-11-09 15:41:07,0,11/9/2017 15:41:07,2017-11-09,15,Thu
30636,12,1,13,265,2017-11-06 22:21:30,0,11/6/2017 22:21:30,2017-11-06,22,Mon
18122,2,1,13,122,2017-11-08 4:48:08,0,11/8/2017 4:48:08,2017-11-08,4,Wed
11448,15,1,25,315,2017-11-07 13:46:35,0,11/7/2017 13:46:35,2017-11-07,13,Tue
109776,15,1,19,140,2017-11-08 11:47:20,0,11/8/2017 11:47:20,2017-11-08,11,Wed
49383,12,1,22,265,2017-11-08 11:04:15,0,11/8/2017 11:04:15,2017-11-08,11,Wed
76503,150,1,10,110,2017-11-07 4:27:36,0,11/7/2017 4:27:36,2017-11-07,4,Tue
170136,2,1,25,237,2017-11-09 4:53:45,0,11/9/2017 4:53:45,2017-11-09,4,Thu
32432,5,1,41,377,2017-11-07 16:08:45,0,11/7/2017 16:08:45,2017-11-07,16,Tue
5178,14,1,18,401,2017-11-08 23:43:29,0,11/8/2017 23:43:29,2017-11-08,23,Wed
16993,15,1,11,245,2017-11-08 6:01:53,0,11/8/2017 6:01:53,2017-11-08,6,Wed
146904,18,1,11,107,2017-11-08 8:44:36,0,11/8/2017 8:44:36,2017-11-08,8,Wed
109735,9,1,6,134,2017-11-09 3:19:10,0,11/9/2017 3:19:10,2017-11-09,3,Thu
212602,95,3032,607,347,2017-11-07 13:49:47,0,11/7/2017 13:49:47,2017-11-07,13,Tue
77048,15,1,19,245,2017-11-07 22:20:57,0,11/7/2017 22:20:57,2017-11-07,22,Tue
77610,17,1,37,134,2017-11-09 2:08:09,0,11/9/2017 2:08:09,2017-11-09,2,Thu
39884,18,1,3,107,2017-11-09 2:30:01,0,11/9/2017 2:30:01,2017-11-09,2,Thu
188452,12,1,13,245,2017-11-08 15:42:34,0,11/8/2017 15:42:34,2017-11-08,15,Wed
103598,3,1,13,280,2017-11-08 7:08:04,0,11/8/2017 7:08:04,2017-11-08,7,Wed
126105,3,1,8,135,2017-11-08 12:17:10,0,11/8/2017 12:17:10,2017-11-08,12,Wed
63408,2,1,3,435,2017-11-08 0:27:38,0,11/8/2017 0:27:38,2017-11-08,0,Wed
100275,1,1,3,115,2017-11-08 16:33:59,0,11/8/2017 16:33:59,2017-11-08,16,Wed
262468,3,1,19,280,2017-11-08 7:39:20,0,11/8/2017 7:39:20,2017-11-08,7,Wed
60191,2,1,19,205,2017-11-09 4:37:12,0,11/9/2017 4:37:12,2017-11-09,4,Thu
201182,3,1,6,489,2017-11-08 3:08:30,0,11/8/2017 3:08:30,2017-11-08,3,Wed
111153,15,1,20,3,2017-11-09 14:36:58,0,11/9/2017 14:36:58,2017-11-09,14,Thu
32453,3,2,9,280,2017-11-08 2:19:07,0,11/8/2017 2:19:07,2017-11-08,2,Wed
27714,3,1,15,173,2017-11-07 14:49:29,0,11/7/2017 14:49:29,2017-11-07,14,Tue
15843,14,1,19,480,2017-11-08 9:31:17,0,11/8/2017 9:31:17,2017-11-08,9,Wed
149535,8,1,25,259,2017-11-07 1:04:29,0,11/7/2017 1:04:29,2017-11-07,1,Tue
45785,105,1,10,282,2017-11-07 2:04:06,0,11/7/2017 2:04:06,2017-11-07,2,Tue
41181,2,1,19,469,2017-11-07 22:04:10,0,11/7/2017 22:04:10,2017-11-07,22,Tue
59426,23,1,19,153,2017-11-08 10:35:34,0,11/8/2017 10:35:34,2017-11-08,10,Wed
56313,2,1,25,469,2017-11-07 9:33:47,0,11/7/2017 9:33:47,2017-11-07,9,Tue
74034,22,1,12,116,2017-11-08 13:32:55,0,11/8/2017 13:32:55,2017-11-08,13,Wed
67628,2,1,13,452,2017-11-07 18:03:38,0,11/7/2017 18:03:38,2017-11-07,18,Tue
18676,11,1,16,487,2017-11-07 8:40:07,0,11/7/2017 8:40:07,2017-11-07,8,Tue
184702,2,1,19,435,2017-11-07 4:13:27,0,11/7/2017 4:13:27,2017-11-07,4,Tue
973,12,1,13,178,2017-11-09 2:35:38,0,11/9/2017 2:35:38,2017-11-09,2,Thu
276450,3,1,41,211,2017-11-08 13:21:23,0,11/8/2017 13:21:23,2017-11-08,13,Wed
102581,2,1,13,212,2017-11-08 8:33:10,0,11/8/2017 8:33:10,2017-11-08,8,Wed
73997,2,1,16,219,2017-11-08 2:39:13,0,11/8/2017 2:39:13,2017-11-08,2,Wed
202464,14,1,9,439,2017-11-06 17:47:11,0,11/6/2017 17:47:11,2017-11-06,17,Mon
91128,9,1,11,145,2017-11-08 11:09:41,0,11/8/2017 11:09:41,2017-11-08,11,Wed
69185,14,1,19,349,2017-11-07 23:34:20,0,11/7/2017 23:34:20,2017-11-07,23,Tue
117651,2,1,13,477,2017-11-07 7:31:17,0,11/7/2017 7:31:17,2017-11-07,7,Tue
119818,3,1,19,280,2017-11-09 0:07:23,0,11/9/2017 0:07:23,2017-11-09,0,Thu
38300,11,1,8,481,2017-11-08 10:44:12,0,11/8/2017 10:44:12,2017-11-08,10,Wed
105475,3,1,13,409,2017-11-09 5:00:20,0,11/9/2017 5:00:20,2017-11-09,5,Thu
178873,12,1,9,424,2017-11-06 16:57:06,0,11/6/2017 16:57:06,2017-11-06,16,Mon
53341,28,1,22,135,2017-11-08 3:01:00,0,11/8/2017 3:01:00,2017-11-08,3,Wed
59847,3,1,8,280,2017-11-08 14:28:36,0,11/8/2017 14:28:36,2017-11-08,14,Wed
61120,21,1,17,128,2017-11-08 23:41:06,0,11/8/2017 23:41:06,2017-11-08,23,Wed
139490,21,1,19,128,2017-11-07 3:38:12,0,11/7/2017 3:38:12,2017-11-07,3,Tue
37437,2,1,19,236,2017-11-08 12:42:09,0,11/8/2017 12:42:09,2017-11-08,12,Wed
89141,1,1,25,134,2017-11-09 12:28:35,0,11/9/2017 12:28:35,2017-11-09,12,Thu
125288,3,1,19,280,2017-11-08 15:23:26,0,11/8/2017 15:23:26,2017-11-08,15,Wed
137030,2,1,13,122,2017-11-07 5:49:12,0,11/7/2017 5:49:12,2017-11-07,5,Tue
67868,12,1,13,245,2017-11-08 20:32:48,0,11/8/2017 20:32:48,2017-11-08,20,Wed
60017,14,1,18,442,2017-11-07 4:11:20,0,11/7/2017 4:11:20,2017-11-07,4,Tue
114276,9,1,2,442,2017-11-08 14:40:53,0,11/8/2017 14:40:53,2017-11-08,14,Wed
186799,64,2,13,459,2017-11-07 17:46:01,0,11/7/2017 17:46:01,2017-11-07,17,Tue
172498,18,1,19,439,2017-11-07 5:10:29,0,11/7/2017 5:10:29,2017-11-07,5,Tue
8292,15,1,27,412,2017-11-09 4:04:45,0,11/9/2017 4:04:45,2017-11-09,4,Thu
24876,7,1,15,101,2017-11-09 14:36:00,0,11/9/2017 14:36:00,2017-11-09,14,Thu
66437,24,1,8,105,2017-11-07 9:29:47,0,11/7/2017 9:29:47,2017-11-07,9,Tue
58978,23,1,19,30,2017-11-08 2:56:52,0,11/8/2017 2:56:52,2017-11-08,2,Wed
90814,13,1,19,477,2017-11-07 12:51:22,0,11/7/2017 12:51:22,2017-11-07,12,Tue
49479,1,1,37,153,2017-11-08 9:15:57,0,11/8/2017 9:15:57,2017-11-08,9,Wed
42596,2,1,18,477,2017-11-09 5:44:58,0,11/9/2017 5:44:58,2017-11-09,5,Thu
103090,15,1,22,3,2017-11-08 15:46:12,0,11/8/2017 15:46:12,2017-11-08,15,Wed
44692,12,1,8,409,2017-11-07 6:39:54,0,11/7/2017 6:39:54,2017-11-07,6,Tue
52024,2,1,19,212,2017-11-09 1:48:26,0,11/9/2017 1:48:26,2017-11-09,1,Thu
37919,13,1,13,477,2017-11-09 0:31:27,0,11/9/2017 0:31:27,2017-11-09,0,Thu
85085,15,1,19,278,2017-11-09 11:01:01,0,11/9/2017 11:01:01,2017-11-09,11,Thu
47422,13,1,13,477,2017-11-07 3:57:15,0,11/7/2017 3:57:15,2017-11-07,3,Tue
36150,12,1,19,178,2017-11-08 10:47:19,0,11/8/2017 10:47:19,2017-11-08,10,Wed
78021,14,1,19,439,2017-11-08 6:29:18,0,11/8/2017 6:29:18,2017-11-08,6,Wed
2538,20,1,22,259,2017-11-08 15:25:05,0,11/8/2017 15:25:05,2017-11-08,15,Wed
101487,20,1,19,478,2017-11-09 2:24:06,0,11/9/2017 2:24:06,2017-11-09,2,Thu
160734,12,1,41,245,2017-11-09 6:31:38,0,11/9/2017 6:31:38,2017-11-09,6,Thu
75794,10,1,13,317,2017-11-09 7:46:35,0,11/9/2017 7:46:35,2017-11-09,7,Thu
89661,2,1,10,122,2017-11-06 16:49:33,0,11/6/2017 16:49:33,2017-11-06,16,Mon
89722,3,1,19,173,2017-11-07 13:14:35,0,11/7/2017 13:14:35,2017-11-07,13,Tue
38546,28,1,13,135,2017-11-08 6:44:13,0,11/8/2017 6:44:13,2017-11-08,6,Wed
239540,12,1,13,245,2017-11-08 5:57:29,0,11/8/2017 5:57:29,2017-11-08,5,Wed
27526,2,1,105,452,2017-11-09 10:45:24,0,11/9/2017 10:45:24,2017-11-09,10,Thu
69197,22,1,4,496,2017-11-07 6:02:44,0,11/7/2017 6:02:44,2017-11-07,6,Tue
355971,12,2,13,178,2017-11-09 3:48:35,0,11/9/2017 3:48:35,2017-11-09,3,Thu
69960,3,1,19,280,2017-11-09 6:03:04,0,11/9/2017 6:03:04,2017-11-09,6,Thu
37855,2,1,19,435,2017-11-08 7:56:58,0,11/8/2017 7:56:58,2017-11-08,7,Wed
175592,9,1,25,134,2017-11-08 10:09:54,0,11/8/2017 10:09:54,2017-11-08,10,Wed
273298,3,1,9,280,2017-11-08 9:03:46,0,11/8/2017 9:03:46,2017-11-08,9,Wed
38406,8,1,13,145,2017-11-07 1:25:45,0,11/7/2017 1:25:45,2017-11-07,1,Tue
84680,3,1,17,280,2017-11-09 0:39:05,0,11/9/2017 0:39:05,2017-11-09,0,Thu
36862,6,1,19,125,2017-11-08 6:47:53,0,11/8/2017 6:47:53,2017-11-08,6,Wed
33402,1,1,9,135,2017-11-09 4:02:23,0,11/9/2017 4:02:23,2017-11-09,4,Thu
77041,2,1,18,477,2017-11-07 16:29:34,0,11/7/2017 16:29:34,2017-11-07,16,Tue
153621,3,1,17,115,2017-11-08 1:10:47,0,11/8/2017 1:10:47,2017-11-08,1,Wed
306237,11,1,17,469,2017-11-09 0:01:09,0,11/9/2017 0:01:09,2017-11-09,0,Thu
73487,9,2,9,134,2017-11-06 23:43:59,0,11/6/2017 23:43:59,2017-11-06,23,Mon
45745,11,1,47,122,2017-11-08 12:08:20,0,11/8/2017 12:08:20,2017-11-08,12,Wed
47227,21,1,13,128,2017-11-07 10:38:25,0,11/7/2017 10:38:25,2017-11-07,10,Tue
114314,9,1,20,232,2017-11-09 4:29:47,0,11/9/2017 4:29:47,2017-11-09,4,Thu
87620,18,1,19,134,2017-11-08 11:15:29,0,11/8/2017 11:15:29,2017-11-08,11,Wed
26807,13,1,6,477,2017-11-08 11:02:22,0,11/8/2017 11:02:22,2017-11-08,11,Wed
62671,8,1,19,145,2017-11-09 3:57:42,0,11/9/2017 3:57:42,2017-11-09,3,Thu
40125,21,1,19,128,2017-11-07 14:22:46,0,11/7/2017 14:22:46,2017-11-07,14,Tue
98881,3,1,13,280,2017-11-08 13:57:27,0,11/8/2017 13:57:27,2017-11-08,13,Wed
70247,21,1,14,128,2017-11-07 1:58:35,0,11/7/2017 1:58:35,2017-11-07,1,Tue
108260,2,1,15,219,2017-11-07 10:42:33,0,11/7/2017 10:42:33,2017-11-07,10,Tue
201269,2,1,12,435,2017-11-07 4:05:32,0,11/7/2017 4:05:32,2017-11-07,4,Tue
200154,12,1,17,178,2017-11-07 13:26:59,0,11/7/2017 13:26:59,2017-11-07,13,Tue
26995,9,1,10,334,2017-11-09 12:38:54,0,11/9/2017 12:38:54,2017-11-09,12,Thu
53454,2,1,13,477,2017-11-07 16:33:07,0,11/7/2017 16:33:07,2017-11-07,16,Tue
171503,9,1,26,445,2017-11-09 6:18:37,0,11/9/2017 6:18:37,2017-11-09,6,Thu
110009,7,1,13,101,2017-11-07 9:55:18,0,11/7/2017 9:55:18,2017-11-07,9,Tue
271126,3,1,6,371,2017-11-08 1:09:16,0,11/8/2017 1:09:16,2017-11-08,1,Wed
130629,12,1,17,178,2017-11-08 2:02:35,0,11/8/2017 2:02:35,2017-11-08,2,Wed
95388,3,1,3,280,2017-11-09 5:27:33,0,11/9/2017 5:27:33,2017-11-09,5,Thu
75436,25,1,13,259,2017-11-08 1:46:42,0,11/8/2017 1:46:42,2017-11-08,1,Wed
119289,12,2,27,145,2017-11-08 11:20:25,0,11/8/2017 11:20:25,2017-11-08,11,Wed
98622,15,1,18,265,2017-11-07 7:56:22,0,11/7/2017 7:56:22,2017-11-07,7,Tue
58934,14,1,20,489,2017-11-09 1:12:35,0,11/9/2017 1:12:35,2017-11-09,1,Thu
189183,1,1,19,153,2017-11-08 21:32:20,0,11/8/2017 21:32:20,2017-11-08,21,Wed
79180,18,1,4,107,2017-11-07 2:52:43,0,11/7/2017 2:52:43,2017-11-07,2,Tue
57732,10,2,100,113,2017-11-07 6:27:24,0,11/7/2017 6:27:24,2017-11-07,6,Tue
270168,1,1,46,153,2017-11-08 9:25:41,0,11/8/2017 9:25:41,2017-11-08,9,Wed
80223,28,1,19,135,2017-11-09 4:27:37,0,11/9/2017 4:27:37,2017-11-09,4,Thu
66520,19,3371,24,213,2017-11-08 21:37:57,0,11/8/2017 21:37:57,2017-11-08,21,Wed
62009,12,1,17,245,2017-11-07 6:31:59,0,11/7/2017 6:31:59,2017-11-07,6,Tue
25373,26,1,13,266,2017-11-07 14:41:19,0,11/7/2017 14:41:19,2017-11-07,14,Tue
159857,28,1,8,135,2017-11-09 6:20:52,0,11/9/2017 6:20:52,2017-11-09,6,Thu
22006,3,1,22,19,2017-11-09 7:02:19,0,11/9/2017 7:02:19,2017-11-09,7,Thu
124096,3,1,22,280,2017-11-09 0:04:18,0,11/9/2017 0:04:18,2017-11-09,0,Thu
134957,27,1,19,122,2017-11-07 0:20:05,0,11/7/2017 0:20:05,2017-11-07,0,Tue
54960,15,1,13,265,2017-11-09 2:49:56,0,11/9/2017 2:49:56,2017-11-09,2,Thu
26573,15,1,13,130,2017-11-08 5:10:46,0,11/8/2017 5:10:46,2017-11-08,5,Wed
121332,9,1,19,134,2017-11-08 1:06:15,0,11/8/2017 1:06:15,2017-11-08,1,Wed
79717,12,1,19,178,2017-11-08 2:38:25,0,11/8/2017 2:38:25,2017-11-08,2,Wed
107164,9,1,17,107,2017-11-09 0:07:12,0,11/9/2017 0:07:12,2017-11-09,0,Thu
132492,7,1,19,101,2017-11-07 8:42:16,0,11/7/2017 8:42:16,2017-11-07,8,Tue
123040,18,1,13,107,2017-11-08 14:56:32,0,11/8/2017 14:56:32,2017-11-08,14,Wed
107809,11,1,37,173,2017-11-09 12:56:30,0,11/9/2017 12:56:30,2017-11-09,12,Thu
53964,18,1,13,134,2017-11-07 9:13:22,0,11/7/2017 9:13:22,2017-11-07,9,Tue
25041,3,1,32,280,2017-11-07 12:12:55,0,11/7/2017 12:12:55,2017-11-07,12,Tue
56166,18,1,14,317,2017-11-07 4:34:05,0,11/7/2017 4:34:05,2017-11-07,4,Tue
19264,13,1,19,400,2017-11-08 14:22:04,0,11/8/2017 14:22:04,2017-11-08,14,Wed
193061,15,1,13,315,2017-11-08 6:35:42,0,11/8/2017 6:35:42,2017-11-08,6,Wed
197093,15,1,15,245,2017-11-07 2:31:51,0,11/7/2017 2:31:51,2017-11-07,2,Tue
16050,1,1,3,134,2017-11-07 0:01:16,0,11/7/2017 0:01:16,2017-11-07,0,Tue
67754,12,2,9,326,2017-11-07 14:57:47,0,11/7/2017 14:57:47,2017-11-07,14,Tue
67439,12,2,9,245,2017-11-09 4:12:11,0,11/9/2017 4:12:11,2017-11-09,4,Thu
88172,14,1,19,480,2017-11-07 9:04:34,0,11/7/2017 9:04:34,2017-11-07,9,Tue
73487,3,2,41,153,2017-11-07 9:42:22,0,11/7/2017 9:42:22,2017-11-07,9,Tue
80827,12,1,3,19,2017-11-09 14:51:01,0,11/9/2017 14:51:01,2017-11-09,14,Thu
58973,15,1,18,130,2017-11-08 3:15:36,0,11/8/2017 3:15:36,2017-11-08,3,Wed
249632,1,1,17,124,2017-11-08 15:58:08,0,11/8/2017 15:58:08,2017-11-08,15,Wed
114878,9,1,13,442,2017-11-07 15:31:43,0,11/7/2017 15:31:43,2017-11-07,15,Tue
50752,12,2,13,245,2017-11-09 5:22:57,0,11/9/2017 5:22:57,2017-11-09,5,Thu
39180,18,1,866,107,2017-11-09 14:08:12,0,11/9/2017 14:08:12,2017-11-09,14,Thu
188345,3,1,18,280,2017-11-07 4:42:21,0,11/7/2017 4:42:21,2017-11-07,4,Tue
7572,2,1,10,122,2017-11-07 21:38:32,0,11/7/2017 21:38:32,2017-11-07,21,Tue
17988,15,1,6,245,2017-11-06 23:49:15,0,11/6/2017 23:49:15,2017-11-06,23,Mon
27793,18,1,19,107,2017-11-08 14:07:50,0,11/8/2017 14:07:50,2017-11-08,14,Wed
212485,22,1,19,116,2017-11-09 1:30:34,0,11/9/2017 1:30:34,2017-11-09,1,Thu
315062,3,1,13,280,2017-11-09 7:05:32,0,11/9/2017 7:05:32,2017-11-09,7,Thu
121209,14,1,13,489,2017-11-07 23:16:20,0,11/7/2017 23:16:20,2017-11-07,23,Tue
169058,20,1,37,478,2017-11-07 8:47:31,0,11/7/2017 8:47:31,2017-11-07,8,Tue
79916,26,1,17,477,2017-11-08 22:16:16,0,11/8/2017 22:16:16,2017-11-08,22,Wed
79827,3,1,8,280,2017-11-07 6:43:06,0,11/7/2017 6:43:06,2017-11-07,6,Tue
125432,26,1,19,266,2017-11-07 8:47:18,0,11/7/2017 8:47:18,2017-11-07,8,Tue
17677,2,1,9,469,2017-11-07 1:09:04,0,11/7/2017 1:09:04,2017-11-07,1,Tue
112617,14,1,22,123,2017-11-07 9:53:25,0,11/7/2017 9:53:25,2017-11-07,9,Tue
75329,21,1,16,232,2017-11-08 9:06:54,0,11/8/2017 9:06:54,2017-11-08,9,Wed
236269,27,1,2,153,2017-11-07 23:53:04,0,11/7/2017 23:53:04,2017-11-07,23,Tue
136279,13,1,19,477,2017-11-07 5:26:57,0,11/7/2017 5:26:57,2017-11-07,5,Tue
12091,3,1,27,280,2017-11-08 18:58:23,0,11/8/2017 18:58:23,2017-11-08,18,Wed
181311,7,1,37,101,2017-11-07 3:08:12,0,11/7/2017 3:08:12,2017-11-07,3,Tue
76727,23,1,19,153,2017-11-09 9:08:59,0,11/9/2017 9:08:59,2017-11-09,9,Thu
82039,11,1,20,325,2017-11-08 16:19:07,0,11/8/2017 16:19:07,2017-11-08,16,Wed
48240,2,1,12,237,2017-11-07 13:23:14,0,11/7/2017 13:23:14,2017-11-07,13,Tue
14877,12,1,19,178,2017-11-08 9:20:16,0,11/8/2017 9:20:16,2017-11-08,9,Wed
92916,3,1,18,280,2017-11-08 22:19:12,0,11/8/2017 22:19:12,2017-11-08,22,Wed
119929,12,1,19,245,2017-11-07 12:05:42,0,11/7/2017 12:05:42,2017-11-07,12,Tue
55047,9,1,26,134,2017-11-07 0:47:21,0,11/7/2017 0:47:21,2017-11-07,0,Tue
97982,3,1,19,280,2017-11-08 5:58:21,0,11/8/2017 5:58:21,2017-11-08,5,Wed
50238,15,1,53,265,2017-11-07 14:20:34,0,11/7/2017 14:20:34,2017-11-07,14,Tue
29489,3,1,9,173,2017-11-07 12:48:36,0,11/7/2017 12:48:36,2017-11-07,12,Tue
72357,25,1,17,259,2017-11-09 11:46:21,0,11/9/2017 11:46:21,2017-11-09,11,Thu
117898,15,2,13,245,2017-11-08 23:28:38,0,11/8/2017 23:28:38,2017-11-08,23,Wed
73516,9,1,13,127,2017-11-09 15:20:26,0,11/9/2017 15:20:26,2017-11-09,15,Thu
109413,3,1,19,280,2017-11-08 4:40:01,0,11/8/2017 4:40:01,2017-11-08,4,Wed
47962,12,1,13,265,2017-11-06 21:00:22,0,11/6/2017 21:00:22,2017-11-06,21,Mon
13076,27,1,13,122,2017-11-09 11:38:38,0,11/9/2017 11:38:38,2017-11-09,11,Thu
38422,12,1,20,140,2017-11-08 9:08:38,0,11/8/2017 9:08:38,2017-11-08,9,Wed
36183,14,1,20,401,2017-11-07 21:43:49,0,11/7/2017 21:43:49,2017-11-07,21,Tue
92890,14,1,19,442,2017-11-07 6:12:35,0,11/7/2017 6:12:35,2017-11-07,6,Tue
120444,3,1,9,130,2017-11-09 8:11:04,0,11/9/2017 8:11:04,2017-11-09,8,Thu
67439,12,1,17,326,2017-11-06 16:09:08,0,11/6/2017 16:09:08,2017-11-06,16,Mon
193097,2,2,3,364,2017-11-07 15:00:49,0,11/7/2017 15:00:49,2017-11-07,15,Tue
88935,2,1,19,469,2017-11-09 8:56:47,0,11/9/2017 8:56:47,2017-11-09,8,Thu
53408,2,1,13,258,2017-11-08 4:46:38,0,11/8/2017 4:46:38,2017-11-08,4,Wed
203084,18,1,13,107,2017-11-09 10:00:09,0,11/9/2017 10:00:09,2017-11-09,10,Thu
167094,3,1,9,280,2017-11-07 4:24:41,0,11/7/2017 4:24:41,2017-11-07,4,Tue
119349,12,1,41,259,2017-11-09 12:49:27,0,11/9/2017 12:49:27,2017-11-09,12,Thu
70677,11,1,13,122,2017-11-07 1:36:04,0,11/7/2017 1:36:04,2017-11-07,1,Tue
167482,21,1,18,232,2017-11-07 17:11:38,0,11/7/2017 17:11:38,2017-11-07,17,Tue
85631,3,1,18,205,2017-11-09 7:53:06,0,11/9/2017 7:53:06,2017-11-09,7,Thu
77840,14,1,19,442,2017-11-09 14:02:53,0,11/9/2017 14:02:53,2017-11-09,14,Thu
73467,12,1,13,328,2017-11-07 7:57:58,0,11/7/2017 7:57:58,2017-11-07,7,Tue
122991,64,1,8,459,2017-11-07 9:19:21,0,11/7/2017 9:19:21,2017-11-07,9,Tue
159834,18,1,4,134,2017-11-09 11:51:38,0,11/9/2017 11:51:38,2017-11-09,11,Thu
107041,1,1,13,377,2017-11-07 5:41:59,0,11/7/2017 5:41:59,2017-11-07,5,Tue
12689,3,1,19,135,2017-11-08 8:30:27,0,11/8/2017 8:30:27,2017-11-08,8,Wed
44527,3,1,19,153,2017-11-08 17:52:03,0,11/8/2017 17:52:03,2017-11-08,17,Wed
73839,15,1,19,245,2017-11-07 14:06:53,0,11/7/2017 14:06:53,2017-11-07,14,Tue
90224,13,1,13,477,2017-11-07 0:44:39,0,11/7/2017 0:44:39,2017-11-07,0,Tue
125295,3,1,13,317,2017-11-08 7:05:37,0,11/8/2017 7:05:37,2017-11-08,7,Wed
119349,14,1,28,446,2017-11-09 11:03:57,0,11/9/2017 11:03:57,2017-11-09,11,Thu
171263,12,1,19,328,2017-11-09 12:36:11,0,11/9/2017 12:36:11,2017-11-09,12,Thu
41203,15,1,19,245,2017-11-08 4:10:33,0,11/8/2017 4:10:33,2017-11-08,4,Wed
114597,9,1,9,134,2017-11-08 0:08:16,0,11/8/2017 0:08:16,2017-11-08,0,Wed
65352,15,1,19,278,2017-11-09 12:39:31,0,11/9/2017 12:39:31,2017-11-09,12,Thu
53715,2,1,47,469,2017-11-09 11:26:57,0,11/9/2017 11:26:57,2017-11-09,11,Thu
137052,12,2,13,145,2017-11-07 11:25:33,0,11/7/2017 11:25:33,2017-11-07,11,Tue
99945,9,1,15,445,2017-11-07 4:39:17,0,11/7/2017 4:39:17,2017-11-07,4,Tue
125551,14,1,13,467,2017-11-06 23:20:45,0,11/6/2017 23:20:45,2017-11-06,23,Mon
47243,12,1,18,259,2017-11-07 9:20:57,0,11/7/2017 9:20:57,2017-11-07,9,Tue
6581,3,1,19,280,2017-11-08 11:44:32,0,11/8/2017 11:44:32,2017-11-08,11,Wed
37506,1,1,20,125,2017-11-07 18:23:54,0,11/7/2017 18:23:54,2017-11-07,18,Tue
93021,12,1,19,259,2017-11-08 13:45:25,0,11/8/2017 13:45:25,2017-11-08,13,Wed
67944,23,1,19,153,2017-11-08 23:36:46,0,11/8/2017 23:36:46,2017-11-08,23,Wed
185236,12,1,13,178,2017-11-08 11:33:54,0,11/8/2017 11:33:54,2017-11-08,11,Wed
69775,3,1,15,424,2017-11-08 5:58:40,0,11/8/2017 5:58:40,2017-11-08,5,Wed
94778,3,1,13,280,2017-11-07 7:41:14,0,11/7/2017 7:41:14,2017-11-07,7,Tue
76855,2,1,19,401,2017-11-08 12:26:22,0,11/8/2017 12:26:22,2017-11-08,12,Wed
32335,15,1,32,140,2017-11-07 19:12:35,0,11/7/2017 19:12:35,2017-11-07,19,Tue
96224,9,1,19,215,2017-11-09 5:01:08,0,11/9/2017 5:01:08,2017-11-09,5,Thu
358741,10,1,19,377,2017-11-09 8:33:04,0,11/9/2017 8:33:04,2017-11-09,8,Thu
13974,26,1,13,121,2017-11-09 3:20:13,0,11/9/2017 3:20:13,2017-11-09,3,Thu
70956,15,1,13,430,2017-11-07 8:42:09,0,11/7/2017 8:42:09,2017-11-07,8,Tue
80743,12,1,19,328,2017-11-08 8:45:21,0,11/8/2017 8:45:21,2017-11-08,8,Wed
110589,25,1,13,259,2017-11-08 13:57:23,0,11/8/2017 13:57:23,2017-11-08,13,Wed
128210,6,1,13,125,2017-11-09 1:46:09,0,11/9/2017 1:46:09,2017-11-09,1,Thu
214842,27,1,10,153,2017-11-08 0:12:55,0,11/8/2017 0:12:55,2017-11-08,0,Wed
119798,15,1,25,245,2017-11-08 16:59:07,0,11/8/2017 16:59:07,2017-11-08,16,Wed
84587,3,1,17,280,2017-11-07 12:10:35,0,11/7/2017 12:10:35,2017-11-07,12,Tue
163326,3,1,37,280,2017-11-07 3:18:15,0,11/7/2017 3:18:15,2017-11-07,3,Tue
5348,2,1,15,219,2017-11-07 11:12:53,0,11/7/2017 11:12:53,2017-11-07,11,Tue
1471,26,1,25,266,2017-11-07 10:41:25,0,11/7/2017 10:41:25,2017-11-07,10,Tue
92766,18,1,13,107,2017-11-07 9:26:38,0,11/7/2017 9:26:38,2017-11-07,9,Tue
35703,18,1,1,107,2017-11-07 5:42:18,0,11/7/2017 5:42:18,2017-11-07,5,Tue
352095,15,1,37,379,2017-11-08 18:56:01,0,11/8/2017 18:56:01,2017-11-08,18,Wed
74617,25,1,12,259,2017-11-07 6:03:41,0,11/7/2017 6:03:41,2017-11-07,6,Tue
40631,14,1,19,349,2017-11-09 0:22:26,0,11/9/2017 0:22:26,2017-11-09,0,Thu
75786,2,1,19,205,2017-11-07 9:25:10,0,11/7/2017 9:25:10,2017-11-07,9,Tue
30203,13,1,19,477,2017-11-07 3:22:34,0,11/7/2017 3:22:34,2017-11-07,3,Tue
12506,32,1,41,376,2017-11-08 14:17:28,0,11/8/2017 14:17:28,2017-11-08,14,Wed
88923,14,1,35,480,2017-11-08 4:05:18,0,11/8/2017 4:05:18,2017-11-08,4,Wed
18589,26,1,19,121,2017-11-06 23:12:07,0,11/6/2017 23:12:07,2017-11-06,23,Mon
60045,11,1,1,122,2017-11-07 3:37:08,0,11/7/2017 3:37:08,2017-11-07,3,Tue
94906,12,1,41,259,2017-11-08 14:01:07,0,11/8/2017 14:01:07,2017-11-08,14,Wed
221041,2,1,37,435,2017-11-07 16:59:23,0,11/7/2017 16:59:23,2017-11-07,16,Tue
114276,12,1,14,178,2017-11-09 13:03:12,0,11/9/2017 13:03:12,2017-11-09,13,Thu
78881,18,1,20,134,2017-11-07 14:34:42,0,11/7/2017 14:34:42,2017-11-07,14,Tue
220427,9,1,22,466,2017-11-08 4:43:48,0,11/8/2017 4:43:48,2017-11-08,4,Wed
5178,9,2,78,244,2017-11-09 10:53:33,0,11/9/2017 10:53:33,2017-11-09,10,Thu
85482,9,1,41,232,2017-11-09 6:29:53,0,11/9/2017 6:29:53,2017-11-09,6,Thu
86767,13,1,8,469,2017-11-08 2:23:22,0,11/8/2017 2:23:22,2017-11-08,2,Wed
112302,14,1,19,371,2017-11-09 8:53:03,0,11/9/2017 8:53:03,2017-11-09,8,Thu
114220,15,1,19,278,2017-11-08 10:02:28,0,11/8/2017 10:02:28,2017-11-08,10,Wed
124540,2,2,9,477,2017-11-07 11:59:43,0,11/7/2017 11:59:43,2017-11-07,11,Tue
63262,9,1,19,232,2017-11-09 3:58:07,0,11/9/2017 3:58:07,2017-11-09,3,Thu
30647,3,1,8,173,2017-11-08 6:58:43,0,11/8/2017 6:58:43,2017-11-08,6,Wed
116272,2,1,19,469,2017-11-07 3:53:55,0,11/7/2017 3:53:55,2017-11-07,3,Tue
5348,14,1,47,379,2017-11-07 13:23:40,0,11/7/2017 13:23:40,2017-11-07,13,Tue
271020,15,1,19,315,2017-11-09 8:03:03,0,11/9/2017 8:03:03,2017-11-09,8,Thu
68900,9,1,10,466,2017-11-09 5:28:03,0,11/9/2017 5:28:03,2017-11-09,5,Thu
81550,12,1,13,178,2017-11-07 17:17:47,0,11/7/2017 17:17:47,2017-11-07,17,Tue
114965,12,1,19,409,2017-11-07 13:34:16,0,11/7/2017 13:34:16,2017-11-07,13,Tue
40440,9,1,19,232,2017-11-09 11:16:48,0,11/9/2017 11:16:48,2017-11-09,11,Thu
48490,3,1,13,211,2017-11-09 5:44:24,0,11/9/2017 5:44:24,2017-11-09,5,Thu
8179,12,1,41,245,2017-11-08 16:50:51,0,11/8/2017 16:50:51,2017-11-08,16,Wed
145934,12,1,28,178,2017-11-07 9:00:00,0,11/7/2017 9:00:00,2017-11-07,9,Tue
92673,26,1,13,266,2017-11-09 10:36:03,0,11/9/2017 10:36:03,2017-11-09,10,Thu
69691,12,1,13,19,2017-11-08 9:05:10,0,11/8/2017 9:05:10,2017-11-08,9,Wed
4062,2,2,13,237,2017-11-09 1:35:39,0,11/9/2017 1:35:39,2017-11-09,1,Thu
105433,2,1,31,205,2017-11-08 13:58:13,0,11/8/2017 13:58:13,2017-11-08,13,Wed
45870,15,1,13,245,2017-11-08 17:24:54,0,11/8/2017 17:24:54,2017-11-08,17,Wed
62955,15,1,17,315,2017-11-09 7:20:50,0,11/9/2017 7:20:50,2017-11-09,7,Thu
100393,14,1,2,439,2017-11-09 14:50:32,0,11/9/2017 14:50:32,2017-11-09,14,Thu
85644,24,2,19,105,2017-11-06 16:06:36,0,11/6/2017 16:06:36,2017-11-06,16,Mon
39135,1,1,6,153,2017-11-07 10:24:50,0,11/7/2017 10:24:50,2017-11-07,10,Tue
3363,3,1,18,280,2017-11-07 6:44:23,0,11/7/2017 6:44:23,2017-11-07,6,Tue
114904,2,1,19,205,2017-11-08 7:57:47,0,11/8/2017 7:57:47,2017-11-08,7,Wed
64325,14,1,13,480,2017-11-09 0:54:18,0,11/9/2017 0:54:18,2017-11-09,0,Thu
77314,43,1,18,330,2017-11-09 10:41:35,0,11/9/2017 10:41:35,2017-11-09,10,Thu
5314,3,1,47,280,2017-11-08 13:33:18,0,11/8/2017 13:33:18,2017-11-08,13,Wed
202529,9,1,13,466,2017-11-08 15:17:14,0,11/8/2017 15:17:14,2017-11-08,15,Wed
46371,24,2,30,105,2017-11-08 23:52:25,0,11/8/2017 23:52:25,2017-11-08,23,Wed
116344,9,1,13,107,2017-11-09 0:24:39,0,11/9/2017 0:24:39,2017-11-09,0,Thu
184489,13,1,19,477,2017-11-06 23:27:55,0,11/6/2017 23:27:55,2017-11-06,23,Mon
18439,18,1,19,107,2017-11-08 15:51:34,0,11/8/2017 15:51:34,2017-11-08,15,Wed
55100,3,1,14,135,2017-11-07 8:16:45,0,11/7/2017 8:16:45,2017-11-07,8,Tue
69973,18,1,13,107,2017-11-08 23:38:26,0,11/8/2017 23:38:26,2017-11-08,23,Wed
123994,9,1,19,244,2017-11-07 14:41:17,0,11/7/2017 14:41:17,2017-11-07,14,Tue
67530,3,1,49,211,2017-11-08 10:24:05,0,11/8/2017 10:24:05,2017-11-08,10,Wed
92735,12,2,36,326,2017-11-08 2:51:49,0,11/8/2017 2:51:49,2017-11-08,2,Wed
137052,3,1,1,442,2017-11-07 1:28:01,0,11/7/2017 1:28:01,2017-11-07,1,Tue
105475,3,1,19,409,2017-11-07 13:39:47,0,11/7/2017 13:39:47,2017-11-07,13,Tue
110476,14,1,19,442,2017-11-08 5:54:29,0,11/8/2017 5:54:29,2017-11-08,5,Wed
114276,18,1,17,107,2017-11-08 11:42:03,0,11/8/2017 11:42:03,2017-11-08,11,Wed
70532,9,1,13,258,2017-11-08 15:15:47,0,11/8/2017 15:15:47,2017-11-08,15,Wed
5222,3,1,18,280,2017-11-08 11:40:13,0,11/8/2017 11:40:13,2017-11-08,11,Wed
113326,2,1,25,219,2017-11-07 1:31:38,0,11/7/2017 1:31:38,2017-11-07,1,Tue
159671,12,1,19,178,2017-11-08 2:53:28,0,11/8/2017 2:53:28,2017-11-08,2,Wed
106723,2,1,8,477,2017-11-06 17:17:46,0,11/6/2017 17:17:46,2017-11-06,17,Mon
208468,21,1,19,128,2017-11-08 8:16:20,0,11/8/2017 8:16:20,2017-11-08,8,Wed
42289,3,2,49,130,2017-11-08 13:16:42,0,11/8/2017 13:16:42,2017-11-08,13,Wed
35188,3,1,13,205,2017-11-09 12:52:29,0,11/9/2017 12:52:29,2017-11-09,12,Thu
41691,12,1,17,409,2017-11-09 5:26:05,0,11/9/2017 5:26:05,2017-11-09,5,Thu
48212,3,1,22,137,2017-11-09 12:00:40,0,11/9/2017 12:00:40,2017-11-09,12,Thu
149030,2,1,19,377,2017-11-08 10:49:03,0,11/8/2017 10:49:03,2017-11-08,10,Wed
37462,3,1,19,452,2017-11-07 19:01:54,0,11/7/2017 19:01:54,2017-11-07,19,Tue
63993,64,1,13,459,2017-11-07 23:36:59,0,11/7/2017 23:36:59,2017-11-07,23,Tue
121475,12,1,13,245,2017-11-07 14:37:27,0,11/7/2017 14:37:27,2017-11-07,14,Tue
157590,14,1,47,463,2017-11-08 8:16:09,0,11/8/2017 8:16:09,2017-11-08,8,Wed
103377,2,2,28,237,2017-11-09 9:47:19,0,11/9/2017 9:47:19,2017-11-09,9,Thu
284996,2,1,12,364,2017-11-08 0:56:47,0,11/8/2017 0:56:47,2017-11-08,0,Wed
48240,18,1,19,439,2017-11-08 5:01:12,0,11/8/2017 5:01:12,2017-11-08,5,Wed
125241,3,1,22,173,2017-11-07 0:34:09,0,11/7/2017 0:34:09,2017-11-07,0,Tue
2387,15,1,6,153,2017-11-08 6:01:44,0,11/8/2017 6:01:44,2017-11-08,6,Wed
69510,20,1,19,478,2017-11-07 5:15:30,0,11/7/2017 5:15:30,2017-11-07,5,Tue
81013,7,1,19,101,2017-11-07 11:29:34,0,11/7/2017 11:29:34,2017-11-07,11,Tue
123703,14,1,37,480,2017-11-09 13:31:13,0,11/9/2017 13:31:13,2017-11-09,13,Thu
46745,22,1,17,116,2017-11-07 8:05:24,0,11/7/2017 8:05:24,2017-11-07,8,Tue
74006,3,1,19,137,2017-11-07 7:28:42,0,11/7/2017 7:28:42,2017-11-07,7,Tue
149097,2,1,22,435,2017-11-07 1:35:29,0,11/7/2017 1:35:29,2017-11-07,1,Tue
114314,2,1,13,401,2017-11-08 13:36:06,0,11/8/2017 13:36:06,2017-11-08,13,Wed
100959,3,1,17,409,2017-11-08 14:04:26,0,11/8/2017 14:04:26,2017-11-08,14,Wed
163593,27,1,19,153,2017-11-08 2:28:04,0,11/8/2017 2:28:04,2017-11-08,2,Wed
121710,3,1,6,130,2017-11-07 6:10:50,0,11/7/2017 6:10:50,2017-11-07,6,Tue
31090,55,1,25,453,2017-11-08 4:08:41,0,11/8/2017 4:08:41,2017-11-08,4,Wed
220834,19,0,24,213,2017-11-08 15:05:53,0,11/8/2017 15:05:53,2017-11-08,15,Wed
55080,9,1,13,334,2017-11-08 2:24:53,0,11/8/2017 2:24:53,2017-11-08,2,Wed
94385,13,1,19,477,2017-11-09 14:26:32,0,11/9/2017 14:26:32,2017-11-09,14,Thu
105855,2,1,13,364,2017-11-07 4:25:17,0,11/7/2017 4:25:17,2017-11-07,4,Tue
69117,18,1,47,121,2017-11-06 16:33:40,0,11/6/2017 16:33:40,2017-11-06,16,Mon
100933,21,1,19,232,2017-11-08 3:59:27,0,11/8/2017 3:59:27,2017-11-08,3,Wed
217833,19,0,24,347,2017-11-08 8:04:12,0,11/8/2017 8:04:12,2017-11-08,8,Wed
209,3,1,16,280,2017-11-08 15:13:44,0,11/8/2017 15:13:44,2017-11-08,15,Wed
90521,12,1,19,140,2017-11-09 9:24:29,0,11/9/2017 9:24:29,2017-11-09,9,Thu
36407,2,2,10,237,2017-11-07 3:30:37,0,11/7/2017 3:30:37,2017-11-07,3,Tue
1074,3,1,11,211,2017-11-08 22:33:22,0,11/8/2017 22:33:22,2017-11-08,22,Wed
28950,14,1,19,113,2017-11-08 2:41:55,0,11/8/2017 2:41:55,2017-11-08,2,Wed
111153,15,2,19,3,2017-11-08 17:14:36,0,11/8/2017 17:14:36,2017-11-08,17,Wed
48679,64,1,14,459,2017-11-07 7:14:08,0,11/7/2017 7:14:08,2017-11-07,7,Tue
14116,2,1,10,237,2017-11-09 7:33:33,0,11/9/2017 7:33:33,2017-11-09,7,Thu
120425,15,1,19,480,2017-11-08 3:44:43,0,11/8/2017 3:44:43,2017-11-08,3,Wed
184583,3,1,13,135,2017-11-07 4:37:35,0,11/7/2017 4:37:35,2017-11-07,4,Tue
95669,3,1,22,409,2017-11-07 6:56:22,0,11/7/2017 6:56:22,2017-11-07,6,Tue
28011,28,1,19,135,2017-11-09 14:17:42,0,11/9/2017 14:17:42,2017-11-09,14,Thu
55963,1,1,17,135,2017-11-08 1:00:33,0,11/8/2017 1:00:33,2017-11-08,1,Wed
105475,7,1,3,101,2017-11-09 15:43:42,0,11/9/2017 15:43:42,2017-11-09,15,Thu
77523,23,1,12,153,2017-11-09 6:51:23,0,11/9/2017 6:51:23,2017-11-09,6,Thu
106749,12,1,15,178,2017-11-08 12:01:54,0,11/8/2017 12:01:54,2017-11-08,12,Wed
68758,15,1,19,315,2017-11-09 4:30:19,0,11/9/2017 4:30:19,2017-11-09,4,Thu
58363,21,1,13,128,2017-11-09 3:18:41,0,11/9/2017 3:18:41,2017-11-09,3,Thu
79909,12,1,8,205,2017-11-08 15:36:23,0,11/8/2017 15:36:23,2017-11-08,15,Wed
137052,14,1,3,442,2017-11-07 14:43:19,0,11/7/2017 14:43:19,2017-11-07,14,Tue
73516,18,1,19,121,2017-11-08 16:26:00,0,11/8/2017 16:26:00,2017-11-08,16,Wed
658,3,1,13,280,2017-11-09 2:44:34,0,11/9/2017 2:44:34,2017-11-09,2,Thu
101074,2,1,18,237,2017-11-08 4:23:23,0,11/8/2017 4:23:23,2017-11-08,4,Wed
116708,12,1,19,340,2017-11-09 6:23:58,0,11/9/2017 6:23:58,2017-11-09,6,Thu
61718,3,1,15,280,2017-11-08 10:46:32,0,11/8/2017 10:46:32,2017-11-08,10,Wed
25553,2,1,3,205,2017-11-07 17:38:04,0,11/7/2017 17:38:04,2017-11-07,17,Tue
66066,7,1,27,101,2017-11-07 11:16:40,0,11/7/2017 11:16:40,2017-11-07,11,Tue
38227,18,1,13,121,2017-11-08 4:30:36,0,11/8/2017 4:30:36,2017-11-08,4,Wed
106655,27,1,10,122,2017-11-08 13:03:58,0,11/8/2017 13:03:58,2017-11-08,13,Wed
67754,2,2,19,258,2017-11-08 12:44:50,0,11/8/2017 12:44:50,2017-11-08,12,Wed
53454,9,1,12,234,2017-11-07 20:08:49,0,11/7/2017 20:08:49,2017-11-07,20,Tue
172724,3,1,13,409,2017-11-07 6:13:28,0,11/7/2017 6:13:28,2017-11-07,6,Tue
190464,8,1,10,145,2017-11-07 8:26:48,0,11/7/2017 8:26:48,2017-11-07,8,Tue
162437,3,1,13,130,2017-11-06 22:55:44,0,11/6/2017 22:55:44,2017-11-06,22,Mon
3262,18,1,17,107,2017-11-06 16:43:26,0,11/6/2017 16:43:26,2017-11-06,16,Mon
203386,11,1,18,319,2017-11-08 6:10:30,0,11/8/2017 6:10:30,2017-11-08,6,Wed
43827,20,1,19,259,2017-11-08 11:18:27,0,11/8/2017 11:18:27,2017-11-08,11,Wed
114547,14,1,13,439,2017-11-08 0:42:44,0,11/8/2017 0:42:44,2017-11-08,0,Wed
234955,9,1,41,234,2017-11-09 7:11:24,0,11/9/2017 7:11:24,2017-11-09,7,Thu
80058,29,1,27,210,2017-11-09 10:37:00,0,11/9/2017 10:37:00,2017-11-09,10,Thu
119125,9,1,25,215,2017-11-08 15:43:37,0,11/8/2017 15:43:37,2017-11-08,15,Wed
116001,28,1,13,135,2017-11-07 12:01:19,0,11/7/2017 12:01:19,2017-11-07,12,Tue
38413,18,1,31,107,2017-11-07 13:36:43,0,11/7/2017 13:36:43,2017-11-07,13,Tue
208036,18,1,6,121,2017-11-08 6:40:51,0,11/8/2017 6:40:51,2017-11-08,6,Wed
40190,12,1,19,265,2017-11-08 4:25:49,0,11/8/2017 4:25:49,2017-11-08,4,Wed
297731,3,1,39,211,2017-11-08 16:09:49,0,11/8/2017 16:09:49,2017-11-08,16,Wed
57953,11,1,12,122,2017-11-09 14:07:27,0,11/9/2017 14:07:27,2017-11-09,14,Thu
31959,12,1,19,259,2017-11-09 15:50:23,0,11/9/2017 15:50:23,2017-11-09,15,Thu
9704,9,1,1,127,2017-11-08 15:01:43,0,11/8/2017 15:01:43,2017-11-08,15,Wed
105433,2,1,10,205,2017-11-07 2:31:08,0,11/7/2017 2:31:08,2017-11-07,2,Tue
13643,2,1,13,237,2017-11-08 7:29:11,0,11/8/2017 7:29:11,2017-11-08,7,Wed
84644,15,1,8,480,2017-11-09 13:28:09,0,11/9/2017 13:28:09,2017-11-09,13,Thu
143837,12,1,12,178,2017-11-07 9:35:43,0,11/7/2017 9:35:43,2017-11-07,9,Tue
144643,12,1,30,265,2017-11-07 10:20:09,0,11/7/2017 10:20:09,2017-11-07,10,Tue
14969,15,1,6,315,2017-11-07 2:03:49,0,11/7/2017 2:03:49,2017-11-07,2,Tue
88168,3,1,19,280,2017-11-09 1:08:40,0,11/9/2017 1:08:40,2017-11-09,1,Thu
126371,3,1,13,130,2017-11-08 3:56:40,0,11/8/2017 3:56:40,2017-11-08,3,Wed
106337,3,1,9,280,2017-11-09 5:10:09,0,11/9/2017 5:10:09,2017-11-09,5,Thu
209663,15,1,19,245,2017-11-06 16:32:34,0,11/6/2017 16:32:34,2017-11-06,16,Mon
75312,9,1,1,244,2017-11-07 3:57:42,0,11/7/2017 3:57:42,2017-11-07,3,Tue
33746,14,1,18,467,2017-11-08 21:06:58,0,11/8/2017 21:06:58,2017-11-08,21,Wed
71483,14,1,13,442,2017-11-09 2:45:07,0,11/9/2017 2:45:07,2017-11-09,2,Thu
144353,21,1,20,128,2017-11-09 0:32:00,0,11/9/2017 0:32:00,2017-11-09,0,Thu
43827,12,1,17,265,2017-11-07 9:19:03,0,11/7/2017 9:19:03,2017-11-07,9,Tue
102879,9,1,13,127,2017-11-09 13:56:50,0,11/9/2017 13:56:50,2017-11-09,13,Thu
45657,3,1,13,280,2017-11-07 6:37:08,0,11/7/2017 6:37:08,2017-11-07,6,Tue
5314,27,1,22,153,2017-11-09 15:56:11,0,11/9/2017 15:56:11,2017-11-09,15,Thu
8582,18,1,22,439,2017-11-07 9:35:50,0,11/7/2017 9:35:50,2017-11-07,9,Tue
8109,9,1,18,215,2017-11-09 12:26:53,0,11/9/2017 12:26:53,2017-11-09,12,Thu
73610,12,1,19,140,2017-11-08 1:14:27,0,11/8/2017 1:14:27,2017-11-08,1,Wed
19125,22,1,10,116,2017-11-07 7:52:28,0,11/7/2017 7:52:28,2017-11-07,7,Tue
92825,9,1,12,334,2017-11-09 10:14:38,0,11/9/2017 10:14:38,2017-11-09,10,Thu
84105,6,1,18,459,2017-11-08 6:19:10,0,11/8/2017 6:19:10,2017-11-08,6,Wed
93592,109,0,24,347,2017-11-09 5:15:17,0,11/9/2017 5:15:17,2017-11-09,5,Thu
130163,9,1,19,442,2017-11-09 1:12:00,0,11/9/2017 1:12:00,2017-11-09,1,Thu
119028,3,1,17,424,2017-11-07 0:47:58,0,11/7/2017 0:47:58,2017-11-07,0,Tue
39756,2,2,97,205,2017-11-07 13:16:54,0,11/7/2017 13:16:54,2017-11-07,13,Tue
119349,13,1,22,477,2017-11-09 11:57:37,0,11/9/2017 11:57:37,2017-11-09,11,Thu
56619,15,1,27,480,2017-11-07 22:17:27,0,11/7/2017 22:17:27,2017-11-07,22,Tue
119031,2,1,19,435,2017-11-07 7:20:13,0,11/7/2017 7:20:13,2017-11-07,7,Tue
116882,12,1,19,265,2017-11-08 12:21:02,0,11/8/2017 12:21:02,2017-11-08,12,Wed
123994,12,1,19,178,2017-11-07 4:06:17,0,11/7/2017 4:06:17,2017-11-07,4,Tue
100099,12,1,13,328,2017-11-07 14:28:11,0,11/7/2017 14:28:11,2017-11-07,14,Tue
110354,58,3866,866,347,2017-11-08 22:37:05,0,11/8/2017 22:37:05,2017-11-08,22,Wed
5314,19,0,0,347,2017-11-09 13:13:59,0,11/9/2017 13:13:59,2017-11-09,13,Thu
146575,12,1,13,245,2017-11-07 14:38:16,0,11/7/2017 14:38:16,2017-11-07,14,Tue
57519,12,1,12,265,2017-11-08 20:59:29,0,11/8/2017 20:59:29,2017-11-08,20,Wed
22387,12,1,10,265,2017-11-07 6:30:45,0,11/7/2017 6:30:45,2017-11-07,6,Tue
24039,12,1,19,178,2017-11-09 5:51:29,0,11/9/2017 5:51:29,2017-11-09,5,Thu
95766,3,1,8,130,2017-11-07 6:45:08,0,11/7/2017 6:45:08,2017-11-07,6,Tue
114719,11,1,10,487,2017-11-09 14:47:11,0,11/9/2017 14:47:11,2017-11-09,14,Thu
209663,15,1,13,245,2017-11-07 22:59:40,0,11/7/2017 22:59:40,2017-11-07,22,Tue
79671,27,1,15,153,2017-11-08 12:58:23,0,11/8/2017 12:58:23,2017-11-08,12,Wed
78833,18,1,25,107,2017-11-08 12:14:22,0,11/8/2017 12:14:22,2017-11-08,12,Wed
179344,3,1,27,409,2017-11-09 12:04:17,0,11/9/2017 12:04:17,2017-11-09,12,Thu
141925,2,1,15,212,2017-11-08 15:56:45,0,11/8/2017 15:56:45,2017-11-08,15,Wed
204884,18,1,10,121,2017-11-06 18:25:21,0,11/6/2017 18:25:21,2017-11-06,18,Mon
118367,12,1,15,259,2017-11-06 22:49:01,0,11/6/2017 22:49:01,2017-11-06,22,Mon
40914,2,1,35,122,2017-11-08 6:28:42,0,11/8/2017 6:28:42,2017-11-08,6,Wed
1745,15,1,19,379,2017-11-07 11:26:40,0,11/7/2017 11:26:40,2017-11-07,11,Tue
15990,3,1,6,115,2017-11-08 1:52:37,0,11/8/2017 1:52:37,2017-11-08,1,Wed
56246,7,2,10,101,2017-11-09 7:52:10,0,11/9/2017 7:52:10,2017-11-09,7,Thu
157047,12,1,25,245,2017-11-07 11:20:39,0,11/7/2017 11:20:39,2017-11-07,11,Tue
201370,14,1,13,379,2017-11-06 23:11:27,0,11/6/2017 23:11:27,2017-11-06,23,Mon
21633,9,2,9,215,2017-11-09 5:09:33,0,11/9/2017 5:09:33,2017-11-09,5,Thu
5314,8,2,19,145,2017-11-07 19:12:12,0,11/7/2017 19:12:12,2017-11-07,19,Tue
47273,8,2,25,140,2017-11-08 14:32:38,0,11/8/2017 14:32:38,2017-11-08,14,Wed
72022,3,1,17,371,2017-11-09 7:34:23,0,11/9/2017 7:34:23,2017-11-09,7,Thu
88541,12,1,47,212,2017-11-07 5:41:26,0,11/7/2017 5:41:26,2017-11-07,5,Tue
61877,3,1,19,137,2017-11-08 12:23:16,0,11/8/2017 12:23:16,2017-11-08,12,Wed
84488,20,1,17,259,2017-11-07 7:40:46,0,11/7/2017 7:40:46,2017-11-07,7,Tue
14085,2,1,12,237,2017-11-08 2:40:33,0,11/8/2017 2:40:33,2017-11-08,2,Wed
170063,15,1,3,245,2017-11-07 5:48:00,0,11/7/2017 5:48:00,2017-11-07,5,Tue
65555,12,1,13,245,2017-11-08 5:19:03,0,11/8/2017 5:19:03,2017-11-08,5,Wed
62339,2,1,53,401,2017-11-07 6:18:11,0,11/7/2017 6:18:11,2017-11-07,6,Tue
200198,12,1,22,178,2017-11-07 5:27:00,0,11/7/2017 5:27:00,2017-11-07,5,Tue
31403,3,1,8,211,2017-11-09 8:20:44,0,11/9/2017 8:20:44,2017-11-09,8,Thu
172003,14,1,19,446,2017-11-08 2:36:24,0,11/8/2017 2:36:24,2017-11-08,2,Wed
114276,9,1,20,120,2017-11-08 3:05:49,0,11/8/2017 3:05:49,2017-11-08,3,Wed
108913,12,1,13,219,2017-11-07 17:00:01,0,11/7/2017 17:00:01,2017-11-07,17,Tue
3196,15,1,13,315,2017-11-08 12:23:04,0,11/8/2017 12:23:04,2017-11-08,12,Wed
66948,3,1,13,480,2017-11-07 1:08:16,0,11/7/2017 1:08:16,2017-11-07,1,Tue
38900,14,1,19,379,2017-11-06 23:04:55,0,11/6/2017 23:04:55,2017-11-06,23,Mon
13186,26,1,37,121,2017-11-09 4:05:13,0,11/9/2017 4:05:13,2017-11-09,4,Thu
180298,2,1,25,212,2017-11-07 4:17:08,0,11/7/2017 4:17:08,2017-11-07,4,Tue
14611,13,1,9,477,2017-11-09 14:44:37,0,11/9/2017 14:44:37,2017-11-09,14,Thu
19743,18,1,3,121,2017-11-09 14:05:10,0,11/9/2017 14:05:10,2017-11-09,14,Thu
118094,9,1,8,232,2017-11-09 14:05:07,0,11/9/2017 14:05:07,2017-11-09,14,Thu
50169,18,1,23,121,2017-11-08 8:46:29,0,11/8/2017 8:46:29,2017-11-08,8,Wed
59361,12,1,19,259,2017-11-09 3:12:22,0,11/9/2017 3:12:22,2017-11-09,3,Thu
3279,12,1,19,245,2017-11-08 5:20:07,0,11/8/2017 5:20:07,2017-11-08,5,Wed
114446,7,1,28,101,2017-11-09 8:13:06,0,11/9/2017 8:13:06,2017-11-09,8,Thu
37763,3,1,25,489,2017-11-07 2:59:26,0,11/7/2017 2:59:26,2017-11-07,2,Tue
53454,26,1,19,121,2017-11-08 4:04:10,0,11/8/2017 4:04:10,2017-11-08,4,Wed
123978,3,1,19,280,2017-11-07 8:58:56,0,11/7/2017 8:58:56,2017-11-07,8,Tue
111025,9,1,3,466,2017-11-08 16:23:44,0,11/8/2017 16:23:44,2017-11-08,16,Wed
222163,3,1,18,280,2017-11-08 6:38:21,0,11/8/2017 6:38:21,2017-11-08,6,Wed
129623,24,1,19,105,2017-11-07 8:28:50,0,11/7/2017 8:28:50,2017-11-07,8,Tue
275692,9,2,9,215,2017-11-08 23:58:15,0,11/8/2017 23:58:15,2017-11-08,23,Wed
113475,3,1,17,317,2017-11-07 12:52:16,0,11/7/2017 12:52:16,2017-11-07,12,Tue
147,15,1,19,265,2017-11-08 2:02:46,0,11/8/2017 2:02:46,2017-11-08,2,Wed
43537,20,1,19,478,2017-11-08 5:39:06,0,11/8/2017 5:39:06,2017-11-08,5,Wed
63619,3,1,17,280,2017-11-07 1:33:28,0,11/7/2017 1:33:28,2017-11-07,1,Tue
7645,3,1,19,130,2017-11-09 5:16:13,0,11/9/2017 5:16:13,2017-11-09,5,Thu
105128,12,1,13,481,2017-11-08 13:34:48,0,11/8/2017 13:34:48,2017-11-08,13,Wed
284210,13,1,19,477,2017-11-08 12:37:08,0,11/8/2017 12:37:08,2017-11-08,12,Wed
48282,12,1,19,328,2017-11-09 1:02:08,0,11/9/2017 1:02:08,2017-11-09,1,Thu
54841,13,1,3,477,2017-11-07 9:37:57,0,11/7/2017 9:37:57,2017-11-07,9,Tue
110589,11,1,16,319,2017-11-09 12:33:17,0,11/9/2017 12:33:17,2017-11-09,12,Thu
18311,3,1,17,280,2017-11-09 15:11:03,0,11/9/2017 15:11:03,2017-11-09,15,Thu
156538,3,1,13,115,2017-11-06 18:46:16,0,11/6/2017 18:46:16,2017-11-06,18,Mon
139710,15,1,17,412,2017-11-09 11:21:12,0,11/9/2017 11:21:12,2017-11-09,11,Thu
3133,12,1,3,328,2017-11-07 10:13:25,0,11/7/2017 10:13:25,2017-11-07,10,Tue
271799,12,1,13,265,2017-11-09 7:32:17,0,11/9/2017 7:32:17,2017-11-09,7,Thu
31047,27,1,13,153,2017-11-08 4:44:10,0,11/8/2017 4:44:10,2017-11-08,4,Wed
109147,15,1,19,245,2017-11-08 0:33:31,0,11/8/2017 0:33:31,2017-11-08,0,Wed
300702,18,1,19,107,2017-11-09 12:07:33,0,11/9/2017 12:07:33,2017-11-09,12,Thu
140192,18,1,17,121,2017-11-08 1:13:34,0,11/8/2017 1:13:34,2017-11-08,1,Wed
37253,19,0,21,213,2017-11-07 19:33:43,0,11/7/2017 19:33:43,2017-11-07,19,Tue
34691,9,1,13,442,2017-11-07 6:32:59,0,11/7/2017 6:32:59,2017-11-07,6,Tue
81167,15,1,8,379,2017-11-09 8:40:47,0,11/9/2017 8:40:47,2017-11-09,8,Thu
239518,15,1,18,245,2017-11-08 8:31:36,0,11/8/2017 8:31:36,2017-11-08,8,Wed
91885,12,1,10,178,2017-11-08 10:19:37,0,11/8/2017 10:19:37,2017-11-08,10,Wed
92900,12,1,18,265,2017-11-08 2:02:56,0,11/8/2017 2:02:56,2017-11-08,2,Wed
47148,3,2,9,137,2017-11-09 5:54:19,0,11/9/2017 5:54:19,2017-11-09,5,Thu
53651,207,1,13,488,2017-11-07 1:36:07,0,11/7/2017 1:36:07,2017-11-07,1,Tue
24700,15,1,19,3,2017-11-07 18:15:16,0,11/7/2017 18:15:16,2017-11-07,18,Tue
34208,14,1,10,439,2017-11-07 9:52:32,0,11/7/2017 9:52:32,2017-11-07,9,Tue
81714,12,1,37,265,2017-11-07 4:50:35,0,11/7/2017 4:50:35,2017-11-07,4,Tue
46558,3,1,13,280,2017-11-09 4:31:38,0,11/9/2017 4:31:38,2017-11-09,4,Thu
58905,3,1,48,480,2017-11-08 12:59:31,0,11/8/2017 12:59:31,2017-11-08,12,Wed
22975,2,1,19,477,2017-11-07 22:15:18,0,11/7/2017 22:15:18,2017-11-07,22,Tue
194151,15,1,22,315,2017-11-09 12:51:08,0,11/9/2017 12:51:08,2017-11-09,12,Thu
80000,18,1,17,439,2017-11-08 8:18:45,0,11/8/2017 8:18:45,2017-11-08,8,Wed
74268,2,1,19,243,2017-11-09 3:47:06,0,11/9/2017 3:47:06,2017-11-09,3,Thu
14692,3,1,23,489,2017-11-09 12:34:05,0,11/9/2017 12:34:05,2017-11-09,12,Thu
102235,14,1,19,401,2017-11-07 3:55:24,0,11/7/2017 3:55:24,2017-11-07,3,Tue
185465,3,1,13,280,2017-11-09 1:11:29,0,11/9/2017 1:11:29,2017-11-09,1,Thu
123635,18,1,18,107,2017-11-08 16:25:25,0,11/8/2017 16:25:25,2017-11-08,16,Wed
83723,18,1,15,107,2017-11-07 0:15:57,0,11/7/2017 0:15:57,2017-11-07,0,Tue
115273,26,1,13,266,2017-11-09 12:33:14,0,11/9/2017 12:33:14,2017-11-09,12,Thu
210444,12,1,47,497,2017-11-07 12:02:50,0,11/7/2017 12:02:50,2017-11-07,12,Tue
5168,12,1,15,145,2017-11-08 16:33:37,0,11/8/2017 16:33:37,2017-11-08,16,Wed
115634,1,1,13,125,2017-11-08 15:20:10,0,11/8/2017 15:20:10,2017-11-08,15,Wed
68600,3,1,22,137,2017-11-07 17:00:22,0,11/7/2017 17:00:22,2017-11-07,17,Tue
78374,21,1,19,232,2017-11-09 10:33:29,0,11/9/2017 10:33:29,2017-11-09,10,Thu
16426,64,1,20,459,2017-11-09 4:46:14,0,11/9/2017 4:46:14,2017-11-09,4,Thu
67237,2,1,19,452,2017-11-07 13:15:47,0,11/7/2017 13:15:47,2017-11-07,13,Tue
8356,19,0,50,213,2017-11-08 9:51:10,0,11/8/2017 9:51:10,2017-11-08,9,Wed
114904,2,2,11,205,2017-11-08 5:23:54,0,11/8/2017 5:23:54,2017-11-08,5,Wed
88696,6,1,15,459,2017-11-07 9:31:32,0,11/7/2017 9:31:32,2017-11-07,9,Tue
125736,3,1,25,280,2017-11-08 18:56:14,0,11/8/2017 18:56:14,2017-11-08,18,Wed
56707,18,1,13,107,2017-11-09 5:14:52,0,11/9/2017 5:14:52,2017-11-09,5,Thu
78943,6,1,18,101,2017-11-08 10:27:02,0,11/8/2017 10:27:02,2017-11-08,10,Wed
24951,19,37,24,213,2017-11-08 9:36:24,0,11/8/2017 9:36:24,2017-11-08,9,Wed
93587,25,1,19,259,2017-11-09 5:04:19,0,11/9/2017 5:04:19,2017-11-09,5,Thu
153621,15,1,22,412,2017-11-08 0:22:43,0,11/8/2017 0:22:43,2017-11-08,0,Wed
49234,3,1,13,480,2017-11-07 4:37:58,0,11/7/2017 4:37:58,2017-11-07,4,Tue
121224,12,1,13,122,2017-11-07 16:26:26,0,11/7/2017 16:26:26,2017-11-07,16,Tue
124763,15,1,8,430,2017-11-07 9:05:11,0,11/7/2017 9:05:11,2017-11-07,9,Tue
175237,3,1,19,280,2017-11-07 6:38:46,0,11/7/2017 6:38:46,2017-11-07,6,Tue
37417,3,1,22,280,2017-11-08 10:23:54,0,11/8/2017 10:23:54,2017-11-08,10,Wed
37563,14,1,53,379,2017-11-06 23:41:49,0,11/6/2017 23:41:49,2017-11-06,23,Mon
220616,15,1,18,480,2017-11-08 0:09:26,0,11/8/2017 0:09:26,2017-11-08,0,Wed
105323,2,1,19,205,2017-11-08 17:01:43,0,11/8/2017 17:01:43,2017-11-08,17,Wed
177567,14,1,20,439,2017-11-07 3:57:23,0,11/7/2017 3:57:23,2017-11-07,3,Tue
116472,14,1,22,113,2017-11-09 10:39:38,0,11/9/2017 10:39:38,2017-11-09,10,Thu
98424,23,1,13,153,2017-11-06 23:34:03,0,11/6/2017 23:34:03,2017-11-06,23,Mon
321222,15,1,19,245,2017-11-09 0:54:04,0,11/9/2017 0:54:04,2017-11-09,0,Thu
30564,15,2,19,315,2017-11-08 10:03:58,0,11/8/2017 10:03:58,2017-11-08,10,Wed
53454,3,2,28,137,2017-11-07 11:21:29,0,11/7/2017 11:21:29,2017-11-07,11,Tue
350870,3,1,13,211,2017-11-09 11:54:51,0,11/9/2017 11:54:51,2017-11-09,11,Thu
81076,27,1,20,153,2017-11-07 23:33:04,0,11/7/2017 23:33:04,2017-11-07,23,Tue
78281,3,1,19,379,2017-11-08 14:02:00,0,11/8/2017 14:02:00,2017-11-08,14,Wed
124423,3,1,18,424,2017-11-07 16:52:46,0,11/7/2017 16:52:46,2017-11-07,16,Tue
2996,3,1,13,280,2017-11-08 11:47:08,0,11/8/2017 11:47:08,2017-11-08,11,Wed
58172,3,1,20,135,2017-11-08 8:10:34,0,11/8/2017 8:10:34,2017-11-08,8,Wed
106537,18,1,9,121,2017-11-07 8:04:40,0,11/7/2017 8:04:40,2017-11-07,8,Tue
42812,13,1,55,477,2017-11-09 4:44:03,0,11/9/2017 4:44:03,2017-11-09,4,Thu
178618,18,1,17,107,2017-11-09 2:47:44,0,11/9/2017 2:47:44,2017-11-09,2,Thu
49431,12,1,13,245,2017-11-07 23:41:04,0,11/7/2017 23:41:04,2017-11-07,23,Tue
39546,12,1,19,259,2017-11-09 5:31:28,0,11/9/2017 5:31:28,2017-11-09,5,Thu
106279,7,1,13,101,2017-11-09 6:48:27,0,11/9/2017 6:48:27,2017-11-09,6,Thu
44067,12,1,19,328,2017-11-07 11:12:25,0,11/7/2017 11:12:25,2017-11-07,11,Tue
193551,19,0,24,213,2017-11-07 11:02:17,1,11/7/2017 11:02:17,2017-11-07,11,Tue
90655,25,1,3,259,2017-11-08 17:54:23,0,11/8/2017 17:54:23,2017-11-08,17,Wed
973,18,1,19,439,2017-11-08 7:41:28,0,11/8/2017 7:41:28,2017-11-08,7,Wed
31387,18,1,1,107,2017-11-07 6:49:27,0,11/7/2017 6:49:27,2017-11-07,6,Tue
35984,13,1,8,477,2017-11-07 9:00:20,0,11/7/2017 9:00:20,2017-11-07,9,Tue
45738,15,1,20,245,2017-11-07 1:03:28,0,11/7/2017 1:03:28,2017-11-07,1,Tue
50482,2,1,15,477,2017-11-09 6:06:56,0,11/9/2017 6:06:56,2017-11-09,6,Thu
83481,2,1,13,212,2017-11-07 15:51:23,0,11/7/2017 15:51:23,2017-11-07,15,Tue
75634,8,1,17,145,2017-11-07 18:52:56,0,11/7/2017 18:52:56,2017-11-07,18,Tue
70749,3,1,17,280,2017-11-07 9:42:01,0,11/7/2017 9:42:01,2017-11-07,9,Tue
254857,18,1,20,107,2017-11-08 15:07:26,0,11/8/2017 15:07:26,2017-11-08,15,Wed
133827,12,1,13,178,2017-11-07 3:08:04,0,11/7/2017 3:08:04,2017-11-07,3,Tue
176997,3,1,12,424,2017-11-07 20:30:42,0,11/7/2017 20:30:42,2017-11-07,20,Tue
51973,26,1,32,121,2017-11-09 13:57:17,0,11/9/2017 13:57:17,2017-11-09,13,Thu
70896,15,1,30,111,2017-11-09 6:01:14,0,11/9/2017 6:01:14,2017-11-09,6,Thu
152945,13,1,30,477,2017-11-07 7:56:59,0,11/7/2017 7:56:59,2017-11-07,7,Tue
48581,2,1,13,236,2017-11-07 6:31:52,0,11/7/2017 6:31:52,2017-11-07,6,Tue
197748,12,1,46,265,2017-11-07 11:23:28,0,11/7/2017 11:23:28,2017-11-07,11,Tue
93632,18,1,19,121,2017-11-09 13:45:04,0,11/9/2017 13:45:04,2017-11-09,13,Thu
59125,7,1,13,101,2017-11-09 6:12:54,0,11/9/2017 6:12:54,2017-11-09,6,Thu
40241,1,1,18,115,2017-11-09 6:44:38,0,11/9/2017 6:44:38,2017-11-09,6,Thu
105560,8,1,19,145,2017-11-07 23:45:31,0,11/7/2017 23:45:31,2017-11-07,23,Tue
99542,3,1,6,280,2017-11-09 0:58:49,0,11/9/2017 0:58:49,2017-11-09,0,Thu
109619,32,1,13,376,2017-11-08 16:15:36,0,11/8/2017 16:15:36,2017-11-08,16,Wed
78564,3,1,13,115,2017-11-09 0:25:28,0,11/9/2017 0:25:28,2017-11-09,0,Thu
5348,46,0,38,347,2017-11-07 8:39:03,0,11/7/2017 8:39:03,2017-11-07,8,Tue
69735,23,1,26,153,2017-11-08 4:29:23,0,11/8/2017 4:29:23,2017-11-08,4,Wed
100073,14,1,18,463,2017-11-08 10:21:28,0,11/8/2017 10:21:28,2017-11-08,10,Wed
158274,23,1,31,153,2017-11-07 5:17:01,0,11/7/2017 5:17:01,2017-11-07,5,Tue
248066,9,1,19,134,2017-11-08 0:08:50,0,11/8/2017 0:08:50,2017-11-08,0,Wed
259330,12,1,19,409,2017-11-08 5:16:59,0,11/8/2017 5:16:59,2017-11-08,5,Wed
85154,12,1,35,178,2017-11-08 23:07:19,0,11/8/2017 23:07:19,2017-11-08,23,Wed
50510,21,1,25,128,2017-11-09 8:01:45,0,11/9/2017 8:01:45,2017-11-09,8,Thu
90053,1,1,25,349,2017-11-08 15:40:03,0,11/8/2017 15:40:03,2017-11-08,15,Wed
98738,2,1,53,469,2017-11-07 12:47:12,0,11/7/2017 12:47:12,2017-11-07,12,Tue
171221,15,1,32,245,2017-11-07 15:07:11,0,11/7/2017 15:07:11,2017-11-07,15,Tue
109734,6,1,19,125,2017-11-07 12:14:24,0,11/7/2017 12:14:24,2017-11-07,12,Tue
95089,15,1,26,140,2017-11-07 17:53:14,0,11/7/2017 17:53:14,2017-11-07,17,Tue
13034,3,1,19,135,2017-11-09 13:32:12,0,11/9/2017 13:32:12,2017-11-09,13,Thu
107571,12,1,19,245,2017-11-07 11:01:30,0,11/7/2017 11:01:30,2017-11-07,11,Tue
113357,13,1,25,477,2017-11-07 21:31:44,0,11/7/2017 21:31:44,2017-11-07,21,Tue
63550,12,2,13,265,2017-11-08 15:57:42,0,11/8/2017 15:57:42,2017-11-08,15,Wed
90588,12,1,9,259,2017-11-08 6:20:23,0,11/8/2017 6:20:23,2017-11-08,6,Wed
37855,3,1,19,173,2017-11-07 1:02:44,0,11/7/2017 1:02:44,2017-11-07,1,Tue
110031,15,1,9,278,2017-11-09 12:52:59,0,11/9/2017 12:52:59,2017-11-09,12,Thu
35787,3,1,1,280,2017-11-09 4:14:17,0,11/9/2017 4:14:17,2017-11-09,4,Thu
114904,2,1,18,205,2017-11-09 14:55:42,0,11/9/2017 14:55:42,2017-11-09,14,Thu
7707,15,1,13,245,2017-11-08 15:53:26,0,11/8/2017 15:53:26,2017-11-08,15,Wed
16453,29,2,35,343,2017-11-08 11:38:02,0,11/8/2017 11:38:02,2017-11-08,11,Wed
40387,15,1,22,245,2017-11-09 5:14:27,0,11/9/2017 5:14:27,2017-11-09,5,Thu
153056,15,1,19,315,2017-11-08 7:04:57,0,11/8/2017 7:04:57,2017-11-08,7,Wed
34401,12,1,13,265,2017-11-08 2:58:23,0,11/8/2017 2:58:23,2017-11-08,2,Wed
189065,3,1,25,280,2017-11-09 0:22:09,0,11/9/2017 0:22:09,2017-11-09,0,Thu
8391,14,1,13,442,2017-11-09 14:05:10,0,11/9/2017 14:05:10,2017-11-09,14,Thu
29372,93,1,19,371,2017-11-09 15:18:38,0,11/9/2017 15:18:38,2017-11-09,15,Thu
15117,6,1,19,459,2017-11-07 12:22:26,0,11/7/2017 12:22:26,2017-11-07,12,Tue
130629,9,1,13,258,2017-11-07 16:21:30,0,11/7/2017 16:21:30,2017-11-07,16,Tue
323993,2,1,16,237,2017-11-09 1:49:35,0,11/9/2017 1:49:35,2017-11-09,1,Thu
53715,9,1,30,466,2017-11-09 9:46:28,0,11/9/2017 9:46:28,2017-11-09,9,Thu
123316,2,1,17,237,2017-11-07 7:22:14,0,11/7/2017 7:22:14,2017-11-07,7,Tue
102919,12,1,19,178,2017-11-09 8:23:24,0,11/9/2017 8:23:24,2017-11-09,8,Thu
5147,3,1,17,280,2017-11-09 6:34:37,0,11/9/2017 6:34:37,2017-11-09,6,Thu
43881,18,1,13,107,2017-11-09 3:51:07,0,11/9/2017 3:51:07,2017-11-09,3,Thu
67291,22,1,22,116,2017-11-09 0:21:39,0,11/9/2017 0:21:39,2017-11-09,0,Thu
48383,3,1,14,280,2017-11-09 2:59:26,0,11/9/2017 2:59:26,2017-11-09,2,Thu
88089,2,1,19,364,2017-11-08 1:06:45,0,11/8/2017 1:06:45,2017-11-08,1,Wed
107739,14,1,16,439,2017-11-08 14:28:56,0,11/8/2017 14:28:56,2017-11-08,14,Wed
159945,12,1,8,259,2017-11-07 3:17:00,0,11/7/2017 3:17:00,2017-11-07,3,Tue
64435,12,1,19,178,2017-11-07 10:23:04,0,11/7/2017 10:23:04,2017-11-07,10,Tue
37148,3,1,9,424,2017-11-09 3:14:47,0,11/9/2017 3:14:47,2017-11-09,3,Thu
102768,21,1,19,128,2017-11-09 5:58:28,0,11/9/2017 5:58:28,2017-11-09,5,Thu
9886,12,1,13,19,2017-11-08 10:44:32,0,11/8/2017 10:44:32,2017-11-08,10,Wed
156753,2,1,19,219,2017-11-07 3:41:22,0,11/7/2017 3:41:22,2017-11-07,3,Tue
49538,2,1,6,477,2017-11-06 23:42:13,0,11/6/2017 23:42:13,2017-11-06,23,Mon
3093,8,1,25,259,2017-11-07 11:00:58,0,11/7/2017 11:00:58,2017-11-07,11,Tue
54332,12,2,43,140,2017-11-07 9:11:40,0,11/7/2017 9:11:40,2017-11-07,9,Tue
329098,21,2,22,128,2017-11-09 12:03:27,0,11/9/2017 12:03:27,2017-11-09,12,Thu
13331,3,1,18,280,2017-11-09 4:34:25,0,11/9/2017 4:34:25,2017-11-09,4,Thu
125954,12,1,19,497,2017-11-08 10:39:59,0,11/8/2017 10:39:59,2017-11-08,10,Wed
44907,21,1,19,128,2017-11-07 10:06:37,0,11/7/2017 10:06:37,2017-11-07,10,Tue
91734,2,1,13,205,2017-11-08 1:10:15,0,11/8/2017 1:10:15,2017-11-08,1,Wed
22037,18,1,13,107,2017-11-08 14:04:28,0,11/8/2017 14:04:28,2017-11-08,14,Wed
202156,9,1,13,334,2017-11-07 6:20:29,0,11/7/2017 6:20:29,2017-11-07,6,Tue
22758,15,1,8,245,2017-11-07 11:44:53,0,11/7/2017 11:44:53,2017-11-07,11,Tue
39083,12,1,8,259,2017-11-07 11:50:42,0,11/7/2017 11:50:42,2017-11-07,11,Tue
60854,26,1,13,266,2017-11-09 15:14:22,0,11/9/2017 15:14:22,2017-11-09,15,Thu
5348,9,2,13,258,2017-11-07 16:41:15,0,11/7/2017 16:41:15,2017-11-07,16,Tue
212132,15,1,19,430,2017-11-09 10:01:51,0,11/9/2017 10:01:51,2017-11-09,10,Thu
22978,23,1,22,153,2017-11-08 11:34:55,0,11/8/2017 11:34:55,2017-11-08,11,Wed
30626,2,1,20,258,2017-11-08 6:13:05,0,11/8/2017 6:13:05,2017-11-08,6,Wed
177174,21,1,13,128,2017-11-09 4:37:00,0,11/9/2017 4:37:00,2017-11-09,4,Thu
102357,12,2,20,178,2017-11-09 14:57:44,0,11/9/2017 14:57:44,2017-11-09,14,Thu
184601,3,1,28,480,2017-11-08 9:31:46,0,11/8/2017 9:31:46,2017-11-08,9,Wed
88856,12,1,19,245,2017-11-07 13:56:07,0,11/7/2017 13:56:07,2017-11-07,13,Tue
112064,12,1,13,259,2017-11-09 2:38:34,0,11/9/2017 2:38:34,2017-11-09,2,Thu
122733,2,1,19,122,2017-11-08 9:08:17,0,11/8/2017 9:08:17,2017-11-08,9,Wed
5178,22,1,3,496,2017-11-07 4:23:29,0,11/7/2017 4:23:29,2017-11-07,4,Tue
5348,9,1,25,442,2017-11-07 16:14:52,0,11/7/2017 16:14:52,2017-11-07,16,Tue
193454,14,1,13,489,2017-11-09 4:47:25,0,11/9/2017 4:47:25,2017-11-09,4,Thu
90791,9,1,6,466,2017-11-09 1:02:09,0,11/9/2017 1:02:09,2017-11-09,1,Thu
197864,15,1,13,430,2017-11-09 2:29:05,0,11/9/2017 2:29:05,2017-11-09,2,Thu
152416,2,1,13,477,2017-11-07 0:37:11,0,11/7/2017 0:37:11,2017-11-07,0,Tue
89946,3,1,11,280,2017-11-08 9:26:04,0,11/8/2017 9:26:04,2017-11-08,9,Wed
64435,14,1,19,463,2017-11-07 4:13:10,0,11/7/2017 4:13:10,2017-11-07,4,Tue
5348,21,2,13,128,2017-11-08 12:50:49,0,11/8/2017 12:50:49,2017-11-08,12,Wed
107155,20,2,15,259,2017-11-09 14:21:06,0,11/9/2017 14:21:06,2017-11-09,14,Thu
114276,9,1,8,244,2017-11-08 2:17:28,0,11/8/2017 2:17:28,2017-11-08,2,Wed
201499,3,1,19,489,2017-11-09 9:56:34,0,11/9/2017 9:56:34,2017-11-09,9,Thu
93054,12,1,8,259,2017-11-07 12:01:43,0,11/7/2017 12:01:43,2017-11-07,12,Tue
45304,18,1,19,449,2017-11-08 2:12:16,0,11/8/2017 2:12:16,2017-11-08,2,Wed
330543,93,1,19,371,2017-11-09 13:55:19,0,11/9/2017 13:55:19,2017-11-09,13,Thu
26726,12,1,13,259,2017-11-08 0:31:31,0,11/8/2017 0:31:31,2017-11-08,0,Wed
90866,27,1,28,153,2017-11-09 0:08:17,0,11/9/2017 0:08:17,2017-11-09,0,Thu
43593,3,1,18,135,2017-11-09 8:36:44,0,11/9/2017 8:36:44,2017-11-09,8,Thu
132620,12,1,19,265,2017-11-07 3:46:41,0,11/7/2017 3:46:41,2017-11-07,3,Tue
335107,18,1,17,107,2017-11-08 23:48:07,0,11/8/2017 23:48:07,2017-11-08,23,Wed
166770,3,1,22,424,2017-11-07 14:48:25,0,11/7/2017 14:48:25,2017-11-07,14,Tue
197722,3,1,10,280,2017-11-07 22:49:15,0,11/7/2017 22:49:15,2017-11-07,22,Tue
41666,18,1,13,134,2017-11-07 15:06:38,0,11/7/2017 15:06:38,2017-11-07,15,Tue
46516,9,1,47,127,2017-11-09 8:57:57,0,11/9/2017 8:57:57,2017-11-09,8,Thu
86419,2,1,20,401,2017-11-08 18:05:32,0,11/8/2017 18:05:32,2017-11-08,18,Wed
4489,12,1,19,245,2017-11-07 16:34:56,0,11/7/2017 16:34:56,2017-11-07,16,Tue
104132,2,1,20,237,2017-11-08 4:40:51,0,11/8/2017 4:40:51,2017-11-08,4,Wed
26792,24,2,9,178,2017-11-09 11:10:13,0,11/9/2017 11:10:13,2017-11-09,11,Thu
5348,12,1,13,259,2017-11-08 14:13:57,0,11/8/2017 14:13:57,2017-11-08,14,Wed
108227,3,1,36,379,2017-11-07 0:57:55,0,11/7/2017 0:57:55,2017-11-07,0,Tue
45723,64,1,23,459,2017-11-06 21:58:37,0,11/6/2017 21:58:37,2017-11-06,21,Mon
5178,15,1,18,245,2017-11-09 5:51:17,0,11/9/2017 5:51:17,2017-11-09,5,Thu
105475,2,1,14,401,2017-11-09 9:24:06,0,11/9/2017 9:24:06,2017-11-09,9,Thu
209104,3,1,43,424,2017-11-07 14:42:34,0,11/7/2017 14:42:34,2017-11-07,14,Tue
173226,12,1,19,178,2017-11-06 22:08:29,0,11/6/2017 22:08:29,2017-11-06,22,Mon
93886,13,1,19,477,2017-11-08 9:33:30,0,11/8/2017 9:33:30,2017-11-08,9,Wed
101810,3,1,27,280,2017-11-08 2:19:54,0,11/8/2017 2:19:54,2017-11-08,2,Wed
351586,18,1,18,107,2017-11-09 12:45:00,0,11/9/2017 12:45:00,2017-11-09,12,Thu
93207,3,1,13,280,2017-11-08 11:04:49,0,11/8/2017 11:04:49,2017-11-08,11,Wed
117939,26,1,13,121,2017-11-08 7:01:21,0,11/8/2017 7:01:21,2017-11-08,7,Wed
5314,151,0,0,347,2017-11-08 3:04:56,0,11/8/2017 3:04:56,2017-11-08,3,Wed
30025,3,1,19,379,2017-11-08 22:29:51,0,11/8/2017 22:29:51,2017-11-08,22,Wed
111400,10,1,17,113,2017-11-07 6:04:06,0,11/7/2017 6:04:06,2017-11-07,6,Tue
30214,12,1,17,497,2017-11-09 8:42:00,0,11/9/2017 8:42:00,2017-11-09,8,Thu
294714,18,1,13,107,2017-11-08 23:02:05,0,11/8/2017 23:02:05,2017-11-08,23,Wed
201181,3,1,22,205,2017-11-06 19:42:08,0,11/6/2017 19:42:08,2017-11-06,19,Mon
91168,18,1,19,134,2017-11-07 12:04:57,0,11/7/2017 12:04:57,2017-11-07,12,Tue
113700,14,1,19,489,2017-11-09 4:36:11,0,11/9/2017 4:36:11,2017-11-09,4,Thu
87673,2,1,15,469,2017-11-08 4:48:20,0,11/8/2017 4:48:20,2017-11-08,4,Wed
15759,3,1,10,489,2017-11-08 9:13:04,0,11/8/2017 9:13:04,2017-11-08,9,Wed
116469,18,1,35,439,2017-11-09 13:32:42,0,11/9/2017 13:32:42,2017-11-09,13,Thu
3167,12,1,7,242,2017-11-07 10:51:40,0,11/7/2017 10:51:40,2017-11-07,10,Tue
48575,6,1,19,459,2017-11-07 16:14:40,0,11/7/2017 16:14:40,2017-11-07,16,Tue
45730,11,1,19,360,2017-11-07 7:45:24,0,11/7/2017 7:45:24,2017-11-07,7,Tue
83238,3,1,18,280,2017-11-08 0:12:31,0,11/8/2017 0:12:31,2017-11-08,0,Wed
162427,19,114,0,213,2017-11-07 6:41:55,0,11/7/2017 6:41:55,2017-11-07,6,Tue
74803,1,1,22,349,2017-11-08 0:29:47,0,11/8/2017 0:29:47,2017-11-08,0,Wed
10826,24,1,17,105,2017-11-08 3:05:10,0,11/8/2017 3:05:10,2017-11-08,3,Wed
53454,15,1,10,140,2017-11-09 14:18:04,0,11/9/2017 14:18:04,2017-11-09,14,Thu
16067,12,1,19,245,2017-11-07 17:59:27,0,11/7/2017 17:59:27,2017-11-07,17,Tue
66016,110,3866,866,347,2017-11-08 22:57:05,0,11/8/2017 22:57:05,2017-11-08,22,Wed
13080,18,1,26,107,2017-11-09 2:35:28,0,11/9/2017 2:35:28,2017-11-09,2,Thu
108803,2,1,13,219,2017-11-08 5:40:32,0,11/8/2017 5:40:32,2017-11-08,5,Wed
91611,21,1,13,128,2017-11-08 14:39:55,0,11/8/2017 14:39:55,2017-11-08,14,Wed
27627,2,1,19,477,2017-11-07 14:19:28,0,11/7/2017 14:19:28,2017-11-07,14,Tue
7944,1,1,15,153,2017-11-07 2:37:09,0,11/7/2017 2:37:09,2017-11-07,2,Tue
20967,2,1,19,258,2017-11-08 6:59:48,0,11/8/2017 6:59:48,2017-11-08,6,Wed
18219,14,1,19,478,2017-11-07 17:03:21,0,11/7/2017 17:03:21,2017-11-07,17,Tue
42139,14,1,8,416,2017-11-07 1:08:55,0,11/7/2017 1:08:55,2017-11-07,1,Tue
142590,3,1,19,417,2017-11-09 0:35:10,0,11/9/2017 0:35:10,2017-11-09,0,Thu
42167,18,1,20,439,2017-11-07 11:43:06,0,11/7/2017 11:43:06,2017-11-07,11,Tue
300702,23,1,37,153,2017-11-09 12:19:13,0,11/9/2017 12:19:13,2017-11-09,12,Thu
73516,2,1,13,477,2017-11-09 5:57:05,0,11/9/2017 5:57:05,2017-11-09,5,Thu
74252,12,1,53,259,2017-11-09 10:13:25,0,11/9/2017 10:13:25,2017-11-09,10,Thu
88710,14,1,22,134,2017-11-08 23:43:38,0,11/8/2017 23:43:38,2017-11-08,23,Wed
58705,3,1,20,371,2017-11-07 0:51:13,0,11/7/2017 0:51:13,2017-11-07,0,Tue
73516,12,2,49,326,2017-11-09 3:58:14,0,11/9/2017 3:58:14,2017-11-09,3,Thu
183151,2,1,8,435,2017-11-09 6:03:20,0,11/9/2017 6:03:20,2017-11-09,6,Thu
146963,64,1,19,459,2017-11-07 2:41:40,0,11/7/2017 2:41:40,2017-11-07,2,Tue
154111,15,1,13,245,2017-11-06 19:55:52,0,11/6/2017 19:55:52,2017-11-06,19,Mon
7612,2,1,35,477,2017-11-08 6:45:51,0,11/8/2017 6:45:51,2017-11-08,6,Wed
73100,14,1,13,349,2017-11-07 13:31:20,0,11/7/2017 13:31:20,2017-11-07,13,Tue
67097,2,2,49,477,2017-11-07 15:44:19,0,11/7/2017 15:44:19,2017-11-07,15,Tue
114678,7,59,6,101,2017-11-08 5:53:37,0,11/8/2017 5:53:37,2017-11-08,5,Wed
97684,15,1,13,3,2017-11-09 14:29:36,0,11/9/2017 14:29:36,2017-11-09,14,Thu
123908,12,2,17,265,2017-11-09 9:54:40,0,11/9/2017 9:54:40,2017-11-09,9,Thu
31653,11,1,18,469,2017-11-07 5:28:59,0,11/7/2017 5:28:59,2017-11-07,5,Tue
109386,3,1,19,280,2017-11-08 2:17:08,0,11/8/2017 2:17:08,2017-11-08,2,Wed
65826,2,1,19,401,2017-11-08 5:02:30,0,11/8/2017 5:02:30,2017-11-08,5,Wed
31278,14,1,19,489,2017-11-08 1:29:36,0,11/8/2017 1:29:36,2017-11-08,1,Wed
134011,18,1,20,107,2017-11-07 3:41:18,0,11/7/2017 3:41:18,2017-11-07,3,Tue
69029,8,1,20,145,2017-11-08 4:56:10,0,11/8/2017 4:56:10,2017-11-08,4,Wed
119356,2,1,19,237,2017-11-09 0:34:04,0,11/9/2017 0:34:04,2017-11-09,0,Thu
25614,2,1,19,205,2017-11-07 15:09:33,0,11/7/2017 15:09:33,2017-11-07,15,Tue
4759,18,1,19,107,2017-11-07 21:52:53,1,11/7/2017 21:52:53,2017-11-07,21,Tue
124024,12,1,32,259,2017-11-08 15:03:36,0,11/8/2017 15:03:36,2017-11-08,15,Wed
198559,2,1,12,401,2017-11-08 13:10:12,0,11/8/2017 13:10:12,2017-11-08,13,Wed
100182,7,2,19,101,2017-11-07 23:40:45,0,11/7/2017 23:40:45,2017-11-07,23,Tue
50397,12,1,13,265,2017-11-09 6:57:08,0,11/9/2017 6:57:08,2017-11-09,6,Thu
191290,21,1,17,128,2017-11-07 10:55:55,0,11/7/2017 10:55:55,2017-11-07,10,Tue
68089,3,1,60,402,2017-11-08 17:52:42,0,11/8/2017 17:52:42,2017-11-08,17,Wed
127583,12,1,16,178,2017-11-07 7:30:06,0,11/7/2017 7:30:06,2017-11-07,7,Tue
181838,2,1,25,435,2017-11-07 1:55:10,0,11/7/2017 1:55:10,2017-11-07,1,Tue
19014,14,1,19,379,2017-11-08 11:20:31,0,11/8/2017 11:20:31,2017-11-08,11,Wed
69489,15,1,19,3,2017-11-06 22:00:25,0,11/6/2017 22:00:25,2017-11-06,22,Mon
77825,6,1,13,459,2017-11-07 11:29:29,0,11/7/2017 11:29:29,2017-11-07,11,Tue
49610,15,1,13,140,2017-11-07 0:59:10,0,11/7/2017 0:59:10,2017-11-07,0,Tue
31065,2,1,13,377,2017-11-07 13:03:13,0,11/7/2017 13:03:13,2017-11-07,13,Tue
59081,23,1,20,153,2017-11-07 14:50:45,0,11/7/2017 14:50:45,2017-11-07,14,Tue
86767,14,1,13,401,2017-11-08 7:51:07,0,11/8/2017 7:51:07,2017-11-08,7,Wed
51512,3,1,20,280,2017-11-08 5:48:20,0,11/8/2017 5:48:20,2017-11-08,5,Wed
193994,15,1,28,265,2017-11-06 23:43:31,0,11/6/2017 23:43:31,2017-11-06,23,Mon
148879,2,1,30,435,2017-11-07 11:16:53,0,11/7/2017 11:16:53,2017-11-07,11,Tue
21911,3,1,19,280,2017-11-07 10:47:56,0,11/7/2017 10:47:56,2017-11-07,10,Tue
104954,9,1,16,466,2017-11-09 1:44:44,0,11/9/2017 1:44:44,2017-11-09,1,Thu
116066,15,1,13,245,2017-11-09 7:03:07,0,11/9/2017 7:03:07,2017-11-09,7,Thu
49604,3,1,13,409,2017-11-09 6:05:44,0,11/9/2017 6:05:44,2017-11-09,6,Thu
284751,12,1,19,178,2017-11-08 8:58:27,0,11/8/2017 8:58:27,2017-11-08,8,Wed
75794,18,1,19,121,2017-11-06 17:17:18,0,11/6/2017 17:17:18,2017-11-06,17,Mon
105649,2,2,10,205,2017-11-08 5:04:38,0,11/8/2017 5:04:38,2017-11-08,5,Wed
137933,2,1,19,219,2017-11-07 2:29:10,0,11/7/2017 2:29:10,2017-11-07,2,Tue
22593,3,1,13,173,2017-11-08 11:02:16,0,11/8/2017 11:02:16,2017-11-08,11,Wed
48418,26,1,19,121,2017-11-08 10:32:59,0,11/8/2017 10:32:59,2017-11-08,10,Wed
18781,183,3543,748,347,2017-11-07 16:23:39,0,11/7/2017 16:23:39,2017-11-07,16,Tue
72986,10,1,13,113,2017-11-09 15:44:15,0,11/9/2017 15:44:15,2017-11-09,15,Thu
204285,24,1,8,105,2017-11-07 14:40:17,0,11/7/2017 14:40:17,2017-11-07,14,Tue
42207,3,1,22,280,2017-11-08 14:19:57,0,11/8/2017 14:19:57,2017-11-08,14,Wed
7528,3,1,3,205,2017-11-07 14:28:12,0,11/7/2017 14:28:12,2017-11-07,14,Tue
24592,3,1,19,19,2017-11-07 10:30:37,0,11/7/2017 10:30:37,2017-11-07,10,Tue
228982,15,1,4,245,2017-11-08 3:43:48,0,11/8/2017 3:43:48,2017-11-08,3,Wed
169013,15,1,13,245,2017-11-07 12:39:25,0,11/7/2017 12:39:25,2017-11-07,12,Tue
157743,9,1,19,445,2017-11-09 1:34:18,0,11/9/2017 1:34:18,2017-11-09,1,Thu
122145,37,1,19,21,2017-11-07 4:49:49,0,11/7/2017 4:49:49,2017-11-07,4,Tue
8318,18,1,13,107,2017-11-07 16:05:00,0,11/7/2017 16:05:00,2017-11-07,16,Tue
74276,14,1,17,480,2017-11-08 4:37:36,0,11/8/2017 4:37:36,2017-11-08,4,Wed
86662,9,1,18,442,2017-11-08 4:51:14,0,11/8/2017 4:51:14,2017-11-08,4,Wed
79155,2,1,19,452,2017-11-09 3:25:01,0,11/9/2017 3:25:01,2017-11-09,3,Thu
4123,15,1,19,245,2017-11-06 17:16:02,0,11/6/2017 17:16:02,2017-11-06,17,Mon
85329,12,2,20,265,2017-11-08 11:29:38,0,11/8/2017 11:29:38,2017-11-08,11,Wed
1104,12,1,53,245,2017-11-07 15:43:38,0,11/7/2017 15:43:38,2017-11-07,15,Tue
44458,1,1,8,371,2017-11-08 2:22:30,0,11/8/2017 2:22:30,2017-11-08,2,Wed
5596,15,1,6,245,2017-11-06 16:05:58,0,11/6/2017 16:05:58,2017-11-06,16,Mon
342017,9,1,18,449,2017-11-09 14:17:25,0,11/9/2017 14:17:25,2017-11-09,14,Thu
136031,32,1,23,376,2017-11-08 14:43:20,0,11/8/2017 14:43:20,2017-11-08,14,Wed
5147,15,1,3,245,2017-11-09 5:59:46,0,11/9/2017 5:59:46,2017-11-09,5,Thu
55142,18,1,17,107,2017-11-09 10:59:29,0,11/9/2017 10:59:29,2017-11-09,10,Thu
20215,24,1,44,178,2017-11-08 11:52:26,0,11/8/2017 11:52:26,2017-11-08,11,Wed
54503,2,1,13,477,2017-11-09 2:25:56,0,11/9/2017 2:25:56,2017-11-09,2,Thu
84040,12,1,22,328,2017-11-09 10:28:31,0,11/9/2017 10:28:31,2017-11-09,10,Thu
110574,12,1,15,259,2017-11-07 11:46:02,0,11/7/2017 11:46:02,2017-11-07,11,Tue
73516,3,1,14,153,2017-11-09 0:26:50,0,11/9/2017 0:26:50,2017-11-09,0,Thu
34409,14,1,15,371,2017-11-07 1:17:02,0,11/7/2017 1:17:02,2017-11-07,1,Tue
113848,3,1,13,442,2017-11-08 23:11:30,0,11/8/2017 23:11:30,2017-11-08,23,Wed
77695,18,1,18,121,2017-11-06 23:20:11,0,11/6/2017 23:20:11,2017-11-06,23,Mon
97773,3,1,22,211,2017-11-09 10:02:35,0,11/9/2017 10:02:35,2017-11-09,10,Thu
34944,17,1,19,280,2017-11-08 12:47:50,0,11/8/2017 12:47:50,2017-11-08,12,Wed
95468,3,1,41,115,2017-11-08 2:06:28,0,11/8/2017 2:06:28,2017-11-08,2,Wed
77756,12,1,20,409,2017-11-07 14:49:12,0,11/7/2017 14:49:12,2017-11-07,14,Tue
26814,12,1,6,178,2017-11-07 7:30:29,0,11/7/2017 7:30:29,2017-11-07,7,Tue
4869,2,1,13,477,2017-11-07 7:38:40,0,11/7/2017 7:38:40,2017-11-07,7,Tue
43793,1,1,3,134,2017-11-07 3:27:42,0,11/7/2017 3:27:42,2017-11-07,3,Tue
319710,15,1,41,430,2017-11-08 21:48:46,0,11/8/2017 21:48:46,2017-11-08,21,Wed
61970,23,1,18,153,2017-11-07 5:13:12,0,11/7/2017 5:13:12,2017-11-07,5,Tue
69196,15,1,25,259,2017-11-06 23:47:40,0,11/6/2017 23:47:40,2017-11-06,23,Mon
102280,3,2,10,137,2017-11-07 13:12:03,0,11/7/2017 13:12:03,2017-11-07,13,Tue
106460,2,1,25,477,2017-11-09 6:10:50,0,11/9/2017 6:10:50,2017-11-09,6,Thu
79827,12,1,13,245,2017-11-09 1:04:03,0,11/9/2017 1:04:03,2017-11-09,1,Thu
15179,3,1,3,280,2017-11-07 4:16:35,0,11/7/2017 4:16:35,2017-11-07,4,Tue
111121,11,1,32,319,2017-11-09 2:22:14,0,11/9/2017 2:22:14,2017-11-09,2,Thu
73916,3,1,19,280,2017-11-07 7:59:23,0,11/7/2017 7:59:23,2017-11-07,7,Tue
72287,8,1,13,145,2017-11-07 16:33:55,0,11/7/2017 16:33:55,2017-11-07,16,Tue
6640,12,1,8,277,2017-11-08 1:15:41,0,11/8/2017 1:15:41,2017-11-08,1,Wed
87399,2,1,10,477,2017-11-07 21:02:04,0,11/7/2017 21:02:04,2017-11-07,21,Tue
190767,3,1,19,19,2017-11-07 7:02:28,0,11/7/2017 7:02:28,2017-11-07,7,Tue
256393,18,1,17,439,2017-11-08 12:16:12,0,11/8/2017 12:16:12,2017-11-08,12,Wed
106598,17,1,13,280,2017-11-08 20:19:20,0,11/8/2017 20:19:20,2017-11-08,20,Wed
960,15,1,19,430,2017-11-08 4:32:39,0,11/8/2017 4:32:39,2017-11-08,4,Wed
193113,7,1,13,101,2017-11-07 5:17:55,0,11/7/2017 5:17:55,2017-11-07,5,Tue
175075,14,1,55,401,2017-11-07 7:18:02,0,11/7/2017 7:18:02,2017-11-07,7,Tue
5314,12,1,20,245,2017-11-08 17:00:11,0,11/8/2017 17:00:11,2017-11-08,17,Wed
42297,15,1,19,265,2017-11-07 15:29:42,0,11/7/2017 15:29:42,2017-11-07,15,Tue
5543,9,1,6,334,2017-11-08 8:14:45,0,11/8/2017 8:14:45,2017-11-08,8,Wed
130325,1,1,13,134,2017-11-09 3:01:21,0,11/9/2017 3:01:21,2017-11-09,3,Thu
73487,15,1,46,265,2017-11-07 12:40:16,0,11/7/2017 12:40:16,2017-11-07,12,Tue
196678,9,1,19,215,2017-11-07 2:35:19,0,11/7/2017 2:35:19,2017-11-07,2,Tue
75634,9,1,19,442,2017-11-07 19:40:39,0,11/7/2017 19:40:39,2017-11-07,19,Tue
71671,9,1,19,445,2017-11-08 7:33:50,0,11/8/2017 7:33:50,2017-11-08,7,Wed
79095,2,1,19,205,2017-11-09 5:20:37,0,11/9/2017 5:20:37,2017-11-09,5,Thu
163744,19,0,24,213,2017-11-07 11:10:43,0,11/7/2017 11:10:43,2017-11-07,11,Tue
115481,12,1,6,178,2017-11-07 8:21:11,0,11/7/2017 8:21:11,2017-11-07,8,Tue
49178,18,1,19,439,2017-11-08 0:26:21,0,11/8/2017 0:26:21,2017-11-08,0,Wed
67751,14,1,13,349,2017-11-08 3:08:54,0,11/8/2017 3:08:54,2017-11-08,3,Wed
48523,2,1,19,237,2017-11-09 4:22:28,0,11/9/2017 4:22:28,2017-11-09,4,Thu
87879,18,1,18,107,2017-11-08 22:08:56,0,11/8/2017 22:08:56,2017-11-08,22,Wed
3133,3,1,18,173,2017-11-08 3:16:37,0,11/8/2017 3:16:37,2017-11-08,3,Wed
268701,15,1,19,138,2017-11-09 4:24:30,0,11/9/2017 4:24:30,2017-11-09,4,Thu
86767,9,1,17,244,2017-11-08 5:58:26,0,11/8/2017 5:58:26,2017-11-08,5,Wed
30869,1,1,25,439,2017-11-08 13:18:36,0,11/8/2017 13:18:36,2017-11-08,13,Wed
34139,15,1,26,130,2017-11-08 5:44:11,0,11/8/2017 5:44:11,2017-11-08,5,Wed
108858,13,1,13,400,2017-11-07 4:33:26,0,11/7/2017 4:33:26,2017-11-07,4,Tue
95766,12,1,1,245,2017-11-07 5:45:04,0,11/7/2017 5:45:04,2017-11-07,5,Tue
38866,2,1,27,237,2017-11-09 3:48:25,0,11/9/2017 3:48:25,2017-11-09,3,Thu
53960,21,2,9,128,2017-11-06 22:03:49,0,11/6/2017 22:03:49,2017-11-06,22,Mon
68271,18,1,18,107,2017-11-09 5:00:59,0,11/9/2017 5:00:59,2017-11-09,5,Thu
72723,18,1,19,449,2017-11-09 2:50:20,0,11/9/2017 2:50:20,2017-11-09,2,Thu
173808,3,1,13,135,2017-11-07 5:47:06,0,11/7/2017 5:47:06,2017-11-07,5,Tue
347004,3,1,18,442,2017-11-09 8:55:13,0,11/9/2017 8:55:13,2017-11-09,8,Thu
5314,3,1,28,280,2017-11-07 6:08:44,0,11/7/2017 6:08:44,2017-11-07,6,Tue
111078,18,1,12,107,2017-11-07 10:02:08,0,11/7/2017 10:02:08,2017-11-07,10,Tue
66769,15,1,25,412,2017-11-08 0:21:03,0,11/8/2017 0:21:03,2017-11-08,0,Wed
84395,15,1,13,130,2017-11-09 4:26:46,0,11/9/2017 4:26:46,2017-11-09,4,Thu
16010,9,1,13,127,2017-11-09 4:37:12,0,11/9/2017 4:37:12,2017-11-09,4,Thu
55960,13,1,22,477,2017-11-07 4:26:31,0,11/7/2017 4:26:31,2017-11-07,4,Tue
245560,3,1,18,480,2017-11-08 10:36:17,0,11/8/2017 10:36:17,2017-11-08,10,Wed
116681,8,1,25,145,2017-11-09 9:56:46,0,11/9/2017 9:56:46,2017-11-09,9,Thu
236755,2,1,13,477,2017-11-09 5:34:13,0,11/9/2017 5:34:13,2017-11-09,5,Thu
209984,3,1,13,173,2017-11-07 0:53:55,0,11/7/2017 0:53:55,2017-11-07,0,Tue
9099,18,1,10,107,2017-11-09 2:23:09,0,11/9/2017 2:23:09,2017-11-09,2,Thu
92766,15,1,13,430,2017-11-07 2:39:28,0,11/7/2017 2:39:28,2017-11-07,2,Tue
80568,12,1,18,140,2017-11-09 5:05:41,0,11/9/2017 5:05:41,2017-11-09,5,Thu
62906,9,1,13,445,2017-11-08 13:29:13,0,11/8/2017 13:29:13,2017-11-08,13,Wed
32395,15,1,19,245,2017-11-07 15:29:43,0,11/7/2017 15:29:43,2017-11-07,15,Tue
209944,12,1,19,178,2017-11-09 9:16:18,0,11/9/2017 9:16:18,2017-11-09,9,Thu
159775,2,2,17,364,2017-11-06 19:05:04,0,11/6/2017 19:05:04,2017-11-06,19,Mon
87879,3,1,13,442,2017-11-09 3:01:16,0,11/9/2017 3:01:16,2017-11-09,3,Thu
182103,9,1,10,134,2017-11-06 22:09:28,0,11/6/2017 22:09:28,2017-11-06,22,Mon
84817,11,1,13,173,2017-11-08 14:38:14,0,11/8/2017 14:38:14,2017-11-08,14,Wed
49431,18,1,22,317,2017-11-07 5:46:36,0,11/7/2017 5:46:36,2017-11-07,5,Tue
109644,14,1,6,442,2017-11-07 23:44:04,0,11/7/2017 23:44:04,2017-11-07,23,Tue
32526,14,1,13,480,2017-11-09 15:29:23,0,11/9/2017 15:29:23,2017-11-09,15,Thu
109540,19,0,24,213,2017-11-07 15:05:51,0,11/7/2017 15:05:51,2017-11-07,15,Tue
75644,21,1,35,128,2017-11-08 7:26:20,0,11/8/2017 7:26:20,2017-11-08,7,Wed
14301,3,1,41,280,2017-11-08 15:45:39,0,11/8/2017 15:45:39,2017-11-08,15,Wed
27388,3,2,77,402,2017-11-07 2:55:25,0,11/7/2017 2:55:25,2017-11-07,2,Tue
94028,9,1,16,134,2017-11-09 0:39:50,0,11/9/2017 0:39:50,2017-11-09,0,Thu
7800,2,1,14,243,2017-11-07 15:26:56,0,11/7/2017 15:26:56,2017-11-07,15,Tue
97952,2,1,53,122,2017-11-08 4:50:51,0,11/8/2017 4:50:51,2017-11-08,4,Wed
22528,12,1,3,497,2017-11-09 2:25:20,0,11/9/2017 2:25:20,2017-11-09,2,Thu
98568,15,1,26,111,2017-11-09 13:43:10,0,11/9/2017 13:43:10,2017-11-09,13,Thu
71272,15,1,22,386,2017-11-07 15:38:18,0,11/7/2017 15:38:18,2017-11-07,15,Tue
127531,8,1,41,145,2017-11-07 21:53:28,0,11/7/2017 21:53:28,2017-11-07,21,Tue
40398,9,1,19,334,2017-11-09 6:11:27,0,11/9/2017 6:11:27,2017-11-09,6,Thu
37001,9,1,1,134,2017-11-08 1:07:54,0,11/8/2017 1:07:54,2017-11-08,1,Wed
169337,26,1,13,266,2017-11-07 2:47:23,0,11/7/2017 2:47:23,2017-11-07,2,Tue
50136,3,1,19,130,2017-11-07 4:19:42,0,11/7/2017 4:19:42,2017-11-07,4,Tue
95702,3,1,6,317,2017-11-08 7:33:19,0,11/8/2017 7:33:19,2017-11-08,7,Wed
141511,18,1,16,107,2017-11-07 12:00:30,0,11/7/2017 12:00:30,2017-11-07,12,Tue
26995,9,2,77,215,2017-11-07 14:24:00,0,11/7/2017 14:24:00,2017-11-07,14,Tue
179199,18,2,3,134,2017-11-09 8:05:57,0,11/9/2017 8:05:57,2017-11-09,8,Thu
75634,12,1,27,105,2017-11-09 2:48:07,0,11/9/2017 2:48:07,2017-11-09,2,Thu
127233,3,1,13,280,2017-11-07 5:14:21,0,11/7/2017 5:14:21,2017-11-07,5,Tue
124985,14,1,18,349,2017-11-07 11:33:53,0,11/7/2017 11:33:53,2017-11-07,11,Tue
235526,14,1,13,349,2017-11-08 3:26:44,0,11/8/2017 3:26:44,2017-11-08,3,Wed
80510,3,1,18,280,2017-11-09 2:23:27,0,11/9/2017 2:23:27,2017-11-09,2,Thu
6242,12,1,25,205,2017-11-07 4:54:50,0,11/7/2017 4:54:50,2017-11-07,4,Tue
39158,3,1,20,452,2017-11-08 6:11:31,0,11/8/2017 6:11:31,2017-11-08,6,Wed
43827,13,1,18,477,2017-11-07 0:45:41,0,11/7/2017 0:45:41,2017-11-07,0,Tue
67708,9,1,10,489,2017-11-07 14:36:29,0,11/7/2017 14:36:29,2017-11-07,14,Tue
18996,3,1,19,489,2017-11-09 7:47:20,0,11/9/2017 7:47:20,2017-11-09,7,Thu
182643,6,1,19,459,2017-11-07 7:19:00,0,11/7/2017 7:19:00,2017-11-07,7,Tue
265034,3,1,13,280,2017-11-08 2:02:03,0,11/8/2017 2:02:03,2017-11-08,2,Wed
120775,9,1,13,442,2017-11-08 22:23:47,0,11/8/2017 22:23:47,2017-11-08,22,Wed
73487,12,2,49,326,2017-11-09 5:07:07,0,11/9/2017 5:07:07,2017-11-09,5,Thu
71238,14,1,19,489,2017-11-07 5:37:08,0,11/7/2017 5:37:08,2017-11-07,5,Tue
814,2,1,30,377,2017-11-09 11:05:22,0,11/9/2017 11:05:22,2017-11-09,11,Thu
99897,12,1,42,259,2017-11-07 7:32:33,0,11/7/2017 7:32:33,2017-11-07,7,Tue
124198,12,1,23,340,2017-11-09 11:50:24,0,11/9/2017 11:50:24,2017-11-09,11,Thu
5348,15,1,13,245,2017-11-09 4:49:25,0,11/9/2017 4:49:25,2017-11-09,4,Thu
73671,9,2,77,244,2017-11-08 8:51:31,0,11/8/2017 8:51:31,2017-11-08,8,Wed
185712,9,1,22,490,2017-11-09 5:48:34,0,11/9/2017 5:48:34,2017-11-09,5,Thu
51745,12,1,17,205,2017-11-08 21:50:05,0,11/8/2017 21:50:05,2017-11-08,21,Wed
38888,3,1,31,280,2017-11-08 2:05:56,0,11/8/2017 2:05:56,2017-11-08,2,Wed
59899,14,1,25,379,2017-11-09 11:34:30,0,11/9/2017 11:34:30,2017-11-09,11,Thu
8230,3,1,19,280,2017-11-07 5:09:28,0,11/7/2017 5:09:28,2017-11-07,5,Tue
50482,2,1,18,477,2017-11-09 3:14:29,0,11/9/2017 3:14:29,2017-11-09,3,Thu
105475,3,1,19,205,2017-11-07 21:34:31,0,11/7/2017 21:34:31,2017-11-07,21,Tue
173141,12,2,17,265,2017-11-08 9:32:57,0,11/8/2017 9:32:57,2017-11-08,9,Wed
39782,18,1,19,107,2017-11-08 10:49:27,0,11/8/2017 10:49:27,2017-11-08,10,Wed
187662,3,1,13,280,2017-11-08 5:49:41,0,11/8/2017 5:49:41,2017-11-08,5,Wed
81598,6,1,25,125,2017-11-08 14:57:34,0,11/8/2017 14:57:34,2017-11-08,14,Wed
3262,2,1,13,212,2017-11-08 0:32:01,0,11/8/2017 0:32:01,2017-11-08,0,Wed
84644,9,1,13,442,2017-11-07 12:03:55,0,11/7/2017 12:03:55,2017-11-07,12,Tue
114326,12,1,13,245,2017-11-07 0:15:30,0,11/7/2017 0:15:30,2017-11-07,0,Tue
73503,3,1,8,466,2017-11-07 6:20:56,0,11/7/2017 6:20:56,2017-11-07,6,Tue
13634,9,1,19,442,2017-11-09 11:44:46,0,11/9/2017 11:44:46,2017-11-09,11,Thu
275129,9,1,13,134,2017-11-07 16:30:16,0,11/7/2017 16:30:16,2017-11-07,16,Tue
136291,3,1,19,280,2017-11-09 5:57:48,0,11/9/2017 5:57:48,2017-11-09,5,Thu
121679,2,1,13,469,2017-11-09 5:48:33,0,11/9/2017 5:48:33,2017-11-09,5,Thu
23289,18,1,6,107,2017-11-09 5:44:58,0,11/9/2017 5:44:58,2017-11-09,5,Thu
145769,26,1,22,266,2017-11-08 23:41:22,0,11/8/2017 23:41:22,2017-11-08,23,Wed
92642,18,1,26,121,2017-11-08 2:01:53,0,11/8/2017 2:01:53,2017-11-08,2,Wed
86261,3,1,6,137,2017-11-09 12:03:14,0,11/9/2017 12:03:14,2017-11-09,12,Thu
83659,3,1,18,424,2017-11-07 12:16:23,0,11/7/2017 12:16:23,2017-11-07,12,Tue
121384,15,1,15,315,2017-11-07 23:54:15,0,11/7/2017 23:54:15,2017-11-07,23,Tue
126331,9,1,19,127,2017-11-09 15:42:16,0,11/9/2017 15:42:16,2017-11-09,15,Thu
59263,14,1,3,463,2017-11-07 5:50:13,0,11/7/2017 5:50:13,2017-11-07,5,Tue
44067,18,1,19,107,2017-11-09 6:31:15,0,11/9/2017 6:31:15,2017-11-09,6,Thu
8352,15,1,19,245,2017-11-09 1:35:16,0,11/9/2017 1:35:16,2017-11-09,1,Thu
4680,15,1,14,430,2017-11-07 15:48:23,0,11/7/2017 15:48:23,2017-11-07,15,Tue
55642,10,1,19,317,2017-11-07 12:01:18,0,11/7/2017 12:01:18,2017-11-07,12,Tue
12506,3,2,13,211,2017-11-08 14:24:02,0,11/8/2017 14:24:02,2017-11-08,14,Wed
59441,18,1,19,376,2017-11-09 6:52:06,0,11/9/2017 6:52:06,2017-11-09,6,Thu
6424,15,1,19,140,2017-11-09 11:48:54,0,11/9/2017 11:48:54,2017-11-09,11,Thu
82234,9,1,27,107,2017-11-08 22:03:01,0,11/8/2017 22:03:01,2017-11-08,22,Wed
149535,2,1,13,469,2017-11-08 5:09:19,0,11/8/2017 5:09:19,2017-11-08,5,Wed
31732,3,1,19,280,2017-11-09 6:15:06,0,11/9/2017 6:15:06,2017-11-09,6,Thu
23761,9,1,13,442,2017-11-07 13:35:15,0,11/7/2017 13:35:15,2017-11-07,13,Tue
37972,3,1,44,489,2017-11-08 22:58:59,0,11/8/2017 22:58:59,2017-11-08,22,Wed
208952,1,2,9,125,2017-11-07 6:58:48,0,11/7/2017 6:58:48,2017-11-07,6,Tue
89411,18,1,22,107,2017-11-07 6:02:00,0,11/7/2017 6:02:00,2017-11-07,6,Tue
64079,13,1,13,400,2017-11-08 0:23:26,0,11/8/2017 0:23:26,2017-11-08,0,Wed
65207,9,1,19,244,2017-11-07 13:21:52,0,11/7/2017 13:21:52,2017-11-07,13,Tue
90837,13,1,32,477,2017-11-07 7:02:36,0,11/7/2017 7:02:36,2017-11-07,7,Tue
43855,1,1,12,153,2017-11-07 1:00:36,0,11/7/2017 1:00:36,2017-11-07,1,Tue
151109,13,1,19,477,2017-11-07 3:42:26,0,11/7/2017 3:42:26,2017-11-07,3,Tue
59361,12,1,17,481,2017-11-07 10:34:34,0,11/7/2017 10:34:34,2017-11-07,10,Tue
192096,2,1,35,122,2017-11-09 11:56:59,0,11/9/2017 11:56:59,2017-11-09,11,Thu
72666,20,1,8,259,2017-11-07 12:10:46,0,11/7/2017 12:10:46,2017-11-07,12,Tue
105456,2,1,26,205,2017-11-09 12:47:41,0,11/9/2017 12:47:41,2017-11-09,12,Thu
118292,12,1,22,265,2017-11-09 4:46:32,0,11/9/2017 4:46:32,2017-11-09,4,Thu
48212,2,1,14,401,2017-11-07 13:53:20,0,11/7/2017 13:53:20,2017-11-07,13,Tue
103396,12,1,13,178,2017-11-07 4:47:54,0,11/7/2017 4:47:54,2017-11-07,4,Tue
123788,3,1,13,452,2017-11-08 14:18:19,0,11/8/2017 14:18:19,2017-11-08,14,Wed
32453,12,1,10,259,2017-11-07 9:43:44,0,11/7/2017 9:43:44,2017-11-07,9,Tue
37109,2,1,17,236,2017-11-06 22:46:12,0,11/6/2017 22:46:12,2017-11-06,22,Mon
119375,18,3866,866,107,2017-11-09 10:18:34,0,11/9/2017 10:18:34,2017-11-09,10,Thu
80949,9,1,19,334,2017-11-09 11:17:23,0,11/9/2017 11:17:23,2017-11-09,11,Thu
111755,1,1,37,134,2017-11-09 14:34:20,0,11/9/2017 14:34:20,2017-11-09,14,Thu
250443,26,1,13,121,2017-11-07 16:08:18,0,11/7/2017 16:08:18,2017-11-07,16,Tue
28471,3,1,62,480,2017-11-09 8:51:20,0,11/9/2017 8:51:20,2017-11-09,8,Thu
81107,1,1,18,377,2017-11-07 12:03:02,0,11/7/2017 12:03:02,2017-11-07,12,Tue
84954,3,1,13,280,2017-11-09 7:23:38,0,11/9/2017 7:23:38,2017-11-09,7,Thu
332627,3,1,13,489,2017-11-09 3:35:38,0,11/9/2017 3:35:38,2017-11-09,3,Thu
119289,3,1,19,205,2017-11-08 19:04:23,0,11/8/2017 19:04:23,2017-11-08,19,Wed
119885,3,1,10,402,2017-11-08 11:57:06,0,11/8/2017 11:57:06,2017-11-08,11,Wed
111025,15,1,13,245,2017-11-08 16:59:25,0,11/8/2017 16:59:25,2017-11-08,16,Wed
35282,8,1,13,145,2017-11-09 9:12:20,0,11/9/2017 9:12:20,2017-11-09,9,Thu
66525,3,1,19,280,2017-11-08 0:25:48,0,11/8/2017 0:25:48,2017-11-08,0,Wed
185787,3,1,19,280,2017-11-08 15:17:19,0,11/8/2017 15:17:19,2017-11-08,15,Wed
215008,14,1,19,134,2017-11-08 6:24:30,0,11/8/2017 6:24:30,2017-11-08,6,Wed
31542,10,1,11,113,2017-11-07 12:41:22,0,11/7/2017 12:41:22,2017-11-07,12,Tue
126686,12,1,16,265,2017-11-07 15:40:20,0,11/7/2017 15:40:20,2017-11-07,15,Tue
136665,18,1,25,439,2017-11-07 7:20:41,0,11/7/2017 7:20:41,2017-11-07,7,Tue
28136,14,1,32,379,2017-11-07 2:47:58,0,11/7/2017 2:47:58,2017-11-07,2,Tue
114276,21,1,3,128,2017-11-08 12:44:39,0,11/8/2017 12:44:39,2017-11-08,12,Wed
49383,3,2,17,280,2017-11-08 3:01:36,0,11/8/2017 3:01:36,2017-11-08,3,Wed
60314,1,1,10,153,2017-11-09 0:39:37,0,11/9/2017 0:39:37,2017-11-09,0,Thu
60037,36,1,17,110,2017-11-06 23:07:34,1,11/6/2017 23:07:34,2017-11-06,23,Mon
104512,25,1,19,259,2017-11-06 23:20:58,0,11/6/2017 23:20:58,2017-11-06,23,Mon
100393,2,1,36,219,2017-11-08 15:41:28,0,11/8/2017 15:41:28,2017-11-08,15,Wed
211313,12,1,9,481,2017-11-07 22:40:22,0,11/7/2017 22:40:22,2017-11-07,22,Tue
118991,2,1,13,435,2017-11-08 13:33:14,0,11/8/2017 13:33:14,2017-11-08,13,Wed
30433,12,1,32,328,2017-11-09 15:15:51,0,11/9/2017 15:15:51,2017-11-09,15,Thu
106437,18,1,22,121,2017-11-08 16:25:18,0,11/8/2017 16:25:18,2017-11-08,16,Wed
5348,18,1,19,121,2017-11-09 14:19:52,0,11/9/2017 14:19:52,2017-11-09,14,Thu
104968,15,1,19,130,2017-11-09 7:45:57,0,11/9/2017 7:45:57,2017-11-09,7,Thu
76184,6,1,19,459,2017-11-08 13:45:37,0,11/8/2017 13:45:37,2017-11-08,13,Wed
5348,2,1,30,469,2017-11-07 13:05:27,0,11/7/2017 13:05:27,2017-11-07,13,Tue
247238,32,1,53,376,2017-11-08 2:00:45,0,11/8/2017 2:00:45,2017-11-08,2,Wed
88971,18,3032,607,107,2017-11-07 8:58:37,0,11/7/2017 8:58:37,2017-11-07,8,Tue
109242,3,1,19,409,2017-11-08 13:12:15,0,11/8/2017 13:12:15,2017-11-08,13,Wed
14290,3,1,19,424,2017-11-09 13:41:50,0,11/9/2017 13:41:50,2017-11-09,13,Thu
90966,2,1,58,435,2017-11-07 15:51:53,0,11/7/2017 15:51:53,2017-11-07,15,Tue
105560,3,1,17,280,2017-11-08 12:48:43,0,11/8/2017 12:48:43,2017-11-08,12,Wed
123907,18,1,18,107,2017-11-09 12:31:41,0,11/9/2017 12:31:41,2017-11-09,12,Thu
79779,51,0,38,203,2017-11-06 22:53:51,0,11/6/2017 22:53:51,2017-11-06,22,Mon
53665,1,1,18,452,2017-11-07 23:12:54,0,11/7/2017 23:12:54,2017-11-07,23,Tue
73487,2,1,13,236,2017-11-08 22:05:45,0,11/8/2017 22:05:45,2017-11-08,22,Wed
167094,15,1,19,480,2017-11-09 1:42:41,0,11/9/2017 1:42:41,2017-11-09,1,Thu
17289,18,1,27,121,2017-11-07 5:41:27,0,11/7/2017 5:41:27,2017-11-07,5,Tue
50033,9,1,15,232,2017-11-08 12:30:35,0,11/8/2017 12:30:35,2017-11-08,12,Wed
75595,15,1,15,265,2017-11-08 15:02:08,0,11/8/2017 15:02:08,2017-11-08,15,Wed
113875,15,1,18,265,2017-11-08 13:39:41,0,11/8/2017 13:39:41,2017-11-08,13,Wed
6965,14,1,20,463,2017-11-07 11:09:04,0,11/7/2017 11:09:04,2017-11-07,11,Tue
127537,15,1,3,153,2017-11-08 6:26:05,0,11/8/2017 6:26:05,2017-11-08,6,Wed
40204,2,1,13,477,2017-11-08 15:12:28,0,11/8/2017 15:12:28,2017-11-08,15,Wed
44498,26,1,19,266,2017-11-09 3:02:12,0,11/9/2017 3:02:12,2017-11-09,3,Thu
119375,3,1,19,379,2017-11-09 6:02:01,0,11/9/2017 6:02:01,2017-11-09,6,Thu
101919,3,1,19,113,2017-11-08 2:29:54,0,11/8/2017 2:29:54,2017-11-08,2,Wed
55893,3,1,18,280,2017-11-08 16:05:39,0,11/8/2017 16:05:39,2017-11-08,16,Wed
111191,14,1,15,442,2017-11-06 16:01:41,0,11/6/2017 16:01:41,2017-11-06,16,Mon
189149,3,1,18,280,2017-11-08 10:58:10,0,11/8/2017 10:58:10,2017-11-08,10,Wed
44527,12,2,8,140,2017-11-08 12:59:29,0,11/8/2017 12:59:29,2017-11-08,12,Wed
78942,3,1,19,442,2017-11-09 15:03:12,0,11/9/2017 15:03:12,2017-11-09,15,Thu
31240,2,2,19,364,2017-11-08 14:47:11,0,11/8/2017 14:47:11,2017-11-08,14,Wed
191691,25,1,19,259,2017-11-07 5:47:27,0,11/7/2017 5:47:27,2017-11-07,5,Tue
143888,14,1,3,401,2017-11-07 0:15:44,0,11/7/2017 0:15:44,2017-11-07,0,Tue
81571,15,1,3,3,2017-11-07 23:06:39,0,11/7/2017 23:06:39,2017-11-07,23,Tue
133298,9,1,13,334,2017-11-07 7:42:37,0,11/7/2017 7:42:37,2017-11-07,7,Tue
71575,9,1,13,215,2017-11-09 7:12:13,0,11/9/2017 7:12:13,2017-11-09,7,Thu
50390,18,1,19,121,2017-11-06 19:23:39,0,11/6/2017 19:23:39,2017-11-06,19,Mon
62397,9,1,13,134,2017-11-07 0:33:08,0,11/7/2017 0:33:08,2017-11-07,0,Tue
106223,9,1,13,134,2017-11-06 16:20:49,0,11/6/2017 16:20:49,2017-11-06,16,Mon
84953,14,1,13,401,2017-11-07 14:37:06,0,11/7/2017 14:37:06,2017-11-07,14,Tue
92511,2,2,32,364,2017-11-08 0:11:45,0,11/8/2017 0:11:45,2017-11-08,0,Wed
18126,12,1,25,178,2017-11-09 3:23:37,0,11/9/2017 3:23:37,2017-11-09,3,Thu
121759,64,1,25,459,2017-11-07 3:00:26,0,11/7/2017 3:00:26,2017-11-07,3,Tue
99226,14,1,10,442,2017-11-08 15:15:33,0,11/8/2017 15:15:33,2017-11-08,15,Wed
1235,12,1,13,328,2017-11-09 9:23:16,0,11/9/2017 9:23:16,2017-11-09,9,Thu
10595,9,1,37,334,2017-11-08 0:19:10,0,11/8/2017 0:19:10,2017-11-08,0,Wed
118597,3,1,19,489,2017-11-06 16:15:57,0,11/6/2017 16:15:57,2017-11-06,16,Mon
148849,3,1,19,280,2017-11-07 10:29:37,0,11/7/2017 10:29:37,2017-11-07,10,Tue
75794,9,1,16,466,2017-11-08 12:46:57,0,11/8/2017 12:46:57,2017-11-08,12,Wed
105560,13,1,25,477,2017-11-08 4:57:59,0,11/8/2017 4:57:59,2017-11-08,4,Wed
119236,23,1,6,153,2017-11-07 6:57:36,0,11/7/2017 6:57:36,2017-11-07,6,Tue
71128,8,1,19,145,2017-11-07 9:18:54,0,11/7/2017 9:18:54,2017-11-07,9,Tue
110426,15,1,13,245,2017-11-07 13:18:33,0,11/7/2017 13:18:33,2017-11-07,13,Tue
70056,3,1,31,137,2017-11-08 12:37:26,0,11/8/2017 12:37:26,2017-11-08,12,Wed
50631,26,1,13,121,2017-11-08 8:59:26,0,11/8/2017 8:59:26,2017-11-08,8,Wed
34295,15,1,19,245,2017-11-08 17:16:38,0,11/8/2017 17:16:38,2017-11-08,17,Wed
126043,2,1,19,469,2017-11-09 8:58:53,0,11/9/2017 8:58:53,2017-11-09,8,Thu
26785,2,1,16,219,2017-11-08 7:31:28,0,11/8/2017 7:31:28,2017-11-08,7,Wed
8383,3,1,4,135,2017-11-09 9:04:59,0,11/9/2017 9:04:59,2017-11-09,9,Thu
35335,3,1,19,489,2017-11-09 4:07:09,0,11/9/2017 4:07:09,2017-11-09,4,Thu
162182,15,1,6,430,2017-11-08 7:36:54,0,11/8/2017 7:36:54,2017-11-08,7,Wed
204788,7,1,13,101,2017-11-09 6:05:57,0,11/9/2017 6:05:57,2017-11-09,6,Thu
37002,12,1,19,178,2017-11-09 2:08:27,0,11/9/2017 2:08:27,2017-11-09,2,Thu
5348,183,3032,607,347,2017-11-07 15:31:57,0,11/7/2017 15:31:57,2017-11-07,15,Tue
2805,64,1,19,459,2017-11-07 15:40:33,0,11/7/2017 15:40:33,2017-11-07,15,Tue
97491,2,1,6,219,2017-11-09 0:54:45,0,11/9/2017 0:54:45,2017-11-09,0,Thu
166529,22,1,13,116,2017-11-07 11:14:19,0,11/7/2017 11:14:19,2017-11-07,11,Tue
117045,18,1,13,107,2017-11-09 11:04:51,0,11/9/2017 11:04:51,2017-11-09,11,Thu
89565,9,1,13,334,2017-11-08 3:38:42,0,11/8/2017 3:38:42,2017-11-08,3,Wed
319397,9,1,58,466,2017-11-09 12:02:27,0,11/9/2017 12:02:27,2017-11-09,12,Thu
59118,2,1,13,205,2017-11-08 16:56:37,0,11/8/2017 16:56:37,2017-11-08,16,Wed
92904,3,1,13,417,2017-11-09 14:39:34,0,11/9/2017 14:39:34,2017-11-09,14,Thu
33691,7,1,8,101,2017-11-09 6:06:41,0,11/9/2017 6:06:41,2017-11-09,6,Thu
251446,26,1,19,121,2017-11-07 21:31:40,0,11/7/2017 21:31:40,2017-11-07,21,Tue
72831,3,1,19,115,2017-11-07 12:34:54,0,11/7/2017 12:34:54,2017-11-07,12,Tue
160620,2,1,6,435,2017-11-08 3:23:37,0,11/8/2017 3:23:37,2017-11-08,3,Wed
112086,14,1,19,463,2017-11-07 22:41:47,0,11/7/2017 22:41:47,2017-11-07,22,Tue
63212,3,1,18,137,2017-11-08 14:51:40,0,11/8/2017 14:51:40,2017-11-08,14,Wed
167719,2,1,6,477,2017-11-07 1:08:32,0,11/7/2017 1:08:32,2017-11-07,1,Tue
53454,6,1,30,459,2017-11-08 10:49:19,0,11/8/2017 10:49:19,2017-11-08,10,Wed
178873,6,1,22,459,2017-11-06 18:04:13,0,11/6/2017 18:04:13,2017-11-06,18,Mon
125288,12,1,20,245,2017-11-09 0:46:45,0,11/9/2017 0:46:45,2017-11-09,0,Thu
199680,12,1,19,245,2017-11-06 19:00:44,0,11/6/2017 19:00:44,2017-11-06,19,Mon
46810,12,1,17,424,2017-11-07 0:13:05,0,11/7/2017 0:13:05,2017-11-07,0,Tue
111025,1,1,19,349,2017-11-07 5:37:33,0,11/7/2017 5:37:33,2017-11-07,5,Tue
165439,9,1,13,107,2017-11-09 9:47:02,0,11/9/2017 9:47:02,2017-11-09,9,Thu
198525,18,1,20,107,2017-11-09 2:36:59,0,11/9/2017 2:36:59,2017-11-09,2,Thu
20451,18,1,19,134,2017-11-08 8:53:35,0,11/8/2017 8:53:35,2017-11-08,8,Wed
18837,12,1,15,245,2017-11-07 10:39:51,0,11/7/2017 10:39:51,2017-11-07,10,Tue
48245,3,1,13,480,2017-11-08 6:48:52,0,11/8/2017 6:48:52,2017-11-08,6,Wed
5147,15,1,19,265,2017-11-09 9:12:09,0,11/9/2017 9:12:09,2017-11-09,9,Thu
80048,7,1,6,101,2017-11-09 8:15:53,0,11/9/2017 8:15:53,2017-11-09,8,Thu
95631,15,1,12,480,2017-11-07 3:57:44,0,11/7/2017 3:57:44,2017-11-07,3,Tue
39762,11,1,15,487,2017-11-08 1:40:31,0,11/8/2017 1:40:31,2017-11-08,1,Wed
89047,6,1,13,459,2017-11-08 1:26:56,0,11/8/2017 1:26:56,2017-11-08,1,Wed
53479,2,1,13,236,2017-11-07 9:05:44,0,11/7/2017 9:05:44,2017-11-07,9,Tue
90557,12,1,19,409,2017-11-09 6:41:12,0,11/9/2017 6:41:12,2017-11-09,6,Thu
54524,2,2,53,205,2017-11-09 4:28:25,0,11/9/2017 4:28:25,2017-11-09,4,Thu
119349,27,1,19,153,2017-11-07 6:27:14,0,11/7/2017 6:27:14,2017-11-07,6,Tue
11245,14,1,19,349,2017-11-07 0:00:08,0,11/7/2017 0:00:08,2017-11-07,0,Tue
127081,6,1,13,459,2017-11-07 23:12:10,0,11/7/2017 23:12:10,2017-11-07,23,Tue
9631,2,1,19,122,2017-11-07 6:10:10,0,11/7/2017 6:10:10,2017-11-07,6,Tue
14737,3,1,13,480,2017-11-09 13:30:09,0,11/9/2017 13:30:09,2017-11-09,13,Thu
233808,1,1,3,125,2017-11-08 15:05:28,0,11/8/2017 15:05:28,2017-11-08,15,Wed
5178,3,1,19,452,2017-11-09 6:13:38,0,11/9/2017 6:13:38,2017-11-09,6,Thu
58097,15,1,13,245,2017-11-08 3:53:29,0,11/8/2017 3:53:29,2017-11-08,3,Wed
68724,2,1,19,237,2017-11-09 4:33:26,0,11/9/2017 4:33:26,2017-11-09,4,Thu
5449,25,1,17,259,2017-11-09 13:06:43,0,11/9/2017 13:06:43,2017-11-09,13,Thu
307556,9,1,22,466,2017-11-09 8:44:17,0,11/9/2017 8:44:17,2017-11-09,8,Thu
50164,11,1,18,137,2017-11-09 1:12:43,0,11/9/2017 1:12:43,2017-11-09,1,Thu
132992,9,1,19,334,2017-11-07 10:54:12,0,11/7/2017 10:54:12,2017-11-07,10,Tue
102225,18,1,12,107,2017-11-08 3:53:13,0,11/8/2017 3:53:13,2017-11-08,3,Wed
74122,24,1,13,178,2017-11-08 12:57:07,0,11/8/2017 12:57:07,2017-11-08,12,Wed
205353,21,1,13,128,2017-11-09 4:48:13,0,11/9/2017 4:48:13,2017-11-09,4,Thu
190786,23,1,13,153,2017-11-09 3:52:14,0,11/9/2017 3:52:14,2017-11-09,3,Thu
11185,1,1,13,134,2017-11-06 16:01:00,0,11/6/2017 16:01:00,2017-11-06,16,Mon
63812,15,1,19,315,2017-11-08 11:49:13,0,11/8/2017 11:49:13,2017-11-08,11,Wed
251823,20,1,18,259,2017-11-09 11:43:59,0,11/9/2017 11:43:59,2017-11-09,11,Thu
104839,14,1,8,489,2017-11-08 0:31:13,0,11/8/2017 0:31:13,2017-11-08,0,Wed
213012,2,1,16,435,2017-11-09 10:00:57,0,11/9/2017 10:00:57,2017-11-09,10,Thu
1821,9,1,19,334,2017-11-07 12:36:55,0,11/7/2017 12:36:55,2017-11-07,12,Tue
8536,9,1,8,334,2017-11-06 23:27:58,0,11/6/2017 23:27:58,2017-11-06,23,Mon
16401,14,1,13,401,2017-11-09 3:49:35,0,11/9/2017 3:49:35,2017-11-09,3,Thu
96083,6,1,22,101,2017-11-08 10:58:39,0,11/8/2017 10:58:39,2017-11-08,10,Wed
82716,1,1,13,134,2017-11-09 6:22:29,0,11/9/2017 6:22:29,2017-11-09,6,Thu
64435,6,1,19,125,2017-11-07 21:44:00,0,11/7/2017 21:44:00,2017-11-07,21,Tue
66258,7,1,13,101,2017-11-09 8:35:26,0,11/9/2017 8:35:26,2017-11-09,8,Thu
50979,2,1,14,364,2017-11-07 17:12:41,0,11/7/2017 17:12:41,2017-11-07,17,Tue
167895,12,1,37,259,2017-11-07 11:47:22,0,11/7/2017 11:47:22,2017-11-07,11,Tue
27294,3,1,13,280,2017-11-08 12:17:36,0,11/8/2017 12:17:36,2017-11-08,12,Wed
60136,2,1,17,205,2017-11-06 23:59:31,0,11/6/2017 23:59:31,2017-11-06,23,Mon
50512,15,1,13,245,2017-11-08 17:35:53,0,11/8/2017 17:35:53,2017-11-08,17,Wed
111493,14,1,18,349,2017-11-09 11:53:15,0,11/9/2017 11:53:15,2017-11-09,11,Thu
77445,2,1,13,237,2017-11-08 4:57:58,0,11/8/2017 4:57:58,2017-11-08,4,Wed
63840,3,1,17,135,2017-11-08 5:16:33,0,11/8/2017 5:16:33,2017-11-08,5,Wed
221767,27,1,26,153,2017-11-08 3:37:48,0,11/8/2017 3:37:48,2017-11-08,3,Wed
169081,2,1,13,243,2017-11-07 7:29:43,0,11/7/2017 7:29:43,2017-11-07,7,Tue
283472,26,1,18,121,2017-11-08 9:19:51,0,11/8/2017 9:19:51,2017-11-08,9,Wed
15474,3,1,19,211,2017-11-06 20:47:47,0,11/6/2017 20:47:47,2017-11-06,20,Mon
76800,3,1,132,280,2017-11-08 2:55:44,0,11/8/2017 2:55:44,2017-11-08,2,Wed
98001,6,1,19,459,2017-11-07 0:54:24,0,11/7/2017 0:54:24,2017-11-07,0,Tue
51701,18,1,1,107,2017-11-08 1:18:48,0,11/8/2017 1:18:48,2017-11-08,1,Wed
21013,14,1,19,480,2017-11-09 2:42:31,0,11/9/2017 2:42:31,2017-11-09,2,Thu
104405,3,1,13,280,2017-11-09 2:27:04,0,11/9/2017 2:27:04,2017-11-09,2,Thu
91584,9,1,13,466,2017-11-08 14:38:28,0,11/8/2017 14:38:28,2017-11-08,14,Wed
25158,35,1,31,21,2017-11-07 13:46:17,0,11/7/2017 13:46:17,2017-11-07,13,Tue
48170,2,1,19,237,2017-11-08 13:52:14,0,11/8/2017 13:52:14,2017-11-08,13,Wed
84445,15,1,1,430,2017-11-08 9:20:42,0,11/8/2017 9:20:42,2017-11-08,9,Wed
93226,7,1,19,101,2017-11-09 12:13:09,0,11/9/2017 12:13:09,2017-11-09,12,Thu
140344,28,1,19,135,2017-11-07 20:30:31,0,11/7/2017 20:30:31,2017-11-07,20,Tue
66184,13,1,14,469,2017-11-09 1:16:41,0,11/9/2017 1:16:41,2017-11-09,1,Thu
125217,14,1,8,463,2017-11-07 6:19:15,0,11/7/2017 6:19:15,2017-11-07,6,Tue
100602,2,1,18,236,2017-11-08 6:53:50,0,11/8/2017 6:53:50,2017-11-08,6,Wed
84896,2,1,19,469,2017-11-09 12:42:40,0,11/9/2017 12:42:40,2017-11-09,12,Thu
24039,14,1,17,463,2017-11-08 13:51:20,0,11/8/2017 13:51:20,2017-11-08,13,Wed
351685,9,1,18,215,2017-11-09 8:05:31,0,11/9/2017 8:05:31,2017-11-09,8,Thu
102515,3,1,19,379,2017-11-07 1:03:30,0,11/7/2017 1:03:30,2017-11-07,1,Tue
89572,18,1,17,107,2017-11-07 22:58:38,0,11/7/2017 22:58:38,2017-11-07,22,Tue
98321,9,1,13,215,2017-11-08 12:40:41,0,11/8/2017 12:40:41,2017-11-08,12,Wed
80743,14,1,6,480,2017-11-09 0:12:58,0,11/9/2017 0:12:58,2017-11-09,0,Thu
62863,23,1,20,153,2017-11-07 0:04:09,0,11/7/2017 0:04:09,2017-11-07,0,Tue
287448,3,1,20,280,2017-11-08 4:26:22,0,11/8/2017 4:26:22,2017-11-08,4,Wed
86078,2,1,19,469,2017-11-09 4:14:46,0,11/9/2017 4:14:46,2017-11-09,4,Thu
62915,3,1,13,480,2017-11-09 0:37:19,0,11/9/2017 0:37:19,2017-11-09,0,Thu
48855,9,1,13,450,2017-11-09 11:04:40,0,11/9/2017 11:04:40,2017-11-09,11,Thu
159761,2,1,13,364,2017-11-08 14:53:35,0,11/8/2017 14:53:35,2017-11-08,14,Wed
59043,9,1,13,127,2017-11-08 23:43:14,0,11/8/2017 23:43:14,2017-11-08,23,Wed
625,18,1,15,107,2017-11-08 21:15:32,0,11/8/2017 21:15:32,2017-11-08,21,Wed
46220,18,1,12,134,2017-11-08 19:35:33,0,11/8/2017 19:35:33,2017-11-08,19,Wed
32639,23,1,19,153,2017-11-09 3:07:04,0,11/9/2017 3:07:04,2017-11-09,3,Thu
27983,3,1,12,280,2017-11-09 5:08:29,0,11/9/2017 5:08:29,2017-11-09,5,Thu
106774,32,1,19,376,2017-11-09 10:36:15,0,11/9/2017 10:36:15,2017-11-09,10,Thu
170153,9,1,25,134,2017-11-09 2:34:03,0,11/9/2017 2:34:03,2017-11-09,2,Thu
108341,12,1,19,409,2017-11-07 13:17:04,0,11/7/2017 13:17:04,2017-11-07,13,Tue
102065,3,1,3,280,2017-11-08 13:22:52,0,11/8/2017 13:22:52,2017-11-08,13,Wed
1524,2,1,13,477,2017-11-08 12:35:34,0,11/8/2017 12:35:34,2017-11-08,12,Wed
151507,12,1,23,245,2017-11-07 6:47:15,0,11/7/2017 6:47:15,2017-11-07,6,Tue
241308,18,1,9,107,2017-11-09 2:32:33,0,11/9/2017 2:32:33,2017-11-09,2,Thu
111298,18,1,19,121,2017-11-09 13:44:59,0,11/9/2017 13:44:59,2017-11-09,13,Thu
68963,2,1,19,469,2017-11-09 7:53:55,0,11/9/2017 7:53:55,2017-11-09,7,Thu
39209,3,1,15,280,2017-11-07 6:35:37,0,11/7/2017 6:35:37,2017-11-07,6,Tue
22593,18,1,13,134,2017-11-08 11:01:55,0,11/8/2017 11:01:55,2017-11-08,11,Wed
112049,15,1,9,430,2017-11-09 0:50:38,0,11/9/2017 0:50:38,2017-11-09,0,Thu
60527,22,1,19,116,2017-11-09 9:05:25,0,11/9/2017 9:05:25,2017-11-09,9,Thu
109734,13,1,19,400,2017-11-07 5:12:43,0,11/7/2017 5:12:43,2017-11-07,5,Tue
2228,12,1,6,265,2017-11-09 0:31:14,0,11/9/2017 0:31:14,2017-11-09,0,Thu
66594,15,1,10,430,2017-11-07 16:12:12,0,11/7/2017 16:12:12,2017-11-07,16,Tue
192452,15,1,35,130,2017-11-08 5:00:14,0,11/8/2017 5:00:14,2017-11-08,5,Wed
94240,74,1,19,21,2017-11-07 9:14:26,0,11/7/2017 9:14:26,2017-11-07,9,Tue
52143,18,1,40,107,2017-11-08 8:28:12,0,11/8/2017 8:28:12,2017-11-08,8,Wed
136987,14,1,19,489,2017-11-08 14:07:05,0,11/8/2017 14:07:05,2017-11-08,14,Wed
173467,8,1,35,145,2017-11-09 8:40:04,0,11/9/2017 8:40:04,2017-11-09,8,Thu
137678,12,2,18,178,2017-11-07 23:24:08,0,11/7/2017 23:24:08,2017-11-07,23,Tue
181082,3,1,13,280,2017-11-08 3:34:52,0,11/8/2017 3:34:52,2017-11-08,3,Wed
59125,27,2,19,122,2017-11-08 22:11:29,0,11/8/2017 22:11:29,2017-11-08,22,Wed
117651,1,1,13,135,2017-11-07 0:25:33,0,11/7/2017 0:25:33,2017-11-07,0,Tue
4919,9,1,19,215,2017-11-07 0:10:18,0,11/7/2017 0:10:18,2017-11-07,0,Tue
203637,2,1,23,477,2017-11-07 1:46:40,0,11/7/2017 1:46:40,2017-11-07,1,Tue
241058,26,1,13,266,2017-11-08 6:09:03,0,11/8/2017 6:09:03,2017-11-08,6,Wed
18788,12,1,19,265,2017-11-07 4:21:27,0,11/7/2017 4:21:27,2017-11-07,4,Tue
100623,18,3032,607,107,2017-11-07 11:59:16,0,11/7/2017 11:59:16,2017-11-07,11,Tue
91574,2,1,19,205,2017-11-09 2:28:56,0,11/9/2017 2:28:56,2017-11-09,2,Thu
18584,9,1,19,334,2017-11-09 10:04:36,0,11/9/2017 10:04:36,2017-11-09,10,Thu
147678,20,1,19,259,2017-11-07 6:37:23,0,11/7/2017 6:37:23,2017-11-07,6,Tue
93150,12,1,25,497,2017-11-08 6:45:33,0,11/8/2017 6:45:33,2017-11-08,6,Wed
203223,27,1,36,122,2017-11-07 9:52:42,0,11/7/2017 9:52:42,2017-11-07,9,Tue
103337,9,1,3,445,2017-11-09 8:01:12,0,11/9/2017 8:01:12,2017-11-09,8,Thu
48836,9,1,13,107,2017-11-09 12:10:53,0,11/9/2017 12:10:53,2017-11-09,12,Thu
162293,28,1,19,135,2017-11-08 16:25:00,0,11/8/2017 16:25:00,2017-11-08,16,Wed
171257,14,1,19,379,2017-11-09 15:01:59,0,11/9/2017 15:01:59,2017-11-09,15,Thu
7645,3,1,13,280,2017-11-07 1:32:08,0,11/7/2017 1:32:08,2017-11-07,1,Tue
35040,12,1,23,19,2017-11-07 10:20:02,0,11/7/2017 10:20:02,2017-11-07,10,Tue
76718,9,1,13,258,2017-11-06 16:50:41,0,11/6/2017 16:50:41,2017-11-06,16,Mon
83699,12,1,41,340,2017-11-08 14:41:53,0,11/8/2017 14:41:53,2017-11-08,14,Wed
5348,18,1,25,439,2017-11-07 23:03:19,0,11/7/2017 23:03:19,2017-11-07,23,Tue
342481,3,1,11,489,2017-11-09 9:47:23,0,11/9/2017 9:47:23,2017-11-09,9,Thu
48231,9,1,19,334,2017-11-06 23:30:50,0,11/6/2017 23:30:50,2017-11-06,23,Mon
9521,3,1,16,480,2017-11-07 23:39:12,0,11/7/2017 23:39:12,2017-11-07,23,Tue
84428,21,1,18,232,2017-11-07 13:41:57,0,11/7/2017 13:41:57,2017-11-07,13,Tue
108942,15,1,37,153,2017-11-07 13:31:21,0,11/7/2017 13:31:21,2017-11-07,13,Tue
35300,19,0,0,213,2017-11-09 9:26:14,0,11/9/2017 9:26:14,2017-11-09,9,Thu
8632,12,1,17,178,2017-11-08 5:05:39,0,11/8/2017 5:05:39,2017-11-08,5,Wed
163523,15,1,13,153,2017-11-09 0:08:59,0,11/9/2017 0:08:59,2017-11-09,0,Thu
36801,26,1,8,266,2017-11-06 22:50:12,0,11/6/2017 22:50:12,2017-11-06,22,Mon
23286,23,1,22,153,2017-11-08 9:20:36,0,11/8/2017 9:20:36,2017-11-08,9,Wed
71417,26,1,19,477,2017-11-08 9:54:14,0,11/8/2017 9:54:14,2017-11-08,9,Wed
52225,3,1,13,442,2017-11-07 13:30:04,0,11/7/2017 13:30:04,2017-11-07,13,Tue
130620,15,1,19,111,2017-11-06 16:48:41,0,11/6/2017 16:48:41,2017-11-06,16,Mon
52024,12,1,15,245,2017-11-08 3:51:18,0,11/8/2017 3:51:18,2017-11-08,3,Wed
32526,9,1,19,232,2017-11-09 5:19:32,0,11/9/2017 5:19:32,2017-11-09,5,Thu
188957,3,1,12,280,2017-11-08 9:01:41,0,11/8/2017 9:01:41,2017-11-08,9,Wed
7373,64,1,19,459,2017-11-07 16:54:42,0,11/7/2017 16:54:42,2017-11-07,16,Tue
335227,12,1,19,265,2017-11-09 9:15:49,0,11/9/2017 9:15:49,2017-11-09,9,Thu
50307,6,1,18,459,2017-11-08 5:21:05,0,11/8/2017 5:21:05,2017-11-08,5,Wed
35658,3,1,13,442,2017-11-08 22:24:26,0,11/8/2017 22:24:26,2017-11-08,22,Wed
114663,3,1,19,280,2017-11-08 0:54:43,0,11/8/2017 0:54:43,2017-11-08,0,Wed
28498,15,1,47,386,2017-11-09 3:12:14,0,11/9/2017 3:12:14,2017-11-09,3,Thu
110172,7,1,19,101,2017-11-09 5:36:02,0,11/9/2017 5:36:02,2017-11-09,5,Thu
100275,3,1,19,280,2017-11-08 13:03:17,0,11/8/2017 13:03:17,2017-11-08,13,Wed
248105,3,1,19,280,2017-11-08 4:39:41,0,11/8/2017 4:39:41,2017-11-08,4,Wed
119138,15,1,19,3,2017-11-09 0:39:35,0,11/9/2017 0:39:35,2017-11-09,0,Thu
50938,27,1,19,122,2017-11-08 7:13:41,0,11/8/2017 7:13:41,2017-11-08,7,Wed
57646,3,1,19,280,2017-11-08 13:03:12,0,11/8/2017 13:03:12,2017-11-08,13,Wed
140338,15,1,8,245,2017-11-08 14:07:34,0,11/8/2017 14:07:34,2017-11-08,14,Wed
67439,24,2,19,105,2017-11-06 21:37:16,0,11/6/2017 21:37:16,2017-11-06,21,Mon
288578,3,1,55,211,2017-11-09 1:57:42,0,11/9/2017 1:57:42,2017-11-09,1,Thu
25327,2,1,13,364,2017-11-07 11:07:13,0,11/7/2017 11:07:13,2017-11-07,11,Tue
90922,14,1,13,463,2017-11-07 4:55:20,0,11/7/2017 4:55:20,2017-11-07,4,Tue
220613,13,1,17,477,2017-11-08 13:52:16,0,11/8/2017 13:52:16,2017-11-08,13,Wed
82015,3,1,9,280,2017-11-08 11:38:59,0,11/8/2017 11:38:59,2017-11-08,11,Wed
3332,12,1,25,265,2017-11-08 0:12:25,0,11/8/2017 0:12:25,2017-11-08,0,Wed
15026,2,1,1,477,2017-11-07 15:32:13,0,11/7/2017 15:32:13,2017-11-07,15,Tue
75422,3,1,18,442,2017-11-09 4:18:15,0,11/9/2017 4:18:15,2017-11-09,4,Thu
93587,13,1,12,477,2017-11-09 8:13:43,0,11/9/2017 8:13:43,2017-11-09,8,Thu
117979,12,1,23,245,2017-11-07 5:22:12,0,11/7/2017 5:22:12,2017-11-07,5,Tue
344579,9,1,25,489,2017-11-09 5:06:41,0,11/9/2017 5:06:41,2017-11-09,5,Thu
96815,2,1,41,401,2017-11-08 8:43:23,0,11/8/2017 8:43:23,2017-11-08,8,Wed
96105,2,1,18,122,2017-11-08 0:01:37,0,11/8/2017 0:01:37,2017-11-08,0,Wed
20961,3,1,19,280,2017-11-09 2:03:18,0,11/9/2017 2:03:18,2017-11-09,2,Thu
41265,3,1,18,205,2017-11-08 12:27:06,0,11/8/2017 12:27:06,2017-11-08,12,Wed
127804,12,1,13,178,2017-11-09 15:16:50,0,11/9/2017 15:16:50,2017-11-09,15,Thu
95766,2,1,13,237,2017-11-07 13:19:27,0,11/7/2017 13:19:27,2017-11-07,13,Tue
65710,3,1,16,280,2017-11-08 11:01:52,0,11/8/2017 11:01:52,2017-11-08,11,Wed
157880,12,1,16,340,2017-11-09 6:28:15,0,11/9/2017 6:28:15,2017-11-09,6,Thu
61894,12,2,9,140,2017-11-09 0:07:32,0,11/9/2017 0:07:32,2017-11-09,0,Thu
29161,3,1,13,280,2017-11-07 2:57:11,0,11/7/2017 2:57:11,2017-11-07,2,Tue
91799,12,1,13,19,2017-11-08 10:53:14,0,11/8/2017 10:53:14,2017-11-08,10,Wed
93057,18,1,13,134,2017-11-07 14:46:17,0,11/7/2017 14:46:17,2017-11-07,14,Tue
336917,9,1,19,134,2017-11-08 17:22:37,0,11/8/2017 17:22:37,2017-11-08,17,Wed
210561,18,1,13,121,2017-11-07 0:15:55,0,11/7/2017 0:15:55,2017-11-07,0,Tue
207144,9,1,13,215,2017-11-08 8:54:43,0,11/8/2017 8:54:43,2017-11-08,8,Wed
81211,9,1,35,232,2017-11-09 4:48:08,0,11/9/2017 4:48:08,2017-11-09,4,Thu
30564,25,2,13,259,2017-11-08 12:15:12,0,11/8/2017 12:15:12,2017-11-08,12,Wed
9140,21,1,13,128,2017-11-07 22:29:41,0,11/7/2017 22:29:41,2017-11-07,22,Tue
75504,15,1,3,379,2017-11-08 0:19:26,0,11/8/2017 0:19:26,2017-11-08,0,Wed
190191,9,1,25,244,2017-11-07 11:54:37,0,11/7/2017 11:54:37,2017-11-07,11,Tue
183964,9,1,19,334,2017-11-07 10:59:49,0,11/7/2017 10:59:49,2017-11-07,10,Tue
122199,9,1,13,334,2017-11-07 15:16:01,0,11/7/2017 15:16:01,2017-11-07,15,Tue
153706,3,1,19,173,2017-11-09 6:03:52,0,11/9/2017 6:03:52,2017-11-09,6,Thu
118157,12,1,11,265,2017-11-08 1:14:01,0,11/8/2017 1:14:01,2017-11-08,1,Wed
42343,18,1,13,439,2017-11-08 4:48:26,0,11/8/2017 4:48:26,2017-11-08,4,Wed
53585,12,1,37,265,2017-11-08 8:05:44,0,11/8/2017 8:05:44,2017-11-08,8,Wed
31544,12,1,8,242,2017-11-09 6:16:08,0,11/9/2017 6:16:08,2017-11-09,6,Thu
53964,11,1,13,481,2017-11-07 15:32:43,0,11/7/2017 15:32:43,2017-11-07,15,Tue
174080,3,1,1,280,2017-11-07 13:46:06,0,11/7/2017 13:46:06,2017-11-07,13,Tue
53964,1,1,46,13,2017-11-09 13:25:56,0,11/9/2017 13:25:56,2017-11-09,13,Thu
166017,3,1,13,173,2017-11-07 8:26:05,0,11/7/2017 8:26:05,2017-11-07,8,Tue
71641,3,1,19,480,2017-11-08 8:01:22,0,11/8/2017 8:01:22,2017-11-08,8,Wed
44527,14,1,19,349,2017-11-07 11:41:29,0,11/7/2017 11:41:29,2017-11-07,11,Tue
115663,2,1,22,236,2017-11-09 3:04:43,0,11/9/2017 3:04:43,2017-11-09,3,Thu
28956,3,1,19,280,2017-11-07 4:14:14,0,11/7/2017 4:14:14,2017-11-07,4,Tue
40194,2,1,53,401,2017-11-08 10:48:29,0,11/8/2017 10:48:29,2017-11-08,10,Wed
44051,14,1,3,349,2017-11-07 11:41:53,0,11/7/2017 11:41:53,2017-11-07,11,Tue
23878,12,1,18,259,2017-11-07 14:27:04,0,11/7/2017 14:27:04,2017-11-07,14,Tue
101951,15,1,53,245,2017-11-07 16:26:16,0,11/7/2017 16:26:16,2017-11-07,16,Tue
116270,18,1,20,107,2017-11-09 9:37:41,0,11/9/2017 9:37:41,2017-11-09,9,Thu
63248,12,1,11,124,2017-11-08 4:31:08,0,11/8/2017 4:31:08,2017-11-08,4,Wed
93780,12,1,15,328,2017-11-08 10:18:35,0,11/8/2017 10:18:35,2017-11-08,10,Wed
158980,18,1,13,134,2017-11-07 12:37:24,0,11/7/2017 12:37:24,2017-11-07,12,Tue
50059,15,1,3,278,2017-11-07 0:28:30,0,11/7/2017 0:28:30,2017-11-07,0,Tue
109463,7,1,19,101,2017-11-09 9:31:33,0,11/9/2017 9:31:33,2017-11-09,9,Thu
65598,12,1,19,245,2017-11-08 10:44:50,0,11/8/2017 10:44:50,2017-11-08,10,Wed
55415,3,1,20,280,2017-11-08 16:14:39,0,11/8/2017 16:14:39,2017-11-08,16,Wed
79745,27,1,14,153,2017-11-08 12:18:54,0,11/8/2017 12:18:54,2017-11-08,12,Wed
43855,3,1,19,137,2017-11-09 9:11:13,0,11/9/2017 9:11:13,2017-11-09,9,Thu
22792,1,1,3,178,2017-11-07 1:01:39,0,11/7/2017 1:01:39,2017-11-07,1,Tue
109890,3,1,35,280,2017-11-08 7:18:25,0,11/8/2017 7:18:25,2017-11-08,7,Wed
7944,3,1,22,379,2017-11-08 0:44:10,0,11/8/2017 0:44:10,2017-11-08,0,Wed
141999,15,1,1,412,2017-11-07 2:04:58,0,11/7/2017 2:04:58,2017-11-07,2,Tue
28176,12,1,20,178,2017-11-07 9:17:01,0,11/7/2017 9:17:01,2017-11-07,9,Tue
5348,21,1,13,128,2017-11-09 4:51:39,0,11/9/2017 4:51:39,2017-11-09,4,Thu
186145,2,1,35,377,2017-11-07 12:00:01,0,11/7/2017 12:00:01,2017-11-07,12,Tue
53715,18,1,18,107,2017-11-09 10:27:49,0,11/9/2017 10:27:49,2017-11-09,10,Thu
108075,27,1,13,153,2017-11-09 13:32:13,0,11/9/2017 13:32:13,2017-11-09,13,Thu
78648,2,1,17,477,2017-11-07 17:37:25,0,11/7/2017 17:37:25,2017-11-07,17,Tue
9876,2,1,18,212,2017-11-08 20:05:46,0,11/8/2017 20:05:46,2017-11-08,20,Wed
5348,12,2,13,265,2017-11-08 0:26:38,0,11/8/2017 0:26:38,2017-11-08,0,Wed
10428,9,1,23,127,2017-11-09 10:26:32,0,11/9/2017 10:26:32,2017-11-09,10,Thu
83366,18,1,8,107,2017-11-09 15:48:04,0,11/9/2017 15:48:04,2017-11-09,15,Thu
55569,3,1,3,173,2017-11-08 17:44:47,0,11/8/2017 17:44:47,2017-11-08,17,Wed
33012,3,1,12,173,2017-11-09 14:43:55,0,11/9/2017 14:43:55,2017-11-09,14,Thu
39059,14,1,13,489,2017-11-07 4:09:23,0,11/7/2017 4:09:23,2017-11-07,4,Tue
153181,12,1,18,409,2017-11-08 3:32:04,0,11/8/2017 3:32:04,2017-11-08,3,Wed
40207,2,1,13,477,2017-11-09 6:43:05,0,11/9/2017 6:43:05,2017-11-09,6,Thu
116209,12,1,22,178,2017-11-07 10:40:18,0,11/7/2017 10:40:18,2017-11-07,10,Tue
161544,12,1,13,178,2017-11-08 2:14:00,0,11/8/2017 2:14:00,2017-11-08,2,Wed
14374,3,1,19,280,2017-11-08 15:46:06,0,11/8/2017 15:46:06,2017-11-08,15,Wed
43255,3,1,22,442,2017-11-07 23:37:24,0,11/7/2017 23:37:24,2017-11-07,23,Tue
105606,15,1,13,245,2017-11-08 20:59:02,0,11/8/2017 20:59:02,2017-11-08,20,Wed
38265,15,1,11,153,2017-11-07 19:10:24,0,11/7/2017 19:10:24,2017-11-07,19,Tue
178099,3,1,25,130,2017-11-07 4:19:37,0,11/7/2017 4:19:37,2017-11-07,4,Tue
177243,18,1,20,107,2017-11-07 0:58:46,0,11/7/2017 0:58:46,2017-11-07,0,Tue
107155,3,1,13,480,2017-11-08 13:30:58,0,11/8/2017 13:30:58,2017-11-08,13,Wed
21162,1,1,19,13,2017-11-08 2:23:49,0,11/8/2017 2:23:49,2017-11-08,2,Wed
182003,15,1,19,245,2017-11-06 16:59:31,0,11/6/2017 16:59:31,2017-11-06,16,Mon
22244,12,1,16,259,2017-11-08 6:43:58,0,11/8/2017 6:43:58,2017-11-08,6,Wed
104366,13,1,19,400,2017-11-07 9:25:50,0,11/7/2017 9:25:50,2017-11-07,9,Tue
7840,3,1,8,280,2017-11-09 0:37:36,0,11/9/2017 0:37:36,2017-11-09,0,Thu
6750,2,1,19,258,2017-11-07 9:14:21,0,11/7/2017 9:14:21,2017-11-07,9,Tue
64341,2,1,19,237,2017-11-07 5:31:15,0,11/7/2017 5:31:15,2017-11-07,5,Tue
173141,14,1,19,463,2017-11-07 15:17:26,0,11/7/2017 15:17:26,2017-11-07,15,Tue
92735,9,1,15,442,2017-11-09 6:11:12,0,11/9/2017 6:11:12,2017-11-09,6,Thu
97341,15,1,15,130,2017-11-07 22:15:24,0,11/7/2017 22:15:24,2017-11-07,22,Tue
271500,20,1,19,259,2017-11-07 22:40:13,0,11/7/2017 22:40:13,2017-11-07,22,Tue
109333,3,1,13,280,2017-11-07 4:59:28,0,11/7/2017 4:59:28,2017-11-07,4,Tue
195048,9,1,19,489,2017-11-07 12:21:54,0,11/7/2017 12:21:54,2017-11-07,12,Tue
190496,3,1,17,280,2017-11-07 8:16:55,0,11/7/2017 8:16:55,2017-11-07,8,Tue
88358,64,1,13,459,2017-11-06 16:02:04,0,11/6/2017 16:02:04,2017-11-06,16,Mon
211889,18,1,40,107,2017-11-07 9:30:52,0,11/7/2017 9:30:52,2017-11-07,9,Tue
76727,13,1,19,477,2017-11-06 22:48:46,0,11/6/2017 22:48:46,2017-11-06,22,Mon
7243,9,1,37,489,2017-11-08 9:03:21,0,11/8/2017 9:03:21,2017-11-08,9,Wed
33525,3,1,19,280,2017-11-07 0:01:21,0,11/7/2017 0:01:21,2017-11-07,0,Tue
52333,12,1,14,245,2017-11-08 17:42:43,0,11/8/2017 17:42:43,2017-11-08,17,Wed
89792,3,1,1,424,2017-11-09 1:46:02,0,11/9/2017 1:46:02,2017-11-09,1,Thu
88727,18,1,12,107,2017-11-09 9:52:55,0,11/9/2017 9:52:55,2017-11-09,9,Thu
6123,9,1,19,215,2017-11-09 4:36:52,0,11/9/2017 4:36:52,2017-11-09,4,Thu
109480,18,1,27,376,2017-11-07 14:33:24,0,11/7/2017 14:33:24,2017-11-07,14,Tue
236755,3,1,41,115,2017-11-08 16:34:56,0,11/8/2017 16:34:56,2017-11-08,16,Wed
77540,3,1,22,130,2017-11-09 7:01:10,0,11/9/2017 7:01:10,2017-11-09,7,Thu
127254,12,1,20,265,2017-11-07 6:06:12,0,11/7/2017 6:06:12,2017-11-07,6,Tue
250288,8,1,6,145,2017-11-08 22:52:05,0,11/8/2017 22:52:05,2017-11-08,22,Wed
64741,18,1,19,134,2017-11-09 1:44:32,0,11/9/2017 1:44:32,2017-11-09,1,Thu
26454,3,1,19,409,2017-11-09 12:13:59,0,11/9/2017 12:13:59,2017-11-09,12,Thu
4630,17,1,10,280,2017-11-07 5:43:17,0,11/7/2017 5:43:17,2017-11-07,5,Tue
104621,18,1,37,107,2017-11-09 9:56:11,0,11/9/2017 9:56:11,2017-11-09,9,Thu
204001,3,1,19,371,2017-11-08 1:08:05,0,11/8/2017 1:08:05,2017-11-08,1,Wed
67806,12,2,13,178,2017-11-09 11:26:21,0,11/9/2017 11:26:21,2017-11-09,11,Thu
80388,25,1,9,259,2017-11-07 6:37:03,0,11/7/2017 6:37:03,2017-11-07,6,Tue
9795,12,1,37,259,2017-11-08 13:00:05,0,11/8/2017 13:00:05,2017-11-08,13,Wed
55722,3,1,17,30,2017-11-09 7:19:52,0,11/9/2017 7:19:52,2017-11-09,7,Thu
160220,12,1,26,245,2017-11-07 14:16:55,0,11/7/2017 14:16:55,2017-11-07,14,Tue
113786,9,1,13,442,2017-11-08 1:50:48,0,11/8/2017 1:50:48,2017-11-08,1,Wed
120546,12,1,20,178,2017-11-09 9:07:07,0,11/9/2017 9:07:07,2017-11-09,9,Thu
175837,15,1,18,412,2017-11-08 13:08:48,0,11/8/2017 13:08:48,2017-11-08,13,Wed
108697,26,1,17,121,2017-11-07 23:55:20,0,11/7/2017 23:55:20,2017-11-07,23,Tue
49541,15,1,13,379,2017-11-07 8:29:00,0,11/7/2017 8:29:00,2017-11-07,8,Tue
7308,1,1,9,124,2017-11-09 1:57:32,0,11/9/2017 1:57:32,2017-11-09,1,Thu
184702,18,1,14,134,2017-11-08 0:33:37,0,11/8/2017 0:33:37,2017-11-08,0,Wed
52549,11,1,19,137,2017-11-08 15:17:55,0,11/8/2017 15:17:55,2017-11-08,15,Wed
11170,9,1,19,334,2017-11-07 8:37:16,0,11/7/2017 8:37:16,2017-11-07,8,Tue
43793,2,1,13,477,2017-11-09 10:23:54,0,11/9/2017 10:23:54,2017-11-09,10,Thu
5314,18,1,15,121,2017-11-09 15:55:06,0,11/9/2017 15:55:06,2017-11-09,15,Thu
5348,12,1,19,145,2017-11-09 5:55:55,0,11/9/2017 5:55:55,2017-11-09,5,Thu
86405,3,1,17,280,2017-11-08 5:46:24,0,11/8/2017 5:46:24,2017-11-08,5,Wed
178851,2,1,15,205,2017-11-08 10:31:28,0,11/8/2017 10:31:28,2017-11-08,10,Wed
104397,3,1,19,424,2017-11-09 14:21:31,0,11/9/2017 14:21:31,2017-11-09,14,Thu
110176,8,1,13,145,2017-11-08 23:25:34,0,11/8/2017 23:25:34,2017-11-08,23,Wed
107204,3,1,19,153,2017-11-08 9:35:06,0,11/8/2017 9:35:06,2017-11-08,9,Wed
79332,6,1,13,459,2017-11-09 14:03:31,0,11/9/2017 14:03:31,2017-11-09,14,Thu
114878,3,1,19,280,2017-11-08 14:38:36,0,11/8/2017 14:38:36,2017-11-08,14,Wed
18165,12,1,9,265,2017-11-09 13:48:31,0,11/9/2017 13:48:31,2017-11-09,13,Thu
163712,18,1,22,317,2017-11-07 4:24:12,0,11/7/2017 4:24:12,2017-11-07,4,Tue
163785,9,1,13,466,2017-11-09 6:54:02,0,11/9/2017 6:54:02,2017-11-09,6,Thu
22567,14,1,19,379,2017-11-08 4:27:37,0,11/8/2017 4:27:37,2017-11-08,4,Wed
149500,20,2,42,259,2017-11-07 14:20:44,0,11/7/2017 14:20:44,2017-11-07,14,Tue
114878,2,2,49,205,2017-11-08 13:02:30,0,11/8/2017 13:02:30,2017-11-08,13,Wed
125222,3,1,13,442,2017-11-09 12:22:23,0,11/9/2017 12:22:23,2017-11-09,12,Thu
45275,15,1,17,140,2017-11-06 16:32:06,0,11/6/2017 16:32:06,2017-11-06,16,Mon
37502,12,1,9,178,2017-11-07 10:17:14,0,11/7/2017 10:17:14,2017-11-07,10,Tue
178851,2,1,19,205,2017-11-08 0:18:17,0,11/8/2017 0:18:17,2017-11-08,0,Wed
162574,6,1,10,125,2017-11-08 13:33:32,0,11/8/2017 13:33:32,2017-11-08,13,Wed
271903,12,1,18,178,2017-11-08 10:49:07,0,11/8/2017 10:49:07,2017-11-08,10,Wed
100339,2,1,18,477,2017-11-08 13:03:05,0,11/8/2017 13:03:05,2017-11-08,13,Wed
22804,18,1,19,134,2017-11-07 14:45:33,0,11/7/2017 14:45:33,2017-11-07,14,Tue
120709,14,1,19,349,2017-11-09 13:06:06,0,11/9/2017 13:06:06,2017-11-09,13,Thu
69595,8,1,13,259,2017-11-07 7:13:50,0,11/7/2017 7:13:50,2017-11-07,7,Tue
184271,12,1,19,178,2017-11-08 8:41:39,0,11/8/2017 8:41:39,2017-11-08,8,Wed
21274,3,1,6,173,2017-11-09 6:48:31,0,11/9/2017 6:48:31,2017-11-09,6,Thu
101367,2,1,13,469,2017-11-07 5:46:31,0,11/7/2017 5:46:31,2017-11-07,5,Tue
118410,26,1,53,121,2017-11-08 5:39:38,0,11/8/2017 5:39:38,2017-11-08,5,Wed
67628,2,1,19,122,2017-11-09 14:32:04,0,11/9/2017 14:32:04,2017-11-09,14,Thu
116407,14,1,17,489,2017-11-08 2:31:05,0,11/8/2017 2:31:05,2017-11-08,2,Wed
22006,12,1,14,328,2017-11-07 11:42:18,0,11/7/2017 11:42:18,2017-11-07,11,Tue
33643,18,1,37,107,2017-11-09 9:37:53,0,11/9/2017 9:37:53,2017-11-09,9,Thu
40535,9,1,3,334,2017-11-09 0:19:47,0,11/9/2017 0:19:47,2017-11-09,0,Thu
112377,3,1,17,442,2017-11-08 0:51:12,0,11/8/2017 0:51:12,2017-11-08,0,Wed
41725,3,1,8,280,2017-11-08 4:10:47,0,11/8/2017 4:10:47,2017-11-08,4,Wed
37375,18,1,13,107,2017-11-06 23:49:35,0,11/6/2017 23:49:35,2017-11-06,23,Mon
73516,12,2,13,178,2017-11-07 3:03:26,0,11/7/2017 3:03:26,2017-11-07,3,Tue
116198,8,1,25,145,2017-11-09 8:04:51,0,11/9/2017 8:04:51,2017-11-09,8,Thu
8019,3,1,13,452,2017-11-08 8:19:36,0,11/8/2017 8:19:36,2017-11-08,8,Wed
23130,12,1,19,265,2017-11-06 17:19:17,0,11/6/2017 17:19:17,2017-11-06,17,Mon
26995,2,1,19,219,2017-11-09 14:10:35,0,11/9/2017 14:10:35,2017-11-09,14,Thu
6860,3,1,22,466,2017-11-07 11:11:40,0,11/7/2017 11:11:40,2017-11-07,11,Tue
109776,18,1,37,107,2017-11-08 12:31:31,0,11/8/2017 12:31:31,2017-11-08,12,Wed
73487,9,2,13,234,2017-11-08 9:57:54,0,11/8/2017 9:57:54,2017-11-08,9,Wed
64268,15,1,13,153,2017-11-08 17:57:49,0,11/8/2017 17:57:49,2017-11-08,17,Wed
93587,12,1,32,259,2017-11-09 10:54:16,0,11/9/2017 10:54:16,2017-11-09,10,Thu
54992,2,1,17,377,2017-11-09 3:50:43,0,11/9/2017 3:50:43,2017-11-09,3,Thu
184822,2,1,13,435,2017-11-09 12:10:04,0,11/9/2017 12:10:04,2017-11-09,12,Thu
193464,12,1,22,178,2017-11-07 13:03:21,0,11/7/2017 13:03:21,2017-11-07,13,Tue
106598,6,2,9,125,2017-11-08 10:43:14,0,11/8/2017 10:43:14,2017-11-08,10,Wed
74013,12,1,13,265,2017-11-08 9:10:59,0,11/8/2017 9:10:59,2017-11-08,9,Wed
78739,18,1,23,107,2017-11-09 3:07:12,0,11/9/2017 3:07:12,2017-11-09,3,Thu
43855,13,1,12,477,2017-11-08 13:59:37,0,11/8/2017 13:59:37,2017-11-08,13,Wed
23358,1,1,17,134,2017-11-07 23:06:40,0,11/7/2017 23:06:40,2017-11-07,23,Tue
67197,3,1,25,379,2017-11-07 13:57:39,0,11/7/2017 13:57:39,2017-11-07,13,Tue
47902,18,1,19,439,2017-11-08 14:23:09,0,11/8/2017 14:23:09,2017-11-08,14,Wed
124526,15,1,17,245,2017-11-08 1:15:38,0,11/8/2017 1:15:38,2017-11-08,1,Wed
42869,25,1,16,259,2017-11-07 10:51:09,0,11/7/2017 10:51:09,2017-11-07,10,Tue
96038,18,1,10,439,2017-11-08 15:13:08,0,11/8/2017 15:13:08,2017-11-08,15,Wed
15343,18,1,19,107,2017-11-06 17:47:27,0,11/6/2017 17:47:27,2017-11-06,17,Mon
54868,64,1,37,459,2017-11-08 2:14:46,0,11/8/2017 2:14:46,2017-11-08,2,Wed
95140,3,1,13,280,2017-11-08 2:43:36,0,11/8/2017 2:43:36,2017-11-08,2,Wed
254077,14,1,6,401,2017-11-09 11:26:19,0,11/9/2017 11:26:19,2017-11-09,11,Thu
48337,12,1,13,245,2017-11-07 7:49:10,0,11/7/2017 7:49:10,2017-11-07,7,Tue
22978,12,1,19,178,2017-11-06 17:44:37,0,11/6/2017 17:44:37,2017-11-06,17,Mon
38725,3,1,1,280,2017-11-08 3:05:41,0,11/8/2017 3:05:41,2017-11-08,3,Wed
73278,12,1,53,205,2017-11-08 14:56:57,0,11/8/2017 14:56:57,2017-11-08,14,Wed
139498,3,1,20,424,2017-11-09 4:09:07,0,11/9/2017 4:09:07,2017-11-09,4,Thu
163168,2,1,13,237,2017-11-07 4:36:15,0,11/7/2017 4:36:15,2017-11-07,4,Tue
162293,12,1,16,242,2017-11-07 23:44:08,0,11/7/2017 23:44:08,2017-11-07,23,Tue
80908,15,1,19,265,2017-11-07 13:00:02,0,11/7/2017 13:00:02,2017-11-07,13,Tue
106136,2,1,19,237,2017-11-07 5:15:34,0,11/7/2017 5:15:34,2017-11-07,5,Tue
73210,20,1,19,259,2017-11-08 15:13:27,0,11/8/2017 15:13:27,2017-11-08,15,Wed
79092,12,1,32,145,2017-11-07 22:59:21,0,11/7/2017 22:59:21,2017-11-07,22,Tue
88120,18,1,19,107,2017-11-09 9:22:00,0,11/9/2017 9:22:00,2017-11-09,9,Thu
34499,3,1,15,115,2017-11-08 13:19:09,0,11/8/2017 13:19:09,2017-11-08,13,Wed
123572,14,1,19,134,2017-11-07 0:25:09,0,11/7/2017 0:25:09,2017-11-07,0,Tue
52692,26,1,15,477,2017-11-09 14:59:06,0,11/9/2017 14:59:06,2017-11-09,14,Thu
63812,1,1,17,178,2017-11-07 2:10:02,0,11/7/2017 2:10:02,2017-11-07,2,Tue
1634,15,1,18,412,2017-11-07 13:05:00,0,11/7/2017 13:05:00,2017-11-07,13,Tue
43805,6,1,23,459,2017-11-07 13:20:49,0,11/7/2017 13:20:49,2017-11-07,13,Tue
6713,9,1,13,215,2017-11-06 17:51:41,0,11/6/2017 17:51:41,2017-11-06,17,Mon
2306,18,1,32,439,2017-11-09 4:27:26,0,11/9/2017 4:27:26,2017-11-09,4,Thu
111324,2,1,19,237,2017-11-08 2:32:11,0,11/8/2017 2:32:11,2017-11-08,2,Wed
7567,3,1,19,424,2017-11-08 8:44:32,0,11/8/2017 8:44:32,2017-11-08,8,Wed
92712,12,1,15,326,2017-11-07 22:58:44,0,11/7/2017 22:58:44,2017-11-07,22,Tue
119626,20,1,15,259,2017-11-09 14:06:33,0,11/9/2017 14:06:33,2017-11-09,14,Thu
16473,13,1,13,477,2017-11-08 13:19:54,0,11/8/2017 13:19:54,2017-11-08,13,Wed
53765,3,1,18,480,2017-11-06 23:17:41,0,11/6/2017 23:17:41,2017-11-06,23,Mon
196072,2,1,13,243,2017-11-07 8:13:26,0,11/7/2017 8:13:26,2017-11-07,8,Tue
58700,15,1,13,315,2017-11-09 13:10:17,0,11/9/2017 13:10:17,2017-11-09,13,Thu
175250,3,1,17,173,2017-11-06 22:38:41,0,11/6/2017 22:38:41,2017-11-06,22,Mon
99311,15,1,1,245,2017-11-06 16:56:28,0,11/6/2017 16:56:28,2017-11-06,16,Mon
211579,14,1,13,489,2017-11-09 3:34:10,0,11/9/2017 3:34:10,2017-11-09,3,Thu
45256,23,1,16,153,2017-11-09 4:39:47,0,11/9/2017 4:39:47,2017-11-09,4,Thu
155689,3,1,32,280,2017-11-08 7:19:17,0,11/8/2017 7:19:17,2017-11-08,7,Wed
625,3,1,20,280,2017-11-07 12:46:04,0,11/7/2017 12:46:04,2017-11-07,12,Tue
73238,14,1,19,489,2017-11-07 8:10:44,0,11/7/2017 8:10:44,2017-11-07,8,Tue
231612,12,1,13,259,2017-11-09 13:50:29,0,11/9/2017 13:50:29,2017-11-09,13,Thu
125362,7,1,19,101,2017-11-09 6:11:16,0,11/9/2017 6:11:16,2017-11-09,6,Thu
36311,12,1,19,265,2017-11-07 11:32:23,0,11/7/2017 11:32:23,2017-11-07,11,Tue
16741,2,1,13,243,2017-11-09 3:59:23,0,11/9/2017 3:59:23,2017-11-09,3,Thu
9513,8,1,19,145,2017-11-07 14:13:56,0,11/7/2017 14:13:56,2017-11-07,14,Tue
17034,2,1,10,122,2017-11-09 12:06:03,0,11/9/2017 12:06:03,2017-11-09,12,Thu
15968,23,2,19,153,2017-11-09 3:16:44,0,11/9/2017 3:16:44,2017-11-09,3,Thu
10613,3,1,22,452,2017-11-08 12:04:03,0,11/8/2017 12:04:03,2017-11-08,12,Wed
48451,1,1,13,153,2017-11-06 19:34:32,0,11/6/2017 19:34:32,2017-11-06,19,Mon
40372,9,1,19,334,2017-11-08 1:01:25,0,11/8/2017 1:01:25,2017-11-08,1,Wed
9314,64,1,15,459,2017-11-08 6:11:14,0,11/8/2017 6:11:14,2017-11-08,6,Wed
95820,12,1,19,265,2017-11-09 14:33:11,0,11/9/2017 14:33:11,2017-11-09,14,Thu
48919,9,1,22,244,2017-11-09 4:12:31,0,11/9/2017 4:12:31,2017-11-09,4,Thu
48170,2,1,17,237,2017-11-08 14:00:03,0,11/8/2017 14:00:03,2017-11-08,14,Wed
51299,18,1,22,107,2017-11-09 6:59:18,0,11/9/2017 6:59:18,2017-11-09,6,Thu
17930,8,1,19,259,2017-11-07 15:22:43,0,11/7/2017 15:22:43,2017-11-07,15,Tue
106770,27,1,13,122,2017-11-08 23:17:47,0,11/8/2017 23:17:47,2017-11-08,23,Wed
151678,14,1,13,442,2017-11-09 8:02:54,0,11/9/2017 8:02:54,2017-11-09,8,Thu
36445,3,1,13,115,2017-11-07 4:42:54,0,11/7/2017 4:42:54,2017-11-07,4,Tue
74020,12,1,13,265,2017-11-07 12:33:56,0,11/7/2017 12:33:56,2017-11-07,12,Tue
43837,9,1,37,244,2017-11-07 6:04:33,0,11/7/2017 6:04:33,2017-11-07,6,Tue
64609,6,1,18,459,2017-11-07 6:19:01,0,11/7/2017 6:19:01,2017-11-07,6,Tue
84610,15,1,13,153,2017-11-09 14:56:34,0,11/9/2017 14:56:34,2017-11-09,14,Thu
1074,12,1,10,245,2017-11-07 6:59:03,0,11/7/2017 6:59:03,2017-11-07,6,Tue
8401,9,2,36,258,2017-11-08 22:14:47,0,11/8/2017 22:14:47,2017-11-08,22,Wed
91588,2,1,13,237,2017-11-09 0:37:52,0,11/9/2017 0:37:52,2017-11-09,0,Thu
211889,15,1,15,278,2017-11-08 16:40:23,0,11/8/2017 16:40:23,2017-11-08,16,Wed
7350,14,1,13,349,2017-11-07 3:05:44,0,11/7/2017 3:05:44,2017-11-07,3,Tue
66218,3,1,20,280,2017-11-09 15:02:52,0,11/9/2017 15:02:52,2017-11-09,15,Thu
110999,2,1,13,435,2017-11-08 4:21:06,0,11/8/2017 4:21:06,2017-11-08,4,Wed
16290,3,1,15,280,2017-11-08 22:32:41,0,11/8/2017 22:32:41,2017-11-08,22,Wed
240057,2,1,10,452,2017-11-09 3:23:15,0,11/9/2017 3:23:15,2017-11-09,3,Thu
86383,2,1,19,469,2017-11-08 15:32:25,0,11/8/2017 15:32:25,2017-11-08,15,Wed
2896,18,1,13,121,2017-11-07 9:43:53,0,11/7/2017 9:43:53,2017-11-07,9,Tue
48170,18,1,13,107,2017-11-09 1:09:50,0,11/9/2017 1:09:50,2017-11-09,1,Thu
206125,2,1,41,236,2017-11-06 22:31:04,0,11/6/2017 22:31:04,2017-11-06,22,Mon
99810,2,1,6,237,2017-11-09 7:48:14,0,11/9/2017 7:48:14,2017-11-09,7,Thu
32612,12,1,13,265,2017-11-07 15:13:10,0,11/7/2017 15:13:10,2017-11-07,15,Tue
36183,151,0,24,347,2017-11-08 8:12:08,0,11/8/2017 8:12:08,2017-11-08,8,Wed
48170,3,1,27,110,2017-11-09 12:25:59,0,11/9/2017 12:25:59,2017-11-09,12,Thu
52961,11,1,41,137,2017-11-08 13:52:19,0,11/8/2017 13:52:19,2017-11-08,13,Wed
111484,12,1,15,340,2017-11-09 10:48:05,0,11/9/2017 10:48:05,2017-11-09,10,Thu
8259,12,1,14,265,2017-11-08 0:43:01,0,11/8/2017 0:43:01,2017-11-08,0,Wed
43793,9,1,18,244,2017-11-09 12:56:18,0,11/9/2017 12:56:18,2017-11-09,12,Thu
111438,15,1,13,245,2017-11-07 8:41:05,0,11/7/2017 8:41:05,2017-11-07,8,Tue
49293,3,1,13,280,2017-11-07 6:03:16,0,11/7/2017 6:03:16,2017-11-07,6,Tue
21508,15,1,13,111,2017-11-09 13:52:31,0,11/9/2017 13:52:31,2017-11-09,13,Thu
106723,3,1,17,280,2017-11-09 1:56:03,0,11/9/2017 1:56:03,2017-11-09,1,Thu
159862,2,1,70,477,2017-11-08 15:50:14,0,11/8/2017 15:50:14,2017-11-08,15,Wed
89038,2,1,13,212,2017-11-08 17:33:36,0,11/8/2017 17:33:36,2017-11-08,17,Wed
77844,20,1,19,478,2017-11-08 14:07:38,0,11/8/2017 14:07:38,2017-11-08,14,Wed
70144,1,1,8,377,2017-11-07 3:25:55,0,11/7/2017 3:25:55,2017-11-07,3,Tue
42530,64,1,13,459,2017-11-07 10:17:19,0,11/7/2017 10:17:19,2017-11-07,10,Tue
35017,1,1,19,150,2017-11-09 0:06:36,0,11/9/2017 0:06:36,2017-11-09,0,Thu
269538,3,1,22,371,2017-11-09 12:46:55,0,11/9/2017 12:46:55,2017-11-09,12,Thu
42190,12,1,25,140,2017-11-07 12:20:54,0,11/7/2017 12:20:54,2017-11-07,12,Tue
14737,18,1,22,379,2017-11-09 10:54:38,0,11/9/2017 10:54:38,2017-11-09,10,Thu
104400,15,1,13,130,2017-11-07 23:40:33,0,11/7/2017 23:40:33,2017-11-07,23,Tue
104386,13,1,17,477,2017-11-08 10:20:25,0,11/8/2017 10:20:25,2017-11-08,10,Wed
93587,12,1,37,140,2017-11-08 4:00:33,0,11/8/2017 4:00:33,2017-11-08,4,Wed
318097,3,1,18,130,2017-11-09 13:47:11,0,11/9/2017 13:47:11,2017-11-09,13,Thu
101603,2,1,15,236,2017-11-09 5:00:46,0,11/9/2017 5:00:46,2017-11-09,5,Thu
242813,2,1,40,469,2017-11-08 22:56:51,0,11/8/2017 22:56:51,2017-11-08,22,Wed
19216,1,2,10,134,2017-11-07 7:38:50,0,11/7/2017 7:38:50,2017-11-07,7,Tue
209477,151,0,38,347,2017-11-06 21:23:59,0,11/6/2017 21:23:59,2017-11-06,21,Mon
144955,14,1,13,379,2017-11-08 0:23:37,0,11/8/2017 0:23:37,2017-11-08,0,Wed
100042,15,1,19,245,2017-11-08 2:20:12,0,11/8/2017 2:20:12,2017-11-08,2,Wed
4544,3,1,13,115,2017-11-08 5:56:47,0,11/8/2017 5:56:47,2017-11-08,5,Wed
103335,13,1,47,477,2017-11-06 23:55:50,0,11/6/2017 23:55:50,2017-11-06,23,Mon
99638,14,1,18,416,2017-11-09 7:20:52,0,11/9/2017 7:20:52,2017-11-09,7,Thu
52961,12,1,8,178,2017-11-07 10:20:55,0,11/7/2017 10:20:55,2017-11-07,10,Tue
118607,3,1,10,280,2017-11-07 5:23:15,0,11/7/2017 5:23:15,2017-11-07,5,Tue
125222,18,1,19,121,2017-11-08 5:34:17,0,11/8/2017 5:34:17,2017-11-08,5,Wed
46672,3,1,13,280,2017-11-08 14:27:04,0,11/8/2017 14:27:04,2017-11-08,14,Wed
2936,3,1,8,442,2017-11-09 9:07:41,0,11/9/2017 9:07:41,2017-11-09,9,Thu
77406,8,1,6,140,2017-11-09 9:09:42,0,11/9/2017 9:09:42,2017-11-09,9,Thu
24404,12,1,19,340,2017-11-09 5:59:41,0,11/9/2017 5:59:41,2017-11-09,5,Thu
82068,15,1,19,386,2017-11-07 16:19:19,0,11/7/2017 16:19:19,2017-11-07,16,Tue
269733,3,1,25,280,2017-11-09 14:10:00,0,11/9/2017 14:10:00,2017-11-09,14,Thu
116696,2,2,13,364,2017-11-08 5:06:56,0,11/8/2017 5:06:56,2017-11-08,5,Wed
32675,12,1,19,265,2017-11-08 5:09:48,0,11/8/2017 5:09:48,2017-11-08,5,Wed
96066,18,1,6,107,2017-11-09 9:55:14,0,11/9/2017 9:55:14,2017-11-09,9,Thu
108913,25,1,37,259,2017-11-07 15:59:54,0,11/7/2017 15:59:54,2017-11-07,15,Tue
75644,2,1,19,477,2017-11-07 5:31:37,0,11/7/2017 5:31:37,2017-11-07,5,Tue
183147,3,1,18,211,2017-11-07 11:11:23,0,11/7/2017 11:11:23,2017-11-07,11,Tue
68930,26,1,13,266,2017-11-07 22:52:55,0,11/7/2017 22:52:55,2017-11-07,22,Tue
179333,11,1,32,487,2017-11-07 7:23:46,0,11/7/2017 7:23:46,2017-11-07,7,Tue
63925,3,1,37,480,2017-11-08 1:47:19,0,11/8/2017 1:47:19,2017-11-08,1,Wed
183314,12,1,35,265,2017-11-08 21:44:57,0,11/8/2017 21:44:57,2017-11-08,21,Wed
130760,3,1,18,442,2017-11-08 3:25:32,0,11/8/2017 3:25:32,2017-11-08,3,Wed
23484,15,1,41,265,2017-11-07 15:55:42,0,11/7/2017 15:55:42,2017-11-07,15,Tue
184260,27,1,11,153,2017-11-09 11:40:57,0,11/9/2017 11:40:57,2017-11-09,11,Thu
119289,15,1,17,315,2017-11-08 12:47:46,0,11/8/2017 12:47:46,2017-11-08,12,Wed
48212,12,2,13,178,2017-11-07 16:49:12,0,11/7/2017 16:49:12,2017-11-07,16,Tue
73487,12,1,19,259,2017-11-08 14:28:18,0,11/8/2017 14:28:18,2017-11-08,14,Wed
265877,9,1,6,442,2017-11-08 1:29:15,0,11/8/2017 1:29:15,2017-11-08,1,Wed
170860,18,1,1,107,2017-11-07 10:24:39,0,11/7/2017 10:24:39,2017-11-07,10,Tue
193539,12,1,27,265,2017-11-09 3:08:33,0,11/9/2017 3:08:33,2017-11-09,3,Thu
84866,12,1,37,265,2017-11-08 10:59:36,0,11/8/2017 10:59:36,2017-11-08,10,Wed
114314,2,1,19,435,2017-11-07 5:18:53,0,11/7/2017 5:18:53,2017-11-07,5,Tue
106492,2,1,8,237,2017-11-08 6:12:30,0,11/8/2017 6:12:30,2017-11-08,6,Wed
36434,29,1,13,343,2017-11-08 3:26:31,0,11/8/2017 3:26:31,2017-11-08,3,Wed
15459,23,1,17,153,2017-11-07 6:27:12,0,11/7/2017 6:27:12,2017-11-07,6,Tue
26995,2,1,13,435,2017-11-07 6:32:17,0,11/7/2017 6:32:17,2017-11-07,6,Tue
101267,15,1,17,153,2017-11-07 8:36:15,0,11/7/2017 8:36:15,2017-11-07,8,Tue
89845,12,1,10,178,2017-11-07 12:19:40,0,11/7/2017 12:19:40,2017-11-07,12,Tue
108481,6,1,8,459,2017-11-07 13:02:23,0,11/7/2017 13:02:23,2017-11-07,13,Tue
40838,23,1,13,153,2017-11-09 15:04:59,0,11/9/2017 15:04:59,2017-11-09,15,Thu
119531,12,2,17,265,2017-11-09 5:25:47,0,11/9/2017 5:25:47,2017-11-09,5,Thu
17149,3,1,13,280,2017-11-08 0:32:28,0,11/8/2017 0:32:28,2017-11-08,0,Wed
50169,64,1,23,459,2017-11-07 18:09:45,0,11/7/2017 18:09:45,2017-11-07,18,Tue
103051,14,1,14,134,2017-11-07 1:41:18,0,11/7/2017 1:41:18,2017-11-07,1,Tue
131336,18,1,19,107,2017-11-08 9:37:03,0,11/8/2017 9:37:03,2017-11-08,9,Wed
105475,18,1,17,107,2017-11-06 17:49:48,0,11/6/2017 17:49:48,2017-11-06,17,Mon
68724,9,1,14,107,2017-11-09 4:40:12,0,11/9/2017 4:40:12,2017-11-09,4,Thu
18703,3,1,14,402,2017-11-09 11:02:58,0,11/9/2017 11:02:58,2017-11-09,11,Thu
288439,19,0,0,333,2017-11-09 1:49:49,1,11/9/2017 1:49:49,2017-11-09,1,Thu
129783,6,2,19,125,2017-11-08 12:55:54,0,11/8/2017 12:55:54,2017-11-08,12,Wed
289892,2,1,20,477,2017-11-09 15:57:17,0,11/9/2017 15:57:17,2017-11-09,15,Thu
234670,15,1,13,140,2017-11-08 13:30:47,0,11/8/2017 13:30:47,2017-11-08,13,Wed
102163,3,1,19,442,2017-11-07 5:01:11,0,11/7/2017 5:01:11,2017-11-07,5,Tue
119163,8,1,19,145,2017-11-08 23:27:21,0,11/8/2017 23:27:21,2017-11-08,23,Wed
8352,12,1,13,140,2017-11-09 3:58:58,0,11/9/2017 3:58:58,2017-11-09,3,Thu
193073,9,1,36,215,2017-11-07 1:34:13,0,11/7/2017 1:34:13,2017-11-07,1,Tue
27437,12,1,10,481,2017-11-07 3:24:14,0,11/7/2017 3:24:14,2017-11-07,3,Tue
56563,15,1,13,265,2017-11-09 11:54:11,0,11/9/2017 11:54:11,2017-11-09,11,Thu
50489,11,1,19,330,2017-11-08 2:32:38,0,11/8/2017 2:32:38,2017-11-08,2,Wed
123945,8,1,17,140,2017-11-08 7:31:29,0,11/8/2017 7:31:29,2017-11-08,7,Wed
5648,17,1,13,280,2017-11-07 11:32:06,0,11/7/2017 11:32:06,2017-11-07,11,Tue
115093,2,1,8,212,2017-11-09 9:40:10,0,11/9/2017 9:40:10,2017-11-09,9,Thu
24537,2,1,13,477,2017-11-08 8:07:39,0,11/8/2017 8:07:39,2017-11-08,8,Wed
191780,3,1,13,280,2017-11-08 11:27:37,0,11/8/2017 11:27:37,2017-11-08,11,Wed
45413,3,1,13,115,2017-11-07 9:37:47,0,11/7/2017 9:37:47,2017-11-07,9,Tue
147164,15,1,10,3,2017-11-07 1:36:20,0,11/7/2017 1:36:20,2017-11-07,1,Tue
49652,24,2,5,105,2017-11-06 16:48:37,0,11/6/2017 16:48:37,2017-11-06,16,Mon
149300,21,1,13,128,2017-11-06 16:24:28,0,11/6/2017 16:24:28,2017-11-06,16,Mon
34624,14,1,17,463,2017-11-09 2:43:34,0,11/9/2017 2:43:34,2017-11-09,2,Thu
257266,18,1,3,107,2017-11-08 10:21:29,0,11/8/2017 10:21:29,2017-11-08,10,Wed
111414,3,1,31,280,2017-11-07 2:02:34,0,11/7/2017 2:02:34,2017-11-07,2,Tue
83974,18,1,3,107,2017-11-09 13:05:19,0,11/9/2017 13:05:19,2017-11-09,13,Thu
105606,15,1,16,245,2017-11-07 19:28:41,0,11/7/2017 19:28:41,2017-11-07,19,Tue
5449,21,1,19,128,2017-11-06 23:47:35,0,11/6/2017 23:47:35,2017-11-06,23,Mon
97018,9,1,17,134,2017-11-08 23:26:21,0,11/8/2017 23:26:21,2017-11-08,23,Wed
17380,12,1,32,245,2017-11-07 15:31:54,0,11/7/2017 15:31:54,2017-11-07,15,Tue
126461,2,1,15,477,2017-11-06 16:32:07,0,11/6/2017 16:32:07,2017-11-06,16,Mon
225640,12,1,47,245,2017-11-08 14:16:25,0,11/8/2017 14:16:25,2017-11-08,14,Wed
48282,12,1,25,178,2017-11-07 3:40:22,0,11/7/2017 3:40:22,2017-11-07,3,Tue
24896,3,1,44,130,2017-11-09 0:49:34,0,11/9/2017 0:49:34,2017-11-09,0,Thu
31061,2,1,13,364,2017-11-08 15:20:20,0,11/8/2017 15:20:20,2017-11-08,15,Wed
24271,12,1,19,259,2017-11-07 15:14:00,0,11/7/2017 15:14:00,2017-11-07,15,Tue
23674,1,2,18,13,2017-11-08 2:56:01,0,11/8/2017 2:56:01,2017-11-08,2,Wed
14973,15,1,13,245,2017-11-07 13:20:40,0,11/7/2017 13:20:40,2017-11-07,13,Tue
14271,18,1,1,107,2017-11-07 10:27:54,0,11/7/2017 10:27:54,2017-11-07,10,Tue
100896,12,1,13,178,2017-11-08 7:07:02,0,11/8/2017 7:07:02,2017-11-08,7,Wed
98995,3,1,18,379,2017-11-09 11:56:12,0,11/9/2017 11:56:12,2017-11-09,11,Thu
18429,3,1,13,280,2017-11-08 6:46:37,0,11/8/2017 6:46:37,2017-11-08,6,Wed
27918,18,1,17,107,2017-11-09 1:19:03,0,11/9/2017 1:19:03,2017-11-09,1,Thu
92766,3,2,31,153,2017-11-07 19:19:06,0,11/7/2017 19:19:06,2017-11-07,19,Tue
77209,3,1,32,452,2017-11-09 4:07:57,0,11/9/2017 4:07:57,2017-11-09,4,Thu
7057,2,1,10,212,2017-11-08 6:42:07,0,11/8/2017 6:42:07,2017-11-08,6,Wed
95662,21,1,19,128,2017-11-07 5:07:34,0,11/7/2017 5:07:34,2017-11-07,5,Tue
78599,2,1,19,258,2017-11-08 23:38:17,0,11/8/2017 23:38:17,2017-11-08,23,Wed
117269,14,1,11,118,2017-11-09 8:01:57,0,11/9/2017 8:01:57,2017-11-09,8,Thu
73814,12,1,13,160,2017-11-07 23:41:27,0,11/7/2017 23:41:27,2017-11-07,23,Tue
6196,14,1,19,401,2017-11-07 14:33:34,0,11/7/2017 14:33:34,2017-11-07,14,Tue
327479,12,1,19,178,2017-11-09 10:03:38,0,11/9/2017 10:03:38,2017-11-09,10,Thu
175576,15,1,13,130,2017-11-08 6:32:52,0,11/8/2017 6:32:52,2017-11-08,6,Wed
75489,15,1,58,259,2017-11-07 12:27:04,0,11/7/2017 12:27:04,2017-11-07,12,Tue
103611,18,1,17,121,2017-11-08 8:38:08,0,11/8/2017 8:38:08,2017-11-08,8,Wed
93314,3,1,27,205,2017-11-08 7:28:20,0,11/8/2017 7:28:20,2017-11-08,7,Wed
34208,25,1,9,259,2017-11-07 15:08:07,0,11/7/2017 15:08:07,2017-11-07,15,Tue
48862,14,1,19,442,2017-11-08 11:49:28,0,11/8/2017 11:49:28,2017-11-08,11,Wed
96777,12,1,17,265,2017-11-08 5:03:24,0,11/8/2017 5:03:24,2017-11-08,5,Wed
120440,6,1,14,459,2017-11-09 6:19:50,0,11/9/2017 6:19:50,2017-11-09,6,Thu
18246,3,1,12,280,2017-11-07 4:37:53,0,11/7/2017 4:37:53,2017-11-07,4,Tue
55047,3,1,32,280,2017-11-08 1:13:46,0,11/8/2017 1:13:46,2017-11-08,1,Wed
184921,3,1,22,466,2017-11-07 14:33:17,0,11/7/2017 14:33:17,2017-11-07,14,Tue
85150,12,2,73,259,2017-11-09 10:21:26,0,11/9/2017 10:21:26,2017-11-09,10,Thu
89083,9,1,12,215,2017-11-07 16:01:31,0,11/7/2017 16:01:31,2017-11-07,16,Tue
108859,3,1,18,280,2017-11-09 1:37:58,0,11/9/2017 1:37:58,2017-11-09,1,Thu
93263,3,1,10,409,2017-11-09 15:08:15,0,11/9/2017 15:08:15,2017-11-09,15,Thu
49219,14,1,18,480,2017-11-09 9:50:54,0,11/9/2017 9:50:54,2017-11-09,9,Thu
98635,12,1,35,245,2017-11-07 23:52:33,0,11/7/2017 23:52:33,2017-11-07,23,Tue
34046,1,1,17,134,2017-11-08 0:13:15,0,11/8/2017 0:13:15,2017-11-08,0,Wed
208090,21,1,37,128,2017-11-07 0:14:04,0,11/7/2017 0:14:04,2017-11-07,0,Tue
79881,3,1,30,371,2017-11-09 12:52:21,0,11/9/2017 12:52:21,2017-11-09,12,Thu
176785,15,1,19,278,2017-11-07 13:49:16,0,11/7/2017 13:49:16,2017-11-07,13,Tue
63188,15,1,19,245,2017-11-08 10:42:39,0,11/8/2017 10:42:39,2017-11-08,10,Wed
67776,2,1,13,435,2017-11-09 14:54:12,0,11/9/2017 14:54:12,2017-11-09,14,Thu
179955,3,1,6,379,2017-11-06 18:07:46,0,11/6/2017 18:07:46,2017-11-06,18,Mon
71969,28,1,19,135,2017-11-09 12:23:32,0,11/9/2017 12:23:32,2017-11-09,12,Thu
75539,2,1,19,477,2017-11-08 7:23:18,0,11/8/2017 7:23:18,2017-11-08,7,Wed
75431,3,1,9,280,2017-11-08 0:17:05,0,11/8/2017 0:17:05,2017-11-08,0,Wed
99769,3,1,13,280,2017-11-09 3:23:39,0,11/9/2017 3:23:39,2017-11-09,3,Thu
29031,1,1,25,349,2017-11-07 0:27:55,0,11/7/2017 0:27:55,2017-11-07,0,Tue
70451,3,1,16,409,2017-11-07 4:37:47,0,11/7/2017 4:37:47,2017-11-07,4,Tue
50641,18,1,10,134,2017-11-09 0:59:05,0,11/9/2017 0:59:05,2017-11-09,0,Thu
77065,8,1,13,145,2017-11-09 9:23:22,0,11/9/2017 9:23:22,2017-11-09,9,Thu
59660,13,1,13,400,2017-11-07 11:08:29,0,11/7/2017 11:08:29,2017-11-07,11,Tue
181542,3,1,13,137,2017-11-08 1:48:05,0,11/8/2017 1:48:05,2017-11-08,1,Wed
84488,1,1,37,124,2017-11-09 9:23:37,0,11/9/2017 9:23:37,2017-11-09,9,Thu
150712,18,1,15,107,2017-11-07 1:00:27,0,11/7/2017 1:00:27,2017-11-07,1,Tue
3133,23,1,37,153,2017-11-07 2:33:54,0,11/7/2017 2:33:54,2017-11-07,2,Tue
15866,9,1,6,215,2017-11-07 3:04:15,0,11/7/2017 3:04:15,2017-11-07,3,Tue
39216,14,1,19,379,2017-11-09 6:38:29,0,11/9/2017 6:38:29,2017-11-09,6,Thu
88474,8,1,13,145,2017-11-07 14:49:58,0,11/7/2017 14:49:58,2017-11-07,14,Tue
16010,3,1,32,280,2017-11-08 2:01:03,0,11/8/2017 2:01:03,2017-11-08,2,Wed
111409,13,1,10,469,2017-11-08 23:46:29,0,11/8/2017 23:46:29,2017-11-08,23,Wed
78524,18,1,19,134,2017-11-07 2:40:11,0,11/7/2017 2:40:11,2017-11-07,2,Tue
88217,18,1,13,107,2017-11-08 16:34:35,0,11/8/2017 16:34:35,2017-11-08,16,Wed
106674,18,1,18,107,2017-11-08 11:27:51,0,11/8/2017 11:27:51,2017-11-08,11,Wed
60626,14,1,5,134,2017-11-08 16:06:13,0,11/8/2017 16:06:13,2017-11-08,16,Wed
51718,13,1,13,477,2017-11-08 11:37:07,0,11/8/2017 11:37:07,2017-11-08,11,Wed
120597,3,1,19,442,2017-11-06 22:11:06,0,11/6/2017 22:11:06,2017-11-06,22,Mon
85085,3,1,19,211,2017-11-08 7:57:42,0,11/8/2017 7:57:42,2017-11-08,7,Wed
71149,18,1,41,439,2017-11-09 3:42:43,0,11/9/2017 3:42:43,2017-11-09,3,Thu
92993,18,1,19,439,2017-11-07 9:49:02,0,11/7/2017 9:49:02,2017-11-07,9,Tue
93959,3,1,22,489,2017-11-09 13:08:05,0,11/9/2017 13:08:05,2017-11-09,13,Thu
100176,18,1,13,107,2017-11-09 6:44:43,0,11/9/2017 6:44:43,2017-11-09,6,Thu
174947,3,1,13,280,2017-11-07 2:27:00,0,11/7/2017 2:27:00,2017-11-07,2,Tue
71762,3,1,13,280,2017-11-08 12:03:52,0,11/8/2017 12:03:52,2017-11-08,12,Wed
65552,9,1,19,244,2017-11-08 8:20:15,0,11/8/2017 8:20:15,2017-11-08,8,Wed
207400,3,1,19,280,2017-11-07 5:35:34,0,11/7/2017 5:35:34,2017-11-07,5,Tue
125312,8,1,13,145,2017-11-06 22:57:30,0,11/6/2017 22:57:30,2017-11-06,22,Mon
185121,9,1,16,466,2017-11-09 0:08:04,0,11/9/2017 0:08:04,2017-11-09,0,Thu
69070,15,1,13,245,2017-11-08 12:15:59,0,11/8/2017 12:15:59,2017-11-08,12,Wed
41980,2,1,13,377,2017-11-08 19:08:04,0,11/8/2017 19:08:04,2017-11-08,19,Wed
75813,2,1,25,477,2017-11-08 4:02:50,0,11/8/2017 4:02:50,2017-11-08,4,Wed
142416,3,1,17,452,2017-11-08 1:28:55,0,11/8/2017 1:28:55,2017-11-08,1,Wed
201182,2,1,13,435,2017-11-07 15:42:29,0,11/7/2017 15:42:29,2017-11-07,15,Tue
133522,22,1,19,496,2017-11-07 11:20:49,0,11/7/2017 11:20:49,2017-11-07,11,Tue
36339,29,1,11,343,2017-11-07 2:58:37,0,11/7/2017 2:58:37,2017-11-07,2,Tue
82012,2,1,19,236,2017-11-07 0:20:55,0,11/7/2017 0:20:55,2017-11-07,0,Tue
38773,9,1,20,334,2017-11-07 17:54:04,0,11/7/2017 17:54:04,2017-11-07,17,Tue
142067,2,1,6,435,2017-11-09 3:38:20,0,11/9/2017 3:38:20,2017-11-09,3,Thu
38050,12,1,19,245,2017-11-07 16:08:00,0,11/7/2017 16:08:00,2017-11-07,16,Tue
105475,15,1,36,3,2017-11-07 9:35:12,0,11/7/2017 9:35:12,2017-11-07,9,Tue
201438,12,1,19,245,2017-11-07 8:52:32,0,11/7/2017 8:52:32,2017-11-07,8,Tue
81613,9,1,13,232,2017-11-08 10:26:27,0,11/8/2017 10:26:27,2017-11-08,10,Wed
97151,12,1,25,328,2017-11-07 14:15:40,0,11/7/2017 14:15:40,2017-11-07,14,Tue
42103,9,2,9,334,2017-11-09 15:42:00,0,11/9/2017 15:42:00,2017-11-09,15,Thu
31518,1,1,8,153,2017-11-09 3:38:56,0,11/9/2017 3:38:56,2017-11-09,3,Thu
27406,12,1,13,245,2017-11-07 15:37:00,0,11/7/2017 15:37:00,2017-11-07,15,Tue
81776,12,1,13,328,2017-11-09 6:30:25,0,11/9/2017 6:30:25,2017-11-09,6,Thu
125934,12,1,17,265,2017-11-08 5:18:41,0,11/8/2017 5:18:41,2017-11-08,5,Wed
81909,12,1,19,19,2017-11-08 11:29:07,0,11/8/2017 11:29:07,2017-11-08,11,Wed
156937,2,1,13,237,2017-11-09 5:45:57,0,11/9/2017 5:45:57,2017-11-09,5,Thu
88551,12,2,9,178,2017-11-08 10:49:29,0,11/8/2017 10:49:29,2017-11-08,10,Wed
176464,18,1,19,107,2017-11-07 1:04:12,0,11/7/2017 1:04:12,2017-11-07,1,Tue
111159,2,1,13,243,2017-11-09 5:14:42,0,11/9/2017 5:14:42,2017-11-09,5,Thu
113389,12,1,8,178,2017-11-09 15:28:43,0,11/9/2017 15:28:43,2017-11-09,15,Thu
56019,14,1,13,442,2017-11-09 0:50:30,0,11/9/2017 0:50:30,2017-11-09,0,Thu
279884,2,1,17,435,2017-11-08 8:19:28,0,11/8/2017 8:19:28,2017-11-08,8,Wed
82038,3,1,20,442,2017-11-07 19:55:56,0,11/7/2017 19:55:56,2017-11-07,19,Tue
195434,1,1,19,125,2017-11-07 23:39:04,0,11/7/2017 23:39:04,2017-11-07,23,Tue
99944,3,1,43,137,2017-11-07 14:43:53,0,11/7/2017 14:43:53,2017-11-07,14,Tue
185871,21,1,15,128,2017-11-07 10:07:12,0,11/7/2017 10:07:12,2017-11-07,10,Tue
210429,14,1,25,349,2017-11-09 1:32:06,0,11/9/2017 1:32:06,2017-11-09,1,Thu
66316,1,1,23,124,2017-11-08 23:22:30,0,11/8/2017 23:22:30,2017-11-08,23,Wed
121310,14,1,19,489,2017-11-08 9:39:06,0,11/8/2017 9:39:06,2017-11-08,9,Wed
64054,20,2,20,259,2017-11-07 16:41:38,0,11/7/2017 16:41:38,2017-11-07,16,Tue
117407,15,1,6,379,2017-11-09 6:48:05,0,11/9/2017 6:48:05,2017-11-09,6,Thu
208047,8,1,17,259,2017-11-07 21:20:41,0,11/7/2017 21:20:41,2017-11-07,21,Tue
41097,18,1,41,107,2017-11-08 14:29:27,0,11/8/2017 14:29:27,2017-11-08,14,Wed
7350,23,1,19,153,2017-11-09 2:49:54,0,11/9/2017 2:49:54,2017-11-09,2,Thu
95064,12,1,15,19,2017-11-09 4:14:25,0,11/9/2017 4:14:25,2017-11-09,4,Thu
41369,2,1,19,243,2017-11-09 15:17:38,0,11/9/2017 15:17:38,2017-11-09,15,Thu
14063,15,1,9,386,2017-11-08 23:46:29,0,11/8/2017 23:46:29,2017-11-08,23,Wed
75007,3,1,19,205,2017-11-08 13:25:14,0,11/8/2017 13:25:14,2017-11-08,13,Wed
92610,18,1,6,121,2017-11-07 13:08:28,0,11/7/2017 13:08:28,2017-11-07,13,Tue
75634,2,1,19,212,2017-11-08 13:25:17,0,11/8/2017 13:25:17,2017-11-08,13,Wed
63158,2,1,37,219,2017-11-09 14:52:44,0,11/9/2017 14:52:44,2017-11-09,14,Thu
105560,3,1,19,417,2017-11-07 1:55:58,0,11/7/2017 1:55:58,2017-11-07,1,Tue
60136,2,1,6,205,2017-11-07 16:56:07,0,11/7/2017 16:56:07,2017-11-07,16,Tue
97283,3,1,13,280,2017-11-08 5:41:22,0,11/8/2017 5:41:22,2017-11-08,5,Wed
5328,18,1,18,107,2017-11-09 4:26:16,0,11/9/2017 4:26:16,2017-11-09,4,Thu
78856,9,1,28,334,2017-11-08 4:12:17,0,11/8/2017 4:12:17,2017-11-08,4,Wed
79757,24,1,13,178,2017-11-07 12:49:27,0,11/7/2017 12:49:27,2017-11-07,12,Tue
39818,7,1,13,101,2017-11-07 10:08:37,0,11/7/2017 10:08:37,2017-11-07,10,Tue
39861,15,1,19,315,2017-11-09 1:19:25,0,11/9/2017 1:19:25,2017-11-09,1,Thu
55119,2,1,35,237,2017-11-09 11:02:46,0,11/9/2017 11:02:46,2017-11-09,11,Thu
73487,12,1,19,178,2017-11-07 9:14:05,0,11/7/2017 9:14:05,2017-11-07,9,Tue
98497,15,1,37,245,2017-11-09 5:10:06,0,11/9/2017 5:10:06,2017-11-09,5,Thu
120419,20,1,19,478,2017-11-08 5:53:55,0,11/8/2017 5:53:55,2017-11-08,5,Wed
53715,93,1,13,371,2017-11-09 13:49:52,0,11/9/2017 13:49:52,2017-11-09,13,Thu
14792,12,1,19,259,2017-11-09 15:34:18,0,11/9/2017 15:34:18,2017-11-09,15,Thu
14301,22,1,19,116,2017-11-09 6:18:13,0,11/9/2017 6:18:13,2017-11-09,6,Thu
5348,15,2,19,140,2017-11-09 9:28:40,0,11/9/2017 9:28:40,2017-11-09,9,Thu
107709,3,1,13,280,2017-11-08 8:23:31,0,11/8/2017 8:23:31,2017-11-08,8,Wed
61326,13,1,19,477,2017-11-07 3:44:31,0,11/7/2017 3:44:31,2017-11-07,3,Tue
106986,3,1,31,280,2017-11-08 9:57:19,0,11/8/2017 9:57:19,2017-11-08,9,Wed
78420,6,1,16,125,2017-11-09 11:43:53,0,11/9/2017 11:43:53,2017-11-09,11,Thu
5596,9,1,13,450,2017-11-07 0:09:38,0,11/7/2017 0:09:38,2017-11-07,0,Tue
94059,3,1,41,135,2017-11-07 11:45:38,0,11/7/2017 11:45:38,2017-11-07,11,Tue
676,3,1,19,280,2017-11-08 4:55:29,0,11/8/2017 4:55:29,2017-11-08,4,Wed
41611,15,1,25,430,2017-11-08 23:25:53,0,11/8/2017 23:25:53,2017-11-08,23,Wed
16649,14,2,2,480,2017-11-09 4:53:33,0,11/9/2017 4:53:33,2017-11-09,4,Thu
81896,14,1,1,401,2017-11-08 15:47:47,0,11/8/2017 15:47:47,2017-11-08,15,Wed
129400,11,1,26,325,2017-11-07 11:42:52,0,11/7/2017 11:42:52,2017-11-07,11,Tue
106644,3,1,32,280,2017-11-08 7:11:37,0,11/8/2017 7:11:37,2017-11-08,7,Wed
3564,14,1,17,401,2017-11-08 8:05:25,0,11/8/2017 8:05:25,2017-11-08,8,Wed
278716,11,1,6,319,2017-11-08 4:28:46,0,11/8/2017 4:28:46,2017-11-08,4,Wed
100571,15,1,19,245,2017-11-08 13:46:02,0,11/8/2017 13:46:02,2017-11-08,13,Wed
110768,2,1,17,236,2017-11-08 14:00:50,0,11/8/2017 14:00:50,2017-11-08,14,Wed
106171,2,1,19,452,2017-11-08 6:01:52,0,11/8/2017 6:01:52,2017-11-08,6,Wed
13516,7,1,58,101,2017-11-07 10:10:16,0,11/7/2017 10:10:16,2017-11-07,10,Tue
40125,9,1,13,334,2017-11-07 3:31:25,0,11/7/2017 3:31:25,2017-11-07,3,Tue
81898,12,1,13,178,2017-11-08 3:07:20,0,11/8/2017 3:07:20,2017-11-08,3,Wed
40631,9,1,19,442,2017-11-08 1:12:53,0,11/8/2017 1:12:53,2017-11-08,1,Wed
114617,27,1,25,122,2017-11-08 2:04:38,0,11/8/2017 2:04:38,2017-11-08,2,Wed
5314,6,1,20,459,2017-11-07 14:21:13,0,11/7/2017 14:21:13,2017-11-07,14,Tue
141572,28,1,18,135,2017-11-09 5:18:32,0,11/9/2017 5:18:32,2017-11-09,5,Thu
179295,3,1,19,280,2017-11-07 2:08:27,0,11/7/2017 2:08:27,2017-11-07,2,Tue
339057,9,1,13,232,2017-11-09 9:19:41,0,11/9/2017 9:19:41,2017-11-09,9,Thu
3454,12,1,19,481,2017-11-07 0:14:05,0,11/7/2017 0:14:05,2017-11-07,0,Tue
38633,27,1,8,153,2017-11-09 0:57:19,0,11/9/2017 0:57:19,2017-11-09,0,Thu
90557,3,1,10,280,2017-11-09 5:25:55,0,11/9/2017 5:25:55,2017-11-09,5,Thu
124750,14,1,13,349,2017-11-07 15:40:48,0,11/7/2017 15:40:48,2017-11-07,15,Tue
115673,14,1,19,480,2017-11-09 9:06:37,0,11/9/2017 9:06:37,2017-11-09,9,Thu
111025,3,1,13,280,2017-11-08 16:12:57,0,11/8/2017 16:12:57,2017-11-08,16,Wed
81695,2,1,13,477,2017-11-07 5:43:48,0,11/7/2017 5:43:48,2017-11-07,5,Tue
8539,12,1,35,265,2017-11-09 3:16:33,0,11/9/2017 3:16:33,2017-11-09,3,Thu
114291,28,1,13,135,2017-11-08 13:48:42,0,11/8/2017 13:48:42,2017-11-08,13,Wed
16929,2,1,8,452,2017-11-09 9:31:19,0,11/9/2017 9:31:19,2017-11-09,9,Thu
44527,3,1,18,280,2017-11-08 0:40:08,0,11/8/2017 0:40:08,2017-11-08,0,Wed
90920,18,3543,748,107,2017-11-07 18:59:32,0,11/7/2017 18:59:32,2017-11-07,18,Tue
60529,3,1,19,173,2017-11-07 2:25:55,0,11/7/2017 2:25:55,2017-11-07,2,Tue
38352,3,1,17,280,2017-11-08 10:56:36,0,11/8/2017 10:56:36,2017-11-08,10,Wed
101894,3,1,13,205,2017-11-06 23:15:47,0,11/6/2017 23:15:47,2017-11-06,23,Mon
100494,15,1,19,245,2017-11-09 3:39:20,0,11/9/2017 3:39:20,2017-11-09,3,Thu
53454,2,1,14,377,2017-11-08 2:29:50,0,11/8/2017 2:29:50,2017-11-08,2,Wed
124715,12,1,18,178,2017-11-08 15:51:32,0,11/8/2017 15:51:32,2017-11-08,15,Wed
94987,23,1,17,153,2017-11-09 10:13:56,0,11/9/2017 10:13:56,2017-11-09,10,Thu
82068,14,1,13,463,2017-11-09 3:37:25,0,11/9/2017 3:37:25,2017-11-09,3,Thu
31540,12,1,19,178,2017-11-09 7:48:33,0,11/9/2017 7:48:33,2017-11-09,7,Thu
44476,18,1,19,134,2017-11-08 0:41:09,0,11/8/2017 0:41:09,2017-11-08,0,Wed
46754,8,1,10,145,2017-11-09 4:59:32,0,11/9/2017 4:59:32,2017-11-09,4,Thu
93021,18,1,13,134,2017-11-08 2:50:38,0,11/8/2017 2:50:38,2017-11-08,2,Wed
5314,2,1,6,477,2017-11-07 10:20:03,0,11/7/2017 10:20:03,2017-11-07,10,Tue
23370,3,1,32,280,2017-11-08 15:30:14,0,11/8/2017 15:30:14,2017-11-08,15,Wed
49520,1,1,13,153,2017-11-09 14:26:39,0,11/9/2017 14:26:39,2017-11-09,14,Thu
138010,9,1,10,334,2017-11-06 23:55:02,0,11/6/2017 23:55:02,2017-11-06,23,Mon
100896,9,1,12,334,2017-11-09 3:07:41,0,11/9/2017 3:07:41,2017-11-09,3,Thu
41151,2,1,19,237,2017-11-07 0:49:54,0,11/7/2017 0:49:54,2017-11-07,0,Tue
34632,15,1,19,130,2017-11-07 14:32:40,0,11/7/2017 14:32:40,2017-11-07,14,Tue
103831,6,1,13,459,2017-11-08 12:55:37,0,11/8/2017 12:55:37,2017-11-08,12,Wed
110189,21,1,18,128,2017-11-09 7:10:04,0,11/9/2017 7:10:04,2017-11-09,7,Thu
109286,14,1,18,379,2017-11-08 6:41:23,0,11/8/2017 6:41:23,2017-11-08,6,Wed
34388,20,1,13,478,2017-11-07 23:39:11,0,11/7/2017 23:39:11,2017-11-07,23,Tue
84634,7,1,13,101,2017-11-08 9:56:15,0,11/8/2017 9:56:15,2017-11-08,9,Wed
792,2,1,18,122,2017-11-09 1:36:42,0,11/9/2017 1:36:42,2017-11-09,1,Thu
48859,12,1,19,219,2017-11-07 15:56:28,0,11/7/2017 15:56:28,2017-11-07,15,Tue
50169,12,2,13,178,2017-11-07 10:53:29,0,11/7/2017 10:53:29,2017-11-07,10,Tue
88180,15,1,19,245,2017-11-06 17:17:56,0,11/6/2017 17:17:56,2017-11-06,17,Mon
97500,3,1,9,137,2017-11-08 14:00:23,0,11/8/2017 14:00:23,2017-11-08,14,Wed
41106,15,1,13,245,2017-11-07 15:44:13,0,11/7/2017 15:44:13,2017-11-07,15,Tue
44744,18,2,13,379,2017-11-09 11:11:02,0,11/9/2017 11:11:02,2017-11-09,11,Thu
81012,12,1,18,145,2017-11-09 3:07:04,0,11/9/2017 3:07:04,2017-11-09,3,Thu
81550,9,1,13,445,2017-11-08 14:24:42,0,11/8/2017 14:24:42,2017-11-08,14,Wed
132837,151,0,24,347,2017-11-09 8:11:40,0,11/9/2017 8:11:40,2017-11-09,8,Thu
31784,12,1,13,178,2017-11-07 0:14:15,0,11/7/2017 0:14:15,2017-11-07,0,Tue
52052,3,1,13,280,2017-11-08 11:16:50,0,11/8/2017 11:16:50,2017-11-08,11,Wed
36183,2,2,9,205,2017-11-08 16:31:24,0,11/8/2017 16:31:24,2017-11-08,16,Wed
29490,3,1,13,489,2017-11-07 8:08:44,0,11/7/2017 8:08:44,2017-11-07,8,Tue
110628,15,1,13,412,2017-11-08 18:01:15,0,11/8/2017 18:01:15,2017-11-08,18,Wed
88914,14,1,15,463,2017-11-08 6:12:36,0,11/8/2017 6:12:36,2017-11-08,6,Wed
197271,12,1,19,245,2017-11-07 16:35:55,0,11/7/2017 16:35:55,2017-11-07,16,Tue
48288,14,1,20,360,2017-11-07 0:19:17,0,11/7/2017 0:19:17,2017-11-07,0,Tue
16171,9,1,13,445,2017-11-06 17:31:03,0,11/6/2017 17:31:03,2017-11-06,17,Mon
21845,24,1,19,105,2017-11-08 4:10:44,0,11/8/2017 4:10:44,2017-11-08,4,Wed
55213,18,1,6,439,2017-11-08 4:03:01,0,11/8/2017 4:03:01,2017-11-08,4,Wed
118094,13,1,8,477,2017-11-09 6:40:50,0,11/9/2017 6:40:50,2017-11-09,6,Thu
100519,3,1,20,280,2017-11-09 7:29:36,0,11/9/2017 7:29:36,2017-11-09,7,Thu
13597,12,1,22,245,2017-11-07 18:05:37,0,11/7/2017 18:05:37,2017-11-07,18,Tue
75634,2,1,19,205,2017-11-07 14:54:03,0,11/7/2017 14:54:03,2017-11-07,14,Tue
73144,2,1,13,317,2017-11-08 10:17:55,0,11/8/2017 10:17:55,2017-11-08,10,Wed
124065,13,1,6,477,2017-11-08 11:32:25,0,11/8/2017 11:32:25,2017-11-08,11,Wed
304680,21,1,19,128,2017-11-09 8:11:07,0,11/9/2017 8:11:07,2017-11-09,8,Thu
28463,9,1,18,334,2017-11-08 21:25:07,0,11/8/2017 21:25:07,2017-11-08,21,Wed
113682,3,1,19,280,2017-11-08 1:11:16,0,11/8/2017 1:11:16,2017-11-08,1,Wed
315679,2,1,19,237,2017-11-09 4:20:35,0,11/9/2017 4:20:35,2017-11-09,4,Thu
5314,12,2,13,178,2017-11-09 14:37:45,0,11/9/2017 14:37:45,2017-11-09,14,Thu
120533,3,1,14,211,2017-11-08 12:08:41,0,11/8/2017 12:08:41,2017-11-08,12,Wed
31158,2,1,19,469,2017-11-09 1:15:48,0,11/9/2017 1:15:48,2017-11-09,1,Thu
92873,15,2,15,140,2017-11-07 12:16:16,0,11/7/2017 12:16:16,2017-11-07,12,Tue
83928,12,1,13,409,2017-11-09 2:40:20,0,11/9/2017 2:40:20,2017-11-09,2,Thu
100275,2,1,13,243,2017-11-08 15:06:21,0,11/8/2017 15:06:21,2017-11-08,15,Wed
196454,6,1,13,125,2017-11-07 4:54:58,0,11/7/2017 4:54:58,2017-11-07,4,Tue
19247,64,1,13,459,2017-11-07 12:41:27,0,11/7/2017 12:41:27,2017-11-07,12,Tue
9647,8,1,17,145,2017-11-07 1:35:55,0,11/7/2017 1:35:55,2017-11-07,1,Tue
63033,20,1,10,259,2017-11-08 8:03:49,0,11/8/2017 8:03:49,2017-11-08,8,Wed
120221,14,1,13,442,2017-11-09 6:50:50,0,11/9/2017 6:50:50,2017-11-09,6,Thu
19410,18,1,13,439,2017-11-08 5:24:46,0,11/8/2017 5:24:46,2017-11-08,5,Wed
71597,13,1,13,477,2017-11-08 10:14:05,0,11/8/2017 10:14:05,2017-11-08,10,Wed
191249,2,1,53,469,2017-11-07 2:27:05,0,11/7/2017 2:27:05,2017-11-07,2,Tue
167801,6,1,23,459,2017-11-07 12:18:00,0,11/7/2017 12:18:00,2017-11-07,12,Tue
9224,18,1,19,107,2017-11-08 0:41:20,0,11/8/2017 0:41:20,2017-11-08,0,Wed
7715,150,1,48,110,2017-11-07 6:10:36,0,11/7/2017 6:10:36,2017-11-07,6,Tue
64137,3,1,18,115,2017-11-06 16:16:39,0,11/6/2017 16:16:39,2017-11-06,16,Mon
101074,15,1,13,245,2017-11-08 19:32:45,0,11/8/2017 19:32:45,2017-11-08,19,Wed
14087,12,1,6,178,2017-11-09 12:25:10,0,11/9/2017 12:25:10,2017-11-09,12,Thu
5201,12,1,18,245,2017-11-08 15:29:29,0,11/8/2017 15:29:29,2017-11-08,15,Wed
10618,14,1,19,401,2017-11-07 6:30:18,0,11/7/2017 6:30:18,2017-11-07,6,Tue
116708,12,1,19,259,2017-11-09 14:12:40,0,11/9/2017 14:12:40,2017-11-09,14,Thu
113654,1,1,8,153,2017-11-09 9:46:29,0,11/9/2017 9:46:29,2017-11-09,9,Thu
88730,6,1,15,459,2017-11-09 8:59:03,0,11/9/2017 8:59:03,2017-11-09,8,Thu
135457,26,1,17,477,2017-11-09 2:29:52,0,11/9/2017 2:29:52,2017-11-09,2,Thu
107520,28,1,37,135,2017-11-09 11:17:04,0,11/9/2017 11:17:04,2017-11-09,11,Thu
125726,20,1,22,259,2017-11-06 16:04:49,0,11/6/2017 16:04:49,2017-11-06,16,Mon
208308,12,1,19,245,2017-11-08 4:20:02,0,11/8/2017 4:20:02,2017-11-08,4,Wed
37506,14,1,13,416,2017-11-07 1:17:41,0,11/7/2017 1:17:41,2017-11-07,1,Tue
48240,7,2,9,101,2017-11-07 11:21:04,0,11/7/2017 11:21:04,2017-11-07,11,Tue
69358,3,1,19,280,2017-11-07 5:40:50,0,11/7/2017 5:40:50,2017-11-07,5,Tue
39742,9,1,13,234,2017-11-07 11:58:53,0,11/7/2017 11:58:53,2017-11-07,11,Tue
170616,2,1,18,212,2017-11-09 4:42:21,0,11/9/2017 4:42:21,2017-11-09,4,Thu
34419,2,1,17,435,2017-11-07 14:36:00,0,11/7/2017 14:36:00,2017-11-07,14,Tue
50361,2,1,15,122,2017-11-09 11:42:43,0,11/9/2017 11:42:43,2017-11-09,11,Thu
67586,2,1,19,236,2017-11-08 5:32:12,0,11/8/2017 5:32:12,2017-11-08,5,Wed
18496,18,1,9,121,2017-11-08 16:27:13,0,11/8/2017 16:27:13,2017-11-08,16,Wed
193464,6,1,15,459,2017-11-07 11:33:17,0,11/7/2017 11:33:17,2017-11-07,11,Tue
18332,2,1,19,237,2017-11-07 14:41:54,0,11/7/2017 14:41:54,2017-11-07,14,Tue
103295,2,1,1,435,2017-11-06 23:48:11,0,11/6/2017 23:48:11,2017-11-06,23,Mon
12340,2,1,13,435,2017-11-08 9:35:59,0,11/8/2017 9:35:59,2017-11-08,9,Wed
5812,2,1,15,477,2017-11-07 22:39:40,0,11/7/2017 22:39:40,2017-11-07,22,Tue
37763,8,2,53,259,2017-11-09 13:41:16,0,11/9/2017 13:41:16,2017-11-09,13,Thu
144957,12,1,19,265,2017-11-07 15:32:55,0,11/7/2017 15:32:55,2017-11-07,15,Tue
220483,2,1,37,219,2017-11-07 23:59:13,0,11/7/2017 23:59:13,2017-11-07,23,Tue
73487,3,1,22,409,2017-11-07 23:22:21,0,11/7/2017 23:22:21,2017-11-07,23,Tue
66218,3,1,13,280,2017-11-06 17:07:41,0,11/6/2017 17:07:41,2017-11-06,17,Mon
5314,3,1,3,115,2017-11-08 17:04:52,0,11/8/2017 17:04:52,2017-11-08,17,Wed
4052,2,1,37,469,2017-11-09 13:34:36,0,11/9/2017 13:34:36,2017-11-09,13,Thu
119349,3,1,13,280,2017-11-09 12:30:13,0,11/9/2017 12:30:13,2017-11-09,12,Thu
65053,18,1,18,134,2017-11-08 8:04:01,0,11/8/2017 8:04:01,2017-11-08,8,Wed
81714,15,1,13,111,2017-11-09 13:45:41,0,11/9/2017 13:45:41,2017-11-09,13,Thu
124198,18,1,13,439,2017-11-08 6:38:19,0,11/8/2017 6:38:19,2017-11-08,6,Wed
74621,21,1,12,128,2017-11-07 13:49:39,0,11/7/2017 13:49:39,2017-11-07,13,Tue
15080,3,1,13,280,2017-11-07 1:57:19,0,11/7/2017 1:57:19,2017-11-07,1,Tue
93542,9,1,19,445,2017-11-07 6:55:53,0,11/7/2017 6:55:53,2017-11-07,6,Tue
317412,9,1,4,258,2017-11-09 11:05:04,0,11/9/2017 11:05:04,2017-11-09,11,Thu
192648,26,1,11,121,2017-11-07 4:31:34,0,11/7/2017 4:31:34,2017-11-07,4,Tue
66821,3,1,16,115,2017-11-09 10:33:30,0,11/9/2017 10:33:30,2017-11-09,10,Thu
117582,10,1,19,113,2017-11-07 12:39:10,0,11/7/2017 12:39:10,2017-11-07,12,Tue
160103,2,1,12,435,2017-11-08 6:23:36,0,11/8/2017 6:23:36,2017-11-08,6,Wed
32930,12,1,17,409,2017-11-06 16:12:48,0,11/6/2017 16:12:48,2017-11-06,16,Mon
63793,2,1,41,237,2017-11-09 4:55:13,0,11/9/2017 4:55:13,2017-11-09,4,Thu
110211,3,1,16,130,2017-11-08 9:37:36,0,11/8/2017 9:37:36,2017-11-08,9,Wed
120194,15,1,10,245,2017-11-08 8:36:45,0,11/8/2017 8:36:45,2017-11-08,8,Wed
96165,64,1,13,459,2017-11-08 6:49:10,0,11/8/2017 6:49:10,2017-11-08,6,Wed
63787,3,1,19,280,2017-11-08 7:17:24,0,11/8/2017 7:17:24,2017-11-08,7,Wed
2321,9,1,13,232,2017-11-08 23:21:47,0,11/8/2017 23:21:47,2017-11-08,23,Wed
22321,2,1,40,122,2017-11-07 9:59:05,0,11/7/2017 9:59:05,2017-11-07,9,Tue
50397,12,1,19,497,2017-11-08 15:15:24,0,11/8/2017 15:15:24,2017-11-08,15,Wed
210580,9,1,11,107,2017-11-09 9:31:21,0,11/9/2017 9:31:21,2017-11-09,9,Thu
52805,2,1,34,236,2017-11-07 2:17:44,0,11/7/2017 2:17:44,2017-11-07,2,Tue
40190,12,1,13,245,2017-11-06 17:46:50,0,11/6/2017 17:46:50,2017-11-06,17,Mon
85072,15,1,10,245,2017-11-07 15:33:31,0,11/7/2017 15:33:31,2017-11-07,15,Tue
46351,3,1,13,280,2017-11-08 13:12:49,0,11/8/2017 13:12:49,2017-11-08,13,Wed
193104,64,1,19,459,2017-11-06 16:59:20,0,11/6/2017 16:59:20,2017-11-06,16,Mon
65785,15,2,13,245,2017-11-08 5:01:29,0,11/8/2017 5:01:29,2017-11-08,5,Wed
5314,28,1,4,135,2017-11-08 1:57:12,0,11/8/2017 1:57:12,2017-11-08,1,Wed
56448,15,1,18,245,2017-11-07 8:51:09,0,11/7/2017 8:51:09,2017-11-07,8,Tue
13634,11,1,3,481,2017-11-09 10:18:29,0,11/9/2017 10:18:29,2017-11-09,10,Thu
172506,20,1,19,259,2017-11-06 17:28:57,0,11/6/2017 17:28:57,2017-11-06,17,Mon
110032,3,1,6,137,2017-11-09 10:31:03,0,11/9/2017 10:31:03,2017-11-09,10,Thu
198017,9,1,19,232,2017-11-07 7:25:11,0,11/7/2017 7:25:11,2017-11-07,7,Tue
29836,3,1,8,19,2017-11-09 13:59:51,0,11/9/2017 13:59:51,2017-11-09,13,Thu
26995,14,1,47,349,2017-11-09 2:13:40,0,11/9/2017 2:13:40,2017-11-09,2,Thu
119688,12,1,22,409,2017-11-07 13:08:47,0,11/7/2017 13:08:47,2017-11-07,13,Tue
71579,15,1,16,140,2017-11-09 1:46:35,0,11/9/2017 1:46:35,2017-11-09,1,Thu
201420,3,1,16,280,2017-11-07 7:59:50,0,11/7/2017 7:59:50,2017-11-07,7,Tue
123733,13,1,8,400,2017-11-09 2:52:07,0,11/9/2017 2:52:07,2017-11-09,2,Thu
142432,11,1,25,219,2017-11-09 7:12:42,0,11/9/2017 7:12:42,2017-11-09,7,Thu
16859,14,1,11,349,2017-11-09 3:21:11,0,11/9/2017 3:21:11,2017-11-09,3,Thu
81973,9,1,13,466,2017-11-08 14:28:05,0,11/8/2017 14:28:05,2017-11-08,14,Wed
111153,3,1,19,424,2017-11-06 16:00:14,0,11/6/2017 16:00:14,2017-11-06,16,Mon
75057,2,1,25,469,2017-11-09 5:37:06,0,11/9/2017 5:37:06,2017-11-09,5,Thu
77356,18,1,47,439,2017-11-07 18:25:39,0,11/7/2017 18:25:39,2017-11-07,18,Tue
62930,6,1,13,459,2017-11-08 8:57:21,0,11/8/2017 8:57:21,2017-11-08,8,Wed
59199,2,1,8,377,2017-11-07 16:32:00,0,11/7/2017 16:32:00,2017-11-07,16,Tue
79925,3,1,19,280,2017-11-09 6:39:22,0,11/9/2017 6:39:22,2017-11-09,6,Thu
28237,2,1,19,477,2017-11-09 6:46:23,0,11/9/2017 6:46:23,2017-11-09,6,Thu
119531,26,1,13,477,2017-11-08 15:12:40,0,11/8/2017 15:12:40,2017-11-08,15,Wed
12840,15,1,13,315,2017-11-09 9:19:38,0,11/9/2017 9:19:38,2017-11-09,9,Thu
6330,3,2,19,153,2017-11-08 13:57:34,0,11/8/2017 13:57:34,2017-11-08,13,Wed
101250,2,1,13,205,2017-11-09 4:28:49,0,11/9/2017 4:28:49,2017-11-09,4,Thu
40028,3,1,22,480,2017-11-09 4:58:16,0,11/9/2017 4:58:16,2017-11-09,4,Thu
94874,11,1,8,325,2017-11-07 8:08:30,0,11/7/2017 8:08:30,2017-11-07,8,Tue
69135,12,1,8,140,2017-11-07 15:09:14,0,11/7/2017 15:09:14,2017-11-07,15,Tue
124384,3,1,17,280,2017-11-08 15:29:02,0,11/8/2017 15:29:02,2017-11-08,15,Wed
52024,3,1,19,153,2017-11-07 9:40:16,0,11/7/2017 9:40:16,2017-11-07,9,Tue
71687,36,1,19,110,2017-11-09 15:56:36,0,11/9/2017 15:56:36,2017-11-09,15,Thu
42851,3,1,18,442,2017-11-07 7:40:41,0,11/7/2017 7:40:41,2017-11-07,7,Tue
166201,15,1,18,430,2017-11-07 1:12:18,0,11/7/2017 1:12:18,2017-11-07,1,Tue
152307,2,1,15,219,2017-11-07 0:02:29,0,11/7/2017 0:02:29,2017-11-07,0,Tue
101074,9,2,55,258,2017-11-09 12:50:10,0,11/9/2017 12:50:10,2017-11-09,12,Thu
60735,9,1,20,244,2017-11-07 5:38:45,0,11/7/2017 5:38:45,2017-11-07,5,Tue
17149,9,1,13,450,2017-11-09 6:42:40,0,11/9/2017 6:42:40,2017-11-09,6,Thu
20116,2,1,13,477,2017-11-07 5:47:29,0,11/7/2017 5:47:29,2017-11-07,5,Tue
85321,11,1,20,122,2017-11-08 15:13:09,0,11/8/2017 15:13:09,2017-11-08,15,Wed
89960,3,1,6,137,2017-11-09 0:46:42,0,11/9/2017 0:46:42,2017-11-09,0,Thu
66177,26,1,15,266,2017-11-09 14:10:27,0,11/9/2017 14:10:27,2017-11-09,14,Thu
2254,3,1,13,173,2017-11-08 17:50:13,0,11/8/2017 17:50:13,2017-11-08,17,Wed
641,18,1,13,134,2017-11-09 5:07:19,0,11/9/2017 5:07:19,2017-11-09,5,Thu
231557,12,1,10,140,2017-11-08 6:31:01,0,11/8/2017 6:31:01,2017-11-08,6,Wed
121419,2,1,19,452,2017-11-06 16:39:26,0,11/6/2017 16:39:26,2017-11-06,16,Mon
83713,12,1,17,245,2017-11-08 11:55:39,0,11/8/2017 11:55:39,2017-11-08,11,Wed
6396,24,1,19,105,2017-11-08 11:31:47,0,11/8/2017 11:31:47,2017-11-08,11,Wed
55275,22,1,18,116,2017-11-07 5:04:18,0,11/7/2017 5:04:18,2017-11-07,5,Tue
119531,9,2,1,107,2017-11-09 11:54:26,0,11/9/2017 11:54:26,2017-11-09,11,Thu
35414,3,1,15,424,2017-11-08 6:33:02,0,11/8/2017 6:33:02,2017-11-08,6,Wed
74478,9,1,17,334,2017-11-09 10:14:59,0,11/9/2017 10:14:59,2017-11-09,10,Thu
64022,26,1,10,477,2017-11-09 9:27:12,0,11/9/2017 9:27:12,2017-11-09,9,Thu
237101,2,2,13,122,2017-11-08 4:51:50,0,11/8/2017 4:51:50,2017-11-08,4,Wed
83699,18,1,35,121,2017-11-08 8:29:34,0,11/8/2017 8:29:34,2017-11-08,8,Wed
63205,3,1,19,173,2017-11-08 0:57:15,0,11/8/2017 0:57:15,2017-11-08,0,Wed
35261,2,1,23,477,2017-11-09 6:35:22,0,11/9/2017 6:35:22,2017-11-09,6,Thu
343722,14,1,41,118,2017-11-09 12:15:57,0,11/9/2017 12:15:57,2017-11-09,12,Thu
114276,2,1,8,477,2017-11-07 6:36:53,0,11/7/2017 6:36:53,2017-11-07,6,Tue
4869,9,1,19,466,2017-11-09 15:53:17,0,11/9/2017 15:53:17,2017-11-09,15,Thu
6871,21,1,19,128,2017-11-08 0:20:58,0,11/8/2017 0:20:58,2017-11-08,0,Wed
92766,3,1,19,280,2017-11-08 15:41:55,0,11/8/2017 15:41:55,2017-11-08,15,Wed
65629,3,1,19,480,2017-11-08 9:42:07,0,11/8/2017 9:42:07,2017-11-08,9,Wed
92108,15,1,13,265,2017-11-07 13:41:57,0,11/7/2017 13:41:57,2017-11-07,13,Tue
123843,8,1,6,140,2017-11-09 11:42:04,0,11/9/2017 11:42:04,2017-11-09,11,Thu
22266,1,1,22,452,2017-11-09 4:46:41,0,11/9/2017 4:46:41,2017-11-09,4,Thu
23200,3,1,47,280,2017-11-09 6:00:08,0,11/9/2017 6:00:08,2017-11-09,6,Thu
105116,14,1,13,463,2017-11-08 4:09:25,0,11/8/2017 4:09:25,2017-11-08,4,Wed
52024,12,1,13,326,2017-11-07 10:24:11,0,11/7/2017 10:24:11,2017-11-07,10,Tue
41573,3,1,48,409,2017-11-08 14:11:19,0,11/8/2017 14:11:19,2017-11-08,14,Wed
71272,18,1,40,107,2017-11-08 5:48:51,0,11/8/2017 5:48:51,2017-11-08,5,Wed
99954,10,1,19,317,2017-11-08 4:55:55,0,11/8/2017 4:55:55,2017-11-08,4,Wed
86231,2,1,11,122,2017-11-07 7:44:01,0,11/7/2017 7:44:01,2017-11-07,7,Tue
338551,19,0,24,213,2017-11-09 14:48:33,0,11/9/2017 14:48:33,2017-11-09,14,Thu
123977,4,1,37,101,2017-11-08 2:29:06,0,11/8/2017 2:29:06,2017-11-08,2,Wed
82137,2,1,19,435,2017-11-07 2:48:33,0,11/7/2017 2:48:33,2017-11-07,2,Tue
108942,3,1,19,137,2017-11-08 14:02:46,0,11/8/2017 14:02:46,2017-11-08,14,Wed
42297,2,1,17,212,2017-11-07 14:24:12,0,11/7/2017 14:24:12,2017-11-07,14,Tue
3332,12,1,22,245,2017-11-08 14:22:00,0,11/8/2017 14:22:00,2017-11-08,14,Wed
351763,18,1,8,134,2017-11-09 2:26:42,0,11/9/2017 2:26:42,2017-11-09,2,Thu
106437,12,1,23,259,2017-11-09 7:19:06,0,11/9/2017 7:19:06,2017-11-09,7,Thu
336720,12,1,19,19,2017-11-09 3:41:42,0,11/9/2017 3:41:42,2017-11-09,3,Thu
238978,12,1,25,178,2017-11-08 23:58:58,0,11/8/2017 23:58:58,2017-11-08,23,Wed
17149,9,2,17,442,2017-11-08 14:16:17,0,11/8/2017 14:16:17,2017-11-08,14,Wed
58982,2,1,30,236,2017-11-09 2:50:49,0,11/9/2017 2:50:49,2017-11-09,2,Thu
62616,14,1,12,379,2017-11-06 18:53:55,0,11/6/2017 18:53:55,2017-11-06,18,Mon
80446,9,1,19,258,2017-11-08 23:00:50,0,11/8/2017 23:00:50,2017-11-08,23,Wed
16453,25,2,9,259,2017-11-07 12:04:12,0,11/7/2017 12:04:12,2017-11-07,12,Tue
26995,18,1,49,107,2017-11-09 7:00:15,0,11/9/2017 7:00:15,2017-11-09,7,Thu
33841,3,1,17,137,2017-11-08 0:28:05,0,11/8/2017 0:28:05,2017-11-08,0,Wed
37118,9,1,13,258,2017-11-08 17:17:27,0,11/8/2017 17:17:27,2017-11-08,17,Wed
45745,9,1,6,466,2017-11-08 13:04:38,0,11/8/2017 13:04:38,2017-11-08,13,Wed
134074,19,0,0,213,2017-11-07 15:33:23,0,11/7/2017 15:33:23,2017-11-07,15,Tue
155347,18,1,9,107,2017-11-07 2:44:48,0,11/7/2017 2:44:48,2017-11-07,2,Tue
65762,13,1,19,477,2017-11-07 20:12:16,0,11/7/2017 20:12:16,2017-11-07,20,Tue
104569,6,1,13,459,2017-11-06 22:42:58,0,11/6/2017 22:42:58,2017-11-06,22,Mon
83087,3,1,19,466,2017-11-08 23:24:57,0,11/8/2017 23:24:57,2017-11-08,23,Wed
72346,15,1,19,140,2017-11-08 2:10:33,0,11/8/2017 2:10:33,2017-11-08,2,Wed
43833,9,1,19,322,2017-11-09 15:15:28,0,11/9/2017 15:15:28,2017-11-09,15,Thu
55032,15,1,36,245,2017-11-07 18:55:15,0,11/7/2017 18:55:15,2017-11-07,18,Tue
115586,3,1,19,280,2017-11-08 13:52:17,0,11/8/2017 13:52:17,2017-11-08,13,Wed
84819,21,1,13,128,2017-11-07 4:12:03,0,11/7/2017 4:12:03,2017-11-07,4,Tue
185146,9,1,22,489,2017-11-08 6:57:51,0,11/8/2017 6:57:51,2017-11-08,6,Wed
91611,19,0,0,213,2017-11-08 15:52:12,0,11/8/2017 15:52:12,2017-11-08,15,Wed
27038,9,1,10,466,2017-11-08 7:26:48,0,11/8/2017 7:26:48,2017-11-08,7,Wed
149790,18,1,10,107,2017-11-09 4:35:57,0,11/9/2017 4:35:57,2017-11-09,4,Thu
119818,15,1,13,430,2017-11-09 10:46:12,0,11/9/2017 10:46:12,2017-11-09,10,Thu
118146,9,1,18,466,2017-11-08 1:42:41,0,11/8/2017 1:42:41,2017-11-08,1,Wed
18058,3,1,16,452,2017-11-08 8:44:12,0,11/8/2017 8:44:12,2017-11-08,8,Wed
27445,8,1,20,145,2017-11-07 15:48:05,0,11/7/2017 15:48:05,2017-11-07,15,Tue
242383,20,1,13,259,2017-11-08 13:14:58,0,11/8/2017 13:14:58,2017-11-08,13,Wed
6908,18,1,19,439,2017-11-09 8:22:58,0,11/9/2017 8:22:58,2017-11-09,8,Thu
39075,14,1,13,463,2017-11-07 7:59:58,0,11/7/2017 7:59:58,2017-11-07,7,Tue
149367,9,1,12,215,2017-11-06 22:44:20,0,11/6/2017 22:44:20,2017-11-06,22,Mon
43322,3,1,19,280,2017-11-07 8:08:17,0,11/7/2017 8:08:17,2017-11-07,8,Tue
112302,2,2,10,477,2017-11-09 7:49:53,0,11/9/2017 7:49:53,2017-11-09,7,Thu
12524,14,1,17,208,2017-11-08 1:06:20,0,11/8/2017 1:06:20,2017-11-08,1,Wed
85625,9,1,19,466,2017-11-08 18:04:30,0,11/8/2017 18:04:30,2017-11-08,18,Wed
109425,6,1,19,459,2017-11-07 3:04:11,0,11/7/2017 3:04:11,2017-11-07,3,Tue
127181,21,1,19,128,2017-11-06 17:00:27,0,11/6/2017 17:00:27,2017-11-06,17,Mon
88186,14,1,13,371,2017-11-08 0:25:25,0,11/8/2017 0:25:25,2017-11-08,0,Wed
348142,9,2,19,244,2017-11-09 13:59:59,0,11/9/2017 13:59:59,2017-11-09,13,Thu
154226,21,1,13,128,2017-11-08 4:13:00,0,11/8/2017 4:13:00,2017-11-08,4,Wed
147957,27,1,19,153,2017-11-07 13:26:44,0,11/7/2017 13:26:44,2017-11-07,13,Tue
124128,3,1,35,19,2017-11-08 11:08:56,0,11/8/2017 11:08:56,2017-11-08,11,Wed
83472,3,1,6,280,2017-11-07 4:34:18,0,11/7/2017 4:34:18,2017-11-07,4,Tue
121039,24,1,19,105,2017-11-07 16:43:52,0,11/7/2017 16:43:52,2017-11-07,16,Tue
77869,9,1,19,232,2017-11-09 15:56:56,0,11/9/2017 15:56:56,2017-11-09,15,Thu
70404,14,1,13,480,2017-11-08 22:40:41,0,11/8/2017 22:40:41,2017-11-08,22,Wed
14737,18,1,17,134,2017-11-08 13:02:22,0,11/8/2017 13:02:22,2017-11-08,13,Wed
120503,12,1,10,245,2017-11-07 5:17:50,0,11/7/2017 5:17:50,2017-11-07,5,Tue
207815,18,1,20,107,2017-11-08 7:54:23,0,11/8/2017 7:54:23,2017-11-08,7,Wed
165542,9,1,19,466,2017-11-09 0:27:16,0,11/9/2017 0:27:16,2017-11-09,0,Thu
11607,1,2,2,153,2017-11-08 14:45:19,0,11/8/2017 14:45:19,2017-11-08,14,Wed
26990,18,1,31,439,2017-11-07 0:22:44,0,11/7/2017 0:22:44,2017-11-07,0,Tue
83045,2,1,15,237,2017-11-08 0:29:18,0,11/8/2017 0:29:18,2017-11-08,0,Wed
121561,9,1,13,244,2017-11-09 9:09:35,0,11/9/2017 9:09:35,2017-11-09,9,Thu
35929,15,1,19,245,2017-11-09 3:07:37,0,11/9/2017 3:07:37,2017-11-09,3,Thu
26814,3,1,18,280,2017-11-08 13:14:14,0,11/8/2017 13:14:14,2017-11-08,13,Wed
69886,12,1,6,265,2017-11-06 17:19:46,0,11/6/2017 17:19:46,2017-11-06,17,Mon
59182,15,1,22,265,2017-11-07 4:32:54,0,11/7/2017 4:32:54,2017-11-07,4,Tue
50168,18,1,27,107,2017-11-07 4:44:18,0,11/7/2017 4:44:18,2017-11-07,4,Tue
106537,2,1,13,477,2017-11-08 19:11:41,0,11/8/2017 19:11:41,2017-11-08,19,Wed
115407,21,1,9,232,2017-11-09 9:21:55,0,11/9/2017 9:21:55,2017-11-09,9,Thu
36286,2,1,41,377,2017-11-09 1:15:37,0,11/9/2017 1:15:37,2017-11-09,1,Thu
25289,21,1,25,128,2017-11-09 6:51:39,0,11/9/2017 6:51:39,2017-11-09,6,Thu
92227,12,1,13,105,2017-11-07 14:29:33,0,11/7/2017 14:29:33,2017-11-07,14,Tue
101818,11,1,19,137,2017-11-09 4:53:45,0,11/9/2017 4:53:45,2017-11-09,4,Thu
75912,3,1,19,130,2017-11-09 15:02:36,0,11/9/2017 15:02:36,2017-11-09,15,Thu
83824,3,1,13,130,2017-11-08 12:46:12,0,11/8/2017 12:46:12,2017-11-08,12,Wed
1268,15,1,13,245,2017-11-08 19:56:40,0,11/8/2017 19:56:40,2017-11-08,19,Wed
121278,21,1,19,128,2017-11-09 14:28:34,0,11/9/2017 14:28:34,2017-11-09,14,Thu
191817,18,1,19,107,2017-11-07 5:17:28,0,11/7/2017 5:17:28,2017-11-07,5,Tue
315991,3,1,13,280,2017-11-09 3:04:45,0,11/9/2017 3:04:45,2017-11-09,3,Thu
132538,2,1,13,477,2017-11-07 1:52:46,0,11/7/2017 1:52:46,2017-11-07,1,Tue
118469,9,1,13,134,2017-11-07 0:28:28,0,11/7/2017 0:28:28,2017-11-07,0,Tue
73487,18,1,9,107,2017-11-08 8:15:50,0,11/8/2017 8:15:50,2017-11-08,8,Wed
69710,3,1,25,280,2017-11-08 6:17:39,0,11/8/2017 6:17:39,2017-11-08,6,Wed
105475,2,1,18,477,2017-11-07 17:36:05,0,11/7/2017 17:36:05,2017-11-07,17,Tue
23733,1,1,19,124,2017-11-09 12:23:09,0,11/9/2017 12:23:09,2017-11-09,12,Thu
26204,2,1,17,122,2017-11-09 3:28:30,0,11/9/2017 3:28:30,2017-11-09,3,Thu
89210,1,1,17,153,2017-11-07 3:07:59,0,11/7/2017 3:07:59,2017-11-07,3,Tue
133825,2,1,17,243,2017-11-06 20:48:51,0,11/6/2017 20:48:51,2017-11-06,20,Mon
43167,18,1,27,107,2017-11-09 7:11:09,0,11/9/2017 7:11:09,2017-11-09,7,Thu
6481,15,1,17,111,2017-11-06 17:03:45,0,11/6/2017 17:03:45,2017-11-06,17,Mon
90782,13,1,16,469,2017-11-07 6:56:12,0,11/7/2017 6:56:12,2017-11-07,6,Tue
48170,2,1,13,237,2017-11-09 13:00:51,0,11/9/2017 13:00:51,2017-11-09,13,Thu
27782,15,1,16,412,2017-11-08 0:20:10,0,11/8/2017 0:20:10,2017-11-08,0,Wed
53964,9,1,13,215,2017-11-07 9:19:30,0,11/7/2017 9:19:30,2017-11-07,9,Tue
182483,12,1,13,259,2017-11-07 13:04:59,0,11/7/2017 13:04:59,2017-11-07,13,Tue
121163,9,1,22,442,2017-11-09 14:35:36,0,11/9/2017 14:35:36,2017-11-09,14,Thu
206498,9,1,10,448,2017-11-09 4:06:30,0,11/9/2017 4:06:30,2017-11-09,4,Thu
22189,2,1,36,364,2017-11-08 16:11:17,0,11/8/2017 16:11:17,2017-11-08,16,Wed
99150,12,1,3,205,2017-11-09 13:13:59,0,11/9/2017 13:13:59,2017-11-09,13,Thu
42726,14,1,35,379,2017-11-09 1:13:47,0,11/9/2017 1:13:47,2017-11-09,1,Thu
78881,3,1,17,489,2017-11-06 21:19:29,0,11/6/2017 21:19:29,2017-11-06,21,Mon
84635,12,1,13,259,2017-11-06 20:07:47,0,11/6/2017 20:07:47,2017-11-06,20,Mon
121419,12,1,19,265,2017-11-09 15:30:54,0,11/9/2017 15:30:54,2017-11-09,15,Thu
110354,21,2,37,232,2017-11-08 22:29:48,0,11/8/2017 22:29:48,2017-11-08,22,Wed
8179,13,1,53,477,2017-11-06 17:43:55,0,11/6/2017 17:43:55,2017-11-06,17,Mon
40045,12,1,8,328,2017-11-07 5:41:00,0,11/7/2017 5:41:00,2017-11-07,5,Tue
285017,3,2,9,442,2017-11-07 18:26:04,0,11/7/2017 18:26:04,2017-11-07,18,Tue
74324,11,1,16,481,2017-11-06 18:04:33,0,11/6/2017 18:04:33,2017-11-06,18,Mon
112295,19,0,24,213,2017-11-07 8:09:42,1,11/7/2017 8:09:42,2017-11-07,8,Tue
41277,3,1,19,480,2017-11-08 8:03:04,0,11/8/2017 8:03:04,2017-11-08,8,Wed
80926,14,1,19,442,2017-11-08 23:41:10,0,11/8/2017 23:41:10,2017-11-08,23,Wed
75177,2,1,41,435,2017-11-09 6:53:07,0,11/9/2017 6:53:07,2017-11-09,6,Thu
31055,3,1,13,115,2017-11-08 4:33:06,0,11/8/2017 4:33:06,2017-11-08,4,Wed
56863,3,1,37,280,2017-11-07 8:10:41,0,11/7/2017 8:10:41,2017-11-07,8,Tue
63994,3,1,19,489,2017-11-08 7:58:36,0,11/8/2017 7:58:36,2017-11-08,7,Wed
69266,18,1,19,121,2017-11-07 17:54:07,0,11/7/2017 17:54:07,2017-11-07,17,Tue
167200,12,1,32,140,2017-11-06 21:00:11,0,11/6/2017 21:00:11,2017-11-06,21,Mon
106537,9,1,41,334,2017-11-07 14:04:42,0,11/7/2017 14:04:42,2017-11-07,14,Tue
27751,13,1,16,477,2017-11-07 15:39:36,0,11/7/2017 15:39:36,2017-11-07,15,Tue
105603,2,1,16,205,2017-11-08 14:08:24,0,11/8/2017 14:08:24,2017-11-08,14,Wed
66948,12,1,41,265,2017-11-08 13:34:22,0,11/8/2017 13:34:22,2017-11-08,13,Wed
92993,26,1,23,477,2017-11-08 11:30:46,0,11/8/2017 11:30:46,2017-11-08,11,Wed
109425,18,1,18,107,2017-11-09 11:34:05,0,11/9/2017 11:34:05,2017-11-09,11,Thu
226237,12,1,13,245,2017-11-07 18:24:01,0,11/7/2017 18:24:01,2017-11-07,18,Tue
198160,26,1,22,477,2017-11-09 9:42:33,0,11/9/2017 9:42:33,2017-11-09,9,Thu
16426,12,1,41,265,2017-11-09 2:49:05,0,11/9/2017 2:49:05,2017-11-09,2,Thu
118229,3,1,22,402,2017-11-07 10:21:29,0,11/7/2017 10:21:29,2017-11-07,10,Tue
50489,9,1,25,232,2017-11-07 11:55:57,0,11/7/2017 11:55:57,2017-11-07,11,Tue
35841,8,1,13,145,2017-11-06 23:52:06,0,11/6/2017 23:52:06,2017-11-06,23,Mon
120299,183,3543,748,347,2017-11-08 14:47:01,0,11/8/2017 14:47:01,2017-11-08,14,Wed
114276,18,1,17,107,2017-11-09 5:46:17,0,11/9/2017 5:46:17,2017-11-09,5,Thu
73516,12,1,35,326,2017-11-08 1:32:04,0,11/8/2017 1:32:04,2017-11-08,1,Wed
162981,18,1,19,439,2017-11-06 16:21:04,0,11/6/2017 16:21:04,2017-11-06,16,Mon
207864,12,1,49,481,2017-11-07 1:10:04,0,11/7/2017 1:10:04,2017-11-07,1,Tue
38219,18,1,17,134,2017-11-09 2:39:36,0,11/9/2017 2:39:36,2017-11-09,2,Thu
120413,3,1,28,280,2017-11-07 4:43:33,0,11/7/2017 4:43:33,2017-11-07,4,Tue
125004,2,1,19,477,2017-11-08 3:39:09,0,11/8/2017 3:39:09,2017-11-08,3,Wed
57276,12,1,10,340,2017-11-08 14:50:03,0,11/8/2017 14:50:03,2017-11-08,14,Wed
118728,2,1,10,477,2017-11-07 9:20:21,0,11/7/2017 9:20:21,2017-11-07,9,Tue
76745,11,1,47,487,2017-11-08 18:09:03,0,11/8/2017 18:09:03,2017-11-08,18,Wed
109630,22,1,36,116,2017-11-07 7:33:37,0,11/7/2017 7:33:37,2017-11-07,7,Tue
69395,12,1,13,259,2017-11-08 11:25:44,0,11/8/2017 11:25:44,2017-11-08,11,Wed
220589,1,1,10,124,2017-11-09 3:31:23,0,11/9/2017 3:31:23,2017-11-09,3,Thu
64756,32,1,8,376,2017-11-08 11:49:05,0,11/8/2017 11:49:05,2017-11-08,11,Wed
111668,3,1,19,205,2017-11-07 13:04:42,0,11/7/2017 13:04:42,2017-11-07,13,Tue
96030,9,1,10,215,2017-11-08 6:22:34,0,11/8/2017 6:22:34,2017-11-08,6,Wed
27045,24,1,27,178,2017-11-09 3:16:15,0,11/9/2017 3:16:15,2017-11-09,3,Thu
81699,2,1,23,236,2017-11-09 5:09:18,0,11/9/2017 5:09:18,2017-11-09,5,Thu
195270,12,1,41,424,2017-11-07 5:14:10,0,11/7/2017 5:14:10,2017-11-07,5,Tue
35046,12,1,19,178,2017-11-07 10:02:07,0,11/7/2017 10:02:07,2017-11-07,10,Tue
103276,64,1,15,459,2017-11-07 14:28:26,0,11/7/2017 14:28:26,2017-11-07,14,Tue
111025,15,1,13,140,2017-11-09 10:46:13,0,11/9/2017 10:46:13,2017-11-09,10,Thu
90053,18,1,13,107,2017-11-09 15:44:11,0,11/9/2017 15:44:11,2017-11-09,15,Thu
75177,11,1,17,219,2017-11-07 10:50:21,0,11/7/2017 10:50:21,2017-11-07,10,Tue
40067,20,1,13,259,2017-11-08 19:28:13,0,11/8/2017 19:28:13,2017-11-08,19,Wed
114904,2,1,6,477,2017-11-07 5:34:01,0,11/7/2017 5:34:01,2017-11-07,5,Tue
20989,3,1,18,280,2017-11-09 5:54:53,0,11/9/2017 5:54:53,2017-11-09,5,Thu
78426,3,1,20,379,2017-11-08 9:16:43,0,11/8/2017 9:16:43,2017-11-08,9,Wed
135939,3,1,19,280,2017-11-07 5:33:52,0,11/7/2017 5:33:52,2017-11-07,5,Tue
20528,9,1,19,334,2017-11-08 8:08:05,0,11/8/2017 8:08:05,2017-11-08,8,Wed
60752,28,1,19,135,2017-11-09 12:12:52,0,11/9/2017 12:12:52,2017-11-09,12,Thu
61400,18,1,37,107,2017-11-09 12:06:15,0,11/9/2017 12:06:15,2017-11-09,12,Thu
151800,12,1,22,265,2017-11-08 8:59:11,0,11/8/2017 8:59:11,2017-11-08,8,Wed
81082,3,1,20,280,2017-11-09 6:08:55,0,11/9/2017 6:08:55,2017-11-09,6,Thu
32238,14,1,13,446,2017-11-09 13:56:28,0,11/9/2017 13:56:28,2017-11-09,13,Thu
6641,8,1,40,145,2017-11-07 17:23:45,0,11/7/2017 17:23:45,2017-11-07,17,Tue
31065,2,1,15,237,2017-11-08 2:56:31,0,11/8/2017 2:56:31,2017-11-08,2,Wed
44673,3,1,13,417,2017-11-08 6:36:34,0,11/8/2017 6:36:34,2017-11-08,6,Wed
19170,23,1,19,153,2017-11-07 19:08:12,0,11/7/2017 19:08:12,2017-11-07,19,Tue
92904,2,1,17,469,2017-11-08 17:40:44,0,11/8/2017 17:40:44,2017-11-08,17,Wed
66576,55,1,19,453,2017-11-07 2:58:14,0,11/7/2017 2:58:14,2017-11-07,2,Tue
29300,22,1,16,116,2017-11-08 6:05:20,0,11/8/2017 6:05:20,2017-11-08,6,Wed
100186,18,1,37,121,2017-11-09 6:59:34,0,11/9/2017 6:59:34,2017-11-09,6,Thu
79214,18,1,18,134,2017-11-09 10:28:42,0,11/9/2017 10:28:42,2017-11-09,10,Thu
93523,18,1,22,439,2017-11-09 5:35:51,0,11/9/2017 5:35:51,2017-11-09,5,Thu
12505,2,1,17,205,2017-11-07 14:10:37,0,11/7/2017 14:10:37,2017-11-07,14,Tue
120709,18,1,19,107,2017-11-08 13:26:27,0,11/8/2017 13:26:27,2017-11-08,13,Wed
105560,18,1,27,134,2017-11-07 7:48:21,0,11/7/2017 7:48:21,2017-11-07,7,Tue
177760,12,1,12,205,2017-11-08 9:30:18,0,11/8/2017 9:30:18,2017-11-08,9,Wed
182367,2,1,13,469,2017-11-07 23:50:18,0,11/7/2017 23:50:18,2017-11-07,23,Tue
107335,12,1,8,140,2017-11-09 9:11:46,0,11/9/2017 9:11:46,2017-11-09,9,Thu
55840,3,1,22,379,2017-11-07 17:24:53,0,11/7/2017 17:24:53,2017-11-07,17,Tue
42447,3,1,20,409,2017-11-06 17:59:28,0,11/6/2017 17:59:28,2017-11-06,17,Mon
39368,3,1,19,280,2017-11-08 2:27:29,0,11/8/2017 2:27:29,2017-11-08,2,Wed
159971,12,1,19,219,2017-11-07 5:05:59,0,11/7/2017 5:05:59,2017-11-07,5,Tue
35973,14,1,17,113,2017-11-09 7:29:26,0,11/9/2017 7:29:26,2017-11-09,7,Thu
34911,9,1,19,258,2017-11-07 0:34:51,0,11/7/2017 0:34:51,2017-11-07,0,Tue
105534,2,1,13,205,2017-11-07 0:22:46,0,11/7/2017 0:22:46,2017-11-07,0,Tue
48615,3,1,17,115,2017-11-09 6:43:40,0,11/9/2017 6:43:40,2017-11-09,6,Thu
79827,1,1,6,153,2017-11-08 10:09:57,0,11/8/2017 10:09:57,2017-11-08,10,Wed
34189,8,1,15,145,2017-11-09 9:03:58,0,11/9/2017 9:03:58,2017-11-09,9,Thu
71388,18,1,13,107,2017-11-07 0:32:13,0,11/7/2017 0:32:13,2017-11-07,0,Tue
59125,2,1,13,205,2017-11-07 16:10:05,0,11/7/2017 16:10:05,2017-11-07,16,Tue
104705,13,1,13,477,2017-11-07 5:44:49,0,11/7/2017 5:44:49,2017-11-07,5,Tue
40179,9,1,20,466,2017-11-09 15:59:44,0,11/9/2017 15:59:44,2017-11-09,15,Thu
33143,18,1,22,439,2017-11-07 4:47:17,0,11/7/2017 4:47:17,2017-11-07,4,Tue
91310,3,1,19,379,2017-11-08 11:50:24,0,11/8/2017 11:50:24,2017-11-08,11,Wed
73555,9,2,19,466,2017-11-09 3:29:55,0,11/9/2017 3:29:55,2017-11-09,3,Thu
105215,9,1,13,244,2017-11-07 20:48:28,0,11/7/2017 20:48:28,2017-11-07,20,Tue
93263,2,2,65,205,2017-11-09 9:23:16,0,11/9/2017 9:23:16,2017-11-09,9,Thu
28131,15,1,13,245,2017-11-07 16:10:06,0,11/7/2017 16:10:06,2017-11-07,16,Tue
40329,2,1,19,452,2017-11-08 9:02:44,0,11/8/2017 9:02:44,2017-11-08,9,Wed
139511,15,1,19,480,2017-11-07 0:37:41,0,11/7/2017 0:37:41,2017-11-07,0,Tue
202750,3,1,18,115,2017-11-08 3:40:45,0,11/8/2017 3:40:45,2017-11-08,3,Wed
168869,15,1,19,480,2017-11-08 8:32:00,0,11/8/2017 8:32:00,2017-11-08,8,Wed
60271,12,1,19,245,2017-11-08 6:48:56,0,11/8/2017 6:48:56,2017-11-08,6,Wed
38527,21,1,11,128,2017-11-08 0:21:02,0,11/8/2017 0:21:02,2017-11-08,0,Wed
145970,15,1,17,140,2017-11-08 9:02:46,0,11/8/2017 9:02:46,2017-11-08,9,Wed
162208,2,1,13,236,2017-11-08 8:34:54,0,11/8/2017 8:34:54,2017-11-08,8,Wed
121239,12,1,20,328,2017-11-08 14:51:43,0,11/8/2017 14:51:43,2017-11-08,14,Wed
37774,12,1,19,259,2017-11-07 8:13:55,0,11/7/2017 8:13:55,2017-11-07,8,Tue
112014,2,1,19,469,2017-11-07 8:50:26,0,11/7/2017 8:50:26,2017-11-07,8,Tue
201182,2,1,25,477,2017-11-07 3:37:44,0,11/7/2017 3:37:44,2017-11-07,3,Tue
95766,12,2,19,265,2017-11-09 0:06:01,0,11/9/2017 0:06:01,2017-11-09,0,Thu
94521,12,1,19,124,2017-11-08 20:05:58,0,11/8/2017 20:05:58,2017-11-08,20,Wed
75856,12,1,13,178,2017-11-07 9:44:13,0,11/7/2017 9:44:13,2017-11-07,9,Tue
76473,23,1,17,153,2017-11-08 3:41:59,0,11/8/2017 3:41:59,2017-11-08,3,Wed
55830,24,1,19,105,2017-11-06 18:31:15,0,11/6/2017 18:31:15,2017-11-06,18,Mon
95766,6,1,19,459,2017-11-08 3:28:17,0,11/8/2017 3:28:17,2017-11-08,3,Wed
160345,2,1,13,377,2017-11-07 10:14:40,0,11/7/2017 10:14:40,2017-11-07,10,Tue
103036,15,1,6,3,2017-11-09 13:20:38,0,11/9/2017 13:20:38,2017-11-09,13,Thu
176863,12,1,19,178,2017-11-08 7:15:14,0,11/8/2017 7:15:14,2017-11-08,7,Wed
67694,47,1,22,484,2017-11-09 10:56:15,0,11/9/2017 10:56:15,2017-11-09,10,Thu
73516,9,1,19,234,2017-11-07 16:07:00,0,11/7/2017 16:07:00,2017-11-07,16,Tue
48251,12,1,19,340,2017-11-09 2:03:54,0,11/9/2017 2:03:54,2017-11-09,2,Thu
46266,20,2,18,259,2017-11-08 23:17:48,0,11/8/2017 23:17:48,2017-11-08,23,Wed
107798,18,3543,748,107,2017-11-07 17:02:57,0,11/7/2017 17:02:57,2017-11-07,17,Tue
164132,18,1,13,121,2017-11-06 23:23:32,0,11/6/2017 23:23:32,2017-11-06,23,Mon
88281,3,1,2,113,2017-11-09 10:47:10,0,11/9/2017 10:47:10,2017-11-09,10,Thu
181458,12,1,16,259,2017-11-09 10:52:45,0,11/9/2017 10:52:45,2017-11-09,10,Thu
41471,12,1,19,245,2017-11-06 16:16:58,0,11/6/2017 16:16:58,2017-11-06,16,Mon
7754,3,1,13,466,2017-11-08 8:52:56,0,11/8/2017 8:52:56,2017-11-08,8,Wed
100275,18,1,35,107,2017-11-07 13:56:45,0,11/7/2017 13:56:45,2017-11-07,13,Tue
73516,12,1,13,326,2017-11-07 13:41:31,0,11/7/2017 13:41:31,2017-11-07,13,Tue
23398,9,1,10,334,2017-11-07 19:32:18,0,11/7/2017 19:32:18,2017-11-07,19,Tue
91166,12,1,36,212,2017-11-09 12:54:13,0,11/9/2017 12:54:13,2017-11-09,12,Thu
178851,13,1,3,400,2017-11-07 10:00:09,0,11/7/2017 10:00:09,2017-11-07,10,Tue
105654,6,2,19,459,2017-11-07 14:51:00,0,11/7/2017 14:51:00,2017-11-07,14,Tue
138585,2,1,25,377,2017-11-08 10:19:10,0,11/8/2017 10:19:10,2017-11-08,10,Wed
105649,12,2,4,145,2017-11-07 16:00:05,0,11/7/2017 16:00:05,2017-11-07,16,Tue
3964,3,1,13,135,2017-11-07 14:45:31,0,11/7/2017 14:45:31,2017-11-07,14,Tue
103147,3,1,19,280,2017-11-07 3:51:47,0,11/7/2017 3:51:47,2017-11-07,3,Tue
37556,6,1,20,125,2017-11-07 2:36:53,0,11/7/2017 2:36:53,2017-11-07,2,Tue
128221,13,1,19,477,2017-11-07 2:50:04,0,11/7/2017 2:50:04,2017-11-07,2,Tue
36613,9,1,19,215,2017-11-08 2:17:26,0,11/8/2017 2:17:26,2017-11-08,2,Wed
69550,2,1,19,236,2017-11-07 10:57:53,0,11/7/2017 10:57:53,2017-11-07,10,Tue
103351,2,1,19,477,2017-11-07 1:17:33,0,11/7/2017 1:17:33,2017-11-07,1,Tue
100161,2,1,17,317,2017-11-08 10:39:55,0,11/8/2017 10:39:55,2017-11-08,10,Wed
291772,2,1,19,219,2017-11-08 23:30:46,0,11/8/2017 23:30:46,2017-11-08,23,Wed
135306,15,1,19,245,2017-11-08 3:40:22,0,11/8/2017 3:40:22,2017-11-08,3,Wed
95366,2,1,6,477,2017-11-09 5:25:48,0,11/9/2017 5:25:48,2017-11-09,5,Thu
124446,21,1,13,128,2017-11-09 9:26:59,0,11/9/2017 9:26:59,2017-11-09,9,Thu
44164,2,1,27,469,2017-11-08 13:52:09,0,11/8/2017 13:52:09,2017-11-08,13,Wed
145896,26,1,13,266,2017-11-07 15:20:50,0,11/7/2017 15:20:50,2017-11-07,15,Tue
66276,2,1,23,122,2017-11-08 23:30:41,0,11/8/2017 23:30:41,2017-11-08,23,Wed
164557,14,1,18,123,2017-11-07 13:39:01,0,11/7/2017 13:39:01,2017-11-07,13,Tue
37490,12,1,9,259,2017-11-08 6:15:33,0,11/8/2017 6:15:33,2017-11-08,6,Wed
9073,3,1,19,442,2017-11-09 9:46:35,0,11/9/2017 9:46:35,2017-11-09,9,Thu
40710,1,1,19,115,2017-11-08 6:03:18,0,11/8/2017 6:03:18,2017-11-08,6,Wed
21336,18,1,37,134,2017-11-08 4:21:30,0,11/8/2017 4:21:30,2017-11-08,4,Wed
170208,2,1,22,435,2017-11-08 0:20:20,0,11/8/2017 0:20:20,2017-11-08,0,Wed
93289,12,1,13,178,2017-11-07 11:08:41,0,11/7/2017 11:08:41,2017-11-07,11,Tue
32765,3,1,19,442,2017-11-07 3:30:21,0,11/7/2017 3:30:21,2017-11-07,3,Tue
18753,26,1,13,477,2017-11-08 13:43:05,0,11/8/2017 13:43:05,2017-11-08,13,Wed
41963,2,1,13,236,2017-11-07 10:07:14,0,11/7/2017 10:07:14,2017-11-07,10,Tue
59951,21,1,13,128,2017-11-09 10:36:12,0,11/9/2017 10:36:12,2017-11-09,10,Thu
61348,9,1,20,258,2017-11-07 16:01:12,0,11/7/2017 16:01:12,2017-11-07,16,Tue
121806,2,1,8,236,2017-11-07 8:56:49,0,11/7/2017 8:56:49,2017-11-07,8,Tue
25071,12,1,13,245,2017-11-08 5:03:00,0,11/8/2017 5:03:00,2017-11-08,5,Wed
51936,3,1,37,280,2017-11-09 0:06:01,0,11/9/2017 0:06:01,2017-11-09,0,Thu
47162,3,1,19,280,2017-11-07 9:32:28,0,11/7/2017 9:32:28,2017-11-07,9,Tue
112418,10,1,18,317,2017-11-08 0:19:43,0,11/8/2017 0:19:43,2017-11-08,0,Wed
106929,26,1,16,121,2017-11-08 17:08:16,0,11/8/2017 17:08:16,2017-11-08,17,Wed
66948,2,1,17,435,2017-11-07 13:33:40,0,11/7/2017 13:33:40,2017-11-07,13,Tue
100393,14,1,15,463,2017-11-07 13:54:32,0,11/7/2017 13:54:32,2017-11-07,13,Tue
57803,8,1,19,145,2017-11-07 23:52:26,0,11/7/2017 23:52:26,2017-11-07,23,Tue
213150,3,1,19,280,2017-11-08 3:15:35,0,11/8/2017 3:15:35,2017-11-08,3,Wed
9400,8,1,13,145,2017-11-09 7:03:02,0,11/9/2017 7:03:02,2017-11-09,7,Thu
15431,3,1,19,280,2017-11-07 13:20:08,0,11/7/2017 13:20:08,2017-11-07,13,Tue
5348,13,1,17,477,2017-11-08 10:29:47,0,11/8/2017 10:29:47,2017-11-08,10,Wed
125175,15,1,19,245,2017-11-08 5:24:54,0,11/8/2017 5:24:54,2017-11-08,5,Wed
50883,26,1,11,121,2017-11-07 22:22:22,0,11/7/2017 22:22:22,2017-11-07,22,Tue
29533,3,1,22,442,2017-11-09 11:03:20,0,11/9/2017 11:03:20,2017-11-09,11,Thu
89345,8,1,13,145,2017-11-07 8:05:19,0,11/7/2017 8:05:19,2017-11-07,8,Tue
38380,3,1,13,379,2017-11-08 5:41:55,0,11/8/2017 5:41:55,2017-11-08,5,Wed
106200,9,1,1,334,2017-11-07 0:39:43,0,11/7/2017 0:39:43,2017-11-07,0,Tue
39018,12,1,47,265,2017-11-07 11:35:24,0,11/7/2017 11:35:24,2017-11-07,11,Tue
92727,64,1,15,459,2017-11-08 12:03:59,0,11/8/2017 12:03:59,2017-11-08,12,Wed
37972,535,3032,607,347,2017-11-07 2:42:56,0,11/7/2017 2:42:56,2017-11-07,2,Tue
286608,9,1,13,134,2017-11-07 23:16:35,0,11/7/2017 23:16:35,2017-11-07,23,Tue
75422,3,1,9,130,2017-11-09 15:52:08,0,11/9/2017 15:52:08,2017-11-09,15,Thu
39338,3,1,8,280,2017-11-08 9:10:32,0,11/8/2017 9:10:32,2017-11-08,9,Wed
37503,9,1,19,334,2017-11-09 8:40:46,0,11/9/2017 8:40:46,2017-11-09,8,Thu
121368,3,1,10,280,2017-11-08 9:00:20,0,11/8/2017 9:00:20,2017-11-08,9,Wed
56166,14,1,9,463,2017-11-08 4:28:39,0,11/8/2017 4:28:39,2017-11-08,4,Wed
353225,1,1,15,213,2017-11-09 5:01:51,0,11/9/2017 5:01:51,2017-11-09,5,Thu
58453,2,1,12,243,2017-11-08 1:53:01,0,11/8/2017 1:53:01,2017-11-08,1,Wed
74013,12,1,19,409,2017-11-09 6:12:54,0,11/9/2017 6:12:54,2017-11-09,6,Thu
182286,26,1,47,477,2017-11-09 8:51:00,0,11/9/2017 8:51:00,2017-11-09,8,Thu
95946,12,1,31,259,2017-11-07 5:22:28,0,11/7/2017 5:22:28,2017-11-07,5,Tue
32226,2,1,15,258,2017-11-08 7:08:37,0,11/8/2017 7:08:37,2017-11-08,7,Wed
119289,14,1,9,463,2017-11-06 22:45:23,0,11/6/2017 22:45:23,2017-11-06,22,Mon
96105,12,1,20,178,2017-11-08 11:00:12,0,11/8/2017 11:00:12,2017-11-08,11,Wed
871,22,1,19,116,2017-11-08 23:39:30,0,11/8/2017 23:39:30,2017-11-08,23,Wed
71295,12,1,19,265,2017-11-07 0:48:02,0,11/7/2017 0:48:02,2017-11-07,0,Tue
116795,3,1,13,30,2017-11-09 14:40:34,0,11/9/2017 14:40:34,2017-11-09,14,Thu
124295,3,1,12,280,2017-11-08 7:58:31,0,11/8/2017 7:58:31,2017-11-08,7,Wed
120335,13,1,18,400,2017-11-07 6:28:56,0,11/7/2017 6:28:56,2017-11-07,6,Tue
19175,3,1,15,280,2017-11-08 0:00:46,0,11/8/2017 0:00:46,2017-11-08,0,Wed
202856,1,1,19,349,2017-11-07 7:47:35,0,11/7/2017 7:47:35,2017-11-07,7,Tue
34939,21,1,41,128,2017-11-07 6:10:51,0,11/7/2017 6:10:51,2017-11-07,6,Tue
63149,12,1,17,174,2017-11-07 0:37:12,0,11/7/2017 0:37:12,2017-11-07,0,Tue
302976,1,1,4,124,2017-11-09 15:17:05,0,11/9/2017 15:17:05,2017-11-09,15,Thu
41040,3,1,13,280,2017-11-09 4:28:42,0,11/9/2017 4:28:42,2017-11-09,4,Thu
74728,6,1,19,459,2017-11-07 1:55:15,0,11/7/2017 1:55:15,2017-11-07,1,Tue
69753,3,1,19,442,2017-11-09 6:12:40,0,11/9/2017 6:12:40,2017-11-09,6,Thu
131991,12,1,13,265,2017-11-07 6:49:56,0,11/7/2017 6:49:56,2017-11-07,6,Tue
31502,2,1,3,377,2017-11-09 1:04:32,0,11/9/2017 1:04:32,2017-11-09,1,Thu
76211,12,1,19,259,2017-11-07 9:05:04,0,11/7/2017 9:05:04,2017-11-07,9,Tue
103026,12,1,47,481,2017-11-09 15:13:59,0,11/9/2017 15:13:59,2017-11-09,15,Thu
116375,12,1,14,328,2017-11-07 11:08:13,0,11/7/2017 11:08:13,2017-11-07,11,Tue
61623,3,1,17,205,2017-11-09 1:26:57,0,11/9/2017 1:26:57,2017-11-09,1,Thu
126401,15,1,13,245,2017-11-08 21:55:03,0,11/8/2017 21:55:03,2017-11-08,21,Wed
81897,24,2,13,178,2017-11-08 14:12:51,0,11/8/2017 14:12:51,2017-11-08,14,Wed
1699,23,1,6,153,2017-11-07 7:03:47,0,11/7/2017 7:03:47,2017-11-07,7,Tue
25737,2,1,13,205,2017-11-08 15:18:48,0,11/8/2017 15:18:48,2017-11-08,15,Wed
48846,3,1,19,280,2017-11-09 5:08:08,0,11/9/2017 5:08:08,2017-11-09,5,Thu
49321,13,1,19,400,2017-11-07 10:06:24,0,11/7/2017 10:06:24,2017-11-07,10,Tue
74550,9,1,16,391,2017-11-09 9:23:21,0,11/9/2017 9:23:21,2017-11-09,9,Thu
205408,18,1,35,134,2017-11-08 12:29:20,0,11/8/2017 12:29:20,2017-11-08,12,Wed
103224,9,1,47,466,2017-11-07 5:26:29,0,11/7/2017 5:26:29,2017-11-07,5,Tue
75898,1,1,19,153,2017-11-09 4:19:12,0,11/9/2017 4:19:12,2017-11-09,4,Thu
178588,22,1,13,496,2017-11-07 7:29:37,0,11/7/2017 7:29:37,2017-11-07,7,Tue
88212,9,1,13,244,2017-11-07 10:57:57,0,11/7/2017 10:57:57,2017-11-07,10,Tue
32000,2,1,13,435,2017-11-08 13:20:36,0,11/8/2017 13:20:36,2017-11-08,13,Wed
99906,10,1,13,317,2017-11-08 0:47:59,0,11/8/2017 0:47:59,2017-11-08,0,Wed
138385,18,1,4,439,2017-11-07 5:29:09,0,11/7/2017 5:29:09,2017-11-07,5,Tue
61168,9,1,31,215,2017-11-07 16:57:59,0,11/7/2017 16:57:59,2017-11-07,16,Tue
222960,8,1,13,140,2017-11-08 23:20:34,0,11/8/2017 23:20:34,2017-11-08,23,Wed
16955,3,1,13,424,2017-11-09 7:21:59,0,11/9/2017 7:21:59,2017-11-09,7,Thu
48671,13,1,19,477,2017-11-09 13:47:43,0,11/9/2017 13:47:43,2017-11-09,13,Thu
42164,18,1,27,134,2017-11-09 6:46:33,0,11/9/2017 6:46:33,2017-11-09,6,Thu
118474,3,1,18,115,2017-11-08 9:47:10,0,11/8/2017 9:47:10,2017-11-08,9,Wed
205644,26,1,15,266,2017-11-09 4:47:43,0,11/9/2017 4:47:43,2017-11-09,4,Thu
5314,12,1,13,178,2017-11-07 11:53:01,0,11/7/2017 11:53:01,2017-11-07,11,Tue
18204,12,1,19,178,2017-11-09 5:51:17,0,11/9/2017 5:51:17,2017-11-09,5,Thu
44067,3,1,19,280,2017-11-07 2:52:17,0,11/7/2017 2:52:17,2017-11-07,2,Tue
14325,6,1,12,459,2017-11-07 8:36:14,0,11/7/2017 8:36:14,2017-11-07,8,Tue
16354,12,1,13,140,2017-11-06 23:45:00,0,11/6/2017 23:45:00,2017-11-06,23,Mon
257704,15,1,17,315,2017-11-08 17:10:40,0,11/8/2017 17:10:40,2017-11-08,17,Wed
60384,9,1,22,215,2017-11-09 10:30:05,0,11/9/2017 10:30:05,2017-11-09,10,Thu
2076,15,1,19,3,2017-11-09 8:02:15,0,11/9/2017 8:02:15,2017-11-09,8,Thu
53454,11,1,13,173,2017-11-09 12:31:03,0,11/9/2017 12:31:03,2017-11-09,12,Thu
55145,3,1,25,480,2017-11-08 16:14:28,0,11/8/2017 16:14:28,2017-11-08,16,Wed
212504,12,1,19,178,2017-11-07 4:33:40,0,11/7/2017 4:33:40,2017-11-07,4,Tue
64209,13,1,20,477,2017-11-06 17:23:19,0,11/6/2017 17:23:19,2017-11-06,17,Mon
81513,15,1,19,153,2017-11-09 12:52:09,0,11/9/2017 12:52:09,2017-11-09,12,Thu
43959,13,1,13,477,2017-11-07 11:41:11,0,11/7/2017 11:41:11,2017-11-07,11,Tue
101919,9,1,22,215,2017-11-07 0:39:31,0,11/7/2017 0:39:31,2017-11-07,0,Tue
180740,3,1,13,280,2017-11-07 6:20:09,0,11/7/2017 6:20:09,2017-11-07,6,Tue
159333,14,1,19,134,2017-11-08 1:04:14,0,11/8/2017 1:04:14,2017-11-08,1,Wed
44005,2,1,14,477,2017-11-08 11:09:17,0,11/8/2017 11:09:17,2017-11-08,11,Wed
54895,14,1,14,463,2017-11-08 1:00:09,0,11/8/2017 1:00:09,2017-11-08,1,Wed
98054,26,1,13,266,2017-11-07 0:34:04,0,11/7/2017 0:34:04,2017-11-07,0,Tue
123901,3,1,19,280,2017-11-07 2:47:29,0,11/7/2017 2:47:29,2017-11-07,2,Tue
64485,15,1,19,245,2017-11-06 16:02:02,0,11/6/2017 16:02:02,2017-11-06,16,Mon
174433,9,1,8,334,2017-11-09 9:32:58,0,11/9/2017 9:32:58,2017-11-09,9,Thu
10120,21,1,18,128,2017-11-07 9:59:35,0,11/7/2017 9:59:35,2017-11-07,9,Tue
93162,15,1,19,245,2017-11-07 7:34:07,0,11/7/2017 7:34:07,2017-11-07,7,Tue
67597,18,1,26,121,2017-11-08 4:03:23,0,11/8/2017 4:03:23,2017-11-08,4,Wed
36934,2,1,13,243,2017-11-07 0:45:42,0,11/7/2017 0:45:42,2017-11-07,0,Tue
261898,12,1,19,212,2017-11-08 8:57:38,0,11/8/2017 8:57:38,2017-11-08,8,Wed
66266,2,1,18,477,2017-11-06 16:21:46,0,11/6/2017 16:21:46,2017-11-06,16,Mon
201786,2,1,10,469,2017-11-07 4:56:01,0,11/7/2017 4:56:01,2017-11-07,4,Tue
53454,9,1,13,445,2017-11-07 12:39:21,0,11/7/2017 12:39:21,2017-11-07,12,Tue
30022,23,1,19,153,2017-11-09 3:55:24,0,11/9/2017 3:55:24,2017-11-09,3,Thu
57886,27,1,14,122,2017-11-07 4:54:49,0,11/7/2017 4:54:49,2017-11-07,4,Tue
204007,15,1,19,315,2017-11-07 8:13:22,0,11/7/2017 8:13:22,2017-11-07,8,Tue
120203,23,1,14,153,2017-11-08 4:20:25,0,11/8/2017 4:20:25,2017-11-08,4,Wed
10675,2,1,22,237,2017-11-09 5:39:10,0,11/9/2017 5:39:10,2017-11-09,5,Thu
89372,8,1,19,145,2017-11-09 10:08:21,0,11/9/2017 10:08:21,2017-11-09,10,Thu
65575,15,1,13,265,2017-11-09 7:23:20,0,11/9/2017 7:23:20,2017-11-09,7,Thu
17552,2,1,8,212,2017-11-09 14:44:56,0,11/9/2017 14:44:56,2017-11-09,14,Thu
64071,14,1,19,379,2017-11-07 20:02:44,0,11/7/2017 20:02:44,2017-11-07,20,Tue
79238,3,1,19,417,2017-11-08 0:46:20,0,11/8/2017 0:46:20,2017-11-08,0,Wed
103036,12,2,22,178,2017-11-08 1:31:21,0,11/8/2017 1:31:21,2017-11-08,1,Wed
123974,3,1,30,130,2017-11-09 13:41:01,0,11/9/2017 13:41:01,2017-11-09,13,Thu
102880,15,1,19,245,2017-11-07 3:34:11,0,11/7/2017 3:34:11,2017-11-07,3,Tue
108806,9,1,13,466,2017-11-09 5:24:50,0,11/9/2017 5:24:50,2017-11-09,5,Thu
5348,14,1,19,379,2017-11-09 15:25:27,0,11/9/2017 15:25:27,2017-11-09,15,Thu
4381,9,1,20,334,2017-11-08 23:17:12,0,11/8/2017 23:17:12,2017-11-08,23,Wed
71793,3,1,13,280,2017-11-08 18:12:46,0,11/8/2017 18:12:46,2017-11-08,18,Wed
206237,18,1,15,107,2017-11-07 15:02:27,0,11/7/2017 15:02:27,2017-11-07,15,Tue
45208,3,1,6,280,2017-11-07 6:39:18,0,11/7/2017 6:39:18,2017-11-07,6,Tue
105292,14,1,19,208,2017-11-08 0:49:06,0,11/8/2017 0:49:06,2017-11-08,0,Wed
31959,94,1,79,361,2017-11-09 15:42:40,0,11/9/2017 15:42:40,2017-11-09,15,Thu
109096,2,1,10,477,2017-11-09 9:16:42,0,11/9/2017 9:16:42,2017-11-09,9,Thu
43803,18,1,22,107,2017-11-07 1:52:37,0,11/7/2017 1:52:37,2017-11-07,1,Tue
80827,18,1,13,379,2017-11-09 14:17:02,0,11/9/2017 14:17:02,2017-11-09,14,Thu
11039,3,1,22,466,2017-11-08 4:51:16,0,11/8/2017 4:51:16,2017-11-08,4,Wed
41112,3,1,27,280,2017-11-09 4:32:00,0,11/9/2017 4:32:00,2017-11-09,4,Thu
78477,3,1,13,280,2017-11-08 10:20:49,0,11/8/2017 10:20:49,2017-11-08,10,Wed
5348,26,1,35,121,2017-11-09 12:32:20,0,11/9/2017 12:32:20,2017-11-09,12,Thu
41203,64,1,19,459,2017-11-07 12:02:45,0,11/7/2017 12:02:45,2017-11-07,12,Tue
104188,18,1,19,121,2017-11-06 16:54:44,0,11/6/2017 16:54:44,2017-11-06,16,Mon
10953,2,1,25,317,2017-11-08 10:28:51,0,11/8/2017 10:28:51,2017-11-08,10,Wed
67237,15,1,13,265,2017-11-07 15:11:43,0,11/7/2017 15:11:43,2017-11-07,15,Tue
70416,12,1,8,328,2017-11-08 11:19:51,0,11/8/2017 11:19:51,2017-11-08,11,Wed
6903,11,1,13,319,2017-11-08 3:22:17,0,11/8/2017 3:22:17,2017-11-08,3,Wed
105532,3,1,17,489,2017-11-09 13:31:32,0,11/9/2017 13:31:32,2017-11-09,13,Thu
37462,12,1,19,409,2017-11-06 23:48:10,0,11/6/2017 23:48:10,2017-11-06,23,Mon
95766,9,1,47,232,2017-11-09 15:14:00,0,11/9/2017 15:14:00,2017-11-09,15,Thu
16775,12,1,13,245,2017-11-08 14:23:25,0,11/8/2017 14:23:25,2017-11-08,14,Wed
51719,12,1,13,245,2017-11-09 15:54:25,0,11/9/2017 15:54:25,2017-11-09,15,Thu
93587,3,1,13,280,2017-11-08 3:48:23,0,11/8/2017 3:48:23,2017-11-08,3,Wed
104621,13,1,17,477,2017-11-08 15:04:45,0,11/8/2017 15:04:45,2017-11-08,15,Wed
26995,12,1,13,178,2017-11-09 13:28:33,0,11/9/2017 13:28:33,2017-11-09,13,Thu
22866,18,1,15,107,2017-11-08 0:30:43,0,11/8/2017 0:30:43,2017-11-08,0,Wed
43667,1,1,53,439,2017-11-09 7:40:13,0,11/9/2017 7:40:13,2017-11-09,7,Thu
83730,3,1,13,452,2017-11-08 9:07:09,0,11/8/2017 9:07:09,2017-11-08,9,Wed
133301,25,1,13,259,2017-11-07 21:00:02,0,11/7/2017 21:00:02,2017-11-07,21,Tue
232047,2,1,13,219,2017-11-08 5:29:52,0,11/8/2017 5:29:52,2017-11-08,5,Wed
12874,19,0,0,210,2017-11-09 15:06:17,0,11/9/2017 15:06:17,2017-11-09,15,Thu
198652,3,1,9,280,2017-11-09 1:51:16,0,11/9/2017 1:51:16,2017-11-09,1,Thu
56581,18,1,13,439,2017-11-08 14:52:38,0,11/8/2017 14:52:38,2017-11-08,14,Wed
148429,2,1,20,469,2017-11-07 12:16:55,0,11/7/2017 12:16:55,2017-11-07,12,Tue
55508,24,1,13,105,2017-11-09 4:59:53,0,11/9/2017 4:59:53,2017-11-09,4,Thu
35696,1,1,13,153,2017-11-08 12:59:42,0,11/8/2017 12:59:42,2017-11-08,12,Wed
31534,1,1,17,134,2017-11-07 1:50:27,0,11/7/2017 1:50:27,2017-11-07,1,Tue
48783,18,1,17,376,2017-11-07 8:03:35,0,11/7/2017 8:03:35,2017-11-07,8,Tue
54991,14,1,19,463,2017-11-09 3:11:30,0,11/9/2017 3:11:30,2017-11-09,3,Thu
240704,3,1,6,280,2017-11-09 2:46:22,0,11/9/2017 2:46:22,2017-11-09,2,Thu
60163,2,1,9,205,2017-11-08 3:55:36,0,11/8/2017 3:55:36,2017-11-08,3,Wed
73516,15,1,35,245,2017-11-07 9:40:55,0,11/7/2017 9:40:55,2017-11-07,9,Tue
102163,3,1,17,280,2017-11-09 6:00:02,0,11/9/2017 6:00:02,2017-11-09,6,Thu
60752,18,1,35,107,2017-11-08 13:07:14,0,11/8/2017 13:07:14,2017-11-08,13,Wed
218373,18,1,22,121,2017-11-07 18:30:24,0,11/7/2017 18:30:24,2017-11-07,18,Tue
87879,14,1,14,379,2017-11-09 5:41:42,0,11/9/2017 5:41:42,2017-11-09,5,Thu
116740,3,1,13,115,2017-11-07 6:36:01,0,11/7/2017 6:36:01,2017-11-07,6,Tue
52043,2,1,19,237,2017-11-07 14:40:23,0,11/7/2017 14:40:23,2017-11-07,14,Tue
43793,13,1,6,400,2017-11-07 14:43:44,0,11/7/2017 14:43:44,2017-11-07,14,Tue
99681,6,1,6,459,2017-11-09 12:06:41,0,11/9/2017 12:06:41,2017-11-09,12,Thu
99917,3,1,18,452,2017-11-07 5:15:07,0,11/7/2017 5:15:07,2017-11-07,5,Tue
12505,20,1,17,259,2017-11-07 1:37:35,0,11/7/2017 1:37:35,2017-11-07,1,Tue
77361,21,1,7,232,2017-11-08 19:10:57,0,11/8/2017 19:10:57,2017-11-08,19,Wed
24021,20,1,19,478,2017-11-07 0:18:42,0,11/7/2017 0:18:42,2017-11-07,0,Tue
37972,1,1,22,439,2017-11-08 13:04:38,0,11/8/2017 13:04:38,2017-11-08,13,Wed
92327,12,1,13,245,2017-11-07 7:00:29,0,11/7/2017 7:00:29,2017-11-07,7,Tue
100149,3,1,1,317,2017-11-08 7:02:03,0,11/8/2017 7:02:03,2017-11-08,7,Wed
55979,15,1,19,153,2017-11-07 8:06:26,0,11/7/2017 8:06:26,2017-11-07,8,Tue
7346,7,1,19,101,2017-11-07 10:21:38,0,11/7/2017 10:21:38,2017-11-07,10,Tue
53073,9,1,18,334,2017-11-08 19:08:55,0,11/8/2017 19:08:55,2017-11-08,19,Wed
38163,12,1,13,245,2017-11-07 23:08:09,0,11/7/2017 23:08:09,2017-11-07,23,Tue
26384,2,1,13,364,2017-11-08 19:33:11,0,11/8/2017 19:33:11,2017-11-08,19,Wed
125385,18,1,13,30,2017-11-07 3:20:16,0,11/7/2017 3:20:16,2017-11-07,3,Tue
67589,2,1,12,469,2017-11-07 0:43:42,0,11/7/2017 0:43:42,2017-11-07,0,Tue
148500,3,1,13,280,2017-11-08 2:16:11,0,11/8/2017 2:16:11,2017-11-08,2,Wed
50136,3,1,19,280,2017-11-08 14:13:03,0,11/8/2017 14:13:03,2017-11-08,14,Wed
44493,13,1,18,477,2017-11-08 18:30:02,0,11/8/2017 18:30:02,2017-11-08,18,Wed
58369,3,1,18,280,2017-11-08 5:45:52,0,11/8/2017 5:45:52,2017-11-08,5,Wed
60163,2,2,43,205,2017-11-08 4:23:45,0,11/8/2017 4:23:45,2017-11-08,4,Wed
4019,3,1,17,211,2017-11-09 15:49:19,0,11/9/2017 15:49:19,2017-11-09,15,Thu
119289,12,2,37,265,2017-11-09 12:11:47,0,11/9/2017 12:11:47,2017-11-09,12,Thu
73144,6,1,19,125,2017-11-06 17:03:13,0,11/6/2017 17:03:13,2017-11-06,17,Mon
53454,2,1,12,477,2017-11-07 6:06:31,0,11/7/2017 6:06:31,2017-11-07,6,Tue
191378,18,1,19,107,2017-11-09 10:23:56,0,11/9/2017 10:23:56,2017-11-09,10,Thu
7373,19,0,0,347,2017-11-09 4:20:25,0,11/9/2017 4:20:25,2017-11-09,4,Thu
50588,25,1,3,259,2017-11-08 10:09:55,0,11/8/2017 10:09:55,2017-11-08,10,Wed
307887,14,1,20,113,2017-11-09 2:32:52,0,11/9/2017 2:32:52,2017-11-09,2,Thu
93486,23,1,18,153,2017-11-08 8:34:28,0,11/8/2017 8:34:28,2017-11-08,8,Wed
27268,26,1,22,266,2017-11-08 12:54:35,0,11/8/2017 12:54:35,2017-11-08,12,Wed
76872,18,1,10,107,2017-11-08 10:01:40,0,11/8/2017 10:01:40,2017-11-08,10,Wed
53454,9,1,6,127,2017-11-09 9:38:40,0,11/9/2017 9:38:40,2017-11-09,9,Thu
57154,18,1,14,134,2017-11-07 20:00:00,0,11/7/2017 20:00:00,2017-11-07,20,Tue
50689,3,1,19,19,2017-11-07 1:19:53,0,11/7/2017 1:19:53,2017-11-07,1,Tue
178716,12,1,1,178,2017-11-07 9:38:17,0,11/7/2017 9:38:17,2017-11-07,9,Tue
121979,2,1,18,477,2017-11-09 2:34:46,0,11/9/2017 2:34:46,2017-11-09,2,Thu
117115,13,1,19,400,2017-11-08 9:41:05,0,11/8/2017 9:41:05,2017-11-08,9,Wed
5348,13,1,27,477,2017-11-06 23:08:35,0,11/6/2017 23:08:35,2017-11-06,23,Mon
45467,12,1,19,19,2017-11-07 15:56:29,0,11/7/2017 15:56:29,2017-11-07,15,Tue
125592,14,1,13,467,2017-11-08 19:39:31,0,11/8/2017 19:39:31,2017-11-08,19,Wed
1089,17,1,16,280,2017-11-07 3:03:21,0,11/7/2017 3:03:21,2017-11-07,3,Tue
73487,14,1,18,467,2017-11-09 9:17:09,0,11/9/2017 9:17:09,2017-11-09,9,Thu
85150,2,1,6,236,2017-11-08 16:12:11,0,11/8/2017 16:12:11,2017-11-08,16,Wed
79909,12,1,23,245,2017-11-07 7:59:49,0,11/7/2017 7:59:49,2017-11-07,7,Tue
111931,25,1,22,259,2017-11-07 4:30:55,0,11/7/2017 4:30:55,2017-11-07,4,Tue
207643,6,1,53,459,2017-11-08 8:33:19,0,11/8/2017 8:33:19,2017-11-08,8,Wed
44744,6,1,13,459,2017-11-09 15:22:32,0,11/9/2017 15:22:32,2017-11-09,15,Thu
46625,11,1,19,481,2017-11-09 5:47:50,0,11/9/2017 5:47:50,2017-11-09,5,Thu
68930,9,1,19,134,2017-11-08 14:15:39,0,11/8/2017 14:15:39,2017-11-08,14,Wed
85541,3,1,1,280,2017-11-08 14:43:07,0,11/8/2017 14:43:07,2017-11-08,14,Wed
238143,12,1,17,265,2017-11-08 9:06:37,0,11/8/2017 9:06:37,2017-11-08,9,Wed
28611,12,1,13,245,2017-11-09 5:20:19,0,11/9/2017 5:20:19,2017-11-09,5,Thu
68418,3,1,9,489,2017-11-08 6:28:38,0,11/8/2017 6:28:38,2017-11-08,6,Wed
18082,9,1,13,215,2017-11-08 2:17:48,0,11/8/2017 2:17:48,2017-11-08,2,Wed
121209,9,1,32,232,2017-11-07 13:17:02,0,11/7/2017 13:17:02,2017-11-07,13,Tue
89456,10,1,13,317,2017-11-08 6:31:04,0,11/8/2017 6:31:04,2017-11-08,6,Wed
25097,3,1,10,402,2017-11-09 6:44:17,0,11/9/2017 6:44:17,2017-11-09,6,Thu
194809,9,1,19,334,2017-11-08 2:49:10,0,11/8/2017 2:49:10,2017-11-08,2,Wed
91366,9,1,17,244,2017-11-07 9:22:50,0,11/7/2017 9:22:50,2017-11-07,9,Tue
21627,17,1,19,134,2017-11-08 8:15:36,0,11/8/2017 8:15:36,2017-11-08,8,Wed
39361,3,1,8,280,2017-11-07 0:27:03,0,11/7/2017 0:27:03,2017-11-07,0,Tue
56430,23,1,16,153,2017-11-08 19:19:51,0,11/8/2017 19:19:51,2017-11-08,19,Wed
233477,3,1,22,424,2017-11-08 5:58:56,0,11/8/2017 5:58:56,2017-11-08,5,Wed
301829,7,1,23,101,2017-11-09 6:56:16,0,11/9/2017 6:56:16,2017-11-09,6,Thu
145490,12,1,36,497,2017-11-07 8:36:11,0,11/7/2017 8:36:11,2017-11-07,8,Tue
319476,2,1,77,477,2017-11-08 22:26:41,0,11/8/2017 22:26:41,2017-11-08,22,Wed
45432,3,1,18,424,2017-11-08 1:21:16,0,11/8/2017 1:21:16,2017-11-08,1,Wed
48282,7,1,42,101,2017-11-09 14:09:28,0,11/9/2017 14:09:28,2017-11-09,14,Thu
5348,14,2,27,123,2017-11-07 8:40:17,0,11/7/2017 8:40:17,2017-11-07,8,Tue
105714,15,1,6,245,2017-11-07 22:41:25,0,11/7/2017 22:41:25,2017-11-07,22,Tue
82012,8,1,10,145,2017-11-06 23:24:50,0,11/6/2017 23:24:50,2017-11-06,23,Mon
5788,2,1,10,435,2017-11-07 1:04:57,0,11/7/2017 1:04:57,2017-11-07,1,Tue
70298,47,1,6,484,2017-11-08 2:24:50,0,11/8/2017 2:24:50,2017-11-08,2,Wed
106883,12,1,19,265,2017-11-07 3:22:09,0,11/7/2017 3:22:09,2017-11-07,3,Tue
116366,12,1,19,178,2017-11-06 23:02:01,0,11/6/2017 23:02:01,2017-11-06,23,Mon
169049,9,1,19,244,2017-11-07 5:35:01,0,11/7/2017 5:35:01,2017-11-07,5,Tue
150739,2,1,15,477,2017-11-07 4:06:14,0,11/7/2017 4:06:14,2017-11-07,4,Tue
8482,3,1,19,280,2017-11-08 1:35:50,0,11/8/2017 1:35:50,2017-11-08,1,Wed
16464,3,1,13,115,2017-11-07 11:04:50,0,11/7/2017 11:04:50,2017-11-07,11,Tue
128051,2,1,22,122,2017-11-07 7:24:59,0,11/7/2017 7:24:59,2017-11-07,7,Tue
36434,2,1,41,477,2017-11-07 16:49:24,0,11/7/2017 16:49:24,2017-11-07,16,Tue
113676,9,1,19,489,2017-11-09 14:25:03,0,11/9/2017 14:25:03,2017-11-09,14,Thu
85900,18,1,22,107,2017-11-07 7:40:03,0,11/7/2017 7:40:03,2017-11-07,7,Tue
123872,8,2,49,259,2017-11-07 3:12:27,0,11/7/2017 3:12:27,2017-11-07,3,Tue
165108,21,1,13,128,2017-11-07 4:58:25,0,11/7/2017 4:58:25,2017-11-07,4,Tue
116317,12,1,13,178,2017-11-08 6:03:43,0,11/8/2017 6:03:43,2017-11-08,6,Wed
161797,12,1,23,265,2017-11-09 12:23:14,0,11/9/2017 12:23:14,2017-11-09,12,Thu
73916,12,1,9,242,2017-11-08 10:47:22,0,11/8/2017 10:47:22,2017-11-08,10,Wed
108594,1,1,22,439,2017-11-08 2:26:33,0,11/8/2017 2:26:33,2017-11-08,2,Wed
20215,2,1,37,401,2017-11-09 8:30:38,0,11/9/2017 8:30:38,2017-11-09,8,Thu
5178,26,1,17,477,2017-11-09 11:41:19,0,11/9/2017 11:41:19,2017-11-09,11,Thu
107809,1,1,53,317,2017-11-09 13:41:28,0,11/9/2017 13:41:28,2017-11-09,13,Thu
123623,7,2,19,101,2017-11-07 10:13:11,0,11/7/2017 10:13:11,2017-11-07,10,Tue
259838,3,1,41,371,2017-11-09 10:04:34,0,11/9/2017 10:04:34,2017-11-09,10,Thu
469,13,1,22,400,2017-11-08 9:34:15,0,11/8/2017 9:34:15,2017-11-08,9,Wed
53454,3,1,19,280,2017-11-07 11:48:19,0,11/7/2017 11:48:19,2017-11-07,11,Tue
835,15,2,97,245,2017-11-07 12:15:15,0,11/7/2017 12:15:15,2017-11-07,12,Tue
37515,1,1,10,134,2017-11-07 13:33:22,0,11/7/2017 13:33:22,2017-11-07,13,Tue
293896,9,1,6,107,2017-11-09 12:16:21,0,11/9/2017 12:16:21,2017-11-09,12,Thu
94104,6,1,18,459,2017-11-07 3:19:34,0,11/7/2017 3:19:34,2017-11-07,3,Tue
90997,22,1,13,116,2017-11-08 11:51:40,0,11/8/2017 11:51:40,2017-11-08,11,Wed
15983,22,1,23,496,2017-11-07 8:32:37,0,11/7/2017 8:32:37,2017-11-07,8,Tue
1413,24,1,17,178,2017-11-08 16:31:28,0,11/8/2017 16:31:28,2017-11-08,16,Wed
5348,2,1,13,236,2017-11-09 14:01:36,0,11/9/2017 14:01:36,2017-11-09,14,Thu
84596,14,1,46,489,2017-11-09 4:23:48,0,11/9/2017 4:23:48,2017-11-09,4,Thu
73978,12,1,23,259,2017-11-08 12:49:17,0,11/8/2017 12:49:17,2017-11-08,12,Wed
5348,3,1,41,442,2017-11-09 14:35:54,0,11/9/2017 14:35:54,2017-11-09,14,Thu
177000,18,1,1,107,2017-11-07 1:29:48,0,11/7/2017 1:29:48,2017-11-07,1,Tue
4345,1,1,13,134,2017-11-09 12:08:26,0,11/9/2017 12:08:26,2017-11-09,12,Thu
107049,3,1,20,205,2017-11-07 22:30:02,0,11/7/2017 22:30:02,2017-11-07,22,Tue
69741,3,1,14,280,2017-11-07 7:51:49,0,11/7/2017 7:51:49,2017-11-07,7,Tue
165017,3,1,13,205,2017-11-08 9:51:56,0,11/8/2017 9:51:56,2017-11-08,9,Wed
221639,19,0,50,213,2017-11-09 5:59:51,0,11/9/2017 5:59:51,2017-11-09,5,Thu
279448,9,1,19,232,2017-11-08 13:01:32,0,11/8/2017 13:01:32,2017-11-08,13,Wed
95906,18,1,19,107,2017-11-08 4:50:24,0,11/8/2017 4:50:24,2017-11-08,4,Wed
118412,9,1,26,466,2017-11-07 3:31:28,0,11/7/2017 3:31:28,2017-11-07,3,Tue
161406,15,1,19,386,2017-11-09 4:14:56,0,11/9/2017 4:14:56,2017-11-09,4,Thu
86835,2,1,15,236,2017-11-09 4:45:20,0,11/9/2017 4:45:20,2017-11-09,4,Thu
12506,18,2,56,107,2017-11-07 4:53:59,0,11/7/2017 4:53:59,2017-11-07,4,Tue
28168,23,1,16,153,2017-11-07 3:10:40,0,11/7/2017 3:10:40,2017-11-07,3,Tue
147609,9,1,13,442,2017-11-07 9:17:24,0,11/7/2017 9:17:24,2017-11-07,9,Tue
54841,8,1,19,145,2017-11-07 2:47:51,0,11/7/2017 2:47:51,2017-11-07,2,Tue
11287,3,1,19,280,2017-11-08 11:26:29,0,11/8/2017 11:26:29,2017-11-08,11,Wed
89596,9,1,13,134,2017-11-07 22:29:19,0,11/7/2017 22:29:19,2017-11-07,22,Tue
15171,13,1,14,477,2017-11-09 4:43:36,0,11/9/2017 4:43:36,2017-11-09,4,Thu
120471,3,1,13,280,2017-11-07 1:56:48,0,11/7/2017 1:56:48,2017-11-07,1,Tue
185233,151,0,76,347,2017-11-08 20:27:58,0,11/8/2017 20:27:58,2017-11-08,20,Wed
55675,6,1,35,125,2017-11-07 10:58:25,0,11/7/2017 10:58:25,2017-11-07,10,Tue
114276,15,1,13,153,2017-11-08 11:10:31,0,11/8/2017 11:10:31,2017-11-08,11,Wed
81973,2,1,19,477,2017-11-07 4:31:36,0,11/7/2017 4:31:36,2017-11-07,4,Tue
49696,28,1,19,135,2017-11-09 12:13:51,0,11/9/2017 12:13:51,2017-11-09,12,Thu
197234,15,1,22,130,2017-11-07 18:16:14,0,11/7/2017 18:16:14,2017-11-07,18,Tue
36213,2,1,19,205,2017-11-07 13:52:45,0,11/7/2017 13:52:45,2017-11-07,13,Tue
163784,12,1,13,265,2017-11-09 6:17:11,0,11/9/2017 6:17:11,2017-11-09,6,Thu
50397,11,1,48,487,2017-11-07 12:06:23,0,11/7/2017 12:06:23,2017-11-07,12,Tue
30016,2,1,19,477,2017-11-07 5:09:39,0,11/7/2017 5:09:39,2017-11-07,5,Tue
246484,10,1,36,113,2017-11-08 14:16:29,1,11/8/2017 14:16:29,2017-11-08,14,Wed
34137,3,1,9,280,2017-11-08 5:40:09,0,11/8/2017 5:40:09,2017-11-08,5,Wed
70552,14,1,13,463,2017-11-08 8:04:04,0,11/8/2017 8:04:04,2017-11-08,8,Wed
41446,26,1,10,121,2017-11-08 5:16:19,0,11/8/2017 5:16:19,2017-11-08,5,Wed
100203,12,1,25,245,2017-11-08 1:31:53,0,11/8/2017 1:31:53,2017-11-08,1,Wed
103411,3,1,27,211,2017-11-06 17:49:26,0,11/6/2017 17:49:26,2017-11-06,17,Mon
23908,25,1,41,259,2017-11-08 1:18:08,0,11/8/2017 1:18:08,2017-11-08,1,Wed
18757,15,1,19,430,2017-11-07 13:34:05,0,11/7/2017 13:34:05,2017-11-07,13,Tue
27879,3,1,19,442,2017-11-09 4:06:45,0,11/9/2017 4:06:45,2017-11-09,4,Thu
122259,14,1,13,349,2017-11-08 0:03:16,0,11/8/2017 0:03:16,2017-11-08,0,Wed
179458,3,1,19,452,2017-11-07 9:34:18,0,11/7/2017 9:34:18,2017-11-07,9,Tue
250794,3,1,37,466,2017-11-09 14:55:16,0,11/9/2017 14:55:16,2017-11-09,14,Thu
273363,9,1,17,466,2017-11-08 11:31:18,0,11/8/2017 11:31:18,2017-11-08,11,Wed
107968,25,1,19,259,2017-11-08 9:02:16,0,11/8/2017 9:02:16,2017-11-08,9,Wed
123907,12,1,19,265,2017-11-07 10:00:09,0,11/7/2017 10:00:09,2017-11-07,10,Tue
8286,18,1,17,439,2017-11-07 2:27:26,0,11/7/2017 2:27:26,2017-11-07,2,Tue
29436,25,1,3,259,2017-11-07 13:34:28,0,11/7/2017 13:34:28,2017-11-07,13,Tue
22374,28,1,13,135,2017-11-08 14:11:52,0,11/8/2017 14:11:52,2017-11-08,14,Wed
118525,9,1,13,215,2017-11-09 4:01:20,0,11/9/2017 4:01:20,2017-11-09,4,Thu
63883,15,1,13,278,2017-11-08 23:40:45,0,11/8/2017 23:40:45,2017-11-08,23,Wed
100182,5,1,13,377,2017-11-07 22:40:29,0,11/7/2017 22:40:29,2017-11-07,22,Tue
80193,8,1,12,145,2017-11-08 17:22:43,0,11/8/2017 17:22:43,2017-11-08,17,Wed
46320,8,2,9,145,2017-11-09 11:07:02,0,11/9/2017 11:07:02,2017-11-09,11,Thu
154183,15,1,1,278,2017-11-07 3:14:28,0,11/7/2017 3:14:28,2017-11-07,3,Tue
106929,15,1,19,480,2017-11-07 22:53:34,0,11/7/2017 22:53:34,2017-11-07,22,Tue
27959,3,1,19,280,2017-11-08 1:18:29,0,11/8/2017 1:18:29,2017-11-08,1,Wed
103463,15,1,22,3,2017-11-07 16:33:48,0,11/7/2017 16:33:48,2017-11-07,16,Tue
62072,12,1,19,497,2017-11-09 3:02:25,0,11/9/2017 3:02:25,2017-11-09,3,Thu
139090,9,1,19,466,2017-11-08 23:14:37,0,11/8/2017 23:14:37,2017-11-08,23,Wed
72262,21,1,19,232,2017-11-09 0:06:30,0,11/9/2017 0:06:30,2017-11-09,0,Thu
24404,2,2,49,205,2017-11-09 2:00:05,0,11/9/2017 2:00:05,2017-11-09,2,Thu
123788,12,2,9,140,2017-11-07 0:01:02,0,11/7/2017 0:01:02,2017-11-07,0,Tue
106712,9,1,13,244,2017-11-08 11:33:13,0,11/8/2017 11:33:13,2017-11-08,11,Wed
159797,12,1,13,178,2017-11-07 4:12:35,0,11/7/2017 4:12:35,2017-11-07,4,Tue
69034,12,1,13,265,2017-11-06 22:43:05,0,11/6/2017 22:43:05,2017-11-06,22,Mon
157658,12,1,13,140,2017-11-09 15:42:38,0,11/9/2017 15:42:38,2017-11-09,15,Thu
276985,11,1,6,173,2017-11-08 15:33:22,0,11/8/2017 15:33:22,2017-11-08,15,Wed
219169,12,1,17,245,2017-11-09 1:15:50,0,11/9/2017 1:15:50,2017-11-09,1,Thu
26814,12,1,13,178,2017-11-07 13:35:03,0,11/7/2017 13:35:03,2017-11-07,13,Tue
210912,24,1,13,105,2017-11-07 9:01:49,0,11/7/2017 9:01:49,2017-11-07,9,Tue
191759,1,1,13,134,2017-11-07 11:55:28,0,11/7/2017 11:55:28,2017-11-07,11,Tue
46899,12,1,13,178,2017-11-08 10:31:37,0,11/8/2017 10:31:37,2017-11-08,10,Wed
119688,3,1,19,480,2017-11-08 22:55:56,0,11/8/2017 22:55:56,2017-11-08,22,Wed
105475,13,2,13,400,2017-11-08 4:52:03,0,11/8/2017 4:52:03,2017-11-08,4,Wed
7838,14,1,47,480,2017-11-07 17:32:22,0,11/7/2017 17:32:22,2017-11-07,17,Tue
49821,21,1,14,128,2017-11-07 18:45:07,0,11/7/2017 18:45:07,2017-11-07,18,Tue
53929,18,1,13,107,2017-11-08 15:00:38,0,11/8/2017 15:00:38,2017-11-08,15,Wed
136705,3,2,19,480,2017-11-07 5:15:01,0,11/7/2017 5:15:01,2017-11-07,5,Tue
122046,25,1,20,259,2017-11-08 6:23:05,0,11/8/2017 6:23:05,2017-11-08,6,Wed
62916,3,1,13,280,2017-11-09 1:12:30,0,11/9/2017 1:12:30,2017-11-09,1,Thu
105603,2,1,19,205,2017-11-08 9:04:18,0,11/8/2017 9:04:18,2017-11-08,9,Wed
143171,3,1,25,424,2017-11-07 22:16:45,0,11/7/2017 22:16:45,2017-11-07,22,Tue
97744,2,1,17,477,2017-11-09 6:18:34,0,11/9/2017 6:18:34,2017-11-09,6,Thu
75975,2,1,8,469,2017-11-08 1:55:50,0,11/8/2017 1:55:50,2017-11-08,1,Wed
142268,3,1,8,442,2017-11-07 14:46:56,0,11/7/2017 14:46:56,2017-11-07,14,Tue
123871,23,1,13,153,2017-11-06 23:52:21,0,11/6/2017 23:52:21,2017-11-06,23,Mon
90521,9,2,14,334,2017-11-07 9:09:41,0,11/7/2017 9:09:41,2017-11-07,9,Tue
69375,3,1,19,19,2017-11-08 0:49:22,0,11/8/2017 0:49:22,2017-11-08,0,Wed
26589,2,1,12,364,2017-11-07 2:30:29,0,11/7/2017 2:30:29,2017-11-07,2,Tue
49177,27,1,13,153,2017-11-07 2:42:19,0,11/7/2017 2:42:19,2017-11-07,2,Tue
55819,3,1,35,442,2017-11-09 11:12:01,0,11/9/2017 11:12:01,2017-11-09,11,Thu
39140,12,1,19,178,2017-11-09 0:14:30,0,11/9/2017 0:14:30,2017-11-09,0,Thu
99887,25,1,22,259,2017-11-09 12:35:13,0,11/9/2017 12:35:13,2017-11-09,12,Thu
84809,12,1,22,245,2017-11-09 1:56:13,0,11/9/2017 1:56:13,2017-11-09,1,Thu
86767,12,1,22,242,2017-11-09 13:29:28,0,11/9/2017 13:29:28,2017-11-09,13,Thu
269695,13,1,31,477,2017-11-08 22:23:13,0,11/8/2017 22:23:13,2017-11-08,22,Wed
180894,14,1,83,442,2017-11-07 4:42:43,0,11/7/2017 4:42:43,2017-11-07,4,Tue
190676,18,1,19,107,2017-11-06 16:50:52,0,11/6/2017 16:50:52,2017-11-06,16,Mon
104705,14,1,13,379,2017-11-09 12:48:35,0,11/9/2017 12:48:35,2017-11-09,12,Thu
32412,13,1,40,477,2017-11-09 13:15:12,0,11/9/2017 13:15:12,2017-11-09,13,Thu
110141,3,1,18,280,2017-11-07 9:01:55,0,11/7/2017 9:01:55,2017-11-07,9,Tue
127414,3,1,19,280,2017-11-08 4:23:46,0,11/8/2017 4:23:46,2017-11-08,4,Wed
48212,14,1,15,118,2017-11-09 7:42:41,0,11/9/2017 7:42:41,2017-11-09,7,Thu
19124,15,1,20,245,2017-11-07 9:04:26,0,11/7/2017 9:04:26,2017-11-07,9,Tue
145777,14,1,6,134,2017-11-06 18:58:10,0,11/6/2017 18:58:10,2017-11-06,18,Mon
73673,3,1,3,480,2017-11-09 1:53:36,0,11/9/2017 1:53:36,2017-11-09,1,Thu
76764,12,2,1,178,2017-11-09 14:10:52,0,11/9/2017 14:10:52,2017-11-09,14,Thu
11287,21,1,19,128,2017-11-08 4:50:15,0,11/8/2017 4:50:15,2017-11-08,4,Wed
16011,15,1,17,379,2017-11-07 18:00:21,0,11/7/2017 18:00:21,2017-11-07,18,Tue
105485,2,1,19,205,2017-11-08 12:00:21,0,11/8/2017 12:00:21,2017-11-08,12,Wed
28950,12,1,13,135,2017-11-06 19:55:00,0,11/6/2017 19:55:00,2017-11-06,19,Mon
52710,2,1,30,219,2017-11-09 13:18:11,0,11/9/2017 13:18:11,2017-11-09,13,Thu
71789,14,1,13,467,2017-11-09 6:42:26,0,11/9/2017 6:42:26,2017-11-09,6,Thu
11347,68,3032,607,347,2017-11-07 14:18:43,0,11/7/2017 14:18:43,2017-11-07,14,Tue
18927,14,1,19,439,2017-11-08 3:01:00,0,11/8/2017 3:01:00,2017-11-08,3,Wed
38732,3,1,13,173,2017-11-07 8:55:50,0,11/7/2017 8:55:50,2017-11-07,8,Tue
117867,3,1,9,409,2017-11-06 23:13:47,0,11/6/2017 23:13:47,2017-11-06,23,Mon
35984,7,1,1,101,2017-11-09 9:21:50,0,11/9/2017 9:21:50,2017-11-09,9,Thu
1780,18,1,25,121,2017-11-06 16:40:55,0,11/6/2017 16:40:55,2017-11-06,16,Mon
59791,15,1,13,245,2017-11-08 23:28:49,0,11/8/2017 23:28:49,2017-11-08,23,Wed
70787,9,1,17,466,2017-11-09 9:53:02,0,11/9/2017 9:53:02,2017-11-09,9,Thu
15781,93,1,19,371,2017-11-08 2:38:30,0,11/8/2017 2:38:30,2017-11-08,2,Wed
234242,6,1,27,459,2017-11-09 10:44:02,0,11/9/2017 10:44:02,2017-11-09,10,Thu
132086,14,1,19,416,2017-11-07 1:18:06,0,11/7/2017 1:18:06,2017-11-07,1,Tue
263654,18,1,19,439,2017-11-08 4:45:02,0,11/8/2017 4:45:02,2017-11-08,4,Wed
103097,20,1,19,259,2017-11-08 23:58:10,0,11/8/2017 23:58:10,2017-11-08,23,Wed
5348,1,1,18,153,2017-11-08 15:00:16,0,11/8/2017 15:00:16,2017-11-08,15,Wed
222789,14,1,19,379,2017-11-08 2:43:26,0,11/8/2017 2:43:26,2017-11-08,2,Wed
27114,12,1,10,174,2017-11-07 0:45:35,0,11/7/2017 0:45:35,2017-11-07,0,Tue
125261,14,1,18,134,2017-11-09 0:31:22,0,11/9/2017 0:31:22,2017-11-09,0,Thu
65937,12,1,19,328,2017-11-08 14:32:38,0,11/8/2017 14:32:38,2017-11-08,14,Wed
1319,18,1,22,439,2017-11-07 11:54:57,0,11/7/2017 11:54:57,2017-11-07,11,Tue
123871,18,1,17,121,2017-11-09 7:09:40,0,11/9/2017 7:09:40,2017-11-09,7,Thu
218035,19,21,24,101,2017-11-07 23:32:19,0,11/7/2017 23:32:19,2017-11-07,23,Tue
91734,2,1,13,469,2017-11-07 5:27:08,0,11/7/2017 5:27:08,2017-11-07,5,Tue
117930,9,1,9,258,2017-11-08 6:11:16,0,11/8/2017 6:11:16,2017-11-08,6,Wed
68963,11,1,19,122,2017-11-07 9:31:38,0,11/7/2017 9:31:38,2017-11-07,9,Tue
102099,3,1,19,480,2017-11-07 10:51:25,0,11/7/2017 10:51:25,2017-11-07,10,Tue
23700,3,1,13,424,2017-11-07 4:09:33,0,11/7/2017 4:09:33,2017-11-07,4,Tue
44410,12,1,23,245,2017-11-08 11:30:24,0,11/8/2017 11:30:24,2017-11-08,11,Wed
77085,9,1,13,445,2017-11-09 14:07:30,0,11/9/2017 14:07:30,2017-11-09,14,Thu
115729,26,1,13,121,2017-11-08 12:38:01,0,11/8/2017 12:38:01,2017-11-08,12,Wed
99769,12,1,19,424,2017-11-08 5:06:24,0,11/8/2017 5:06:24,2017-11-08,5,Wed
269733,1,1,27,377,2017-11-09 4:40:35,0,11/9/2017 4:40:35,2017-11-09,4,Thu
95820,15,1,19,153,2017-11-08 10:57:43,0,11/8/2017 10:57:43,2017-11-08,10,Wed
267941,26,1,19,266,2017-11-08 1:47:43,0,11/8/2017 1:47:43,2017-11-08,1,Wed
26593,2,1,32,219,2017-11-08 16:09:25,0,11/8/2017 16:09:25,2017-11-08,16,Wed
52554,2,1,6,212,2017-11-07 12:28:40,0,11/7/2017 12:28:40,2017-11-07,12,Tue
62413,2,1,22,219,2017-11-08 0:14:34,0,11/8/2017 0:14:34,2017-11-08,0,Wed
200605,12,1,18,328,2017-11-07 16:25:14,0,11/7/2017 16:25:14,2017-11-07,16,Tue
75177,26,1,41,121,2017-11-07 6:44:14,0,11/7/2017 6:44:14,2017-11-07,6,Tue
98510,12,2,13,245,2017-11-07 15:34:48,0,11/7/2017 15:34:48,2017-11-07,15,Tue
238196,9,1,19,466,2017-11-08 12:51:06,0,11/8/2017 12:51:06,2017-11-08,12,Wed
21249,18,3032,607,107,2017-11-06 22:43:24,0,11/6/2017 22:43:24,2017-11-06,22,Mon
116625,18,1,13,439,2017-11-08 10:09:56,0,11/8/2017 10:09:56,2017-11-08,10,Wed
98403,3,1,19,442,2017-11-08 4:44:18,0,11/8/2017 4:44:18,2017-11-08,4,Wed
26995,11,2,25,137,2017-11-08 15:14:18,0,11/8/2017 15:14:18,2017-11-08,15,Wed
71071,9,2,19,466,2017-11-09 9:34:22,0,11/9/2017 9:34:22,2017-11-09,9,Thu
50055,12,1,15,178,2017-11-07 11:59:36,0,11/7/2017 11:59:36,2017-11-07,11,Tue
116425,2,2,47,364,2017-11-09 14:19:08,0,11/9/2017 14:19:08,2017-11-09,14,Thu
209663,3,1,18,402,2017-11-07 9:31:04,0,11/7/2017 9:31:04,2017-11-07,9,Tue
66933,2,1,19,236,2017-11-08 9:06:56,0,11/8/2017 9:06:56,2017-11-08,9,Wed
75670,3,2,18,115,2017-11-07 12:56:47,0,11/7/2017 12:56:47,2017-11-07,12,Tue
67895,9,1,19,466,2017-11-09 12:09:09,0,11/9/2017 12:09:09,2017-11-09,12,Thu
77107,1,1,19,101,2017-11-08 2:57:21,0,11/8/2017 2:57:21,2017-11-08,2,Wed
77216,2,1,20,477,2017-11-06 22:29:40,0,11/6/2017 22:29:40,2017-11-06,22,Mon
56498,11,1,32,325,2017-11-08 4:55:28,0,11/8/2017 4:55:28,2017-11-08,4,Wed
108697,9,1,13,442,2017-11-08 8:12:04,0,11/8/2017 8:12:04,2017-11-08,8,Wed
180757,3,1,37,371,2017-11-08 1:39:16,0,11/8/2017 1:39:16,2017-11-08,1,Wed
284170,27,1,19,153,2017-11-07 22:16:57,0,11/7/2017 22:16:57,2017-11-07,22,Tue
119542,15,1,18,391,2017-11-07 1:22:19,0,11/7/2017 1:22:19,2017-11-07,1,Tue
111976,12,1,19,245,2017-11-07 23:06:00,0,11/7/2017 23:06:00,2017-11-07,23,Tue
1673,12,1,17,178,2017-11-08 9:47:53,0,11/8/2017 9:47:53,2017-11-08,9,Wed
144508,2,1,19,237,2017-11-08 2:55:48,0,11/8/2017 2:55:48,2017-11-08,2,Wed
30483,202,1,20,421,2017-11-06 16:58:14,0,11/6/2017 16:58:14,2017-11-06,16,Mon
127081,14,1,19,463,2017-11-07 13:51:41,0,11/7/2017 13:51:41,2017-11-07,13,Tue
42143,14,1,13,123,2017-11-07 5:03:49,0,11/7/2017 5:03:49,2017-11-07,5,Tue
45595,2,1,19,477,2017-11-08 23:21:52,0,11/8/2017 23:21:52,2017-11-08,23,Wed
85642,12,1,13,178,2017-11-09 13:16:42,0,11/9/2017 13:16:42,2017-11-09,13,Thu
108857,14,1,17,489,2017-11-07 9:56:12,0,11/7/2017 9:56:12,2017-11-07,9,Tue
100182,1,2,19,134,2017-11-09 0:25:03,0,11/9/2017 0:25:03,2017-11-09,0,Thu
58669,3,1,13,280,2017-11-09 5:53:17,0,11/9/2017 5:53:17,2017-11-09,5,Thu
77318,20,1,30,478,2017-11-07 13:43:29,0,11/7/2017 13:43:29,2017-11-07,13,Tue
13034,2,1,30,258,2017-11-06 17:51:32,0,11/6/2017 17:51:32,2017-11-06,17,Mon
172301,14,1,3,134,2017-11-08 5:55:29,0,11/8/2017 5:55:29,2017-11-08,5,Wed
80084,12,1,20,245,2017-11-08 4:21:39,0,11/8/2017 4:21:39,2017-11-08,4,Wed
76765,15,1,19,245,2017-11-09 15:08:21,0,11/9/2017 15:08:21,2017-11-09,15,Thu
108602,2,1,27,452,2017-11-08 10:25:00,0,11/8/2017 10:25:00,2017-11-08,10,Wed
45362,11,1,23,219,2017-11-09 5:19:51,0,11/9/2017 5:19:51,2017-11-09,5,Thu
73487,23,1,19,153,2017-11-07 5:23:37,0,11/7/2017 5:23:37,2017-11-07,5,Tue
14010,28,1,13,135,2017-11-09 9:51:47,0,11/9/2017 9:51:47,2017-11-09,9,Thu
95255,24,1,6,105,2017-11-09 2:37:37,0,11/9/2017 2:37:37,2017-11-09,2,Thu
294087,9,2,47,134,2017-11-09 11:13:44,0,11/9/2017 11:13:44,2017-11-09,11,Thu
27001,2,1,19,237,2017-11-09 9:02:11,0,11/9/2017 9:02:11,2017-11-09,9,Thu
23554,1,1,13,377,2017-11-07 1:10:44,0,11/7/2017 1:10:44,2017-11-07,1,Tue
66973,2,1,13,237,2017-11-08 23:49:32,0,11/8/2017 23:49:32,2017-11-08,23,Wed
93021,9,1,18,334,2017-11-09 4:08:25,0,11/9/2017 4:08:25,2017-11-09,4,Thu
59882,2,1,8,212,2017-11-08 14:26:10,0,11/8/2017 14:26:10,2017-11-08,14,Wed
114854,2,1,19,469,2017-11-08 12:11:45,0,11/8/2017 12:11:45,2017-11-08,12,Wed
108386,15,1,44,386,2017-11-09 14:27:17,0,11/9/2017 14:27:17,2017-11-09,14,Thu
63762,12,2,9,178,2017-11-07 10:35:26,0,11/7/2017 10:35:26,2017-11-07,10,Tue
182843,26,1,10,266,2017-11-09 5:39:32,0,11/9/2017 5:39:32,2017-11-09,5,Thu
95991,15,1,19,480,2017-11-09 8:20:58,0,11/9/2017 8:20:58,2017-11-09,8,Thu
45745,12,1,19,219,2017-11-09 14:13:08,0,11/9/2017 14:13:08,2017-11-09,14,Thu
121851,9,1,37,232,2017-11-08 1:46:30,0,11/8/2017 1:46:30,2017-11-08,1,Wed
207838,12,1,39,259,2017-11-09 10:44:25,0,11/9/2017 10:44:25,2017-11-09,10,Thu
50924,9,1,13,466,2017-11-09 9:38:05,0,11/9/2017 9:38:05,2017-11-09,9,Thu
116651,12,1,19,135,2017-11-08 15:14:17,0,11/8/2017 15:14:17,2017-11-08,15,Wed
97463,7,1,22,101,2017-11-07 23:20:09,0,11/7/2017 23:20:09,2017-11-07,23,Tue
102025,12,1,6,340,2017-11-09 15:51:11,0,11/9/2017 15:51:11,2017-11-09,15,Thu
100088,22,1,19,116,2017-11-09 4:42:38,0,11/9/2017 4:42:38,2017-11-09,4,Thu
66215,12,1,19,219,2017-11-09 15:07:43,0,11/9/2017 15:07:43,2017-11-09,15,Thu
137762,2,1,19,236,2017-11-07 1:26:14,0,11/7/2017 1:26:14,2017-11-07,1,Tue
42299,18,1,19,439,2017-11-09 3:25:42,0,11/9/2017 3:25:42,2017-11-09,3,Thu
152714,13,1,15,477,2017-11-07 15:59:31,0,11/7/2017 15:59:31,2017-11-07,15,Tue
267144,3,1,19,205,2017-11-08 0:58:42,0,11/8/2017 0:58:42,2017-11-08,0,Wed
118284,13,1,17,477,2017-11-07 23:00:01,0,11/7/2017 23:00:01,2017-11-07,23,Tue
66845,27,1,6,153,2017-11-09 12:16:21,0,11/9/2017 12:16:21,2017-11-09,12,Thu
48671,12,1,6,245,2017-11-07 15:21:43,0,11/7/2017 15:21:43,2017-11-07,15,Tue
8352,15,1,19,245,2017-11-09 0:47:48,0,11/9/2017 0:47:48,2017-11-09,0,Thu
128368,23,1,19,153,2017-11-07 9:23:20,0,11/7/2017 9:23:20,2017-11-07,9,Tue
10200,3,1,6,130,2017-11-07 14:24:59,0,11/7/2017 14:24:59,2017-11-07,14,Tue
73933,3,1,13,280,2017-11-08 7:02:16,0,11/8/2017 7:02:16,2017-11-08,7,Wed
121442,2,1,10,122,2017-11-07 0:46:42,0,11/7/2017 0:46:42,2017-11-07,0,Tue
85506,14,1,20,442,2017-11-08 5:43:30,0,11/8/2017 5:43:30,2017-11-08,5,Wed
89192,9,1,22,442,2017-11-08 17:25:08,0,11/8/2017 17:25:08,2017-11-08,17,Wed
84587,2,1,13,212,2017-11-09 3:36:08,0,11/9/2017 3:36:08,2017-11-09,3,Thu
294731,18,1,19,134,2017-11-08 23:12:31,0,11/8/2017 23:12:31,2017-11-08,23,Wed
95766,15,1,41,245,2017-11-06 22:52:34,0,11/6/2017 22:52:34,2017-11-06,22,Mon
112005,15,1,13,153,2017-11-08 9:45:38,0,11/8/2017 9:45:38,2017-11-08,9,Wed
148952,15,1,9,265,2017-11-08 0:40:11,0,11/8/2017 0:40:11,2017-11-08,0,Wed
8224,14,1,17,379,2017-11-08 10:27:25,0,11/8/2017 10:27:25,2017-11-08,10,Wed
7146,6,1,27,125,2017-11-07 0:53:48,0,11/7/2017 0:53:48,2017-11-07,0,Tue
107887,12,1,19,265,2017-11-09 2:25:57,0,11/9/2017 2:25:57,2017-11-09,2,Thu
29569,2,1,6,219,2017-11-08 23:37:41,0,11/8/2017 23:37:41,2017-11-08,23,Wed
23496,9,1,10,244,2017-11-08 3:52:08,0,11/8/2017 3:52:08,2017-11-08,3,Wed
77906,18,3543,748,107,2017-11-07 17:44:19,0,11/7/2017 17:44:19,2017-11-07,17,Tue
58485,3,1,8,424,2017-11-08 2:07:08,0,11/8/2017 2:07:08,2017-11-08,2,Wed
107748,25,1,30,259,2017-11-09 1:14:07,0,11/9/2017 1:14:07,2017-11-09,1,Thu
81837,18,1,15,134,2017-11-08 9:29:07,0,11/8/2017 9:29:07,2017-11-08,9,Wed
78622,3,1,8,137,2017-11-07 14:42:48,0,11/7/2017 14:42:48,2017-11-07,14,Tue
40494,12,1,13,259,2017-11-08 7:28:53,0,11/8/2017 7:28:53,2017-11-08,7,Wed
98995,23,1,13,153,2017-11-07 2:28:26,0,11/7/2017 2:28:26,2017-11-07,2,Tue
72773,14,1,17,379,2017-11-06 23:46:34,0,11/6/2017 23:46:34,2017-11-06,23,Mon
176455,3,1,18,280,2017-11-07 11:37:31,0,11/7/2017 11:37:31,2017-11-07,11,Tue
92183,14,1,19,489,2017-11-07 14:27:26,0,11/7/2017 14:27:26,2017-11-07,14,Tue
27627,21,1,19,128,2017-11-09 4:01:25,0,11/9/2017 4:01:25,2017-11-09,4,Thu
20411,9,1,22,234,2017-11-09 1:53:45,0,11/9/2017 1:53:45,2017-11-09,1,Thu
53025,12,1,17,259,2017-11-07 10:50:38,0,11/7/2017 10:50:38,2017-11-07,10,Tue
41963,2,1,19,122,2017-11-07 12:12:46,0,11/7/2017 12:12:46,2017-11-07,12,Tue
118252,3,1,19,280,2017-11-08 3:00:06,0,11/8/2017 3:00:06,2017-11-08,3,Wed
17149,50,0,24,213,2017-11-09 0:59:54,1,11/9/2017 0:59:54,2017-11-09,0,Thu
17149,15,1,18,265,2017-11-09 0:54:02,0,11/9/2017 0:54:02,2017-11-09,0,Thu
53664,3,1,13,280,2017-11-07 9:10:30,0,11/7/2017 9:10:30,2017-11-07,9,Tue
25299,3,1,3,19,2017-11-09 6:06:08,0,11/9/2017 6:06:08,2017-11-09,6,Thu
32391,7,1,19,101,2017-11-09 7:27:37,0,11/9/2017 7:27:37,2017-11-09,7,Thu
42479,9,1,70,232,2017-11-06 23:49:24,0,11/6/2017 23:49:24,2017-11-06,23,Mon
24896,2,1,27,237,2017-11-09 4:48:46,0,11/9/2017 4:48:46,2017-11-09,4,Thu
92471,12,1,19,178,2017-11-07 12:24:49,0,11/7/2017 12:24:49,2017-11-07,12,Tue
84774,3,1,8,280,2017-11-08 13:28:46,0,11/8/2017 13:28:46,2017-11-08,13,Wed
205797,15,1,13,245,2017-11-07 2:50:52,0,11/7/2017 2:50:52,2017-11-07,2,Tue
70641,3,1,11,135,2017-11-08 23:33:56,0,11/8/2017 23:33:56,2017-11-08,23,Wed
110386,3,1,19,371,2017-11-09 7:54:53,0,11/9/2017 7:54:53,2017-11-09,7,Thu
60603,8,1,18,140,2017-11-07 3:42:47,0,11/7/2017 3:42:47,2017-11-07,3,Tue
124763,1,1,13,153,2017-11-08 14:36:28,0,11/8/2017 14:36:28,2017-11-08,14,Wed
21097,11,1,13,137,2017-11-08 22:12:45,0,11/8/2017 22:12:45,2017-11-08,22,Wed
114526,3,1,19,280,2017-11-08 1:16:37,0,11/8/2017 1:16:37,2017-11-08,1,Wed
35180,14,1,11,379,2017-11-09 7:19:05,0,11/9/2017 7:19:05,2017-11-09,7,Thu
1235,6,1,15,459,2017-11-09 12:33:43,0,11/9/2017 12:33:43,2017-11-09,12,Thu
42139,3,2,13,211,2017-11-08 5:58:09,0,11/8/2017 5:58:09,2017-11-08,5,Wed
114276,3,2,13,280,2017-11-07 3:17:55,0,11/7/2017 3:17:55,2017-11-07,3,Tue
11593,2,1,16,477,2017-11-09 15:30:47,0,11/9/2017 15:30:47,2017-11-09,15,Thu
46774,3,1,19,130,2017-11-07 2:06:06,0,11/7/2017 2:06:06,2017-11-07,2,Tue
82041,3,1,37,280,2017-11-08 15:30:55,0,11/8/2017 15:30:55,2017-11-08,15,Wed
67751,3,1,30,280,2017-11-07 4:38:28,0,11/7/2017 4:38:28,2017-11-07,4,Tue
55032,14,1,11,401,2017-11-07 3:07:46,0,11/7/2017 3:07:46,2017-11-07,3,Tue
174352,3,1,25,115,2017-11-08 14:32:45,0,11/8/2017 14:32:45,2017-11-08,14,Wed
180823,12,1,16,245,2017-11-09 0:50:41,0,11/9/2017 0:50:41,2017-11-09,0,Thu
20174,5,1,18,317,2017-11-09 13:18:57,0,11/9/2017 13:18:57,2017-11-09,13,Thu
62001,22,1,14,116,2017-11-08 14:10:30,0,11/8/2017 14:10:30,2017-11-08,14,Wed
15365,21,2,9,128,2017-11-07 21:41:28,0,11/7/2017 21:41:28,2017-11-07,21,Tue
66478,2,1,8,219,2017-11-08 2:38:21,0,11/8/2017 2:38:21,2017-11-08,2,Wed
60151,14,2,19,480,2017-11-09 1:01:14,0,11/9/2017 1:01:14,2017-11-09,1,Thu
119349,9,1,15,442,2017-11-08 8:02:19,0,11/8/2017 8:02:19,2017-11-08,8,Wed
40372,13,1,12,400,2017-11-09 8:56:36,0,11/9/2017 8:56:36,2017-11-09,8,Thu
121767,9,1,13,466,2017-11-07 23:29:04,0,11/7/2017 23:29:04,2017-11-07,23,Tue
55575,2,1,15,469,2017-11-07 6:37:22,0,11/7/2017 6:37:22,2017-11-07,6,Tue
120163,1,1,17,439,2017-11-09 15:22:06,0,11/9/2017 15:22:06,2017-11-09,15,Thu
53964,13,1,22,449,2017-11-09 14:03:56,0,11/9/2017 14:03:56,2017-11-09,14,Thu
1881,9,1,13,215,2017-11-07 14:54:04,0,11/7/2017 14:54:04,2017-11-07,14,Tue
41285,11,1,27,173,2017-11-07 12:56:11,0,11/7/2017 12:56:11,2017-11-07,12,Tue
7813,12,1,14,259,2017-11-09 15:43:41,0,11/9/2017 15:43:41,2017-11-09,15,Thu
163632,13,1,19,477,2017-11-07 2:56:49,0,11/7/2017 2:56:49,2017-11-07,2,Tue
70815,3,1,3,280,2017-11-09 1:40:23,0,11/9/2017 1:40:23,2017-11-09,1,Thu
166352,12,1,17,481,2017-11-09 11:12:43,0,11/9/2017 11:12:43,2017-11-09,11,Thu
80476,14,1,34,379,2017-11-07 11:57:11,0,11/7/2017 11:57:11,2017-11-07,11,Tue
33306,20,1,9,259,2017-11-07 3:15:24,0,11/7/2017 3:15:24,2017-11-07,3,Tue
95766,3,1,18,280,2017-11-07 4:54:37,0,11/7/2017 4:54:37,2017-11-07,4,Tue
89581,26,1,37,121,2017-11-08 10:06:52,0,11/8/2017 10:06:52,2017-11-08,10,Wed
187941,3,1,25,115,2017-11-07 2:56:05,0,11/7/2017 2:56:05,2017-11-07,2,Tue
261776,12,1,19,245,2017-11-07 16:38:47,0,11/7/2017 16:38:47,2017-11-07,16,Tue
111153,29,1,13,343,2017-11-07 23:52:07,0,11/7/2017 23:52:07,2017-11-07,23,Tue
75885,13,1,13,400,2017-11-09 14:24:09,0,11/9/2017 14:24:09,2017-11-09,14,Thu
89062,3,1,20,379,2017-11-07 15:35:12,0,11/7/2017 15:35:12,2017-11-07,15,Tue
100212,23,1,13,153,2017-11-06 17:13:37,0,11/6/2017 17:13:37,2017-11-06,17,Mon
121879,14,1,13,379,2017-11-09 7:25:59,0,11/9/2017 7:25:59,2017-11-09,7,Thu
101358,9,1,13,466,2017-11-08 22:52:54,0,11/8/2017 22:52:54,2017-11-08,22,Wed
91232,15,1,19,315,2017-11-07 15:14:53,0,11/7/2017 15:14:53,2017-11-07,15,Tue
1659,2,1,13,212,2017-11-06 18:39:21,0,11/6/2017 18:39:21,2017-11-06,18,Mon
93587,15,1,22,245,2017-11-06 17:37:28,0,11/6/2017 17:37:28,2017-11-06,17,Mon
45060,12,1,18,259,2017-11-06 16:16:18,0,11/6/2017 16:16:18,2017-11-06,16,Mon
43842,18,1,18,107,2017-11-09 10:26:17,0,11/9/2017 10:26:17,2017-11-09,10,Thu
111182,3,1,19,280,2017-11-09 4:39:00,0,11/9/2017 4:39:00,2017-11-09,4,Thu
124478,15,1,10,245,2017-11-06 16:01:35,0,11/6/2017 16:01:35,2017-11-06,16,Mon
119350,9,1,85,234,2017-11-08 15:17:11,0,11/8/2017 15:17:11,2017-11-08,15,Wed
35707,10,1,19,317,2017-11-07 10:45:43,0,11/7/2017 10:45:43,2017-11-07,10,Tue
89592,9,1,20,489,2017-11-08 10:58:36,0,11/8/2017 10:58:36,2017-11-08,10,Wed
347608,3,1,19,280,2017-11-09 12:25:36,0,11/9/2017 12:25:36,2017-11-09,12,Thu
77940,11,1,43,325,2017-11-07 7:43:25,0,11/7/2017 7:43:25,2017-11-07,7,Tue
68022,12,1,18,424,2017-11-09 12:27:26,0,11/9/2017 12:27:26,2017-11-09,12,Thu
4437,2,1,6,237,2017-11-09 10:47:10,0,11/9/2017 10:47:10,2017-11-09,10,Thu
109776,13,1,19,400,2017-11-09 7:22:59,0,11/9/2017 7:22:59,2017-11-09,7,Thu
51665,2,1,30,452,2017-11-07 6:17:23,0,11/7/2017 6:17:23,2017-11-07,6,Tue
3196,3,1,25,280,2017-11-08 1:04:04,0,11/8/2017 1:04:04,2017-11-08,1,Wed
89557,3,1,17,280,2017-11-09 0:43:08,0,11/9/2017 0:43:08,2017-11-09,0,Thu
44456,35,1,17,21,2017-11-09 10:22:50,0,11/9/2017 10:22:50,2017-11-09,10,Thu
114220,25,1,13,259,2017-11-08 1:04:53,0,11/8/2017 1:04:53,2017-11-08,1,Wed
73487,12,1,16,326,2017-11-08 15:23:33,0,11/8/2017 15:23:33,2017-11-08,15,Wed
149061,2,1,19,237,2017-11-09 2:51:02,0,11/9/2017 2:51:02,2017-11-09,2,Thu
27705,15,1,19,245,2017-11-07 15:04:49,0,11/7/2017 15:04:49,2017-11-07,15,Tue
79665,12,1,19,340,2017-11-08 7:57:11,0,11/8/2017 7:57:11,2017-11-08,7,Wed
54986,12,1,19,265,2017-11-08 1:22:58,0,11/8/2017 1:22:58,2017-11-08,1,Wed
120673,12,1,19,178,2017-11-08 9:04:15,0,11/8/2017 9:04:15,2017-11-08,9,Wed
15769,18,1,19,121,2017-11-07 10:05:28,0,11/7/2017 10:05:28,2017-11-07,10,Tue
56344,18,1,19,376,2017-11-08 15:22:40,0,11/8/2017 15:22:40,2017-11-08,15,Wed
38066,18,1,13,134,2017-11-08 1:00:52,0,11/8/2017 1:00:52,2017-11-08,1,Wed
30710,3,1,18,135,2017-11-07 16:15:46,0,11/7/2017 16:15:46,2017-11-07,16,Tue
48240,3,1,19,379,2017-11-07 3:08:16,0,11/7/2017 3:08:16,2017-11-07,3,Tue
5147,6,1,13,459,2017-11-09 5:17:55,0,11/9/2017 5:17:55,2017-11-09,5,Thu
35588,23,1,13,153,2017-11-08 6:39:03,0,11/8/2017 6:39:03,2017-11-08,6,Wed
91536,3,1,19,402,2017-11-09 14:37:36,0,11/9/2017 14:37:36,2017-11-09,14,Thu
8569,2,1,19,469,2017-11-07 14:40:10,0,11/7/2017 14:40:10,2017-11-07,14,Tue
59125,2,1,13,205,2017-11-08 3:39:46,0,11/8/2017 3:39:46,2017-11-08,3,Wed
34551,15,1,19,265,2017-11-08 12:55:25,0,11/8/2017 12:55:25,2017-11-08,12,Wed
48158,15,1,20,130,2017-11-09 14:50:43,0,11/9/2017 14:50:43,2017-11-09,14,Thu
13177,15,1,13,245,2017-11-08 22:56:08,0,11/8/2017 22:56:08,2017-11-08,22,Wed
121656,19,0,21,213,2017-11-07 14:43:11,0,11/7/2017 14:43:11,2017-11-07,14,Tue
43827,11,1,10,487,2017-11-09 6:37:15,0,11/9/2017 6:37:15,2017-11-09,6,Thu
107276,18,1,13,121,2017-11-07 23:38:13,0,11/7/2017 23:38:13,2017-11-07,23,Tue
168365,12,1,15,124,2017-11-07 1:14:37,0,11/7/2017 1:14:37,2017-11-07,1,Tue
179984,18,1,1,107,2017-11-07 0:47:20,0,11/7/2017 0:47:20,2017-11-07,0,Tue
51609,11,1,17,330,2017-11-08 2:53:04,0,11/8/2017 2:53:04,2017-11-08,2,Wed
113862,9,1,25,466,2017-11-08 10:52:35,0,11/8/2017 10:52:35,2017-11-08,10,Wed
230325,12,1,13,178,2017-11-09 11:20:18,0,11/9/2017 11:20:18,2017-11-09,11,Thu
22957,9,1,19,334,2017-11-07 1:33:18,0,11/7/2017 1:33:18,2017-11-07,1,Tue
20905,12,1,14,205,2017-11-09 14:41:00,0,11/9/2017 14:41:00,2017-11-09,14,Thu
26208,3,1,17,19,2017-11-08 14:26:21,0,11/8/2017 14:26:21,2017-11-08,14,Wed
202750,25,1,41,259,2017-11-08 13:24:52,0,11/8/2017 13:24:52,2017-11-08,13,Wed
67708,18,1,35,121,2017-11-09 14:59:49,0,11/9/2017 14:59:49,2017-11-09,14,Thu
5314,1,1,19,134,2017-11-07 22:55:29,0,11/7/2017 22:55:29,2017-11-07,22,Tue
49939,1,1,13,134,2017-11-08 14:26:17,0,11/8/2017 14:26:17,2017-11-08,14,Wed
81698,9,1,41,107,2017-11-09 6:12:57,0,11/9/2017 6:12:57,2017-11-09,6,Thu
12457,3,1,6,182,2017-11-08 2:27:47,0,11/8/2017 2:27:47,2017-11-08,2,Wed
220589,3,2,19,137,2017-11-08 2:52:16,0,11/8/2017 2:52:16,2017-11-08,2,Wed
155000,18,1,37,107,2017-11-09 0:59:43,0,11/9/2017 0:59:43,2017-11-09,0,Thu
93198,15,1,13,430,2017-11-07 23:50:54,0,11/7/2017 23:50:54,2017-11-07,23,Tue
181871,12,1,13,178,2017-11-08 16:51:22,0,11/8/2017 16:51:22,2017-11-08,16,Wed
339238,7,1,20,101,2017-11-09 14:33:12,0,11/9/2017 14:33:12,2017-11-09,14,Thu
141774,12,1,15,328,2017-11-07 9:35:38,0,11/7/2017 9:35:38,2017-11-07,9,Tue
71514,2,1,6,237,2017-11-09 1:36:49,0,11/9/2017 1:36:49,2017-11-09,1,Thu
85188,12,1,18,259,2017-11-09 13:14:05,0,11/9/2017 13:14:05,2017-11-09,13,Thu
119289,28,1,19,135,2017-11-07 21:13:30,0,11/7/2017 21:13:30,2017-11-07,21,Tue
80000,15,1,19,315,2017-11-07 5:27:58,0,11/7/2017 5:27:58,2017-11-07,5,Tue
74698,18,3032,607,107,2017-11-07 3:03:44,0,11/7/2017 3:03:44,2017-11-07,3,Tue
271118,18,1,19,134,2017-11-08 6:16:21,1,11/8/2017 6:16:21,2017-11-08,6,Wed
67734,3,1,13,153,2017-11-08 15:11:42,0,11/8/2017 15:11:42,2017-11-08,15,Wed
131859,14,1,18,379,2017-11-08 3:27:40,0,11/8/2017 3:27:40,2017-11-08,3,Wed
98317,3,1,19,489,2017-11-08 13:10:20,0,11/8/2017 13:10:20,2017-11-08,13,Wed
102082,18,1,13,107,2017-11-07 4:16:13,0,11/7/2017 4:16:13,2017-11-07,4,Tue
103251,18,1,23,107,2017-11-07 23:04:44,0,11/7/2017 23:04:44,2017-11-07,23,Tue
176539,12,1,6,265,2017-11-09 15:02:47,0,11/9/2017 15:02:47,2017-11-09,15,Thu
59426,12,1,18,19,2017-11-07 11:31:15,0,11/7/2017 11:31:15,2017-11-07,11,Tue
99427,3,1,19,137,2017-11-09 6:32:13,0,11/9/2017 6:32:13,2017-11-09,6,Thu
118367,3,1,1,280,2017-11-07 14:43:36,0,11/7/2017 14:43:36,2017-11-07,14,Tue
79187,1,1,19,178,2017-11-06 23:51:44,0,11/6/2017 23:51:44,2017-11-06,23,Mon
55898,64,1,48,459,2017-11-08 13:23:32,0,11/8/2017 13:23:32,2017-11-08,13,Wed
60453,2,1,13,237,2017-11-08 5:55:29,0,11/8/2017 5:55:29,2017-11-08,5,Wed
75007,9,1,1,334,2017-11-07 11:50:05,0,11/7/2017 11:50:05,2017-11-07,11,Tue
52628,9,1,18,466,2017-11-08 9:04:15,0,11/8/2017 9:04:15,2017-11-08,9,Wed
263183,12,1,9,245,2017-11-08 1:08:51,0,11/8/2017 1:08:51,2017-11-08,1,Wed
106541,3,1,13,280,2017-11-08 11:16:32,0,11/8/2017 11:16:32,2017-11-08,11,Wed
59391,9,1,22,215,2017-11-09 12:36:19,0,11/9/2017 12:36:19,2017-11-09,12,Thu
39480,17,1,20,134,2017-11-09 8:00:08,0,11/9/2017 8:00:08,2017-11-09,8,Thu
51818,3,1,41,280,2017-11-09 5:24:41,0,11/9/2017 5:24:41,2017-11-09,5,Thu
108783,15,1,20,480,2017-11-08 12:34:46,0,11/8/2017 12:34:46,2017-11-08,12,Wed
177178,28,1,13,135,2017-11-08 15:58:04,0,11/8/2017 15:58:04,2017-11-08,15,Wed
152977,8,1,37,140,2017-11-09 10:29:30,0,11/9/2017 10:29:30,2017-11-09,10,Thu
112106,64,1,19,459,2017-11-07 13:10:43,0,11/7/2017 13:10:43,2017-11-07,13,Tue
150844,9,1,13,234,2017-11-09 0:44:42,0,11/9/2017 0:44:42,2017-11-09,0,Thu
130810,12,1,10,178,2017-11-09 9:23:04,0,11/9/2017 9:23:04,2017-11-09,9,Thu
150625,11,1,13,319,2017-11-07 16:30:22,0,11/7/2017 16:30:22,2017-11-07,16,Tue
191759,15,1,18,265,2017-11-09 4:35:23,0,11/9/2017 4:35:23,2017-11-09,4,Thu
78910,19,0,24,213,2017-11-08 13:41:07,0,11/8/2017 13:41:07,2017-11-08,13,Wed
81807,3,1,6,480,2017-11-06 22:27:50,0,11/6/2017 22:27:50,2017-11-06,22,Mon
181243,12,1,18,205,2017-11-08 2:41:33,0,11/8/2017 2:41:33,2017-11-08,2,Wed
37515,1,1,13,125,2017-11-07 11:25:56,0,11/7/2017 11:25:56,2017-11-07,11,Tue
133598,2,1,22,237,2017-11-07 5:36:28,0,11/7/2017 5:36:28,2017-11-07,5,Tue
105388,9,1,20,134,2017-11-07 23:20:58,0,11/7/2017 23:20:58,2017-11-07,23,Tue
86402,12,1,1,259,2017-11-08 12:13:11,0,11/8/2017 12:13:11,2017-11-08,12,Wed
5348,3,1,28,442,2017-11-06 23:59:36,0,11/6/2017 23:59:36,2017-11-06,23,Mon
68491,2,1,16,212,2017-11-09 3:29:16,0,11/9/2017 3:29:16,2017-11-09,3,Thu
196973,26,1,41,121,2017-11-07 6:19:25,0,11/7/2017 6:19:25,2017-11-07,6,Tue
72543,15,1,13,245,2017-11-07 3:22:06,0,11/7/2017 3:22:06,2017-11-07,3,Tue
15829,21,1,13,128,2017-11-08 16:02:16,0,11/8/2017 16:02:16,2017-11-08,16,Wed
83525,37,1,19,21,2017-11-07 12:56:27,0,11/7/2017 12:56:27,2017-11-07,12,Tue
108527,170,3032,607,347,2017-11-07 15:24:26,0,11/7/2017 15:24:26,2017-11-07,15,Tue
74816,12,1,37,245,2017-11-07 5:15:01,0,11/7/2017 5:15:01,2017-11-07,5,Tue
4118,21,1,9,128,2017-11-07 13:50:45,0,11/7/2017 13:50:45,2017-11-07,13,Tue
95063,1,1,20,153,2017-11-08 14:27:37,0,11/8/2017 14:27:37,2017-11-08,14,Wed
108341,12,1,18,245,2017-11-08 5:35:47,0,11/8/2017 5:35:47,2017-11-08,5,Wed
298118,8,1,10,145,2017-11-09 4:20:16,0,11/9/2017 4:20:16,2017-11-09,4,Thu
37776,21,2,13,128,2017-11-09 11:35:50,0,11/9/2017 11:35:50,2017-11-09,11,Thu
43698,18,1,13,439,2017-11-07 16:31:20,0,11/7/2017 16:31:20,2017-11-07,16,Tue
109643,3,1,19,280,2017-11-08 0:58:42,0,11/8/2017 0:58:42,2017-11-08,0,Wed
124936,12,1,13,205,2017-11-08 10:11:02,0,11/8/2017 10:11:02,2017-11-08,10,Wed
237358,18,1,19,449,2017-11-08 2:25:05,0,11/8/2017 2:25:05,2017-11-08,2,Wed
28852,2,1,22,477,2017-11-08 11:07:14,0,11/8/2017 11:07:14,2017-11-08,11,Wed
103023,9,1,19,334,2017-11-08 12:49:48,0,11/8/2017 12:49:48,2017-11-08,12,Wed
193602,8,1,18,145,2017-11-06 16:22:54,0,11/6/2017 16:22:54,2017-11-06,16,Mon
37467,14,1,15,480,2017-11-08 7:42:21,0,11/8/2017 7:42:21,2017-11-08,7,Wed
93924,15,1,22,111,2017-11-07 0:59:01,0,11/7/2017 0:59:01,2017-11-07,0,Tue
100212,2,1,19,435,2017-11-07 15:45:03,0,11/7/2017 15:45:03,2017-11-07,15,Tue
95585,9,1,13,215,2017-11-08 15:25:02,0,11/8/2017 15:25:02,2017-11-08,15,Wed
206925,3,1,16,173,2017-11-06 21:03:00,0,11/6/2017 21:03:00,2017-11-06,21,Mon
25792,24,1,8,105,2017-11-08 21:43:50,0,11/8/2017 21:43:50,2017-11-08,21,Wed
5314,21,1,18,128,2017-11-07 13:55:10,0,11/7/2017 13:55:10,2017-11-07,13,Tue
108730,2,1,25,377,2017-11-08 12:09:53,0,11/8/2017 12:09:53,2017-11-08,12,Wed
1763,3,1,19,205,2017-11-07 13:25:00,0,11/7/2017 13:25:00,2017-11-07,13,Tue
64330,18,1,3,107,2017-11-08 10:43:12,0,11/8/2017 10:43:12,2017-11-08,10,Wed
44595,15,1,6,3,2017-11-09 13:23:53,0,11/9/2017 13:23:53,2017-11-09,13,Thu
73516,8,1,13,145,2017-11-06 16:29:09,0,11/6/2017 16:29:09,2017-11-06,16,Mon
12479,2,1,18,205,2017-11-08 14:07:25,0,11/8/2017 14:07:25,2017-11-08,14,Wed
26814,18,1,30,134,2017-11-09 13:06:42,0,11/9/2017 13:06:42,2017-11-09,13,Thu
98944,12,1,13,178,2017-11-09 8:20:02,0,11/9/2017 8:20:02,2017-11-09,8,Thu
136695,2,1,8,236,2017-11-07 2:21:21,0,11/7/2017 2:21:21,2017-11-07,2,Tue
99728,9,1,19,232,2017-11-09 12:58:17,0,11/9/2017 12:58:17,2017-11-09,12,Thu
51131,25,1,19,259,2017-11-07 5:05:21,0,11/7/2017 5:05:21,2017-11-07,5,Tue
99895,12,1,19,259,2017-11-08 10:28:21,0,11/8/2017 10:28:21,2017-11-08,10,Wed
96773,15,1,13,245,2017-11-07 7:12:52,0,11/7/2017 7:12:52,2017-11-07,7,Tue
72539,12,1,19,265,2017-11-08 1:33:32,0,11/8/2017 1:33:32,2017-11-08,1,Wed
88281,2,1,10,477,2017-11-08 4:35:00,0,11/8/2017 4:35:00,2017-11-08,4,Wed
83509,3,1,66,442,2017-11-07 22:33:34,0,11/7/2017 22:33:34,2017-11-07,22,Tue
75634,2,1,13,219,2017-11-08 11:14:41,0,11/8/2017 11:14:41,2017-11-08,11,Wed
172738,3,1,18,211,2017-11-09 12:42:05,0,11/9/2017 12:42:05,2017-11-09,12,Thu
92766,9,2,9,234,2017-11-08 19:33:10,0,11/8/2017 19:33:10,2017-11-08,19,Wed
88,1,1,22,115,2017-11-08 23:27:25,0,11/8/2017 23:27:25,2017-11-08,23,Wed
57519,9,1,30,107,2017-11-09 14:27:55,0,11/9/2017 14:27:55,2017-11-09,14,Thu
72000,13,1,19,477,2017-11-09 8:08:46,0,11/9/2017 8:08:46,2017-11-09,8,Thu
6750,14,1,18,379,2017-11-09 11:49:49,0,11/9/2017 11:49:49,2017-11-09,11,Thu
175643,9,1,19,334,2017-11-09 2:42:06,0,11/9/2017 2:42:06,2017-11-09,2,Thu
102511,2,1,18,237,2017-11-09 13:26:27,0,11/9/2017 13:26:27,2017-11-09,13,Thu
4052,24,2,36,105,2017-11-07 9:58:35,0,11/7/2017 9:58:35,2017-11-07,9,Tue
73839,9,1,9,334,2017-11-09 0:40:34,0,11/9/2017 0:40:34,2017-11-09,0,Thu
158889,15,1,13,140,2017-11-09 9:30:47,0,11/9/2017 9:30:47,2017-11-09,9,Thu
118190,18,1,10,107,2017-11-07 4:43:08,0,11/7/2017 4:43:08,2017-11-07,4,Tue
74918,3,1,19,480,2017-11-08 15:20:05,0,11/8/2017 15:20:05,2017-11-08,15,Wed
177121,3,1,22,489,2017-11-07 4:52:09,0,11/7/2017 4:52:09,2017-11-07,4,Tue
161299,12,2,10,326,2017-11-07 11:57:35,0,11/7/2017 11:57:35,2017-11-07,11,Tue
63624,12,1,16,245,2017-11-07 16:50:37,0,11/7/2017 16:50:37,2017-11-07,16,Tue
41142,9,2,13,445,2017-11-09 6:00:16,0,11/9/2017 6:00:16,2017-11-09,6,Thu
114409,3,1,13,489,2017-11-07 0:06:48,0,11/7/2017 0:06:48,2017-11-07,0,Tue
24008,23,1,20,153,2017-11-06 16:36:01,0,11/6/2017 16:36:01,2017-11-06,16,Mon
143423,21,1,19,128,2017-11-07 6:49:13,0,11/7/2017 6:49:13,2017-11-07,6,Tue
105024,14,1,41,480,2017-11-07 4:27:20,0,11/7/2017 4:27:20,2017-11-07,4,Tue
127896,2,2,41,122,2017-11-07 12:27:00,0,11/7/2017 12:27:00,2017-11-07,12,Tue
2407,12,1,4,497,2017-11-08 13:49:00,0,11/8/2017 13:49:00,2017-11-08,13,Wed
75463,12,1,19,178,2017-11-09 9:46:55,0,11/9/2017 9:46:55,2017-11-09,9,Thu
39480,2,1,19,237,2017-11-07 18:03:11,0,11/7/2017 18:03:11,2017-11-07,18,Tue
21069,2,1,3,236,2017-11-08 2:36:29,0,11/8/2017 2:36:29,2017-11-08,2,Wed
42646,11,1,19,319,2017-11-09 6:07:02,0,11/9/2017 6:07:02,2017-11-09,6,Thu
93587,13,1,9,477,2017-11-09 14:22:47,0,11/9/2017 14:22:47,2017-11-09,14,Thu
91885,15,1,5,386,2017-11-06 20:41:49,0,11/6/2017 20:41:49,2017-11-06,20,Mon
37763,18,1,6,107,2017-11-09 13:32:05,0,11/9/2017 13:32:05,2017-11-09,13,Thu
287997,21,1,13,128,2017-11-08 20:09:07,0,11/8/2017 20:09:07,2017-11-08,20,Wed
32575,3,1,8,137,2017-11-08 12:32:09,0,11/8/2017 12:32:09,2017-11-08,12,Wed
114802,18,1,13,439,2017-11-07 22:25:20,0,11/7/2017 22:25:20,2017-11-07,22,Tue
114620,24,1,17,105,2017-11-07 17:22:01,0,11/7/2017 17:22:01,2017-11-07,17,Tue
18580,9,1,17,215,2017-11-07 7:00:30,0,11/7/2017 7:00:30,2017-11-07,7,Tue
81416,18,1,13,107,2017-11-09 1:35:55,0,11/9/2017 1:35:55,2017-11-09,1,Thu
109001,18,1,17,107,2017-11-07 11:59:54,0,11/7/2017 11:59:54,2017-11-07,11,Tue
100176,15,1,19,245,2017-11-07 5:36:22,0,11/7/2017 5:36:22,2017-11-07,5,Tue
156330,13,1,16,477,2017-11-07 1:18:24,0,11/7/2017 1:18:24,2017-11-07,1,Tue
77799,3,1,19,205,2017-11-08 4:45:21,0,11/8/2017 4:45:21,2017-11-08,4,Wed
140948,9,1,8,442,2017-11-07 4:27:05,0,11/7/2017 4:27:05,2017-11-07,4,Tue
129121,9,1,19,442,2017-11-07 15:19:38,0,11/7/2017 15:19:38,2017-11-07,15,Tue
229807,1,1,25,115,2017-11-08 2:57:43,0,11/8/2017 2:57:43,2017-11-08,2,Wed
106279,12,1,22,245,2017-11-08 22:52:44,0,11/8/2017 22:52:44,2017-11-08,22,Wed
98476,23,1,13,153,2017-11-08 15:26:29,0,11/8/2017 15:26:29,2017-11-08,15,Wed
267945,14,1,8,489,2017-11-08 15:29:13,0,11/8/2017 15:29:13,2017-11-08,15,Wed
68929,3,1,19,280,2017-11-08 11:03:30,0,11/8/2017 11:03:30,2017-11-08,11,Wed
2728,26,1,13,266,2017-11-07 1:04:21,0,11/7/2017 1:04:21,2017-11-07,1,Tue
23505,32,2,65,376,2017-11-09 8:19:50,0,11/9/2017 8:19:50,2017-11-09,8,Thu
56516,10,1,32,377,2017-11-09 7:00:44,0,11/9/2017 7:00:44,2017-11-09,7,Thu
82011,6,1,20,459,2017-11-07 6:43:27,0,11/7/2017 6:43:27,2017-11-07,6,Tue
96987,3,1,13,424,2017-11-09 9:53:06,0,11/9/2017 9:53:06,2017-11-09,9,Thu
88951,2,1,19,236,2017-11-09 0:14:11,0,11/9/2017 0:14:11,2017-11-09,0,Thu
19140,15,1,19,386,2017-11-07 13:56:16,0,11/7/2017 13:56:16,2017-11-07,13,Tue
183108,2,1,25,364,2017-11-08 18:58:58,0,11/8/2017 18:58:58,2017-11-08,18,Wed
75830,12,1,16,265,2017-11-08 9:10:31,0,11/8/2017 9:10:31,2017-11-08,9,Wed
112455,14,1,32,401,2017-11-08 3:39:19,0,11/8/2017 3:39:19,2017-11-08,3,Wed
270863,15,1,8,315,2017-11-08 11:45:14,0,11/8/2017 11:45:14,2017-11-08,11,Wed
12787,1,1,18,134,2017-11-09 3:12:43,0,11/9/2017 3:12:43,2017-11-09,3,Thu
114276,21,2,13,128,2017-11-07 12:52:11,0,11/7/2017 12:52:11,2017-11-07,12,Tue
117167,15,1,18,480,2017-11-07 15:36:42,0,11/7/2017 15:36:42,2017-11-07,15,Tue
3363,9,1,19,232,2017-11-07 0:33:10,0,11/7/2017 0:33:10,2017-11-07,0,Tue
2696,3,1,17,280,2017-11-08 2:28:54,0,11/8/2017 2:28:54,2017-11-08,2,Wed
164157,12,1,15,212,2017-11-08 12:57:20,0,11/8/2017 12:57:20,2017-11-08,12,Wed
52225,14,1,19,379,2017-11-09 3:01:23,0,11/9/2017 3:01:23,2017-11-09,3,Thu
147482,15,1,27,265,2017-11-07 7:26:05,0,11/7/2017 7:26:05,2017-11-07,7,Tue
16589,3,5,45,404,2017-11-09 14:44:45,0,11/9/2017 14:44:45,2017-11-09,14,Thu
80416,21,1,13,232,2017-11-09 9:47:49,0,11/9/2017 9:47:49,2017-11-09,9,Thu
81287,3,1,19,211,2017-11-08 16:08:52,0,11/8/2017 16:08:52,2017-11-08,16,Wed
60925,2,1,20,477,2017-11-09 3:38:20,0,11/9/2017 3:38:20,2017-11-09,3,Thu
108881,15,1,17,245,2017-11-08 16:33:52,0,11/8/2017 16:33:52,2017-11-08,16,Wed
191902,3,1,12,280,2017-11-07 2:52:36,0,11/7/2017 2:52:36,2017-11-07,2,Tue
116607,18,1,13,134,2017-11-07 4:06:21,0,11/7/2017 4:06:21,2017-11-07,4,Tue
158804,13,1,19,477,2017-11-07 9:10:41,0,11/7/2017 9:10:41,2017-11-07,9,Tue
273904,18,1,35,107,2017-11-08 15:28:00,0,11/8/2017 15:28:00,2017-11-08,15,Wed
34714,18,1,17,439,2017-11-08 2:54:10,0,11/8/2017 2:54:10,2017-11-08,2,Wed
34432,1,1,27,135,2017-11-07 15:06:08,0,11/7/2017 15:06:08,2017-11-07,15,Tue
64531,18,1,40,134,2017-11-09 1:34:44,0,11/9/2017 1:34:44,2017-11-09,1,Thu
37142,12,1,20,140,2017-11-09 10:00:27,0,11/9/2017 10:00:27,2017-11-09,10,Thu
114054,12,1,27,409,2017-11-08 3:35:57,0,11/8/2017 3:35:57,2017-11-08,3,Wed
125027,18,1,4,134,2017-11-07 11:16:20,0,11/7/2017 11:16:20,2017-11-07,11,Tue
25131,14,1,19,463,2017-11-07 2:35:56,0,11/7/2017 2:35:56,2017-11-07,2,Tue
39175,14,1,16,379,2017-11-07 10:18:36,0,11/7/2017 10:18:36,2017-11-07,10,Tue
79493,18,1,13,107,2017-11-06 18:25:43,0,11/6/2017 18:25:43,2017-11-06,18,Mon
25766,1,1,13,125,2017-11-07 17:50:22,0,11/7/2017 17:50:22,2017-11-07,17,Tue
32441,18,1,17,107,2017-11-07 10:40:34,0,11/7/2017 10:40:34,2017-11-07,10,Tue
130769,3,1,37,280,2017-11-08 1:24:06,0,11/8/2017 1:24:06,2017-11-08,1,Wed
1091,7,1,37,101,2017-11-09 3:36:18,0,11/9/2017 3:36:18,2017-11-09,3,Thu
6313,9,1,35,107,2017-11-09 14:59:43,0,11/9/2017 14:59:43,2017-11-09,14,Thu
14381,3,1,22,442,2017-11-09 15:04:35,0,11/9/2017 15:04:35,2017-11-09,15,Thu
276708,26,1,20,121,2017-11-09 8:12:01,0,11/9/2017 8:12:01,2017-11-09,8,Thu
38247,27,1,41,153,2017-11-07 4:04:22,0,11/7/2017 4:04:22,2017-11-07,4,Tue
81587,28,1,10,135,2017-11-07 13:52:11,0,11/7/2017 13:52:11,2017-11-07,13,Tue
42149,12,1,19,259,2017-11-09 15:12:27,0,11/9/2017 15:12:27,2017-11-09,15,Thu
217915,2,1,19,435,2017-11-07 22:42:15,0,11/7/2017 22:42:15,2017-11-07,22,Tue
16999,1,1,19,135,2017-11-09 2:44:28,0,11/9/2017 2:44:28,2017-11-09,2,Thu
124462,12,1,13,140,2017-11-07 6:00:55,0,11/7/2017 6:00:55,2017-11-07,6,Tue
138815,3,1,37,442,2017-11-07 23:11:14,0,11/7/2017 23:11:14,2017-11-07,23,Tue
17292,28,1,19,135,2017-11-07 7:35:18,0,11/7/2017 7:35:18,2017-11-07,7,Tue
98781,7,1,19,101,2017-11-09 3:31:46,0,11/9/2017 3:31:46,2017-11-09,3,Thu
67606,18,1,3,121,2017-11-07 0:00:32,0,11/7/2017 0:00:32,2017-11-07,0,Tue
105239,12,1,44,178,2017-11-07 2:39:18,0,11/7/2017 2:39:18,2017-11-07,2,Tue
42167,3,1,10,280,2017-11-08 1:55:47,0,11/8/2017 1:55:47,2017-11-08,1,Wed
66015,15,1,3,412,2017-11-07 13:35:00,0,11/7/2017 13:35:00,2017-11-07,13,Tue
73823,3,1,22,173,2017-11-09 0:22:23,0,11/9/2017 0:22:23,2017-11-09,0,Thu
102206,1,1,22,134,2017-11-06 23:23:11,0,11/6/2017 23:23:11,2017-11-06,23,Mon
67745,3,1,17,280,2017-11-08 8:12:23,0,11/8/2017 8:12:23,2017-11-08,8,Wed
37183,2,1,19,237,2017-11-08 4:43:26,0,11/8/2017 4:43:26,2017-11-08,4,Wed
55184,3,1,18,424,2017-11-08 11:27:04,0,11/8/2017 11:27:04,2017-11-08,11,Wed
156715,3,1,13,442,2017-11-09 3:37:04,0,11/9/2017 3:37:04,2017-11-09,3,Thu
108131,9,1,19,134,2017-11-08 0:57:01,0,11/8/2017 0:57:01,2017-11-08,0,Wed
255,13,1,13,469,2017-11-09 14:01:54,0,11/9/2017 14:01:54,2017-11-09,14,Thu
83730,18,1,3,107,2017-11-09 8:40:16,0,11/9/2017 8:40:16,2017-11-09,8,Thu
92092,15,1,22,245,2017-11-08 3:49:52,0,11/8/2017 3:49:52,2017-11-08,3,Wed
21894,26,1,17,121,2017-11-08 7:09:08,0,11/8/2017 7:09:08,2017-11-08,7,Wed
137052,64,1,9,459,2017-11-07 9:58:35,0,11/7/2017 9:58:35,2017-11-07,9,Tue
23260,12,1,19,124,2017-11-07 14:34:52,0,11/7/2017 14:34:52,2017-11-07,14,Tue
137052,3,1,17,280,2017-11-09 0:15:24,0,11/9/2017 0:15:24,2017-11-09,0,Thu
105475,3,2,37,137,2017-11-07 16:59:18,0,11/7/2017 16:59:18,2017-11-07,16,Tue
5387,12,1,19,259,2017-11-07 6:18:10,0,11/7/2017 6:18:10,2017-11-07,6,Tue
14961,9,1,13,445,2017-11-08 14:28:17,0,11/8/2017 14:28:17,2017-11-08,14,Wed
95766,15,1,13,245,2017-11-08 19:21:12,0,11/8/2017 19:21:12,2017-11-08,19,Wed
100543,7,1,13,101,2017-11-09 8:15:24,0,11/9/2017 8:15:24,2017-11-09,8,Thu
25614,2,1,13,236,2017-11-08 23:14:03,0,11/8/2017 23:14:03,2017-11-08,23,Wed
114276,3,1,22,452,2017-11-08 22:27:16,0,11/8/2017 22:27:16,2017-11-08,22,Wed
78446,3,1,15,280,2017-11-07 1:53:37,0,11/7/2017 1:53:37,2017-11-07,1,Tue
145679,8,1,13,145,2017-11-07 1:47:17,0,11/7/2017 1:47:17,2017-11-07,1,Tue
200021,3,1,19,173,2017-11-07 8:36:26,0,11/7/2017 8:36:26,2017-11-07,8,Tue
124170,9,1,58,466,2017-11-08 3:25:33,0,11/8/2017 3:25:33,2017-11-08,3,Wed
95908,15,1,13,245,2017-11-07 2:58:07,0,11/7/2017 2:58:07,2017-11-07,2,Tue
38376,12,1,15,178,2017-11-09 11:09:24,0,11/9/2017 11:09:24,2017-11-09,11,Thu
26995,15,2,7,315,2017-11-08 3:49:54,0,11/8/2017 3:49:54,2017-11-08,3,Wed
80571,12,1,19,178,2017-11-07 2:45:08,0,11/7/2017 2:45:08,2017-11-07,2,Tue
44885,14,1,10,379,2017-11-07 4:57:32,0,11/7/2017 4:57:32,2017-11-07,4,Tue
32457,13,1,22,477,2017-11-09 2:02:40,0,11/9/2017 2:02:40,2017-11-09,2,Thu
4052,15,2,19,245,2017-11-08 4:04:02,0,11/8/2017 4:04:02,2017-11-08,4,Wed
80228,32,1,10,376,2017-11-08 3:14:49,0,11/8/2017 3:14:49,2017-11-08,3,Wed
38773,8,1,37,145,2017-11-07 10:47:06,0,11/7/2017 10:47:06,2017-11-07,10,Tue
50058,1,1,13,118,2017-11-07 0:13:23,0,11/7/2017 0:13:23,2017-11-07,0,Tue
161482,3,1,17,480,2017-11-09 0:11:06,0,11/9/2017 0:11:06,2017-11-09,0,Thu
67779,3,1,11,409,2017-11-07 15:51:35,0,11/7/2017 15:51:35,2017-11-07,15,Tue
35762,9,1,13,489,2017-11-09 7:59:56,0,11/9/2017 7:59:56,2017-11-09,7,Thu
34450,26,1,25,121,2017-11-09 5:45:42,0,11/9/2017 5:45:42,2017-11-09,5,Thu
8718,93,1,19,371,2017-11-09 7:33:23,0,11/9/2017 7:33:23,2017-11-09,7,Thu
17816,18,1,3,107,2017-11-07 0:45:50,0,11/7/2017 0:45:50,2017-11-07,0,Tue
12129,28,1,13,135,2017-11-07 13:17:51,0,11/7/2017 13:17:51,2017-11-07,13,Tue
35047,15,1,25,412,2017-11-09 6:19:20,0,11/9/2017 6:19:20,2017-11-09,6,Thu
183090,12,1,19,328,2017-11-07 2:49:56,0,11/7/2017 2:49:56,2017-11-07,2,Tue
48285,3,1,13,280,2017-11-08 5:15:44,0,11/8/2017 5:15:44,2017-11-08,5,Wed
114678,15,1,19,245,2017-11-06 16:42:14,0,11/6/2017 16:42:14,2017-11-06,16,Mon
6750,3,1,13,280,2017-11-08 8:45:08,0,11/8/2017 8:45:08,2017-11-08,8,Wed
42931,12,1,49,340,2017-11-09 0:03:03,0,11/9/2017 0:03:03,2017-11-09,0,Thu
22702,18,1,13,439,2017-11-09 13:40:02,0,11/9/2017 13:40:02,2017-11-09,13,Thu
51992,12,1,19,259,2017-11-08 23:09:24,0,11/8/2017 23:09:24,2017-11-08,23,Wed
111086,23,1,32,153,2017-11-08 0:04:44,0,11/8/2017 0:04:44,2017-11-08,0,Wed
116355,12,1,19,259,2017-11-07 22:19:48,0,11/7/2017 22:19:48,2017-11-07,22,Tue
191021,12,2,19,178,2017-11-08 14:41:07,0,11/8/2017 14:41:07,2017-11-08,14,Wed
214078,3,1,19,280,2017-11-08 3:41:36,0,11/8/2017 3:41:36,2017-11-08,3,Wed
63028,18,1,19,376,2017-11-08 0:36:43,0,11/8/2017 0:36:43,2017-11-08,0,Wed
162550,18,1,20,121,2017-11-08 2:33:30,0,11/8/2017 2:33:30,2017-11-08,2,Wed
40022,64,1,19,459,2017-11-07 4:55:39,0,11/7/2017 4:55:39,2017-11-07,4,Tue
32372,13,1,18,469,2017-11-09 9:02:52,0,11/9/2017 9:02:52,2017-11-09,9,Thu
25158,13,1,19,469,2017-11-08 0:28:00,0,11/8/2017 0:28:00,2017-11-08,0,Wed
77306,15,1,17,130,2017-11-07 7:54:55,0,11/7/2017 7:54:55,2017-11-07,7,Tue
4942,2,1,19,219,2017-11-08 13:34:03,0,11/8/2017 13:34:03,2017-11-08,13,Wed
3918,12,1,19,140,2017-11-07 10:09:41,0,11/7/2017 10:09:41,2017-11-07,10,Tue
57479,15,1,13,265,2017-11-09 8:37:54,0,11/9/2017 8:37:54,2017-11-09,8,Thu
333337,15,1,8,245,2017-11-08 22:16:15,0,11/8/2017 22:16:15,2017-11-08,22,Wed
69056,15,1,25,111,2017-11-08 11:37:42,0,11/8/2017 11:37:42,2017-11-08,11,Wed
191265,21,1,17,128,2017-11-07 4:41:59,0,11/7/2017 4:41:59,2017-11-07,4,Tue
54868,2,1,19,212,2017-11-06 19:08:21,0,11/6/2017 19:08:21,2017-11-06,19,Mon
252426,2,1,11,258,2017-11-07 23:18:07,0,11/7/2017 23:18:07,2017-11-07,23,Tue
95145,9,1,13,442,2017-11-07 17:03:00,0,11/7/2017 17:03:00,2017-11-07,17,Tue
65631,14,1,19,467,2017-11-09 1:19:31,0,11/9/2017 1:19:31,2017-11-09,1,Thu
53570,37,1,15,21,2017-11-07 16:36:18,0,11/7/2017 16:36:18,2017-11-07,16,Tue
121136,9,1,19,466,2017-11-09 0:19:13,0,11/9/2017 0:19:13,2017-11-09,0,Thu
310375,3,1,13,205,2017-11-08 23:32:54,0,11/8/2017 23:32:54,2017-11-08,23,Wed
53009,9,1,22,489,2017-11-09 4:28:25,0,11/9/2017 4:28:25,2017-11-09,4,Thu
3994,9,2,86,258,2017-11-07 3:45:52,0,11/7/2017 3:45:52,2017-11-07,3,Tue
12340,3,1,41,442,2017-11-08 9:20:09,0,11/8/2017 9:20:09,2017-11-08,9,Wed
124726,3,1,13,280,2017-11-07 1:38:25,0,11/7/2017 1:38:25,2017-11-07,1,Tue
117845,3,1,20,280,2017-11-08 15:06:08,0,11/8/2017 15:06:08,2017-11-08,15,Wed
88118,3,1,15,115,2017-11-08 23:56:51,0,11/8/2017 23:56:51,2017-11-08,23,Wed
223876,21,1,6,128,2017-11-08 1:42:17,0,11/8/2017 1:42:17,2017-11-08,1,Wed
141640,14,1,26,134,2017-11-08 11:46:56,0,11/8/2017 11:46:56,2017-11-08,11,Wed
25251,12,1,17,178,2017-11-07 12:26:48,0,11/7/2017 12:26:48,2017-11-07,12,Tue
146548,2,1,13,435,2017-11-08 23:14:23,0,11/8/2017 23:14:23,2017-11-08,23,Wed
87877,13,1,37,477,2017-11-07 3:23:16,0,11/7/2017 3:23:16,2017-11-07,3,Tue
167881,23,1,6,153,2017-11-07 15:09:13,0,11/7/2017 15:09:13,2017-11-07,15,Tue
42589,1,1,19,137,2017-11-08 21:29:08,0,11/8/2017 21:29:08,2017-11-08,21,Wed
77809,9,1,13,258,2017-11-08 13:21:56,0,11/8/2017 13:21:56,2017-11-08,13,Wed
44229,12,1,10,259,2017-11-07 13:21:25,0,11/7/2017 13:21:25,2017-11-07,13,Tue
47162,9,1,12,489,2017-11-08 5:32:55,0,11/8/2017 5:32:55,2017-11-08,5,Wed
91104,18,1,19,439,2017-11-09 1:43:25,0,11/9/2017 1:43:25,2017-11-09,1,Thu
120385,9,1,9,215,2017-11-08 3:18:37,0,11/8/2017 3:18:37,2017-11-08,3,Wed
113836,18,1,40,134,2017-11-07 13:21:34,0,11/7/2017 13:21:34,2017-11-07,13,Tue
86869,2,1,17,377,2017-11-09 3:53:40,0,11/9/2017 3:53:40,2017-11-09,3,Thu
109183,21,1,19,128,2017-11-07 1:17:56,0,11/7/2017 1:17:56,2017-11-07,1,Tue
37301,9,1,27,258,2017-11-07 10:24:35,0,11/7/2017 10:24:35,2017-11-07,10,Tue
37409,6,1,19,125,2017-11-08 5:23:54,0,11/8/2017 5:23:54,2017-11-08,5,Wed
133331,12,1,37,140,2017-11-09 14:40:24,0,11/9/2017 14:40:24,2017-11-09,14,Thu
64516,18,1,13,439,2017-11-07 13:37:05,0,11/7/2017 13:37:05,2017-11-07,13,Tue
68735,3,1,19,280,2017-11-09 6:17:38,0,11/9/2017 6:17:38,2017-11-09,6,Thu
106034,7,1,37,101,2017-11-09 6:49:44,0,11/9/2017 6:49:44,2017-11-09,6,Thu
1801,9,1,19,445,2017-11-07 5:54:50,0,11/7/2017 5:54:50,2017-11-07,5,Tue
4019,6,1,1,459,2017-11-07 8:30:29,0,11/7/2017 8:30:29,2017-11-07,8,Tue
144920,12,1,10,178,2017-11-07 1:32:01,0,11/7/2017 1:32:01,2017-11-07,1,Tue
68258,1,1,13,134,2017-11-07 23:37:00,0,11/7/2017 23:37:00,2017-11-07,23,Tue
114276,1,1,9,153,2017-11-07 10:24:19,0,11/7/2017 10:24:19,2017-11-07,10,Tue
32523,3,1,17,280,2017-11-08 15:11:13,0,11/8/2017 15:11:13,2017-11-08,15,Wed
179458,14,1,17,442,2017-11-08 14:43:14,0,11/8/2017 14:43:14,2017-11-08,14,Wed
119262,1,1,17,452,2017-11-07 5:20:56,0,11/7/2017 5:20:56,2017-11-07,5,Tue
92673,12,1,19,259,2017-11-06 22:59:56,0,11/6/2017 22:59:56,2017-11-06,22,Mon
195892,3,1,17,409,2017-11-07 0:03:18,0,11/7/2017 0:03:18,2017-11-07,0,Tue
61900,9,1,19,466,2017-11-09 14:44:59,0,11/9/2017 14:44:59,2017-11-09,14,Thu
26481,15,1,10,245,2017-11-06 21:16:25,0,11/6/2017 21:16:25,2017-11-06,21,Mon
114468,9,1,11,489,2017-11-08 0:01:45,0,11/8/2017 0:01:45,2017-11-08,0,Wed
34087,21,1,18,128,2017-11-09 7:44:44,0,11/9/2017 7:44:44,2017-11-09,7,Thu
152307,28,1,13,317,2017-11-08 2:18:24,0,11/8/2017 2:18:24,2017-11-08,2,Wed
101001,26,1,19,121,2017-11-09 7:01:52,0,11/9/2017 7:01:52,2017-11-09,7,Thu
28183,12,1,19,265,2017-11-06 17:42:54,0,11/6/2017 17:42:54,2017-11-06,17,Mon
149177,2,1,47,236,2017-11-06 22:57:02,0,11/6/2017 22:57:02,2017-11-06,22,Mon
81896,12,1,23,259,2017-11-08 15:51:18,0,11/8/2017 15:51:18,2017-11-08,15,Wed
85625,4,1,18,101,2017-11-09 13:28:33,0,11/9/2017 13:28:33,2017-11-09,13,Thu
145896,27,1,19,153,2017-11-08 12:37:11,0,11/8/2017 12:37:11,2017-11-08,12,Wed
209663,3,1,19,489,2017-11-08 12:58:12,0,11/8/2017 12:58:12,2017-11-08,12,Wed
199067,9,1,17,442,2017-11-09 15:35:30,0,11/9/2017 15:35:30,2017-11-09,15,Thu
168564,3,1,15,137,2017-11-08 14:21:32,0,11/8/2017 14:21:32,2017-11-08,14,Wed
126200,15,1,13,430,2017-11-09 15:32:07,0,11/9/2017 15:32:07,2017-11-09,15,Thu
41463,3,1,37,442,2017-11-09 4:49:07,0,11/9/2017 4:49:07,2017-11-09,4,Thu
114220,21,1,13,232,2017-11-09 14:17:47,0,11/9/2017 14:17:47,2017-11-09,14,Thu
17149,3,1,22,280,2017-11-09 5:18:22,0,11/9/2017 5:18:22,2017-11-09,5,Thu
11907,12,1,1,265,2017-11-09 6:31:48,0,11/9/2017 6:31:48,2017-11-09,6,Thu
40631,3,1,17,480,2017-11-09 0:13:16,0,11/9/2017 0:13:16,2017-11-09,0,Thu
56400,3,1,13,424,2017-11-08 10:56:32,0,11/8/2017 10:56:32,2017-11-08,10,Wed
137509,14,1,15,480,2017-11-09 3:39:27,0,11/9/2017 3:39:27,2017-11-09,3,Thu
11232,3,1,19,280,2017-11-08 1:04:40,0,11/8/2017 1:04:40,2017-11-08,1,Wed
146208,2,1,9,237,2017-11-08 10:11:34,0,11/8/2017 10:11:34,2017-11-08,10,Wed
12340,26,1,6,477,2017-11-09 4:09:08,0,11/9/2017 4:09:08,2017-11-09,4,Thu
7134,28,1,30,135,2017-11-07 11:47:19,0,11/7/2017 11:47:19,2017-11-07,11,Tue
193045,3,1,13,115,2017-11-09 14:27:56,0,11/9/2017 14:27:56,2017-11-09,14,Thu
11039,7,1,18,101,2017-11-09 3:31:06,0,11/9/2017 3:31:06,2017-11-09,3,Thu
55430,7,1,10,101,2017-11-07 11:38:36,0,11/7/2017 11:38:36,2017-11-07,11,Tue
69331,3,1,4,409,2017-11-07 4:08:30,0,11/7/2017 4:08:30,2017-11-07,4,Tue
30404,18,1,19,439,2017-11-08 16:33:18,0,11/8/2017 16:33:18,2017-11-08,16,Wed
29533,2,1,17,237,2017-11-09 5:02:08,0,11/9/2017 5:02:08,2017-11-09,5,Thu
82846,9,1,6,489,2017-11-09 12:53:49,0,11/9/2017 12:53:49,2017-11-09,12,Thu
112198,9,1,19,127,2017-11-09 12:29:03,0,11/9/2017 12:29:03,2017-11-09,12,Thu
6037,3,1,37,424,2017-11-07 9:43:43,0,11/7/2017 9:43:43,2017-11-07,9,Tue
68014,3,1,17,115,2017-11-09 2:04:26,0,11/9/2017 2:04:26,2017-11-09,2,Thu
150099,3,1,13,280,2017-11-07 3:18:26,0,11/7/2017 3:18:26,2017-11-07,3,Tue
77763,9,1,10,134,2017-11-07 16:27:20,0,11/7/2017 16:27:20,2017-11-07,16,Tue
164701,5,1,47,377,2017-11-07 13:00:08,0,11/7/2017 13:00:08,2017-11-07,13,Tue
66240,19,0,24,213,2017-11-09 8:33:04,0,11/9/2017 8:33:04,2017-11-09,8,Thu
122110,2,1,3,237,2017-11-07 10:20:29,0,11/7/2017 10:20:29,2017-11-07,10,Tue
83535,2,1,13,435,2017-11-07 3:13:09,0,11/7/2017 3:13:09,2017-11-07,3,Tue
85107,20,1,19,259,2017-11-08 22:32:39,0,11/8/2017 22:32:39,2017-11-08,22,Wed
25761,8,1,9,145,2017-11-09 6:14:31,0,11/9/2017 6:14:31,2017-11-09,6,Thu
28222,26,1,20,121,2017-11-07 11:00:33,0,11/7/2017 11:00:33,2017-11-07,11,Tue
14034,15,1,19,140,2017-11-09 7:06:40,0,11/9/2017 7:06:40,2017-11-09,7,Thu
40056,94,1,22,361,2017-11-09 13:22:54,0,11/9/2017 13:22:54,2017-11-09,13,Thu
31652,23,1,19,153,2017-11-08 3:02:38,0,11/8/2017 3:02:38,2017-11-08,3,Wed
103079,18,1,27,107,2017-11-09 10:24:12,0,11/9/2017 10:24:12,2017-11-09,10,Thu
100356,2,1,47,469,2017-11-08 15:50:24,0,11/8/2017 15:50:24,2017-11-08,15,Wed
232067,21,1,19,232,2017-11-09 10:39:59,0,11/9/2017 10:39:59,2017-11-09,10,Thu
42651,23,1,18,153,2017-11-07 23:11:16,0,11/7/2017 23:11:16,2017-11-07,23,Tue
54868,3,1,16,130,2017-11-07 9:15:30,0,11/7/2017 9:15:30,2017-11-07,9,Tue
112078,9,1,18,442,2017-11-08 3:27:02,0,11/8/2017 3:27:02,2017-11-08,3,Wed
166433,3,1,19,130,2017-11-07 13:58:14,0,11/7/2017 13:58:14,2017-11-07,13,Tue
49360,9,2,2,442,2017-11-08 12:13:27,0,11/8/2017 12:13:27,2017-11-08,12,Wed
56412,2,1,13,237,2017-11-09 3:30:12,0,11/9/2017 3:30:12,2017-11-09,3,Thu
50136,3,1,22,280,2017-11-07 8:07:55,0,11/7/2017 8:07:55,2017-11-07,8,Tue
100929,18,1,47,121,2017-11-07 2:43:35,0,11/7/2017 2:43:35,2017-11-07,2,Tue
68890,9,1,31,466,2017-11-08 12:48:46,0,11/8/2017 12:48:46,2017-11-08,12,Wed
18812,9,1,6,442,2017-11-07 10:16:07,0,11/7/2017 10:16:07,2017-11-07,10,Tue
39049,15,1,13,245,2017-11-07 18:25:33,0,11/7/2017 18:25:33,2017-11-07,18,Tue
74515,3,1,19,489,2017-11-07 12:36:57,0,11/7/2017 12:36:57,2017-11-07,12,Tue
15926,15,1,4,265,2017-11-07 4:45:10,0,11/7/2017 4:45:10,2017-11-07,4,Tue
47456,18,1,6,439,2017-11-07 11:25:14,0,11/7/2017 11:25:14,2017-11-07,11,Tue
108204,3,1,19,280,2017-11-08 3:01:54,0,11/8/2017 3:01:54,2017-11-08,3,Wed
81456,7,1,8,101,2017-11-09 14:54:43,0,11/9/2017 14:54:43,2017-11-09,14,Thu
81997,3,1,13,442,2017-11-08 10:06:44,0,11/8/2017 10:06:44,2017-11-08,10,Wed
27036,14,1,19,489,2017-11-08 18:16:49,0,11/8/2017 18:16:49,2017-11-08,18,Wed
8580,3,1,13,379,2017-11-08 7:36:29,0,11/8/2017 7:36:29,2017-11-08,7,Wed
101981,22,1,13,116,2017-11-09 1:39:52,0,11/9/2017 1:39:52,2017-11-09,1,Thu
86767,12,1,37,105,2017-11-07 7:54:46,0,11/7/2017 7:54:46,2017-11-07,7,Tue
154432,3,1,19,280,2017-11-09 6:02:41,0,11/9/2017 6:02:41,2017-11-09,6,Thu
131779,14,1,53,442,2017-11-08 4:53:59,0,11/8/2017 4:53:59,2017-11-08,4,Wed
161807,36,1,13,373,2017-11-07 1:16:46,0,11/7/2017 1:16:46,2017-11-07,1,Tue
279854,3,1,25,280,2017-11-09 6:04:09,0,11/9/2017 6:04:09,2017-11-09,6,Thu
26409,18,1,19,439,2017-11-09 10:38:47,0,11/9/2017 10:38:47,2017-11-09,10,Thu
135983,24,1,17,105,2017-11-07 3:20:15,0,11/7/2017 3:20:15,2017-11-07,3,Tue
2210,15,1,13,265,2017-11-07 2:39:31,0,11/7/2017 2:39:31,2017-11-07,2,Tue
26531,2,1,22,469,2017-11-07 5:11:00,0,11/7/2017 5:11:00,2017-11-07,5,Tue
58472,9,1,13,258,2017-11-07 2:00:21,0,11/7/2017 2:00:21,2017-11-07,2,Tue
73516,27,1,9,153,2017-11-07 23:45:33,0,11/7/2017 23:45:33,2017-11-07,23,Tue
88977,14,1,22,463,2017-11-07 4:15:26,0,11/7/2017 4:15:26,2017-11-07,4,Tue
53058,3,1,19,137,2017-11-08 21:48:51,0,11/8/2017 21:48:51,2017-11-08,21,Wed
75595,10,1,13,317,2017-11-09 11:37:31,0,11/9/2017 11:37:31,2017-11-09,11,Thu
115039,12,1,19,328,2017-11-07 1:12:34,0,11/7/2017 1:12:34,2017-11-07,1,Tue
65937,8,1,13,145,2017-11-09 6:44:03,0,11/9/2017 6:44:03,2017-11-09,6,Thu
114276,12,1,2,265,2017-11-08 7:46:58,0,11/8/2017 7:46:58,2017-11-08,7,Wed
84860,1,1,19,150,2017-11-09 6:31:23,0,11/9/2017 6:31:23,2017-11-09,6,Thu
43020,3,1,13,280,2017-11-07 3:54:26,0,11/7/2017 3:54:26,2017-11-07,3,Tue
114341,9,1,41,232,2017-11-06 19:20:00,0,11/6/2017 19:20:00,2017-11-06,19,Mon
91048,26,1,17,266,2017-11-06 17:31:08,0,11/6/2017 17:31:08,2017-11-06,17,Mon
77147,15,1,19,278,2017-11-07 1:38:26,0,11/7/2017 1:38:26,2017-11-07,1,Tue
211177,3,1,13,205,2017-11-09 6:06:31,0,11/9/2017 6:06:31,2017-11-09,6,Thu
90528,15,1,41,245,2017-11-08 23:54:52,0,11/8/2017 23:54:52,2017-11-08,23,Wed
157634,12,1,17,178,2017-11-07 7:36:37,0,11/7/2017 7:36:37,2017-11-07,7,Tue
24905,15,1,1,245,2017-11-09 15:35:33,0,11/9/2017 15:35:33,2017-11-09,15,Thu
103125,18,3032,607,107,2017-11-07 6:15:01,0,11/7/2017 6:15:01,2017-11-07,6,Tue
7265,12,1,19,140,2017-11-07 6:38:19,0,11/7/2017 6:38:19,2017-11-07,6,Tue
305086,18,1,20,449,2017-11-09 8:30:03,0,11/9/2017 8:30:03,2017-11-09,8,Thu
10434,2,1,13,477,2017-11-07 19:36:17,0,11/7/2017 19:36:17,2017-11-07,19,Tue
99836,9,1,19,215,2017-11-08 3:25:39,0,11/8/2017 3:25:39,2017-11-08,3,Wed
150484,15,1,11,245,2017-11-07 11:19:48,0,11/7/2017 11:19:48,2017-11-07,11,Tue
94267,23,1,13,153,2017-11-09 8:54:17,0,11/9/2017 8:54:17,2017-11-09,8,Thu
49652,15,2,13,245,2017-11-07 12:23:22,0,11/7/2017 12:23:22,2017-11-07,12,Tue
55179,12,1,17,178,2017-11-08 12:21:55,0,11/8/2017 12:21:55,2017-11-08,12,Wed
114702,9,1,18,445,2017-11-09 0:33:40,0,11/9/2017 0:33:40,2017-11-09,0,Thu
136702,3,1,19,280,2017-11-07 11:11:51,0,11/7/2017 11:11:51,2017-11-07,11,Tue
146625,3,1,37,379,2017-11-07 0:32:25,0,11/7/2017 0:32:25,2017-11-07,0,Tue
107775,15,1,19,278,2017-11-07 14:40:25,0,11/7/2017 14:40:25,2017-11-07,14,Tue
37458,9,1,22,127,2017-11-09 12:11:35,0,11/9/2017 12:11:35,2017-11-09,12,Thu
55957,14,2,9,401,2017-11-07 13:40:41,0,11/7/2017 13:40:41,2017-11-07,13,Tue
38219,14,1,19,401,2017-11-08 12:34:59,0,11/8/2017 12:34:59,2017-11-08,12,Wed
42103,12,1,8,265,2017-11-08 9:31:05,0,11/8/2017 9:31:05,2017-11-08,9,Wed
53806,3,1,25,317,2017-11-08 7:28:18,0,11/8/2017 7:28:18,2017-11-08,7,Wed
322543,2,1,16,477,2017-11-08 18:41:53,0,11/8/2017 18:41:53,2017-11-08,18,Wed
83614,8,1,25,145,2017-11-09 10:12:15,0,11/9/2017 10:12:15,2017-11-09,10,Thu
201285,2,1,19,243,2017-11-09 5:30:29,0,11/9/2017 5:30:29,2017-11-09,5,Thu
4052,12,2,3,140,2017-11-07 10:02:34,0,11/7/2017 10:02:34,2017-11-07,10,Tue
44256,2,1,10,219,2017-11-09 9:24:52,0,11/9/2017 9:24:52,2017-11-09,9,Thu
105560,1,1,6,134,2017-11-08 18:04:29,0,11/8/2017 18:04:29,2017-11-08,18,Wed
48212,15,2,6,140,2017-11-08 8:02:21,0,11/8/2017 8:02:21,2017-11-08,8,Wed
204824,14,1,27,463,2017-11-09 0:39:56,0,11/9/2017 0:39:56,2017-11-09,0,Thu
111324,3,1,17,489,2017-11-09 3:06:28,0,11/9/2017 3:06:28,2017-11-09,3,Thu
110500,3,1,15,280,2017-11-08 11:45:07,0,11/8/2017 11:45:07,2017-11-08,11,Wed
15967,11,1,37,173,2017-11-08 15:57:05,0,11/8/2017 15:57:05,2017-11-08,15,Wed
37836,5,1,20,377,2017-11-08 6:01:36,0,11/8/2017 6:01:36,2017-11-08,6,Wed
149813,18,1,14,376,2017-11-07 2:39:54,0,11/7/2017 2:39:54,2017-11-07,2,Tue
48418,15,1,13,480,2017-11-06 16:51:40,0,11/6/2017 16:51:40,2017-11-06,16,Mon
49034,9,1,25,234,2017-11-06 17:30:06,0,11/6/2017 17:30:06,2017-11-06,17,Mon
63790,15,1,13,430,2017-11-08 11:34:19,0,11/8/2017 11:34:19,2017-11-08,11,Wed
5314,3,1,13,280,2017-11-07 6:05:40,0,11/7/2017 6:05:40,2017-11-07,6,Tue
94407,3,1,13,421,2017-11-09 12:23:15,0,11/9/2017 12:23:15,2017-11-09,12,Thu
43650,5,1,13,377,2017-11-07 2:59:19,0,11/7/2017 2:59:19,2017-11-07,2,Tue
80357,3,1,19,211,2017-11-08 8:04:15,0,11/8/2017 8:04:15,2017-11-08,8,Wed
24361,6,1,13,459,2017-11-08 2:18:16,0,11/8/2017 2:18:16,2017-11-08,2,Wed
14041,6,1,19,459,2017-11-09 4:56:26,0,11/9/2017 4:56:26,2017-11-09,4,Thu
63527,3,1,49,137,2017-11-09 0:13:45,0,11/9/2017 0:13:45,2017-11-09,0,Thu
190388,15,1,19,153,2017-11-07 1:20:56,0,11/7/2017 1:20:56,2017-11-07,1,Tue
62874,14,1,16,467,2017-11-09 10:42:37,0,11/9/2017 10:42:37,2017-11-09,10,Thu
106524,12,1,18,259,2017-11-07 19:39:56,0,11/7/2017 19:39:56,2017-11-07,19,Tue
22978,3,1,13,280,2017-11-09 1:32:11,0,11/9/2017 1:32:11,2017-11-09,1,Thu
37948,13,1,13,477,2017-11-09 0:51:51,0,11/9/2017 0:51:51,2017-11-09,0,Thu
30781,15,1,17,412,2017-11-07 3:06:19,0,11/7/2017 3:06:19,2017-11-07,3,Tue
79456,2,1,17,122,2017-11-09 8:59:42,0,11/9/2017 8:59:42,2017-11-09,8,Thu
279,3,1,14,280,2017-11-08 13:57:25,0,11/8/2017 13:57:25,2017-11-08,13,Wed
102275,9,1,19,134,2017-11-06 17:57:14,0,11/6/2017 17:57:14,2017-11-06,17,Mon
40898,18,1,6,107,2017-11-06 23:17:41,0,11/6/2017 23:17:41,2017-11-06,23,Mon
25792,3,1,11,280,2017-11-08 13:43:27,0,11/8/2017 13:43:27,2017-11-08,13,Wed
43417,18,1,8,134,2017-11-09 6:12:36,0,11/9/2017 6:12:36,2017-11-09,6,Thu
100393,12,1,3,277,2017-11-08 1:07:02,0,11/8/2017 1:07:02,2017-11-08,1,Wed
563,18,3032,607,107,2017-11-07 12:25:56,0,11/7/2017 12:25:56,2017-11-07,12,Tue
147610,6,1,16,125,2017-11-08 8:38:10,0,11/8/2017 8:38:10,2017-11-08,8,Wed
178851,2,1,15,205,2017-11-07 13:35:44,0,11/7/2017 13:35:44,2017-11-07,13,Tue
103502,18,3032,607,107,2017-11-07 14:45:20,0,11/7/2017 14:45:20,2017-11-07,14,Tue
95324,18,1,18,121,2017-11-08 17:50:07,0,11/8/2017 17:50:07,2017-11-08,17,Wed
129667,21,1,13,128,2017-11-06 16:05:30,0,11/6/2017 16:05:30,2017-11-06,16,Mon
82449,2,1,13,122,2017-11-07 15:42:54,0,11/7/2017 15:42:54,2017-11-07,15,Tue
44377,2,1,19,219,2017-11-08 6:56:18,0,11/8/2017 6:56:18,2017-11-08,6,Wed
118190,25,1,22,259,2017-11-07 4:56:22,0,11/7/2017 4:56:22,2017-11-07,4,Tue
62639,13,1,37,400,2017-11-07 5:53:57,0,11/7/2017 5:53:57,2017-11-07,5,Tue
109776,8,1,6,145,2017-11-06 16:59:02,0,11/6/2017 16:59:02,2017-11-06,16,Mon
119830,18,1,58,107,2017-11-09 1:23:14,0,11/9/2017 1:23:14,2017-11-09,1,Thu
146001,7,1,19,101,2017-11-07 10:21:19,0,11/7/2017 10:21:19,2017-11-07,10,Tue
41780,2,1,22,122,2017-11-09 5:06:36,0,11/9/2017 5:06:36,2017-11-09,5,Thu
55385,17,1,19,280,2017-11-06 16:38:52,0,11/6/2017 16:38:52,2017-11-06,16,Mon
118315,3,1,19,442,2017-11-09 15:35:26,0,11/9/2017 15:35:26,2017-11-09,15,Thu
204953,2,1,32,477,2017-11-07 3:32:27,0,11/7/2017 3:32:27,2017-11-07,3,Tue
106362,20,2,18,259,2017-11-06 16:16:14,0,11/6/2017 16:16:14,2017-11-06,16,Mon
86552,9,1,20,466,2017-11-09 5:56:51,0,11/9/2017 5:56:51,2017-11-09,5,Thu
15046,15,1,13,245,2017-11-07 4:01:27,0,11/7/2017 4:01:27,2017-11-07,4,Tue
109851,9,1,31,127,2017-11-09 8:57:16,0,11/9/2017 8:57:16,2017-11-09,8,Thu
43447,3,1,19,137,2017-11-08 0:21:55,0,11/8/2017 0:21:55,2017-11-08,0,Wed
75991,12,2,19,245,2017-11-09 0:51:32,0,11/9/2017 0:51:32,2017-11-09,0,Thu
12610,26,1,13,477,2017-11-09 4:09:53,0,11/9/2017 4:09:53,2017-11-09,4,Thu
120056,12,1,8,245,2017-11-08 7:21:16,0,11/8/2017 7:21:16,2017-11-08,7,Wed
48384,2,1,19,452,2017-11-08 8:01:19,0,11/8/2017 8:01:19,2017-11-08,8,Wed
26889,18,1,1,439,2017-11-07 4:35:42,0,11/7/2017 4:35:42,2017-11-07,4,Tue
200066,27,1,3,153,2017-11-07 6:38:09,0,11/7/2017 6:38:09,2017-11-07,6,Tue
37140,18,1,41,134,2017-11-09 5:59:21,0,11/9/2017 5:59:21,2017-11-09,5,Thu
73382,14,1,13,379,2017-11-09 0:59:37,0,11/9/2017 0:59:37,2017-11-09,0,Thu
37770,3,1,18,280,2017-11-08 2:34:32,0,11/8/2017 2:34:32,2017-11-08,2,Wed
85208,18,1,19,121,2017-11-06 22:10:41,0,11/6/2017 22:10:41,2017-11-06,22,Mon
39684,1,1,1,115,2017-11-08 11:21:14,0,11/8/2017 11:21:14,2017-11-08,11,Wed
19023,12,1,19,178,2017-11-09 2:52:47,0,11/9/2017 2:52:47,2017-11-09,2,Thu
44673,18,1,47,439,2017-11-08 12:47:27,0,11/8/2017 12:47:27,2017-11-08,12,Wed
65937,2,1,19,237,2017-11-09 6:00:35,0,11/9/2017 6:00:35,2017-11-09,6,Thu
221694,9,2,13,134,2017-11-08 16:02:08,0,11/8/2017 16:02:08,2017-11-08,16,Wed
103147,9,2,13,232,2017-11-09 10:51:36,0,11/9/2017 10:51:36,2017-11-09,10,Thu
12031,2,1,18,237,2017-11-09 6:35:13,0,11/9/2017 6:35:13,2017-11-09,6,Thu
5314,15,1,13,278,2017-11-07 17:09:01,0,11/7/2017 17:09:01,2017-11-07,17,Tue
103899,18,1,19,107,2017-11-08 16:42:40,0,11/8/2017 16:42:40,2017-11-08,16,Wed
18703,2,1,13,205,2017-11-07 5:10:23,0,11/7/2017 5:10:23,2017-11-07,5,Tue
55161,9,1,19,232,2017-11-07 7:07:54,0,11/7/2017 7:07:54,2017-11-07,7,Tue
123586,3,1,19,317,2017-11-08 8:33:07,0,11/8/2017 8:33:07,2017-11-08,8,Wed
43349,21,1,19,232,2017-11-09 2:08:23,0,11/9/2017 2:08:23,2017-11-09,2,Thu
104366,3,1,15,280,2017-11-09 6:51:36,0,11/9/2017 6:51:36,2017-11-09,6,Thu
48212,12,1,19,265,2017-11-09 13:24:45,0,11/9/2017 13:24:45,2017-11-09,13,Thu
81812,12,1,10,259,2017-11-07 11:35:10,0,11/7/2017 11:35:10,2017-11-07,11,Tue
44327,13,1,10,477,2017-11-08 0:13:17,0,11/8/2017 0:13:17,2017-11-08,0,Wed
63840,14,2,9,480,2017-11-07 5:59:53,0,11/7/2017 5:59:53,2017-11-07,5,Tue
140993,18,1,8,121,2017-11-07 9:43:06,0,11/7/2017 9:43:06,2017-11-07,9,Tue
17853,13,1,15,477,2017-11-07 6:24:03,0,11/7/2017 6:24:03,2017-11-07,6,Tue
239518,15,1,19,245,2017-11-07 16:53:01,0,11/7/2017 16:53:01,2017-11-07,16,Tue
95631,1,1,53,135,2017-11-07 12:14:24,0,11/7/2017 12:14:24,2017-11-07,12,Tue
170171,3,1,1,280,2017-11-08 4:53:23,0,11/8/2017 4:53:23,2017-11-08,4,Wed
275322,17,1,20,280,2017-11-08 17:56:03,0,11/8/2017 17:56:03,2017-11-08,17,Wed
189640,15,1,19,153,2017-11-07 3:14:50,0,11/7/2017 3:14:50,2017-11-07,3,Tue
197864,26,1,19,121,2017-11-09 10:53:53,0,11/9/2017 10:53:53,2017-11-09,10,Thu
5348,2,1,13,258,2017-11-09 3:26:13,0,11/9/2017 3:26:13,2017-11-09,3,Thu
925,15,1,13,245,2017-11-07 16:14:24,0,11/7/2017 16:14:24,2017-11-07,16,Tue
100869,15,1,13,386,2017-11-08 8:10:20,0,11/8/2017 8:10:20,2017-11-08,8,Wed
119040,15,1,13,412,2017-11-09 2:12:35,0,11/9/2017 2:12:35,2017-11-09,2,Thu
83268,9,1,13,232,2017-11-09 8:05:46,0,11/9/2017 8:05:46,2017-11-09,8,Thu
105587,15,1,13,245,2017-11-07 0:16:18,0,11/7/2017 0:16:18,2017-11-07,0,Tue
86767,9,1,13,442,2017-11-08 5:00:19,0,11/8/2017 5:00:19,2017-11-08,5,Wed
125222,9,1,41,442,2017-11-08 3:00:10,0,11/8/2017 3:00:10,2017-11-08,3,Wed
35221,13,1,22,477,2017-11-08 3:10:14,0,11/8/2017 3:10:14,2017-11-08,3,Wed
48796,3,1,22,442,2017-11-09 0:47:03,0,11/9/2017 0:47:03,2017-11-09,0,Thu
30824,15,1,30,315,2017-11-08 5:42:27,0,11/8/2017 5:42:27,2017-11-08,5,Wed
108568,12,1,20,178,2017-11-07 9:37:37,0,11/7/2017 9:37:37,2017-11-07,9,Tue
92766,8,1,27,259,2017-11-07 20:28:13,0,11/7/2017 20:28:13,2017-11-07,20,Tue
36045,12,1,8,497,2017-11-09 5:25:02,0,11/9/2017 5:25:02,2017-11-09,5,Thu
108914,12,1,41,481,2017-11-07 1:47:36,0,11/7/2017 1:47:36,2017-11-07,1,Tue
74068,3,1,13,280,2017-11-08 8:14:34,0,11/8/2017 8:14:34,2017-11-08,8,Wed
300711,15,1,6,245,2017-11-09 5:07:46,0,11/9/2017 5:07:46,2017-11-09,5,Thu
7595,12,1,10,265,2017-11-07 15:16:53,0,11/7/2017 15:16:53,2017-11-07,15,Tue
34137,12,1,10,265,2017-11-08 21:05:51,0,11/8/2017 21:05:51,2017-11-08,21,Wed
32286,3,1,19,480,2017-11-06 17:31:33,0,11/6/2017 17:31:33,2017-11-06,17,Mon
91734,15,1,19,245,2017-11-09 5:02:17,0,11/9/2017 5:02:17,2017-11-09,5,Thu
83616,18,1,20,134,2017-11-07 18:07:22,0,11/7/2017 18:07:22,2017-11-07,18,Tue
100333,13,1,19,477,2017-11-09 7:57:03,0,11/9/2017 7:57:03,2017-11-09,7,Thu
43793,10,1,19,377,2017-11-06 23:22:04,0,11/6/2017 23:22:04,2017-11-06,23,Mon
259489,12,1,13,259,2017-11-08 10:48:24,0,11/8/2017 10:48:24,2017-11-08,10,Wed
76979,13,1,22,477,2017-11-07 11:40:28,0,11/7/2017 11:40:28,2017-11-07,11,Tue
1477,18,1,20,107,2017-11-08 13:48:02,0,11/8/2017 13:48:02,2017-11-08,13,Wed
84640,18,1,19,121,2017-11-08 2:21:28,0,11/8/2017 2:21:28,2017-11-08,2,Wed
77619,9,1,19,244,2017-11-08 9:58:26,0,11/8/2017 9:58:26,2017-11-08,9,Wed
317869,12,1,13,178,2017-11-09 8:14:40,0,11/9/2017 8:14:40,2017-11-09,8,Thu
134616,12,1,27,265,2017-11-08 6:03:32,0,11/8/2017 6:03:32,2017-11-08,6,Wed
97571,3,1,36,371,2017-11-07 0:27:53,0,11/7/2017 0:27:53,2017-11-07,0,Tue
59456,3,1,17,280,2017-11-08 0:37:03,0,11/8/2017 0:37:03,2017-11-08,0,Wed
9592,9,1,13,466,2017-11-08 14:36:20,0,11/8/2017 14:36:20,2017-11-08,14,Wed
76792,13,1,19,469,2017-11-08 4:48:51,0,11/8/2017 4:48:51,2017-11-08,4,Wed
67384,3,1,13,379,2017-11-09 11:48:30,0,11/9/2017 11:48:30,2017-11-09,11,Thu
69395,2,1,8,237,2017-11-09 3:08:52,0,11/9/2017 3:08:52,2017-11-09,3,Thu
57891,21,1,18,128,2017-11-09 0:46:03,0,11/9/2017 0:46:03,2017-11-09,0,Thu
121564,2,1,19,236,2017-11-08 2:09:28,0,11/8/2017 2:09:28,2017-11-08,2,Wed
15769,18,1,13,107,2017-11-08 15:38:45,0,11/8/2017 15:38:45,2017-11-08,15,Wed
16144,12,1,17,265,2017-11-09 9:26:53,0,11/9/2017 9:26:53,2017-11-09,9,Thu
91250,8,1,17,145,2017-11-09 5:02:57,0,11/9/2017 5:02:57,2017-11-09,5,Thu
81419,12,2,13,105,2017-11-08 10:43:48,0,11/8/2017 10:43:48,2017-11-08,10,Wed
125436,1,1,18,24,2017-11-07 4:36:37,0,11/7/2017 4:36:37,2017-11-07,4,Tue
88071,14,1,19,480,2017-11-09 4:45:30,0,11/9/2017 4:45:30,2017-11-09,4,Thu
123759,14,1,10,480,2017-11-08 23:42:01,0,11/8/2017 23:42:01,2017-11-08,23,Wed
43250,9,1,14,215,2017-11-08 5:47:55,0,11/8/2017 5:47:55,2017-11-08,5,Wed
114314,21,1,19,232,2017-11-09 8:36:27,0,11/9/2017 8:36:27,2017-11-09,8,Thu
216532,12,1,17,328,2017-11-08 10:01:11,0,11/8/2017 10:01:11,2017-11-08,10,Wed
203749,3,1,19,466,2017-11-09 15:05:23,0,11/9/2017 15:05:23,2017-11-09,15,Thu
125141,14,1,9,379,2017-11-08 2:25:34,0,11/8/2017 2:25:34,2017-11-08,2,Wed
7690,9,2,17,466,2017-11-08 15:04:49,0,11/8/2017 15:04:49,2017-11-08,15,Wed
75489,25,1,6,259,2017-11-06 16:41:13,0,11/6/2017 16:41:13,2017-11-06,16,Mon
9592,9,1,17,489,2017-11-08 2:51:30,0,11/8/2017 2:51:30,2017-11-08,2,Wed
85329,9,1,16,466,2017-11-09 8:56:43,0,11/9/2017 8:56:43,2017-11-09,8,Thu
15290,13,1,8,477,2017-11-06 17:46:21,0,11/6/2017 17:46:21,2017-11-06,17,Mon
33008,29,2,13,343,2017-11-06 22:48:04,0,11/6/2017 22:48:04,2017-11-06,22,Mon
44744,3,1,19,280,2017-11-09 10:51:55,0,11/9/2017 10:51:55,2017-11-09,10,Thu
114490,2,2,65,205,2017-11-07 5:30:22,0,11/7/2017 5:30:22,2017-11-07,5,Tue
101300,2,1,19,469,2017-11-08 0:20:22,0,11/8/2017 0:20:22,2017-11-08,0,Wed
183755,14,1,19,379,2017-11-07 5:32:50,0,11/7/2017 5:32:50,2017-11-07,5,Tue
76178,12,1,28,245,2017-11-08 10:52:35,0,11/8/2017 10:52:35,2017-11-08,10,Wed
25705,13,1,19,477,2017-11-09 10:32:16,0,11/9/2017 10:32:16,2017-11-09,10,Thu
249138,11,1,35,481,2017-11-08 0:38:00,0,11/8/2017 0:38:00,2017-11-08,0,Wed
16156,9,1,13,334,2017-11-07 11:41:17,0,11/7/2017 11:41:17,2017-11-07,11,Tue
217578,23,1,19,153,2017-11-08 9:29:43,0,11/8/2017 9:29:43,2017-11-08,9,Wed
119262,9,1,41,466,2017-11-08 12:36:52,0,11/8/2017 12:36:52,2017-11-08,12,Wed
43827,9,1,13,466,2017-11-09 12:22:08,0,11/9/2017 12:22:08,2017-11-09,12,Thu
86767,2,1,10,212,2017-11-07 14:19:16,0,11/7/2017 14:19:16,2017-11-07,14,Tue
38602,3,1,19,280,2017-11-09 0:17:41,0,11/9/2017 0:17:41,2017-11-09,0,Thu
99856,18,2,27,107,2017-11-09 10:42:46,0,11/9/2017 10:42:46,2017-11-09,10,Thu
106279,18,1,3,107,2017-11-09 0:06:29,0,11/9/2017 0:06:29,2017-11-09,0,Thu
32985,14,1,14,439,2017-11-09 0:34:55,0,11/9/2017 0:34:55,2017-11-09,0,Thu
103715,9,1,13,334,2017-11-08 11:51:05,0,11/8/2017 11:51:05,2017-11-08,11,Wed
37617,12,1,22,178,2017-11-07 0:52:39,0,11/7/2017 0:52:39,2017-11-07,0,Tue
3513,14,1,19,379,2017-11-07 0:43:50,0,11/7/2017 0:43:50,2017-11-07,0,Tue
5761,2,1,17,237,2017-11-09 14:37:26,0,11/9/2017 14:37:26,2017-11-09,14,Thu
31240,2,1,1,364,2017-11-08 14:35:19,0,11/8/2017 14:35:19,2017-11-08,14,Wed
103284,18,1,41,134,2017-11-08 7:06:54,0,11/8/2017 7:06:54,2017-11-08,7,Wed
73487,2,1,6,122,2017-11-07 13:27:41,0,11/7/2017 13:27:41,2017-11-07,13,Tue
33201,14,1,13,371,2017-11-08 0:35:55,0,11/8/2017 0:35:55,2017-11-08,0,Wed
17191,2,1,22,469,2017-11-09 13:20:44,0,11/9/2017 13:20:44,2017-11-09,13,Thu
37183,3,1,13,280,2017-11-08 16:14:17,0,11/8/2017 16:14:17,2017-11-08,16,Wed
93230,2,1,13,205,2017-11-09 6:31:29,0,11/9/2017 6:31:29,2017-11-09,6,Thu
186512,8,1,19,145,2017-11-06 16:00:48,0,11/6/2017 16:00:48,2017-11-06,16,Mon
87459,20,1,22,259,2017-11-07 16:32:42,0,11/7/2017 16:32:42,2017-11-07,16,Tue
116642,6,1,13,459,2017-11-08 19:38:41,0,11/8/2017 19:38:41,2017-11-08,19,Wed
2564,12,1,7,409,2017-11-09 13:05:29,0,11/9/2017 13:05:29,2017-11-09,13,Thu
84450,26,1,15,266,2017-11-09 12:47:03,0,11/9/2017 12:47:03,2017-11-09,12,Thu
38648,18,1,53,107,2017-11-08 6:11:13,0,11/8/2017 6:11:13,2017-11-08,6,Wed
41666,2,2,28,122,2017-11-09 14:44:45,0,11/9/2017 14:44:45,2017-11-09,14,Thu
92673,18,1,19,121,2017-11-08 11:21:15,0,11/8/2017 11:21:15,2017-11-08,11,Wed
145951,18,1,10,134,2017-11-07 15:29:41,0,11/7/2017 15:29:41,2017-11-07,15,Tue
15815,26,1,19,121,2017-11-09 14:28:45,0,11/9/2017 14:28:45,2017-11-09,14,Thu
1519,12,1,19,178,2017-11-08 11:52:35,0,11/8/2017 11:52:35,2017-11-08,11,Wed
316348,20,1,10,259,2017-11-09 7:02:55,0,11/9/2017 7:02:55,2017-11-09,7,Thu
162150,12,1,22,178,2017-11-09 1:58:15,0,11/9/2017 1:58:15,2017-11-09,1,Thu
158703,12,1,13,340,2017-11-09 14:29:16,0,11/9/2017 14:29:16,2017-11-09,14,Thu
44458,15,1,30,245,2017-11-09 5:33:08,0,11/9/2017 5:33:08,2017-11-09,5,Thu
107025,18,1,19,121,2017-11-09 6:16:21,0,11/9/2017 6:16:21,2017-11-09,6,Thu
45373,3,1,13,480,2017-11-09 9:05:06,0,11/9/2017 9:05:06,2017-11-09,9,Thu
81792,13,1,47,469,2017-11-07 5:08:04,0,11/7/2017 5:08:04,2017-11-07,5,Tue
123586,9,1,13,334,2017-11-08 6:09:30,0,11/8/2017 6:09:30,2017-11-08,6,Wed
119844,9,1,18,334,2017-11-08 6:50:52,0,11/8/2017 6:50:52,2017-11-08,6,Wed
108858,14,1,19,379,2017-11-09 9:14:28,0,11/9/2017 9:14:28,2017-11-09,9,Thu
181770,12,1,35,124,2017-11-07 0:08:29,0,11/7/2017 0:08:29,2017-11-07,0,Tue
111299,3,1,19,19,2017-11-08 6:31:05,0,11/8/2017 6:31:05,2017-11-08,6,Wed
239385,9,1,13,127,2017-11-09 11:54:57,0,11/9/2017 11:54:57,2017-11-09,11,Thu
64435,2,1,20,212,2017-11-08 3:35:41,0,11/8/2017 3:35:41,2017-11-08,3,Wed
92846,9,1,22,466,2017-11-08 0:43:41,0,11/8/2017 0:43:41,2017-11-08,0,Wed
165072,18,1,37,134,2017-11-07 11:01:05,0,11/7/2017 11:01:05,2017-11-07,11,Tue
88744,20,1,19,259,2017-11-07 8:46:15,0,11/7/2017 8:46:15,2017-11-07,8,Tue
232378,2,1,19,237,2017-11-07 22:51:40,0,11/7/2017 22:51:40,2017-11-07,22,Tue
53479,3,1,10,19,2017-11-07 12:40:18,0,11/7/2017 12:40:18,2017-11-07,12,Tue
246429,18,1,23,107,2017-11-07 23:32:32,0,11/7/2017 23:32:32,2017-11-07,23,Tue
82943,3,1,19,211,2017-11-08 15:26:35,0,11/8/2017 15:26:35,2017-11-08,15,Wed
207815,13,1,13,477,2017-11-07 5:45:47,0,11/7/2017 5:45:47,2017-11-07,5,Tue
195346,12,1,13,178,2017-11-09 6:42:07,0,11/9/2017 6:42:07,2017-11-09,6,Thu
141633,8,1,15,140,2017-11-07 13:06:09,0,11/7/2017 13:06:09,2017-11-07,13,Tue
176799,12,1,3,409,2017-11-06 16:17:49,0,11/6/2017 16:17:49,2017-11-06,16,Mon
92767,18,1,14,134,2017-11-06 16:01:34,0,11/6/2017 16:01:34,2017-11-06,16,Mon
89959,1,2,9,134,2017-11-08 13:55:27,0,11/8/2017 13:55:27,2017-11-08,13,Wed
102280,18,1,13,107,2017-11-08 8:42:01,0,11/8/2017 8:42:01,2017-11-08,8,Wed
120378,3,1,35,137,2017-11-09 4:47:54,0,11/9/2017 4:47:54,2017-11-09,4,Thu
116427,8,1,15,145,2017-11-09 7:25:13,0,11/9/2017 7:25:13,2017-11-09,7,Thu
123763,2,1,19,469,2017-11-09 5:22:54,0,11/9/2017 5:22:54,2017-11-09,5,Thu
43793,15,1,13,430,2017-11-09 9:51:14,0,11/9/2017 9:51:14,2017-11-09,9,Thu
135049,18,1,19,121,2017-11-08 4:45:34,0,11/8/2017 4:45:34,2017-11-08,4,Wed
305354,9,1,8,244,2017-11-09 8:37:10,0,11/9/2017 8:37:10,2017-11-09,8,Thu
5314,18,1,9,134,2017-11-08 15:16:52,0,11/8/2017 15:16:52,2017-11-08,15,Wed
109258,3,1,19,480,2017-11-09 11:09:14,0,11/9/2017 11:09:14,2017-11-09,11,Thu
18942,6,1,19,459,2017-11-07 9:28:41,0,11/7/2017 9:28:41,2017-11-07,9,Tue
128777,9,1,19,232,2017-11-09 9:54:43,0,11/9/2017 9:54:43,2017-11-09,9,Thu
39027,3,1,19,280,2017-11-08 7:32:41,0,11/8/2017 7:32:41,2017-11-08,7,Wed
66769,26,1,19,121,2017-11-07 0:25:49,0,11/7/2017 0:25:49,2017-11-07,0,Tue
309771,3,1,8,280,2017-11-09 4:25:06,0,11/9/2017 4:25:06,2017-11-09,4,Thu
105475,3,1,13,280,2017-11-08 12:06:35,0,11/8/2017 12:06:35,2017-11-08,12,Wed
38602,3,1,22,280,2017-11-08 2:48:30,0,11/8/2017 2:48:30,2017-11-08,2,Wed
226,15,1,15,245,2017-11-09 4:22:01,0,11/9/2017 4:22:01,2017-11-09,4,Thu
69034,1,1,13,17,2017-11-07 22:06:49,0,11/7/2017 22:06:49,2017-11-07,22,Tue
148745,2,1,19,219,2017-11-07 10:15:00,0,11/7/2017 10:15:00,2017-11-07,10,Tue
40887,11,1,13,319,2017-11-08 0:13:47,0,11/8/2017 0:13:47,2017-11-08,0,Wed
25905,18,1,10,107,2017-11-08 4:52:30,0,11/8/2017 4:52:30,2017-11-08,4,Wed
120159,11,1,22,325,2017-11-08 0:08:40,0,11/8/2017 0:08:40,2017-11-08,0,Wed
93920,3,1,13,137,2017-11-09 2:47:44,0,11/9/2017 2:47:44,2017-11-09,2,Thu
96752,3,1,20,280,2017-11-07 3:47:50,0,11/7/2017 3:47:50,2017-11-07,3,Tue
155890,15,1,17,245,2017-11-07 0:29:50,0,11/7/2017 0:29:50,2017-11-07,0,Tue
62954,8,1,19,145,2017-11-06 18:24:44,0,11/6/2017 18:24:44,2017-11-06,18,Mon
44299,11,1,19,137,2017-11-09 7:09:27,0,11/9/2017 7:09:27,2017-11-09,7,Thu
90816,12,1,19,140,2017-11-09 14:06:53,0,11/9/2017 14:06:53,2017-11-09,14,Thu
51361,9,1,16,244,2017-11-07 10:02:58,0,11/7/2017 10:02:58,2017-11-07,10,Tue
136561,15,1,19,379,2017-11-06 23:43:16,0,11/6/2017 23:43:16,2017-11-06,23,Mon
124024,9,1,13,466,2017-11-07 11:09:50,0,11/7/2017 11:09:50,2017-11-07,11,Tue
104906,3,1,6,280,2017-11-09 5:10:34,0,11/9/2017 5:10:34,2017-11-09,5,Thu
115634,2,1,19,205,2017-11-08 6:22:09,0,11/8/2017 6:22:09,2017-11-08,6,Wed
95982,3,1,19,424,2017-11-07 0:03:22,0,11/7/2017 0:03:22,2017-11-07,0,Tue
76749,14,1,3,489,2017-11-08 12:10:38,0,11/8/2017 12:10:38,2017-11-08,12,Wed
105475,21,2,37,128,2017-11-07 16:06:25,0,11/7/2017 16:06:25,2017-11-07,16,Tue
114314,9,2,13,442,2017-11-07 0:22:36,0,11/7/2017 0:22:36,2017-11-07,0,Tue
56754,15,1,27,245,2017-11-07 18:29:41,0,11/7/2017 18:29:41,2017-11-07,18,Tue
16462,14,1,10,480,2017-11-07 5:11:26,0,11/7/2017 5:11:26,2017-11-07,5,Tue
240190,64,1,22,459,2017-11-08 0:33:55,0,11/8/2017 0:33:55,2017-11-08,0,Wed
118722,14,1,25,439,2017-11-07 0:48:53,0,11/7/2017 0:48:53,2017-11-07,0,Tue
83025,15,1,19,379,2017-11-07 5:50:28,0,11/7/2017 5:50:28,2017-11-07,5,Tue
65724,3,1,17,452,2017-11-08 15:30:20,0,11/8/2017 15:30:20,2017-11-08,15,Wed
83069,2,1,14,236,2017-11-08 2:52:35,0,11/8/2017 2:52:35,2017-11-08,2,Wed
125962,11,1,31,137,2017-11-09 11:51:46,0,11/9/2017 11:51:46,2017-11-09,11,Thu
18676,2,1,41,477,2017-11-08 14:24:11,0,11/8/2017 14:24:11,2017-11-08,14,Wed
34751,9,1,19,127,2017-11-09 11:23:32,0,11/9/2017 11:23:32,2017-11-09,11,Thu
26481,12,1,17,265,2017-11-07 10:50:56,0,11/7/2017 10:50:56,2017-11-07,10,Tue
625,12,1,13,259,2017-11-08 9:19:24,0,11/8/2017 9:19:24,2017-11-08,9,Wed
37207,12,1,41,340,2017-11-08 7:06:03,0,11/8/2017 7:06:03,2017-11-08,7,Wed
93587,9,1,2,134,2017-11-08 21:10:10,0,11/8/2017 21:10:10,2017-11-08,21,Wed
45432,15,1,19,265,2017-11-07 10:24:09,0,11/7/2017 10:24:09,2017-11-07,10,Tue
32619,14,1,13,379,2017-11-09 7:19:27,0,11/9/2017 7:19:27,2017-11-09,7,Thu
138781,18,1,41,107,2017-11-08 8:19:23,0,11/8/2017 8:19:23,2017-11-08,8,Wed
17149,3,2,9,280,2017-11-08 11:31:08,0,11/8/2017 11:31:08,2017-11-08,11,Wed
75415,12,1,19,265,2017-11-09 9:29:17,0,11/9/2017 9:29:17,2017-11-09,9,Thu
98384,3,1,13,205,2017-11-07 1:12:54,0,11/7/2017 1:12:54,2017-11-07,1,Tue
231958,18,1,53,439,2017-11-08 9:01:40,0,11/8/2017 9:01:40,2017-11-08,9,Wed
45591,12,1,13,178,2017-11-07 4:40:47,0,11/7/2017 4:40:47,2017-11-07,4,Tue
58813,11,1,19,487,2017-11-09 4:46:12,0,11/9/2017 4:46:12,2017-11-09,4,Thu
37559,12,1,13,19,2017-11-07 2:38:10,0,11/7/2017 2:38:10,2017-11-07,2,Tue
73233,2,1,13,401,2017-11-08 11:20:48,0,11/8/2017 11:20:48,2017-11-08,11,Wed
109173,18,1,37,107,2017-11-08 15:09:14,0,11/8/2017 15:09:14,2017-11-08,15,Wed
160887,15,1,13,245,2017-11-07 18:09:54,0,11/7/2017 18:09:54,2017-11-07,18,Tue
64619,6,1,19,125,2017-11-08 13:10:22,0,11/8/2017 13:10:22,2017-11-08,13,Wed
22978,18,1,19,107,2017-11-09 12:16:38,0,11/9/2017 12:16:38,2017-11-09,12,Thu
98261,3,1,31,280,2017-11-07 4:47:32,0,11/7/2017 4:47:32,2017-11-07,4,Tue
53665,14,1,19,439,2017-11-08 17:54:21,0,11/8/2017 17:54:21,2017-11-08,17,Wed
108103,26,1,12,121,2017-11-07 6:34:57,0,11/7/2017 6:34:57,2017-11-07,6,Tue
69449,21,1,10,232,2017-11-09 13:44:11,0,11/9/2017 13:44:11,2017-11-09,13,Thu
16760,3,1,13,442,2017-11-09 13:49:15,0,11/9/2017 13:49:15,2017-11-09,13,Thu
101878,15,1,19,245,2017-11-07 3:38:35,0,11/7/2017 3:38:35,2017-11-07,3,Tue
105560,13,1,22,477,2017-11-07 17:11:09,0,11/7/2017 17:11:09,2017-11-07,17,Tue
106287,3,1,22,442,2017-11-07 13:29:23,0,11/7/2017 13:29:23,2017-11-07,13,Tue
74323,3,1,19,137,2017-11-07 5:47:49,0,11/7/2017 5:47:49,2017-11-07,5,Tue
194354,12,1,13,105,2017-11-07 12:15:47,0,11/7/2017 12:15:47,2017-11-07,12,Tue
276831,1,1,19,135,2017-11-08 8:59:16,0,11/8/2017 8:59:16,2017-11-08,8,Wed
106537,2,1,13,477,2017-11-08 19:43:36,0,11/8/2017 19:43:36,2017-11-08,19,Wed
72967,13,1,19,477,2017-11-08 10:21:03,0,11/8/2017 10:21:03,2017-11-08,10,Wed
125062,21,1,17,128,2017-11-08 5:59:41,0,11/8/2017 5:59:41,2017-11-08,5,Wed
108913,9,1,9,466,2017-11-08 12:11:01,0,11/8/2017 12:11:01,2017-11-08,12,Wed
18666,3,1,16,280,2017-11-08 15:35:36,0,11/8/2017 15:35:36,2017-11-08,15,Wed
80114,28,1,13,135,2017-11-08 15:17:34,0,11/8/2017 15:17:34,2017-11-08,15,Wed
357260,2,1,13,122,2017-11-09 2:43:29,0,11/9/2017 2:43:29,2017-11-09,2,Thu
12479,2,1,2,237,2017-11-07 21:30:56,0,11/7/2017 21:30:56,2017-11-07,21,Tue
53479,1,2,9,134,2017-11-08 15:17:37,0,11/8/2017 15:17:37,2017-11-08,15,Wed
150579,15,1,17,245,2017-11-08 6:17:52,0,11/8/2017 6:17:52,2017-11-08,6,Wed
5178,21,1,2,232,2017-11-09 8:21:19,0,11/9/2017 8:21:19,2017-11-09,8,Thu
151188,2,1,19,205,2017-11-06 17:14:32,0,11/6/2017 17:14:32,2017-11-06,17,Mon
121278,26,1,28,121,2017-11-08 2:09:00,0,11/8/2017 2:09:00,2017-11-08,2,Wed
3774,14,1,19,349,2017-11-07 8:43:14,0,11/7/2017 8:43:14,2017-11-07,8,Tue
43233,26,1,13,121,2017-11-06 23:10:26,0,11/6/2017 23:10:26,2017-11-06,23,Mon
85625,1,1,8,452,2017-11-06 22:36:38,0,11/6/2017 22:36:38,2017-11-06,22,Mon
8391,12,1,28,245,2017-11-07 7:51:30,0,11/7/2017 7:51:30,2017-11-07,7,Tue
159945,11,1,13,469,2017-11-08 22:35:38,0,11/8/2017 22:35:38,2017-11-08,22,Wed
67494,3,1,17,153,2017-11-06 17:35:24,0,11/6/2017 17:35:24,2017-11-06,17,Mon
48488,2,1,19,477,2017-11-08 16:36:50,0,11/8/2017 16:36:50,2017-11-08,16,Wed
78423,9,1,13,334,2017-11-09 5:53:22,0,11/9/2017 5:53:22,2017-11-09,5,Thu
50033,9,1,9,215,2017-11-07 11:59:55,0,11/7/2017 11:59:55,2017-11-07,11,Tue
47148,15,1,19,153,2017-11-08 17:58:53,0,11/8/2017 17:58:53,2017-11-08,17,Wed
44663,2,1,13,205,2017-11-09 14:00:20,0,11/9/2017 14:00:20,2017-11-09,14,Thu
18869,15,1,13,315,2017-11-07 7:44:13,0,11/7/2017 7:44:13,2017-11-07,7,Tue
51060,13,1,19,469,2017-11-06 18:16:27,0,11/6/2017 18:16:27,2017-11-06,18,Mon
104991,12,1,23,259,2017-11-07 14:57:39,0,11/7/2017 14:57:39,2017-11-07,14,Tue
24943,8,1,19,145,2017-11-09 12:08:26,0,11/9/2017 12:08:26,2017-11-09,12,Thu
73516,18,1,15,121,2017-11-09 7:29:01,0,11/9/2017 7:29:01,2017-11-09,7,Thu
235509,2,1,10,452,2017-11-09 9:11:43,0,11/9/2017 9:11:43,2017-11-09,9,Thu
33060,21,1,41,232,2017-11-09 15:36:00,0,11/9/2017 15:36:00,2017-11-09,15,Thu
73516,12,2,9,178,2017-11-09 1:11:52,0,11/9/2017 1:11:52,2017-11-09,1,Thu
43044,3,1,13,130,2017-11-06 23:38:51,0,11/6/2017 23:38:51,2017-11-06,23,Mon
111227,9,1,13,466,2017-11-09 3:51:58,0,11/9/2017 3:51:58,2017-11-09,3,Thu
50055,2,1,41,469,2017-11-08 1:57:13,0,11/8/2017 1:57:13,2017-11-08,1,Wed
5147,9,1,25,489,2017-11-09 10:24:32,0,11/9/2017 10:24:32,2017-11-09,10,Thu
70260,8,1,19,145,2017-11-07 22:33:33,0,11/7/2017 22:33:33,2017-11-07,22,Tue
124608,2,1,3,236,2017-11-08 1:03:53,0,11/8/2017 1:03:53,2017-11-08,1,Wed
248917,2,1,13,477,2017-11-08 14:58:11,0,11/8/2017 14:58:11,2017-11-08,14,Wed
137775,94,1,15,361,2017-11-08 2:46:04,0,11/8/2017 2:46:04,2017-11-08,2,Wed
61120,8,1,20,145,2017-11-09 5:42:44,0,11/9/2017 5:42:44,2017-11-09,5,Thu
57000,20,2,22,259,2017-11-06 23:26:57,0,11/6/2017 23:26:57,2017-11-06,23,Mon
8171,11,1,13,319,2017-11-07 1:41:28,0,11/7/2017 1:41:28,2017-11-07,1,Tue
45655,9,1,19,215,2017-11-09 15:46:51,0,11/9/2017 15:46:51,2017-11-09,15,Thu
105560,15,1,22,480,2017-11-09 14:59:59,0,11/9/2017 14:59:59,2017-11-09,14,Thu
66397,12,1,10,140,2017-11-07 23:43:55,0,11/7/2017 23:43:55,2017-11-07,23,Tue
95766,12,1,19,245,2017-11-08 15:52:04,0,11/8/2017 15:52:04,2017-11-08,15,Wed
109851,9,1,13,134,2017-11-09 0:38:16,0,11/9/2017 0:38:16,2017-11-09,0,Thu
149458,25,1,13,259,2017-11-07 2:05:42,0,11/7/2017 2:05:42,2017-11-07,2,Tue
93808,3,1,19,19,2017-11-08 11:32:57,0,11/8/2017 11:32:57,2017-11-08,11,Wed
67169,9,1,13,127,2017-11-09 8:27:12,0,11/9/2017 8:27:12,2017-11-09,8,Thu
86767,9,1,19,334,2017-11-07 0:26:54,0,11/7/2017 0:26:54,2017-11-07,0,Tue
5314,21,1,13,128,2017-11-09 5:28:08,0,11/9/2017 5:28:08,2017-11-09,5,Thu
74924,8,1,19,145,2017-11-09 6:25:22,0,11/9/2017 6:25:22,2017-11-09,6,Thu
99482,15,1,17,386,2017-11-07 14:33:20,0,11/7/2017 14:33:20,2017-11-07,14,Tue
1586,2,1,18,477,2017-11-09 3:34:29,0,11/9/2017 3:34:29,2017-11-09,3,Thu
100065,18,1,13,439,2017-11-07 10:46:55,0,11/7/2017 10:46:55,2017-11-07,10,Tue
99927,12,1,12,245,2017-11-08 14:23:37,0,11/8/2017 14:23:37,2017-11-08,14,Wed
115671,23,1,13,153,2017-11-08 5:04:41,0,11/8/2017 5:04:41,2017-11-08,5,Wed
89272,23,1,18,153,2017-11-09 0:17:10,0,11/9/2017 0:17:10,2017-11-09,0,Thu
144934,28,1,19,135,2017-11-06 23:26:53,0,11/6/2017 23:26:53,2017-11-06,23,Mon
125222,20,2,17,259,2017-11-09 10:50:22,0,11/9/2017 10:50:22,2017-11-09,10,Thu
7481,11,1,6,319,2017-11-08 15:37:52,0,11/8/2017 15:37:52,2017-11-08,15,Wed
5348,14,2,13,442,2017-11-07 10:14:22,0,11/7/2017 10:14:22,2017-11-07,10,Tue
114122,18,1,19,107,2017-11-09 1:54:16,0,11/9/2017 1:54:16,2017-11-09,1,Thu
4542,14,1,13,489,2017-11-07 3:37:08,0,11/7/2017 3:37:08,2017-11-07,3,Tue
99181,12,1,22,245,2017-11-07 5:43:57,0,11/7/2017 5:43:57,2017-11-07,5,Tue
80306,12,1,17,328,2017-11-08 13:15:54,0,11/8/2017 13:15:54,2017-11-08,13,Wed
81698,18,1,13,121,2017-11-07 3:15:40,0,11/7/2017 3:15:40,2017-11-07,3,Tue
47664,2,1,13,435,2017-11-08 9:25:51,0,11/8/2017 9:25:51,2017-11-08,9,Wed
103164,2,1,8,219,2017-11-09 5:06:12,0,11/9/2017 5:06:12,2017-11-09,5,Thu
242177,18,1,17,107,2017-11-09 13:36:23,0,11/9/2017 13:36:23,2017-11-09,13,Thu
63893,2,1,9,237,2017-11-08 5:37:08,0,11/8/2017 5:37:08,2017-11-08,5,Wed
360796,72,1,22,101,2017-11-08 23:30:10,1,11/8/2017 23:30:10,2017-11-08,23,Wed
69173,3,1,13,280,2017-11-09 2:44:24,0,11/9/2017 2:44:24,2017-11-09,2,Thu
62968,14,1,19,480,2017-11-09 1:17:02,0,11/9/2017 1:17:02,2017-11-09,1,Thu
7709,9,1,19,489,2017-11-08 19:34:02,0,11/8/2017 19:34:02,2017-11-08,19,Wed
157480,2,1,10,219,2017-11-09 12:14:29,0,11/9/2017 12:14:29,2017-11-09,12,Thu
80273,15,1,10,379,2017-11-08 17:30:56,0,11/8/2017 17:30:56,2017-11-08,17,Wed
6721,12,1,43,265,2017-11-09 10:51:20,0,11/9/2017 10:51:20,2017-11-09,10,Thu
78355,23,1,22,153,2017-11-07 4:14:45,0,11/7/2017 4:14:45,2017-11-07,4,Tue
127081,2,2,9,435,2017-11-06 20:42:24,0,11/6/2017 20:42:24,2017-11-06,20,Mon
189134,2,1,19,205,2017-11-07 1:49:00,0,11/7/2017 1:49:00,2017-11-07,1,Tue
87797,12,1,17,205,2017-11-07 5:19:41,0,11/7/2017 5:19:41,2017-11-07,5,Tue
80046,12,1,13,245,2017-11-08 16:46:17,0,11/8/2017 16:46:17,2017-11-08,16,Wed
51859,12,1,19,178,2017-11-09 10:33:36,0,11/9/2017 10:33:36,2017-11-09,10,Thu
5135,3,1,18,371,2017-11-07 0:39:52,0,11/7/2017 0:39:52,2017-11-07,0,Tue
69577,2,1,19,452,2017-11-09 13:38:37,0,11/9/2017 13:38:37,2017-11-09,13,Thu
226319,64,1,23,459,2017-11-08 9:02:13,0,11/8/2017 9:02:13,2017-11-08,9,Wed
141447,15,1,13,386,2017-11-07 5:03:26,0,11/7/2017 5:03:26,2017-11-07,5,Tue
184453,2,1,19,452,2017-11-06 17:21:30,0,11/6/2017 17:21:30,2017-11-06,17,Mon
50375,2,1,10,237,2017-11-09 7:57:08,0,11/9/2017 7:57:08,2017-11-09,7,Thu
43793,12,2,13,145,2017-11-09 12:21:43,0,11/9/2017 12:21:43,2017-11-09,12,Thu
191531,18,1,8,107,2017-11-07 3:28:03,0,11/7/2017 3:28:03,2017-11-07,3,Tue
43395,12,1,19,19,2017-11-08 5:01:39,0,11/8/2017 5:01:39,2017-11-08,5,Wed
43086,15,1,10,111,2017-11-07 9:21:05,0,11/7/2017 9:21:05,2017-11-07,9,Tue
137667,26,1,2,121,2017-11-09 15:19:19,0,11/9/2017 15:19:19,2017-11-09,15,Thu
17149,55,1,13,406,2017-11-09 8:26:08,0,11/9/2017 8:26:08,2017-11-09,8,Thu
67350,2,1,27,469,2017-11-07 11:14:55,0,11/7/2017 11:14:55,2017-11-07,11,Tue
104199,14,1,27,349,2017-11-09 12:42:09,0,11/9/2017 12:42:09,2017-11-09,12,Thu
207271,1,1,55,24,2017-11-07 8:22:58,0,11/7/2017 8:22:58,2017-11-07,8,Tue
3313,3,1,19,280,2017-11-08 10:55:35,0,11/8/2017 10:55:35,2017-11-08,10,Wed
80485,3,1,8,280,2017-11-07 7:26:54,0,11/7/2017 7:26:54,2017-11-07,7,Tue
74515,15,1,17,245,2017-11-08 10:55:44,0,11/8/2017 10:55:44,2017-11-08,10,Wed
111897,64,1,23,459,2017-11-07 21:59:38,0,11/7/2017 21:59:38,2017-11-07,21,Tue
8215,2,1,12,477,2017-11-09 7:49:51,0,11/9/2017 7:49:51,2017-11-09,7,Thu
122253,2,1,19,477,2017-11-07 14:09:11,0,11/7/2017 14:09:11,2017-11-07,14,Tue
2919,8,1,19,145,2017-11-09 3:43:49,0,11/9/2017 3:43:49,2017-11-09,3,Thu
23674,7,1,22,101,2017-11-09 6:23:28,0,11/9/2017 6:23:28,2017-11-09,6,Thu
111588,13,1,19,469,2017-11-08 14:26:34,0,11/8/2017 14:26:34,2017-11-08,14,Wed
209663,2,1,22,477,2017-11-07 13:59:39,0,11/7/2017 13:59:39,2017-11-07,13,Tue
210107,12,1,14,245,2017-11-06 18:17:22,0,11/6/2017 18:17:22,2017-11-06,18,Mon
68891,21,1,19,128,2017-11-06 23:05:04,0,11/6/2017 23:05:04,2017-11-06,23,Mon
32391,2,1,13,469,2017-11-08 11:08:44,0,11/8/2017 11:08:44,2017-11-08,11,Wed
925,18,1,19,107,2017-11-08 2:30:35,0,11/8/2017 2:30:35,2017-11-08,2,Wed
117712,27,1,19,153,2017-11-09 10:42:23,0,11/9/2017 10:42:23,2017-11-09,10,Thu
297411,1,1,3,17,2017-11-09 12:52:35,0,11/9/2017 12:52:35,2017-11-09,12,Thu
85256,3,1,13,211,2017-11-08 8:06:08,0,11/8/2017 8:06:08,2017-11-08,8,Wed
359548,3,1,19,442,2017-11-08 22:58:26,0,11/8/2017 22:58:26,2017-11-08,22,Wed
193958,3,1,28,280,2017-11-08 1:29:35,0,11/8/2017 1:29:35,2017-11-08,1,Wed
27388,9,1,19,215,2017-11-07 14:44:15,0,11/7/2017 14:44:15,2017-11-07,14,Tue
119303,19,0,38,213,2017-11-08 16:05:46,0,11/8/2017 16:05:46,2017-11-08,16,Wed
22943,3,1,19,424,2017-11-09 6:46:16,0,11/9/2017 6:46:16,2017-11-09,6,Thu
204888,3,1,15,280,2017-11-07 6:25:28,0,11/7/2017 6:25:28,2017-11-07,6,Tue
46729,1,2,9,125,2017-11-07 9:19:25,0,11/7/2017 9:19:25,2017-11-07,9,Tue
83268,3,1,10,137,2017-11-08 5:05:08,0,11/8/2017 5:05:08,2017-11-08,5,Wed
96298,15,1,13,315,2017-11-08 15:43:22,0,11/8/2017 15:43:22,2017-11-08,15,Wed
39834,2,2,19,205,2017-11-09 15:40:42,0,11/9/2017 15:40:42,2017-11-09,15,Thu
69752,3,1,32,280,2017-11-08 14:59:06,0,11/8/2017 14:59:06,2017-11-08,14,Wed
93320,7,1,35,101,2017-11-09 11:13:54,0,11/9/2017 11:13:54,2017-11-09,11,Thu
44181,3,1,14,280,2017-11-09 1:52:38,0,11/9/2017 1:52:38,2017-11-09,1,Thu
69701,3,1,18,280,2017-11-06 17:00:15,0,11/6/2017 17:00:15,2017-11-06,17,Mon
62391,12,1,19,340,2017-11-08 4:30:10,0,11/8/2017 4:30:10,2017-11-08,4,Wed
28795,8,1,32,145,2017-11-06 19:16:40,0,11/6/2017 19:16:40,2017-11-06,19,Mon
40440,9,1,19,215,2017-11-07 0:48:27,0,11/7/2017 0:48:27,2017-11-07,0,Tue
100042,12,1,13,265,2017-11-06 16:46:25,0,11/6/2017 16:46:25,2017-11-06,16,Mon
201529,15,1,13,245,2017-11-06 23:48:54,0,11/6/2017 23:48:54,2017-11-06,23,Mon
102435,1,1,10,135,2017-11-09 2:29:27,0,11/9/2017 2:29:27,2017-11-09,2,Thu
99132,8,1,46,145,2017-11-07 2:53:07,0,11/7/2017 2:53:07,2017-11-07,2,Tue
106776,14,1,13,379,2017-11-09 11:39:54,0,11/9/2017 11:39:54,2017-11-09,11,Thu
66463,7,1,19,101,2017-11-07 10:08:34,0,11/7/2017 10:08:34,2017-11-07,10,Tue
45137,14,1,19,442,2017-11-09 13:26:28,0,11/9/2017 13:26:28,2017-11-09,13,Thu
151411,12,1,13,245,2017-11-06 17:06:17,0,11/6/2017 17:06:17,2017-11-06,17,Mon
45793,15,1,19,245,2017-11-08 19:54:29,0,11/8/2017 19:54:29,2017-11-08,19,Wed
69853,9,1,18,134,2017-11-08 6:55:06,0,11/8/2017 6:55:06,2017-11-08,6,Wed
84530,3,1,13,115,2017-11-08 13:06:36,0,11/8/2017 13:06:36,2017-11-08,13,Wed
357239,18,1,25,134,2017-11-09 6:41:35,0,11/9/2017 6:41:35,2017-11-09,6,Thu
77355,15,1,19,245,2017-11-07 11:02:02,0,11/7/2017 11:02:02,2017-11-07,11,Tue
93860,12,1,10,178,2017-11-08 5:07:08,0,11/8/2017 5:07:08,2017-11-08,5,Wed
5348,3,1,19,442,2017-11-09 10:53:23,0,11/9/2017 10:53:23,2017-11-09,10,Thu
32745,12,1,13,19,2017-11-09 7:47:44,0,11/9/2017 7:47:44,2017-11-09,7,Thu
177614,3,1,40,280,2017-11-07 5:39:56,0,11/7/2017 5:39:56,2017-11-07,5,Tue
60271,2,1,53,205,2017-11-08 15:43:24,0,11/8/2017 15:43:24,2017-11-08,15,Wed
27678,9,1,19,334,2017-11-07 10:38:02,0,11/7/2017 10:38:02,2017-11-07,10,Tue
106362,3,1,8,280,2017-11-09 1:23:53,0,11/9/2017 1:23:53,2017-11-09,1,Thu
42127,14,1,17,371,2017-11-08 0:05:23,0,11/8/2017 0:05:23,2017-11-08,0,Wed
5314,2,1,6,477,2017-11-09 12:43:59,0,11/9/2017 12:43:59,2017-11-09,12,Thu
5314,9,1,19,134,2017-11-08 23:30:15,0,11/8/2017 23:30:15,2017-11-08,23,Wed
237235,3,1,9,130,2017-11-08 4:17:46,0,11/8/2017 4:17:46,2017-11-08,4,Wed
81776,12,1,12,140,2017-11-08 13:00:11,0,11/8/2017 13:00:11,2017-11-08,13,Wed
42143,3,1,18,280,2017-11-09 3:48:32,0,11/9/2017 3:48:32,2017-11-09,3,Thu
323330,3,1,15,424,2017-11-09 5:26:28,0,11/9/2017 5:26:28,2017-11-09,5,Thu
102062,14,1,19,480,2017-11-08 6:33:10,0,11/8/2017 6:33:10,2017-11-08,6,Wed
33860,2,1,41,401,2017-11-09 0:15:07,0,11/9/2017 0:15:07,2017-11-09,0,Thu
29372,8,1,8,145,2017-11-08 2:03:07,0,11/8/2017 2:03:07,2017-11-08,2,Wed
25485,26,1,13,477,2017-11-08 11:59:31,0,11/8/2017 11:59:31,2017-11-08,11,Wed
159850,2,1,25,205,2017-11-08 6:02:24,0,11/8/2017 6:02:24,2017-11-08,6,Wed
61178,12,1,9,259,2017-11-09 4:55:50,0,11/9/2017 4:55:50,2017-11-09,4,Thu
123809,3,1,19,280,2017-11-08 15:57:06,0,11/8/2017 15:57:06,2017-11-08,15,Wed
104836,26,1,53,121,2017-11-06 22:30:21,0,11/6/2017 22:30:21,2017-11-06,22,Mon
89982,3,1,13,424,2017-11-08 7:17:12,0,11/8/2017 7:17:12,2017-11-08,7,Wed
31119,14,1,22,134,2017-11-07 23:26:18,0,11/7/2017 23:26:18,2017-11-07,23,Tue
159355,27,1,19,122,2017-11-07 23:38:26,0,11/7/2017 23:38:26,2017-11-07,23,Tue
124166,3,1,19,280,2017-11-07 3:54:28,0,11/7/2017 3:54:28,2017-11-07,3,Tue
44663,3,1,19,402,2017-11-07 11:31:20,0,11/7/2017 11:31:20,2017-11-07,11,Tue
22240,2,1,3,377,2017-11-08 17:34:23,0,11/8/2017 17:34:23,2017-11-08,17,Wed
73516,12,1,32,326,2017-11-09 8:48:45,0,11/9/2017 8:48:45,2017-11-09,8,Thu
7124,11,1,15,487,2017-11-07 8:53:35,0,11/7/2017 8:53:35,2017-11-07,8,Tue
186377,9,1,20,244,2017-11-07 1:51:37,0,11/7/2017 1:51:37,2017-11-07,1,Tue
80058,2,1,13,122,2017-11-08 7:37:30,0,11/8/2017 7:37:30,2017-11-08,7,Wed
105534,2,1,16,122,2017-11-09 14:15:45,0,11/9/2017 14:15:45,2017-11-09,14,Thu
180820,18,1,19,107,2017-11-07 12:41:28,0,11/7/2017 12:41:28,2017-11-07,12,Tue
200808,23,1,13,153,2017-11-07 23:38:04,0,11/7/2017 23:38:04,2017-11-07,23,Tue
78150,25,1,19,259,2017-11-07 1:20:45,0,11/7/2017 1:20:45,2017-11-07,1,Tue
8104,14,1,13,401,2017-11-07 5:08:29,0,11/7/2017 5:08:29,2017-11-07,5,Tue
68530,18,1,19,121,2017-11-08 3:01:31,0,11/8/2017 3:01:31,2017-11-08,3,Wed
144353,3,1,10,280,2017-11-08 15:44:12,0,11/8/2017 15:44:12,2017-11-08,15,Wed
276071,15,1,3,111,2017-11-09 9:34:51,0,11/9/2017 9:34:51,2017-11-09,9,Thu
164071,11,1,37,325,2017-11-07 1:22:38,0,11/7/2017 1:22:38,2017-11-07,1,Tue
177032,3,1,14,452,2017-11-07 3:48:24,0,11/7/2017 3:48:24,2017-11-07,3,Tue
147065,3,1,19,424,2017-11-07 4:10:18,0,11/7/2017 4:10:18,2017-11-07,4,Tue
38935,23,1,13,153,2017-11-09 13:33:15,0,11/9/2017 13:33:15,2017-11-09,13,Thu
3994,12,1,13,205,2017-11-08 23:33:44,0,11/8/2017 23:33:44,2017-11-08,23,Wed
35951,3,1,13,19,2017-11-07 12:32:43,0,11/7/2017 12:32:43,2017-11-07,12,Tue
20628,14,1,25,463,2017-11-07 14:53:26,0,11/7/2017 14:53:26,2017-11-07,14,Tue
75007,3,1,37,442,2017-11-07 17:05:11,0,11/7/2017 17:05:11,2017-11-07,17,Tue
2810,15,1,22,265,2017-11-09 9:17:19,0,11/9/2017 9:17:19,2017-11-09,9,Thu
88785,3,1,37,19,2017-11-07 23:36:37,0,11/7/2017 23:36:37,2017-11-07,23,Tue
100859,14,1,13,379,2017-11-07 7:16:24,0,11/7/2017 7:16:24,2017-11-07,7,Tue
69710,25,1,37,259,2017-11-07 11:52:31,0,11/7/2017 11:52:31,2017-11-07,11,Tue
83252,8,1,19,145,2017-11-09 2:08:51,0,11/9/2017 2:08:51,2017-11-09,2,Thu
64615,7,1,13,101,2017-11-09 6:23:08,0,11/9/2017 6:23:08,2017-11-09,6,Thu
75979,2,1,13,469,2017-11-08 23:03:18,0,11/8/2017 23:03:18,2017-11-08,23,Wed
120594,3,1,13,280,2017-11-07 14:37:42,0,11/7/2017 14:37:42,2017-11-07,14,Tue
103527,3,1,20,173,2017-11-08 2:13:50,0,11/8/2017 2:13:50,2017-11-08,2,Wed
35774,18,1,17,107,2017-11-09 6:44:02,0,11/9/2017 6:44:02,2017-11-09,6,Thu
32609,12,1,18,497,2017-11-08 13:50:45,0,11/8/2017 13:50:45,2017-11-08,13,Wed
17572,6,1,58,125,2017-11-07 11:04:18,0,11/7/2017 11:04:18,2017-11-07,11,Tue
5314,14,1,19,463,2017-11-08 17:12:15,0,11/8/2017 17:12:15,2017-11-08,17,Wed
1755,15,1,19,315,2017-11-08 9:13:11,0,11/8/2017 9:13:11,2017-11-08,9,Wed
113865,12,1,13,265,2017-11-07 0:42:08,0,11/7/2017 0:42:08,2017-11-07,0,Tue
301290,1,2,100,13,2017-11-09 13:41:13,0,11/9/2017 13:41:13,2017-11-09,13,Thu
166857,18,1,19,107,2017-11-08 11:22:06,0,11/8/2017 11:22:06,2017-11-08,11,Wed
100212,13,1,13,400,2017-11-08 14:00:15,0,11/8/2017 14:00:15,2017-11-08,14,Wed
5348,28,1,22,135,2017-11-08 5:00:25,0,11/8/2017 5:00:25,2017-11-08,5,Wed
317757,18,1,49,376,2017-11-09 8:29:04,0,11/9/2017 8:29:04,2017-11-09,8,Thu
16462,18,1,19,439,2017-11-07 10:29:17,0,11/7/2017 10:29:17,2017-11-07,10,Tue
33181,3,1,13,280,2017-11-09 2:16:48,0,11/9/2017 2:16:48,2017-11-09,2,Thu
161166,64,1,13,459,2017-11-06 20:17:15,0,11/6/2017 20:17:15,2017-11-06,20,Mon
334558,12,1,13,19,2017-11-09 10:22:12,0,11/9/2017 10:22:12,2017-11-09,10,Thu
34751,13,1,19,400,2017-11-09 1:54:09,0,11/9/2017 1:54:09,2017-11-09,1,Thu
19014,9,1,19,334,2017-11-08 22:41:14,0,11/8/2017 22:41:14,2017-11-08,22,Wed
67632,18,1,9,107,2017-11-09 9:15:54,0,11/9/2017 9:15:54,2017-11-09,9,Thu
37892,2,1,19,469,2017-11-07 8:57:04,0,11/7/2017 8:57:04,2017-11-07,8,Tue
66254,3,1,6,173,2017-11-08 9:36:05,0,11/8/2017 9:36:05,2017-11-08,9,Wed
4177,9,1,13,127,2017-11-09 15:28:51,0,11/9/2017 15:28:51,2017-11-09,15,Thu
57854,26,1,41,266,2017-11-07 14:38:58,0,11/7/2017 14:38:58,2017-11-07,14,Tue
46720,13,1,19,477,2017-11-09 11:51:52,0,11/9/2017 11:51:52,2017-11-09,11,Thu
25152,15,1,19,412,2017-11-07 8:40:26,0,11/7/2017 8:40:26,2017-11-07,8,Tue
23878,17,2,17,280,2017-11-08 8:00:38,0,11/8/2017 8:00:38,2017-11-08,8,Wed
31247,3,1,19,280,2017-11-09 2:20:26,0,11/9/2017 2:20:26,2017-11-09,2,Thu
124574,21,2,19,128,2017-11-06 22:18:32,0,11/6/2017 22:18:32,2017-11-06,22,Mon
55849,18,1,13,107,2017-11-07 0:19:44,0,11/7/2017 0:19:44,2017-11-07,0,Tue
5314,12,1,17,481,2017-11-09 14:00:20,0,11/9/2017 14:00:20,2017-11-09,14,Thu
30636,23,1,13,153,2017-11-08 15:16:41,0,11/8/2017 15:16:41,2017-11-08,15,Wed
26801,23,1,11,153,2017-11-09 0:07:44,0,11/9/2017 0:07:44,2017-11-09,0,Thu
80634,15,1,13,245,2017-11-09 5:31:54,0,11/9/2017 5:31:54,2017-11-09,5,Thu
81571,1,1,6,134,2017-11-09 5:06:04,0,11/9/2017 5:06:04,2017-11-09,5,Thu
43514,3,1,18,280,2017-11-09 6:36:35,0,11/9/2017 6:36:35,2017-11-09,6,Thu
105519,12,2,13,178,2017-11-07 12:15:09,0,11/7/2017 12:15:09,2017-11-07,12,Tue
90509,20,2,13,259,2017-11-09 0:50:26,0,11/9/2017 0:50:26,2017-11-09,0,Thu
69100,18,1,17,107,2017-11-08 14:35:28,0,11/8/2017 14:35:28,2017-11-08,14,Wed
439,15,1,32,245,2017-11-07 11:41:15,0,11/7/2017 11:41:15,2017-11-07,11,Tue
4019,3,1,18,280,2017-11-08 11:23:04,0,11/8/2017 11:23:04,2017-11-08,11,Wed
74497,22,1,16,116,2017-11-09 15:43:30,0,11/9/2017 15:43:30,2017-11-09,15,Thu
71535,1,1,9,134,2017-11-07 7:08:28,0,11/7/2017 7:08:28,2017-11-07,7,Tue
195475,14,1,8,442,2017-11-07 15:02:37,0,11/7/2017 15:02:37,2017-11-07,15,Tue
188073,2,1,20,364,2017-11-09 3:55:04,0,11/9/2017 3:55:04,2017-11-09,3,Thu
17077,3,1,19,280,2017-11-09 5:19:08,0,11/9/2017 5:19:08,2017-11-09,5,Thu
31444,3,1,13,19,2017-11-07 11:18:16,0,11/7/2017 11:18:16,2017-11-07,11,Tue
270249,3,1,1,280,2017-11-08 9:13:15,0,11/8/2017 9:13:15,2017-11-08,9,Wed
36340,12,1,17,259,2017-11-07 2:08:08,0,11/7/2017 2:08:08,2017-11-07,2,Tue
168896,11,1,19,319,2017-11-06 23:46:27,0,11/6/2017 23:46:27,2017-11-06,23,Mon
59043,14,1,13,401,2017-11-09 2:20:35,0,11/9/2017 2:20:35,2017-11-09,2,Thu
40700,6,1,25,459,2017-11-09 6:26:09,0,11/9/2017 6:26:09,2017-11-09,6,Thu
50129,35,1,19,21,2017-11-08 23:40:16,1,11/8/2017 23:40:16,2017-11-08,23,Wed
27499,18,1,10,107,2017-11-09 0:55:22,0,11/9/2017 0:55:22,2017-11-09,0,Thu
140993,2,1,19,219,2017-11-07 0:22:08,0,11/7/2017 0:22:08,2017-11-07,0,Tue
28417,3,1,19,280,2017-11-08 12:34:58,0,11/8/2017 12:34:58,2017-11-08,12,Wed
108341,2,1,13,205,2017-11-08 9:04:21,0,11/8/2017 9:04:21,2017-11-08,9,Wed
79176,2,1,13,469,2017-11-07 15:24:41,0,11/7/2017 15:24:41,2017-11-07,15,Tue
63101,14,1,19,442,2017-11-08 8:43:18,0,11/8/2017 8:43:18,2017-11-08,8,Wed
76822,6,1,19,459,2017-11-07 6:30:21,0,11/7/2017 6:30:21,2017-11-07,6,Tue
137176,9,1,19,466,2017-11-07 8:50:42,0,11/7/2017 8:50:42,2017-11-07,8,Tue
38604,15,1,13,245,2017-11-08 14:55:07,0,11/8/2017 14:55:07,2017-11-08,14,Wed
5178,21,1,19,128,2017-11-09 2:54:16,0,11/9/2017 2:54:16,2017-11-09,2,Thu
143216,12,1,16,328,2017-11-08 4:07:10,0,11/8/2017 4:07:10,2017-11-08,4,Wed
71076,3,1,6,466,2017-11-07 7:02:30,0,11/7/2017 7:02:30,2017-11-07,7,Tue
277902,11,1,12,319,2017-11-08 8:08:25,0,11/8/2017 8:08:25,2017-11-08,8,Wed
93003,7,1,13,101,2017-11-08 10:27:12,0,11/8/2017 10:27:12,2017-11-08,10,Wed
214064,18,1,13,439,2017-11-08 15:15:37,0,11/8/2017 15:15:37,2017-11-08,15,Wed
7481,18,1,17,107,2017-11-07 1:44:03,0,11/7/2017 1:44:03,2017-11-07,1,Tue
104868,3,1,13,205,2017-11-08 0:37:10,0,11/8/2017 0:37:10,2017-11-08,0,Wed
288760,12,1,13,178,2017-11-09 14:06:43,0,11/9/2017 14:06:43,2017-11-09,14,Thu
116562,3,1,19,280,2017-11-07 7:21:05,0,11/7/2017 7:21:05,2017-11-07,7,Tue
16278,9,1,9,466,2017-11-09 6:49:20,0,11/9/2017 6:49:20,2017-11-09,6,Thu
265385,9,1,13,232,2017-11-09 3:37:13,0,11/9/2017 3:37:13,2017-11-09,3,Thu
122415,13,1,6,477,2017-11-09 13:00:30,0,11/9/2017 13:00:30,2017-11-09,13,Thu
81935,94,1,1,361,2017-11-09 14:25:41,0,11/9/2017 14:25:41,2017-11-09,14,Thu
228090,47,1,13,484,2017-11-09 10:50:09,0,11/9/2017 10:50:09,2017-11-09,10,Thu
31512,1,1,19,377,2017-11-08 10:39:37,0,11/8/2017 10:39:37,2017-11-08,10,Wed
65552,9,1,13,334,2017-11-09 5:45:16,0,11/9/2017 5:45:16,2017-11-09,5,Thu
83723,11,1,19,319,2017-11-08 8:37:49,0,11/8/2017 8:37:49,2017-11-08,8,Wed
178991,3,1,19,280,2017-11-08 3:00:58,0,11/8/2017 3:00:58,2017-11-08,3,Wed
103833,3,1,13,424,2017-11-08 19:45:07,0,11/8/2017 19:45:07,2017-11-08,19,Wed
57723,3,1,13,280,2017-11-07 0:53:51,0,11/7/2017 0:53:51,2017-11-07,0,Tue
133811,12,1,18,178,2017-11-08 5:00:09,0,11/8/2017 5:00:09,2017-11-08,5,Wed
44661,2,1,19,477,2017-11-07 16:25:51,0,11/7/2017 16:25:51,2017-11-07,16,Tue
53874,3,1,16,280,2017-11-07 2:11:47,0,11/7/2017 2:11:47,2017-11-07,2,Tue
135320,3,1,19,280,2017-11-08 1:39:18,0,11/8/2017 1:39:18,2017-11-08,1,Wed
5704,17,1,13,280,2017-11-07 12:51:36,0,11/7/2017 12:51:36,2017-11-07,12,Tue
216664,9,1,19,334,2017-11-08 4:08:28,0,11/8/2017 4:08:28,2017-11-08,4,Wed
50512,9,2,9,215,2017-11-07 0:01:57,0,11/7/2017 0:01:57,2017-11-07,0,Tue
124953,12,1,15,178,2017-11-09 3:09:13,0,11/9/2017 3:09:13,2017-11-09,3,Thu
66658,11,1,13,487,2017-11-07 23:48:46,0,11/7/2017 23:48:46,2017-11-07,23,Tue
170219,18,1,7,134,2017-11-08 12:18:13,0,11/8/2017 12:18:13,2017-11-08,12,Wed
362472,12,1,12,265,2017-11-09 5:19:07,0,11/9/2017 5:19:07,2017-11-09,5,Thu
29501,23,1,18,153,2017-11-07 7:50:48,0,11/7/2017 7:50:48,2017-11-07,7,Tue
112666,12,1,6,265,2017-11-09 4:48:28,0,11/9/2017 4:48:28,2017-11-09,4,Thu
299020,2,1,15,435,2017-11-08 17:56:05,0,11/8/2017 17:56:05,2017-11-08,17,Wed
64428,9,1,13,334,2017-11-07 12:08:24,0,11/7/2017 12:08:24,2017-11-07,12,Tue
27391,9,1,23,127,2017-11-08 13:42:40,0,11/8/2017 13:42:40,2017-11-08,13,Wed
203230,14,1,22,446,2017-11-06 23:39:06,0,11/6/2017 23:39:06,2017-11-06,23,Mon
107008,2,1,18,237,2017-11-08 3:24:22,0,11/8/2017 3:24:22,2017-11-08,3,Wed
69852,12,1,17,326,2017-11-07 3:23:59,0,11/7/2017 3:23:59,2017-11-07,3,Tue
79881,9,1,20,244,2017-11-07 1:33:24,0,11/7/2017 1:33:24,2017-11-07,1,Tue
29140,28,1,19,135,2017-11-06 23:18:42,0,11/6/2017 23:18:42,2017-11-06,23,Mon
15192,2,1,13,219,2017-11-09 13:50:00,0,11/9/2017 13:50:00,2017-11-09,13,Thu
14872,12,1,35,265,2017-11-09 3:51:05,0,11/9/2017 3:51:05,2017-11-09,3,Thu
209663,3,1,19,280,2017-11-08 12:52:37,0,11/8/2017 12:52:37,2017-11-08,12,Wed
119531,9,1,11,442,2017-11-09 9:58:02,0,11/9/2017 9:58:02,2017-11-09,9,Thu
44349,12,1,20,409,2017-11-09 2:00:53,0,11/9/2017 2:00:53,2017-11-09,2,Thu
87764,12,1,22,481,2017-11-08 6:24:17,0,11/8/2017 6:24:17,2017-11-08,6,Wed
362691,24,1,22,105,2017-11-09 15:54:58,0,11/9/2017 15:54:58,2017-11-09,15,Thu
111324,11,1,19,173,2017-11-07 5:47:19,0,11/7/2017 5:47:19,2017-11-07,5,Tue
36813,15,1,13,138,2017-11-09 3:50:39,0,11/9/2017 3:50:39,2017-11-09,3,Thu
5348,12,2,8,178,2017-11-07 7:50:00,0,11/7/2017 7:50:00,2017-11-07,7,Tue
60725,12,2,13,259,2017-11-07 21:51:29,0,11/7/2017 21:51:29,2017-11-07,21,Tue
194238,3,1,19,137,2017-11-07 9:14:40,0,11/7/2017 9:14:40,2017-11-07,9,Tue
94491,12,1,13,328,2017-11-09 12:42:34,0,11/9/2017 12:42:34,2017-11-09,12,Thu
60580,18,1,6,134,2017-11-08 8:58:38,0,11/8/2017 8:58:38,2017-11-08,8,Wed
15488,8,1,13,145,2017-11-07 5:22:41,0,11/7/2017 5:22:41,2017-11-07,5,Tue
99944,3,2,22,280,2017-11-08 4:09:20,0,11/8/2017 4:09:20,2017-11-08,4,Wed
91166,21,1,22,232,2017-11-07 17:12:37,0,11/7/2017 17:12:37,2017-11-07,17,Tue
62803,8,1,13,145,2017-11-09 13:10:29,0,11/9/2017 13:10:29,2017-11-09,13,Thu
11196,11,1,19,219,2017-11-09 12:22:37,0,11/9/2017 12:22:37,2017-11-09,12,Thu
301394,2,1,16,237,2017-11-09 1:41:53,0,11/9/2017 1:41:53,2017-11-09,1,Thu
18332,9,1,8,466,2017-11-09 12:21:02,0,11/9/2017 12:21:02,2017-11-09,12,Thu
11616,14,1,6,379,2017-11-08 7:14:20,0,11/8/2017 7:14:20,2017-11-08,7,Wed
25818,12,1,13,178,2017-11-09 1:48:10,0,11/9/2017 1:48:10,2017-11-09,1,Thu
118844,3,1,13,211,2017-11-08 16:50:20,0,11/8/2017 16:50:20,2017-11-08,16,Wed
215353,12,1,11,259,2017-11-09 11:11:27,0,11/9/2017 11:11:27,2017-11-09,11,Thu
139907,3,1,13,19,2017-11-06 16:52:34,0,11/6/2017 16:52:34,2017-11-06,16,Mon
106267,8,1,10,145,2017-11-08 8:05:14,0,11/8/2017 8:05:14,2017-11-08,8,Wed
75539,12,1,26,245,2017-11-07 16:04:20,0,11/7/2017 16:04:20,2017-11-07,16,Tue
114913,2,1,13,219,2017-11-09 15:49:12,0,11/9/2017 15:49:12,2017-11-09,15,Thu
53910,11,1,25,481,2017-11-07 3:32:47,0,11/7/2017 3:32:47,2017-11-07,3,Tue
62704,9,1,13,107,2017-11-08 19:38:11,0,11/8/2017 19:38:11,2017-11-08,19,Wed
37892,3,1,19,280,2017-11-07 7:38:15,0,11/7/2017 7:38:15,2017-11-07,7,Tue
123948,24,1,12,105,2017-11-07 2:51:32,0,11/7/2017 2:51:32,2017-11-07,2,Tue
93953,9,1,19,134,2017-11-08 11:00:11,0,11/8/2017 11:00:11,2017-11-08,11,Wed
5314,9,2,9,145,2017-11-08 10:34:14,0,11/8/2017 10:34:14,2017-11-08,10,Wed
121228,12,1,19,328,2017-11-07 9:28:09,0,11/7/2017 9:28:09,2017-11-07,9,Tue
89336,1,1,37,377,2017-11-08 6:14:54,0,11/8/2017 6:14:54,2017-11-08,6,Wed
111967,3,1,1,113,2017-11-09 6:49:59,0,11/9/2017 6:49:59,2017-11-09,6,Thu
196489,28,1,10,135,2017-11-07 14:14:25,0,11/7/2017 14:14:25,2017-11-07,14,Tue
79190,18,1,15,107,2017-11-08 13:48:25,0,11/8/2017 13:48:25,2017-11-08,13,Wed
85603,12,1,8,212,2017-11-08 9:12:05,0,11/8/2017 9:12:05,2017-11-08,9,Wed
22117,2,1,30,364,2017-11-07 14:29:39,0,11/7/2017 14:29:39,2017-11-07,14,Tue
237370,2,1,30,469,2017-11-08 6:51:46,0,11/8/2017 6:51:46,2017-11-08,6,Wed
119289,19,0,24,347,2017-11-09 3:53:27,0,11/9/2017 3:53:27,2017-11-09,3,Thu
119524,14,1,13,463,2017-11-07 11:55:20,0,11/7/2017 11:55:20,2017-11-07,11,Tue
68382,14,1,19,489,2017-11-08 15:48:55,0,11/8/2017 15:48:55,2017-11-08,15,Wed
146210,19,0,24,213,2017-11-08 22:58:10,0,11/8/2017 22:58:10,2017-11-08,22,Wed
64595,15,1,13,278,2017-11-07 11:47:17,0,11/7/2017 11:47:17,2017-11-07,11,Tue
67494,7,1,14,101,2017-11-09 6:22:46,0,11/9/2017 6:22:46,2017-11-09,6,Thu
95245,3,1,19,130,2017-11-07 0:02:39,0,11/7/2017 0:02:39,2017-11-07,0,Tue
6595,2,1,8,237,2017-11-07 3:52:24,0,11/7/2017 3:52:24,2017-11-07,3,Tue
82427,3,1,13,280,2017-11-08 9:32:48,0,11/8/2017 9:32:48,2017-11-08,9,Wed
8590,15,1,20,245,2017-11-07 0:48:01,0,11/7/2017 0:48:01,2017-11-07,0,Tue
234613,64,1,19,459,2017-11-08 6:44:34,0,11/8/2017 6:44:34,2017-11-08,6,Wed
206765,3,1,19,173,2017-11-09 6:13:49,0,11/9/2017 6:13:49,2017-11-09,6,Thu
119901,6,1,19,459,2017-11-08 1:53:26,0,11/8/2017 1:53:26,2017-11-08,1,Wed
44067,12,2,11,265,2017-11-08 16:32:33,0,11/8/2017 16:32:33,2017-11-08,16,Wed
29347,11,1,15,469,2017-11-08 22:39:42,0,11/8/2017 22:39:42,2017-11-08,22,Wed
98995,14,1,17,349,2017-11-07 8:47:23,0,11/7/2017 8:47:23,2017-11-07,8,Tue
53479,2,1,6,477,2017-11-08 15:04:20,0,11/8/2017 15:04:20,2017-11-08,15,Wed
95585,12,1,19,178,2017-11-07 16:05:53,0,11/7/2017 16:05:53,2017-11-07,16,Tue
114220,6,1,15,459,2017-11-06 16:19:37,0,11/6/2017 16:19:37,2017-11-06,16,Mon
115975,15,1,17,265,2017-11-07 4:22:38,0,11/7/2017 4:22:38,2017-11-07,4,Tue
20813,14,1,13,379,2017-11-07 3:44:05,0,11/7/2017 3:44:05,2017-11-07,3,Tue
55034,26,1,13,477,2017-11-08 19:49:55,0,11/8/2017 19:49:55,2017-11-08,19,Wed
53454,2,2,17,469,2017-11-09 11:38:53,0,11/9/2017 11:38:53,2017-11-09,11,Thu
73516,14,1,19,379,2017-11-07 16:03:58,0,11/7/2017 16:03:58,2017-11-07,16,Tue
15572,18,1,53,107,2017-11-08 1:14:32,0,11/8/2017 1:14:32,2017-11-08,1,Wed
97347,15,1,16,386,2017-11-08 23:38:30,0,11/8/2017 23:38:30,2017-11-08,23,Wed
70576,2,1,19,477,2017-11-09 10:04:57,0,11/9/2017 10:04:57,2017-11-09,10,Thu
337629,18,1,5,107,2017-11-08 19:44:00,0,11/8/2017 19:44:00,2017-11-08,19,Wed
69017,9,1,13,215,2017-11-08 6:33:48,0,11/8/2017 6:33:48,2017-11-08,6,Wed
124686,2,1,20,237,2017-11-07 1:15:14,0,11/7/2017 1:15:14,2017-11-07,1,Tue
29453,28,1,19,135,2017-11-07 4:23:41,0,11/7/2017 4:23:41,2017-11-07,4,Tue
73516,14,2,5,467,2017-11-08 22:49:15,0,11/8/2017 22:49:15,2017-11-08,22,Wed
10749,12,1,15,409,2017-11-08 14:23:03,0,11/8/2017 14:23:03,2017-11-08,14,Wed
118563,9,2,9,442,2017-11-08 10:57:37,0,11/8/2017 10:57:37,2017-11-08,10,Wed
101435,18,1,13,134,2017-11-08 3:18:49,0,11/8/2017 3:18:49,2017-11-08,3,Wed
94003,3,1,19,409,2017-11-07 7:20:48,0,11/7/2017 7:20:48,2017-11-07,7,Tue
182081,15,1,19,245,2017-11-07 11:51:43,0,11/7/2017 11:51:43,2017-11-07,11,Tue
37948,18,1,13,121,2017-11-09 2:10:41,0,11/9/2017 2:10:41,2017-11-09,2,Thu
5314,2,1,66,469,2017-11-07 9:19:18,0,11/7/2017 9:19:18,2017-11-07,9,Tue
105433,12,1,19,245,2017-11-08 14:32:21,0,11/8/2017 14:32:21,2017-11-08,14,Wed
19235,9,1,19,215,2017-11-06 16:18:16,0,11/6/2017 16:18:16,2017-11-06,16,Mon
96906,12,1,19,265,2017-11-09 0:01:21,0,11/9/2017 0:01:21,2017-11-09,0,Thu
5348,9,1,3,244,2017-11-07 5:40:45,0,11/7/2017 5:40:45,2017-11-07,5,Tue
124576,3,1,13,280,2017-11-09 4:13:40,0,11/9/2017 4:13:40,2017-11-09,4,Thu
21274,12,1,18,219,2017-11-08 8:02:58,0,11/8/2017 8:02:58,2017-11-08,8,Wed
75593,18,3032,607,107,2017-11-07 10:05:45,0,11/7/2017 10:05:45,2017-11-07,10,Tue
37287,13,1,19,477,2017-11-07 12:48:06,0,11/7/2017 12:48:06,2017-11-07,12,Tue
4714,25,1,26,259,2017-11-09 8:41:49,0,11/9/2017 8:41:49,2017-11-09,8,Thu
20893,12,1,9,178,2017-11-07 3:14:00,0,11/7/2017 3:14:00,2017-11-07,3,Tue
54688,3,1,13,135,2017-11-06 16:13:49,0,11/6/2017 16:13:49,2017-11-06,16,Mon
25737,15,1,6,245,2017-11-06 16:36:29,0,11/6/2017 16:36:29,2017-11-06,16,Mon
43872,13,1,13,477,2017-11-07 8:50:57,0,11/7/2017 8:50:57,2017-11-07,8,Tue
72204,15,1,10,245,2017-11-08 14:50:30,0,11/8/2017 14:50:30,2017-11-08,14,Wed
81448,3,1,10,280,2017-11-09 1:08:32,0,11/9/2017 1:08:32,2017-11-09,1,Thu
67725,21,1,18,128,2017-11-09 0:10:40,0,11/9/2017 0:10:40,2017-11-09,0,Thu
58666,14,1,9,489,2017-11-08 0:35:48,0,11/8/2017 0:35:48,2017-11-08,0,Wed
47110,3,1,13,280,2017-11-08 12:02:57,0,11/8/2017 12:02:57,2017-11-08,12,Wed
48384,3,1,19,409,2017-11-07 10:49:55,0,11/7/2017 10:49:55,2017-11-07,10,Tue
78758,3,1,3,280,2017-11-09 4:34:33,0,11/9/2017 4:34:33,2017-11-09,4,Thu
118190,27,1,41,153,2017-11-09 8:55:50,0,11/9/2017 8:55:50,2017-11-09,8,Thu
62723,3,1,1,280,2017-11-08 9:25:21,0,11/8/2017 9:25:21,2017-11-08,9,Wed
944,2,1,6,377,2017-11-08 2:35:30,0,11/8/2017 2:35:30,2017-11-08,2,Wed
100212,14,1,13,349,2017-11-08 15:25:06,0,11/8/2017 15:25:06,2017-11-08,15,Wed
121461,18,1,2,107,2017-11-09 9:32:28,0,11/9/2017 9:32:28,2017-11-09,9,Thu
78809,15,1,13,245,2017-11-08 21:35:00,0,11/8/2017 21:35:00,2017-11-08,21,Wed
44663,12,1,19,409,2017-11-08 16:48:32,0,11/8/2017 16:48:32,2017-11-08,16,Wed
96832,12,1,7,19,2017-11-07 11:30:32,0,11/7/2017 11:30:32,2017-11-07,11,Tue
47980,12,1,25,259,2017-11-08 2:53:56,0,11/8/2017 2:53:56,2017-11-08,2,Wed
210972,20,1,13,259,2017-11-07 1:42:29,0,11/7/2017 1:42:29,2017-11-07,1,Tue
102156,13,1,17,400,2017-11-06 23:20:08,0,11/6/2017 23:20:08,2017-11-06,23,Mon
67734,3,1,13,442,2017-11-08 8:46:33,0,11/8/2017 8:46:33,2017-11-08,8,Wed
21595,14,1,19,442,2017-11-08 1:12:21,0,11/8/2017 1:12:21,2017-11-08,1,Wed
85041,9,1,23,445,2017-11-08 8:09:05,0,11/8/2017 8:09:05,2017-11-08,8,Wed
39020,14,1,19,134,2017-11-08 10:32:48,0,11/8/2017 10:32:48,2017-11-08,10,Wed
55726,1,1,13,452,2017-11-09 7:56:23,0,11/9/2017 7:56:23,2017-11-09,7,Thu
90485,2,1,19,469,2017-11-08 15:03:10,0,11/8/2017 15:03:10,2017-11-08,15,Wed
82843,14,1,8,489,2017-11-08 4:37:55,0,11/8/2017 4:37:55,2017-11-08,4,Wed
224991,3,1,19,205,2017-11-09 5:28:51,0,11/9/2017 5:28:51,2017-11-09,5,Thu
48919,6,1,17,459,2017-11-06 18:38:13,0,11/6/2017 18:38:13,2017-11-06,18,Mon
202531,11,1,13,469,2017-11-07 2:57:41,0,11/7/2017 2:57:41,2017-11-07,2,Tue
19934,2,1,18,237,2017-11-09 4:45:51,0,11/9/2017 4:45:51,2017-11-09,4,Thu
1337,3,1,31,280,2017-11-08 3:51:48,0,11/8/2017 3:51:48,2017-11-08,3,Wed
111299,3,1,19,280,2017-11-08 6:47:30,0,11/8/2017 6:47:30,2017-11-08,6,Wed
182820,3,1,17,480,2017-11-07 5:24:01,0,11/7/2017 5:24:01,2017-11-07,5,Tue
34223,1,1,13,178,2017-11-07 6:00:43,0,11/7/2017 6:00:43,2017-11-07,6,Tue
111299,12,1,40,245,2017-11-06 18:02:58,0,11/6/2017 18:02:58,2017-11-06,18,Mon
81935,14,1,19,489,2017-11-08 13:12:23,0,11/8/2017 13:12:23,2017-11-08,13,Wed
59395,18,2,19,121,2017-11-08 5:14:47,0,11/8/2017 5:14:47,2017-11-08,5,Wed
23776,9,1,22,215,2017-11-07 9:47:30,0,11/7/2017 9:47:30,2017-11-07,9,Tue
83018,14,1,19,379,2017-11-07 4:22:49,0,11/7/2017 4:22:49,2017-11-07,4,Tue
33549,9,1,20,442,2017-11-07 2:48:43,0,11/7/2017 2:48:43,2017-11-07,2,Tue
53715,3,1,20,409,2017-11-06 17:04:28,0,11/6/2017 17:04:28,2017-11-06,17,Mon
22572,3,1,13,135,2017-11-09 15:09:01,0,11/9/2017 15:09:01,2017-11-09,15,Thu
118146,12,1,13,178,2017-11-07 16:10:34,0,11/7/2017 16:10:34,2017-11-07,16,Tue
108858,9,1,19,215,2017-11-07 13:25:26,0,11/7/2017 13:25:26,2017-11-07,13,Tue
208771,21,1,19,128,2017-11-07 1:34:21,0,11/7/2017 1:34:21,2017-11-07,1,Tue
24703,13,1,13,477,2017-11-08 8:35:26,0,11/8/2017 8:35:26,2017-11-08,8,Wed
230514,2,1,18,237,2017-11-08 5:11:50,0,11/8/2017 5:11:50,2017-11-08,5,Wed
111277,12,1,19,242,2017-11-09 3:59:39,0,11/9/2017 3:59:39,2017-11-09,3,Thu
85120,24,1,19,105,2017-11-08 14:15:50,0,11/8/2017 14:15:50,2017-11-08,14,Wed
26050,18,1,41,107,2017-11-07 14:47:16,0,11/7/2017 14:47:16,2017-11-07,14,Tue
5314,8,2,13,145,2017-11-07 22:52:32,0,11/7/2017 22:52:32,2017-11-07,22,Tue
3313,9,1,19,127,2017-11-09 9:58:33,0,11/9/2017 9:58:33,2017-11-09,9,Thu
200612,2,1,18,212,2017-11-07 21:12:53,0,11/7/2017 21:12:53,2017-11-07,21,Tue
147142,18,1,13,134,2017-11-07 6:19:31,0,11/7/2017 6:19:31,2017-11-07,6,Tue
130641,3,1,13,280,2017-11-07 2:51:33,0,11/7/2017 2:51:33,2017-11-07,2,Tue
121839,2,1,18,236,2017-11-09 1:55:06,0,11/9/2017 1:55:06,2017-11-09,1,Thu
292112,7,3866,866,101,2017-11-09 7:36:03,0,11/9/2017 7:36:03,2017-11-09,7,Thu
81327,9,1,19,334,2017-11-06 21:55:53,0,11/6/2017 21:55:53,2017-11-06,21,Mon
177104,9,1,13,232,2017-11-08 0:35:51,0,11/8/2017 0:35:51,2017-11-08,0,Wed
116252,3,1,19,317,2017-11-08 8:57:33,0,11/8/2017 8:57:33,2017-11-08,8,Wed
67776,15,1,16,245,2017-11-07 3:22:34,0,11/7/2017 3:22:34,2017-11-07,3,Tue
79909,3,2,19,317,2017-11-09 15:09:54,0,11/9/2017 15:09:54,2017-11-09,15,Thu
141399,9,1,14,490,2017-11-09 11:09:20,0,11/9/2017 11:09:20,2017-11-09,11,Thu
234634,21,1,41,232,2017-11-08 3:00:17,0,11/8/2017 3:00:17,2017-11-08,3,Wed
64054,3,1,13,280,2017-11-06 17:20:19,0,11/6/2017 17:20:19,2017-11-06,17,Mon
47842,2,1,17,122,2017-11-08 3:17:32,0,11/8/2017 3:17:32,2017-11-08,3,Wed
105181,15,1,31,265,2017-11-09 7:32:41,0,11/9/2017 7:32:41,2017-11-09,7,Thu
247374,9,1,16,445,2017-11-08 13:30:24,0,11/8/2017 13:30:24,2017-11-08,13,Wed
5729,9,1,35,215,2017-11-07 9:08:23,0,11/7/2017 9:08:23,2017-11-07,9,Tue
29974,9,1,15,466,2017-11-08 12:30:19,0,11/8/2017 12:30:19,2017-11-08,12,Wed
145896,15,1,19,386,2017-11-07 11:49:34,0,11/7/2017 11:49:34,2017-11-07,11,Tue
27627,1,1,14,134,2017-11-08 3:55:34,0,11/8/2017 3:55:34,2017-11-08,3,Wed
23641,6,2,42,125,2017-11-09 13:03:22,0,11/9/2017 13:03:22,2017-11-09,13,Thu
136299,9,1,10,244,2017-11-09 4:01:11,0,11/9/2017 4:01:11,2017-11-09,4,Thu
26350,15,1,22,130,2017-11-07 14:09:54,0,11/7/2017 14:09:54,2017-11-07,14,Tue
154993,3,1,22,442,2017-11-08 22:57:33,0,11/8/2017 22:57:33,2017-11-08,22,Wed
3218,26,1,40,121,2017-11-07 11:30:25,0,11/7/2017 11:30:25,2017-11-07,11,Tue
113460,15,1,18,315,2017-11-07 0:29:15,0,11/7/2017 0:29:15,2017-11-07,0,Tue
59176,12,2,13,277,2017-11-08 1:10:08,0,11/8/2017 1:10:08,2017-11-08,1,Wed
114220,7,1,27,101,2017-11-09 6:20:53,0,11/9/2017 6:20:53,2017-11-09,6,Thu
27475,64,1,20,459,2017-11-08 0:28:39,0,11/8/2017 0:28:39,2017-11-08,0,Wed
105290,15,1,19,278,2017-11-08 7:05:01,0,11/8/2017 7:05:01,2017-11-08,7,Wed
313428,9,1,19,234,2017-11-09 14:28:30,0,11/9/2017 14:28:30,2017-11-09,14,Thu
202653,15,1,19,245,2017-11-07 6:45:26,0,11/7/2017 6:45:26,2017-11-07,6,Tue
147605,2,1,19,377,2017-11-09 14:45:10,0,11/9/2017 14:45:10,2017-11-09,14,Thu
21536,18,1,6,107,2017-11-07 9:28:22,0,11/7/2017 9:28:22,2017-11-07,9,Tue
52810,26,1,9,266,2017-11-07 23:17:07,0,11/7/2017 23:17:07,2017-11-07,23,Tue
43188,3,1,30,489,2017-11-08 7:16:42,0,11/8/2017 7:16:42,2017-11-08,7,Wed
287355,7,1,31,101,2017-11-09 6:34:50,0,11/9/2017 6:34:50,2017-11-09,6,Thu
64454,8,1,22,145,2017-11-07 14:02:08,0,11/7/2017 14:02:08,2017-11-07,14,Tue
116190,12,1,17,265,2017-11-08 4:52:47,0,11/8/2017 4:52:47,2017-11-08,4,Wed
16658,64,1,13,459,2017-11-07 14:28:48,0,11/7/2017 14:28:48,2017-11-07,14,Tue
28176,2,1,37,212,2017-11-08 14:41:48,0,11/8/2017 14:41:48,2017-11-08,14,Wed
172751,12,1,9,245,2017-11-08 19:27:36,0,11/8/2017 19:27:36,2017-11-08,19,Wed
6022,9,2,19,322,2017-11-09 15:32:55,0,11/9/2017 15:32:55,2017-11-09,15,Thu
23102,18,1,53,134,2017-11-08 5:02:44,0,11/8/2017 5:02:44,2017-11-08,5,Wed
8794,2,1,36,435,2017-11-07 12:07:05,0,11/7/2017 12:07:05,2017-11-07,12,Tue
102511,12,1,20,245,2017-11-08 9:27:28,0,11/8/2017 9:27:28,2017-11-08,9,Wed
28980,12,1,19,497,2017-11-07 18:10:42,0,11/7/2017 18:10:42,2017-11-07,18,Tue
114490,2,2,19,477,2017-11-08 12:00:46,0,11/8/2017 12:00:46,2017-11-08,12,Wed
145260,2,1,28,477,2017-11-06 23:24:02,0,11/6/2017 23:24:02,2017-11-06,23,Mon
121042,2,1,19,237,2017-11-07 0:29:48,0,11/7/2017 0:29:48,2017-11-07,0,Tue
120662,2,1,32,212,2017-11-07 13:57:10,0,11/7/2017 13:57:10,2017-11-07,13,Tue
100971,18,1,19,121,2017-11-09 3:52:17,0,11/9/2017 3:52:17,2017-11-09,3,Thu
55369,9,1,13,489,2017-11-08 15:03:09,0,11/8/2017 15:03:09,2017-11-08,15,Wed
5314,2,1,11,477,2017-11-07 11:31:48,0,11/7/2017 11:31:48,2017-11-07,11,Tue
221137,15,1,19,278,2017-11-08 12:10:07,0,11/8/2017 12:10:07,2017-11-08,12,Wed
120496,12,1,22,212,2017-11-08 4:09:24,0,11/8/2017 4:09:24,2017-11-08,4,Wed
41232,3,1,13,424,2017-11-08 10:03:00,0,11/8/2017 10:03:00,2017-11-08,10,Wed
114235,12,1,13,265,2017-11-07 15:05:27,0,11/7/2017 15:05:27,2017-11-07,15,Tue
35884,12,1,8,178,2017-11-08 2:19:08,0,11/8/2017 2:19:08,2017-11-08,2,Wed
26726,26,1,10,266,2017-11-08 4:14:38,0,11/8/2017 4:14:38,2017-11-08,4,Wed
58127,3,1,13,280,2017-11-08 3:54:30,0,11/8/2017 3:54:30,2017-11-08,3,Wed
86799,8,1,13,145,2017-11-08 10:40:47,0,11/8/2017 10:40:47,2017-11-08,10,Wed
119558,9,1,19,215,2017-11-07 13:42:16,0,11/7/2017 13:42:16,2017-11-07,13,Tue
190108,15,1,19,245,2017-11-07 7:21:30,0,11/7/2017 7:21:30,2017-11-07,7,Tue
287359,2,1,47,477,2017-11-08 5:10:01,0,11/8/2017 5:10:01,2017-11-08,5,Wed
109706,6,1,20,459,2017-11-08 15:20:24,0,11/8/2017 15:20:24,2017-11-08,15,Wed
56330,8,1,19,145,2017-11-06 21:58:54,0,11/6/2017 21:58:54,2017-11-06,21,Mon
41142,3,1,13,280,2017-11-07 5:28:05,0,11/7/2017 5:28:05,2017-11-07,5,Tue
259470,2,1,19,122,2017-11-08 1:26:06,0,11/8/2017 1:26:06,2017-11-08,1,Wed
33409,64,1,23,459,2017-11-07 12:38:08,0,11/7/2017 12:38:08,2017-11-07,12,Tue
31597,14,1,20,379,2017-11-08 3:10:01,0,11/8/2017 3:10:01,2017-11-08,3,Wed
83636,11,1,19,173,2017-11-06 23:36:18,0,11/6/2017 23:36:18,2017-11-06,23,Mon
108913,15,1,19,245,2017-11-06 16:32:19,0,11/6/2017 16:32:19,2017-11-06,16,Mon
48646,3,1,13,480,2017-11-07 1:19:47,0,11/7/2017 1:19:47,2017-11-07,1,Tue
83321,3,1,10,409,2017-11-08 4:27:25,0,11/8/2017 4:27:25,2017-11-08,4,Wed
149367,1,1,19,178,2017-11-07 7:50:48,0,11/7/2017 7:50:48,2017-11-07,7,Tue
19934,9,1,22,442,2017-11-07 4:17:31,0,11/7/2017 4:17:31,2017-11-07,4,Tue
25588,2,1,19,205,2017-11-07 13:17:37,0,11/7/2017 13:17:37,2017-11-07,13,Tue
41963,2,1,17,236,2017-11-09 2:52:38,0,11/9/2017 2:52:38,2017-11-09,2,Thu
95601,26,1,8,477,2017-11-08 5:52:20,0,11/8/2017 5:52:20,2017-11-08,5,Wed
19452,12,1,16,245,2017-11-08 0:21:53,0,11/8/2017 0:21:53,2017-11-08,0,Wed
14918,3,1,40,280,2017-11-08 16:23:15,0,11/8/2017 16:23:15,2017-11-08,16,Wed
114816,13,1,19,477,2017-11-09 12:31:55,0,11/9/2017 12:31:55,2017-11-09,12,Thu
36213,15,1,3,245,2017-11-08 17:25:04,0,11/8/2017 17:25:04,2017-11-08,17,Wed
65773,3,1,13,173,2017-11-08 0:48:03,0,11/8/2017 0:48:03,2017-11-08,0,Wed
75644,3,1,19,280,2017-11-08 12:50:02,0,11/8/2017 12:50:02,2017-11-08,12,Wed
97670,56,1,19,406,2017-11-09 9:03:34,0,11/9/2017 9:03:34,2017-11-09,9,Thu
837,21,1,25,128,2017-11-07 1:35:04,0,11/7/2017 1:35:04,2017-11-07,1,Tue
52805,3,1,19,371,2017-11-07 0:16:34,0,11/7/2017 0:16:34,2017-11-07,0,Tue
83252,12,1,13,178,2017-11-09 10:16:00,0,11/9/2017 10:16:00,2017-11-09,10,Thu
132464,23,1,22,153,2017-11-08 10:58:16,0,11/8/2017 10:58:16,2017-11-08,10,Wed
5314,18,1,12,439,2017-11-08 11:23:13,0,11/8/2017 11:23:13,2017-11-08,11,Wed
23948,3,1,13,280,2017-11-08 5:04:36,0,11/8/2017 5:04:36,2017-11-08,5,Wed
197864,15,1,19,153,2017-11-07 17:07:31,0,11/7/2017 17:07:31,2017-11-07,17,Tue
178822,3,1,6,205,2017-11-07 4:18:01,0,11/7/2017 4:18:01,2017-11-07,4,Tue
15970,14,1,16,442,2017-11-06 22:30:09,0,11/6/2017 22:30:09,2017-11-06,22,Mon
186154,15,1,18,315,2017-11-07 14:04:21,0,11/7/2017 14:04:21,2017-11-07,14,Tue
83886,12,1,53,409,2017-11-08 3:41:41,0,11/8/2017 3:41:41,2017-11-08,3,Wed
86349,3,1,17,424,2017-11-07 15:36:37,0,11/7/2017 15:36:37,2017-11-07,15,Tue
91066,14,1,30,439,2017-11-06 16:18:41,0,11/6/2017 16:18:41,2017-11-06,16,Mon
220223,14,1,46,489,2017-11-08 10:40:02,0,11/8/2017 10:40:02,2017-11-08,10,Wed
8081,14,1,6,480,2017-11-09 10:59:37,0,11/9/2017 10:59:37,2017-11-09,10,Thu
111389,12,1,13,178,2017-11-09 10:36:29,0,11/9/2017 10:36:29,2017-11-09,10,Thu
111078,9,1,19,134,2017-11-08 5:19:54,0,11/8/2017 5:19:54,2017-11-08,5,Wed
109723,18,1,19,439,2017-11-08 12:52:49,0,11/8/2017 12:52:49,2017-11-08,12,Wed
203358,3,1,22,137,2017-11-09 15:39:16,0,11/9/2017 15:39:16,2017-11-09,15,Thu
15940,14,1,19,379,2017-11-08 5:40:53,0,11/8/2017 5:40:53,2017-11-08,5,Wed
160610,18,1,13,107,2017-11-07 8:53:45,0,11/7/2017 8:53:45,2017-11-07,8,Tue
29411,13,1,13,400,2017-11-07 4:53:45,0,11/7/2017 4:53:45,2017-11-07,4,Tue
145970,2,1,19,243,2017-11-07 0:38:11,0,11/7/2017 0:38:11,2017-11-07,0,Tue
112543,12,1,35,140,2017-11-08 13:26:21,0,11/8/2017 13:26:21,2017-11-08,13,Wed
259980,12,1,19,265,2017-11-08 1:29:41,0,11/8/2017 1:29:41,2017-11-08,1,Wed
50169,3,2,3,211,2017-11-09 12:36:50,0,11/9/2017 12:36:50,2017-11-09,12,Thu
269083,9,1,18,134,2017-11-07 17:33:04,0,11/7/2017 17:33:04,2017-11-07,17,Tue
93953,1,1,19,153,2017-11-09 4:01:17,0,11/9/2017 4:01:17,2017-11-09,4,Thu
13597,18,1,19,107,2017-11-08 13:43:39,0,11/8/2017 13:43:39,2017-11-08,13,Wed
86767,2,1,6,477,2017-11-07 11:33:46,0,11/7/2017 11:33:46,2017-11-07,11,Tue
38633,2,1,13,212,2017-11-08 12:50:24,0,11/8/2017 12:50:24,2017-11-08,12,Wed
50482,15,1,19,245,2017-11-07 16:03:03,0,11/7/2017 16:03:03,2017-11-07,16,Tue
213380,14,1,19,489,2017-11-08 6:57:54,0,11/8/2017 6:57:54,2017-11-08,6,Wed
295677,19,6,29,333,2017-11-09 13:54:28,1,11/9/2017 13:54:28,2017-11-09,13,Thu
18667,21,1,18,128,2017-11-09 8:49:46,0,11/9/2017 8:49:46,2017-11-09,8,Thu
111182,3,1,13,442,2017-11-07 0:21:31,0,11/7/2017 0:21:31,2017-11-07,0,Tue
77475,9,1,6,334,2017-11-08 23:56:36,0,11/8/2017 23:56:36,2017-11-08,23,Wed
116272,13,1,14,469,2017-11-09 15:10:56,0,11/9/2017 15:10:56,2017-11-09,15,Thu
5348,9,1,19,334,2017-11-07 3:21:21,0,11/7/2017 3:21:21,2017-11-07,3,Tue
177427,2,1,20,469,2017-11-09 12:14:12,0,11/9/2017 12:14:12,2017-11-09,12,Thu
100224,25,1,20,259,2017-11-07 8:43:02,0,11/7/2017 8:43:02,2017-11-07,8,Tue
76068,2,1,22,469,2017-11-09 1:56:23,0,11/9/2017 1:56:23,2017-11-09,1,Thu
180644,14,1,28,480,2017-11-07 7:58:18,0,11/7/2017 7:58:18,2017-11-07,7,Tue
293463,11,1,19,360,2017-11-09 15:42:53,0,11/9/2017 15:42:53,2017-11-09,15,Thu
111324,3,1,13,19,2017-11-09 1:57:50,0,11/9/2017 1:57:50,2017-11-09,1,Thu
100149,15,1,17,278,2017-11-07 2:23:09,0,11/7/2017 2:23:09,2017-11-07,2,Tue
79190,1,1,19,137,2017-11-09 10:18:11,0,11/9/2017 10:18:11,2017-11-09,10,Thu
16506,18,1,18,107,2017-11-08 11:43:25,0,11/8/2017 11:43:25,2017-11-08,11,Wed
49602,15,1,19,245,2017-11-09 6:20:38,0,11/9/2017 6:20:38,2017-11-09,6,Thu
322041,3,1,9,205,2017-11-09 9:03:08,0,11/9/2017 9:03:08,2017-11-09,9,Thu
151267,14,1,1,480,2017-11-09 4:25:13,0,11/9/2017 4:25:13,2017-11-09,4,Thu
750,9,1,2,134,2017-11-09 13:17:28,0,11/9/2017 13:17:28,2017-11-09,13,Thu
19216,12,1,13,328,2017-11-08 23:56:22,0,11/8/2017 23:56:22,2017-11-08,23,Wed
109979,8,1,13,145,2017-11-07 16:39:57,0,11/7/2017 16:39:57,2017-11-07,16,Tue
80121,14,1,13,489,2017-11-09 7:47:57,0,11/9/2017 7:47:57,2017-11-09,7,Thu
333876,12,1,19,245,2017-11-09 4:10:28,0,11/9/2017 4:10:28,2017-11-09,4,Thu
1810,2,1,16,237,2017-11-07 17:29:11,0,11/7/2017 17:29:11,2017-11-07,17,Tue
32323,3,1,19,452,2017-11-09 1:40:36,0,11/9/2017 1:40:36,2017-11-09,1,Thu
15518,2,1,19,469,2017-11-07 13:05:22,0,11/7/2017 13:05:22,2017-11-07,13,Tue
74784,13,1,12,400,2017-11-07 13:02:49,0,11/7/2017 13:02:49,2017-11-07,13,Tue
5348,18,1,13,121,2017-11-09 1:24:00,0,11/9/2017 1:24:00,2017-11-09,1,Thu
37972,2,1,19,122,2017-11-08 17:05:30,0,11/8/2017 17:05:30,2017-11-08,17,Wed
223848,3,1,18,280,2017-11-08 12:28:42,0,11/8/2017 12:28:42,2017-11-08,12,Wed
37948,21,2,20,128,2017-11-08 16:47:19,0,11/8/2017 16:47:19,2017-11-08,16,Wed
107892,9,1,19,232,2017-11-09 11:14:03,0,11/9/2017 11:14:03,2017-11-09,11,Thu
95574,3,1,16,280,2017-11-07 2:55:38,0,11/7/2017 2:55:38,2017-11-07,2,Tue
82663,12,1,17,178,2017-11-08 3:10:22,0,11/8/2017 3:10:22,2017-11-08,3,Wed
64079,18,1,36,107,2017-11-07 8:50:40,0,11/7/2017 8:50:40,2017-11-07,8,Tue
123907,18,1,19,107,2017-11-07 15:54:17,0,11/7/2017 15:54:17,2017-11-07,15,Tue
155293,18,1,19,107,2017-11-08 3:24:55,0,11/8/2017 3:24:55,2017-11-08,3,Wed
171793,12,1,17,178,2017-11-07 4:01:40,0,11/7/2017 4:01:40,2017-11-07,4,Tue
262668,3,1,10,417,2017-11-09 3:44:03,0,11/9/2017 3:44:03,2017-11-09,3,Thu
113762,18,1,19,107,2017-11-07 12:29:30,0,11/7/2017 12:29:30,2017-11-07,12,Tue
171108,2,1,53,377,2017-11-08 8:56:52,0,11/8/2017 8:56:52,2017-11-08,8,Wed
120094,2,1,1,477,2017-11-08 4:12:23,0,11/8/2017 4:12:23,2017-11-08,4,Wed
81501,14,1,13,442,2017-11-07 13:47:19,0,11/7/2017 13:47:19,2017-11-07,13,Tue
117033,9,1,13,258,2017-11-09 4:44:46,0,11/9/2017 4:44:46,2017-11-09,4,Thu
106524,151,0,50,347,2017-11-08 7:55:09,0,11/8/2017 7:55:09,2017-11-08,7,Wed
106354,12,1,19,178,2017-11-09 10:45:24,0,11/9/2017 10:45:24,2017-11-09,10,Thu
56659,12,1,37,265,2017-11-08 10:48:05,0,11/8/2017 10:48:05,2017-11-08,10,Wed
36213,2,1,37,205,2017-11-09 4:30:18,0,11/9/2017 4:30:18,2017-11-09,4,Thu
78901,12,1,13,205,2017-11-09 3:39:10,0,11/9/2017 3:39:10,2017-11-09,3,Thu
22300,15,1,15,386,2017-11-09 3:46:02,0,11/9/2017 3:46:02,2017-11-09,3,Thu
166874,3,1,6,135,2017-11-06 16:05:37,0,11/6/2017 16:05:37,2017-11-06,16,Mon
114107,24,1,13,178,2017-11-07 17:09:06,0,11/7/2017 17:09:06,2017-11-07,17,Tue
41497,21,1,13,232,2017-11-09 10:35:32,0,11/9/2017 10:35:32,2017-11-09,10,Thu
85118,18,1,1,121,2017-11-08 13:07:33,0,11/8/2017 13:07:33,2017-11-08,13,Wed
125796,3,2,13,280,2017-11-07 7:27:27,0,11/7/2017 7:27:27,2017-11-07,7,Tue
56007,18,1,17,107,2017-11-09 10:05:41,0,11/9/2017 10:05:41,2017-11-09,10,Thu
5348,2,1,53,435,2017-11-08 15:16:58,0,11/8/2017 15:16:58,2017-11-08,15,Wed
52801,3,1,8,137,2017-11-07 0:28:09,0,11/7/2017 0:28:09,2017-11-07,0,Tue
7471,24,1,19,105,2017-11-08 8:57:55,0,11/8/2017 8:57:55,2017-11-08,8,Wed
108858,3,1,19,280,2017-11-08 9:40:59,0,11/8/2017 9:40:59,2017-11-08,9,Wed
372,15,1,47,379,2017-11-09 3:52:24,0,11/9/2017 3:52:24,2017-11-09,3,Thu
129243,3,1,37,211,2017-11-08 23:16:28,0,11/8/2017 23:16:28,2017-11-08,23,Wed
277165,2,1,19,237,2017-11-08 2:34:28,0,11/8/2017 2:34:28,2017-11-08,2,Wed
107155,9,1,12,215,2017-11-08 15:12:59,0,11/8/2017 15:12:59,2017-11-08,15,Wed
99523,3,1,17,280,2017-11-08 10:10:11,0,11/8/2017 10:10:11,2017-11-08,10,Wed
112198,6,1,10,459,2017-11-09 4:57:23,0,11/9/2017 4:57:23,2017-11-09,4,Thu
116762,3,1,13,115,2017-11-09 15:45:29,0,11/9/2017 15:45:29,2017-11-09,15,Thu
96198,2,1,19,219,2017-11-09 5:16:49,0,11/9/2017 5:16:49,2017-11-09,5,Thu
42313,15,1,13,245,2017-11-07 15:30:00,0,11/7/2017 15:30:00,2017-11-07,15,Tue
57400,13,1,19,477,2017-11-07 0:45:49,0,11/7/2017 0:45:49,2017-11-07,0,Tue
43881,3,1,19,205,2017-11-09 4:31:31,0,11/9/2017 4:31:31,2017-11-09,4,Thu
5348,3,1,15,280,2017-11-08 12:31:50,0,11/8/2017 12:31:50,2017-11-08,12,Wed
3964,2,1,6,477,2017-11-09 9:54:12,0,11/9/2017 9:54:12,2017-11-09,9,Thu
60182,8,1,19,145,2017-11-09 10:31:31,0,11/9/2017 10:31:31,2017-11-09,10,Thu
79702,3,1,3,280,2017-11-08 12:57:18,0,11/8/2017 12:57:18,2017-11-08,12,Wed
111547,11,1,13,469,2017-11-07 10:44:54,0,11/7/2017 10:44:54,2017-11-07,10,Tue
56889,18,1,19,439,2017-11-09 1:30:10,0,11/9/2017 1:30:10,2017-11-09,1,Thu
167401,3,1,13,280,2017-11-08 1:48:16,0,11/8/2017 1:48:16,2017-11-08,1,Wed
2052,15,1,19,140,2017-11-08 17:17:30,0,11/8/2017 17:17:30,2017-11-08,17,Wed
202193,13,1,18,477,2017-11-09 12:51:35,0,11/9/2017 12:51:35,2017-11-09,12,Thu
256779,9,1,8,215,2017-11-08 9:39:35,0,11/8/2017 9:39:35,2017-11-08,9,Wed
44169,3,1,13,480,2017-11-07 7:30:26,0,11/7/2017 7:30:26,2017-11-07,7,Tue
68188,3,1,19,135,2017-11-07 15:41:35,0,11/7/2017 15:41:35,2017-11-07,15,Tue
16520,9,1,37,334,2017-11-09 4:41:29,0,11/9/2017 4:41:29,2017-11-09,4,Thu
77368,2,1,32,237,2017-11-09 7:04:58,0,11/9/2017 7:04:58,2017-11-09,7,Thu
48679,23,1,19,153,2017-11-07 3:55:40,0,11/7/2017 3:55:40,2017-11-07,3,Tue
101931,12,1,3,178,2017-11-09 5:18:46,0,11/9/2017 5:18:46,2017-11-09,5,Thu
120055,26,1,19,121,2017-11-09 4:47:37,0,11/9/2017 4:47:37,2017-11-09,4,Thu
16290,15,1,18,245,2017-11-08 22:29:57,0,11/8/2017 22:29:57,2017-11-08,22,Wed
103526,12,1,18,328,2017-11-09 15:39:18,0,11/9/2017 15:39:18,2017-11-09,15,Thu
17728,3,1,19,452,2017-11-08 15:35:58,0,11/8/2017 15:35:58,2017-11-08,15,Wed
107954,12,1,18,245,2017-11-08 9:33:49,0,11/8/2017 9:33:49,2017-11-08,9,Wed
32290,9,1,26,134,2017-11-09 14:13:48,0,11/9/2017 14:13:48,2017-11-09,14,Thu
45745,3,1,17,173,2017-11-08 18:07:21,0,11/8/2017 18:07:21,2017-11-08,18,Wed
2805,12,1,19,178,2017-11-09 7:30:42,0,11/9/2017 7:30:42,2017-11-09,7,Thu
176799,3,2,17,280,2017-11-07 1:41:27,0,11/7/2017 1:41:27,2017-11-07,1,Tue
128236,3,1,17,280,2017-11-07 1:49:02,0,11/7/2017 1:49:02,2017-11-07,1,Tue
150112,15,1,19,140,2017-11-07 15:40:08,0,11/7/2017 15:40:08,2017-11-07,15,Tue
133825,3,1,22,442,2017-11-06 23:06:53,0,11/6/2017 23:06:53,2017-11-06,23,Mon
58637,64,1,13,459,2017-11-08 1:34:24,0,11/8/2017 1:34:24,2017-11-08,1,Wed
121472,13,1,9,477,2017-11-09 13:31:26,0,11/9/2017 13:31:26,2017-11-09,13,Thu
80336,12,2,9,178,2017-11-08 14:45:38,0,11/8/2017 14:45:38,2017-11-08,14,Wed
62704,14,1,8,439,2017-11-08 22:37:42,0,11/8/2017 22:37:42,2017-11-08,22,Wed
79909,12,1,53,424,2017-11-08 3:20:35,0,11/8/2017 3:20:35,2017-11-08,3,Wed
205572,3,1,19,480,2017-11-07 6:14:53,0,11/7/2017 6:14:53,2017-11-07,6,Tue
107263,2,1,53,212,2017-11-08 13:15:21,0,11/8/2017 13:15:21,2017-11-08,13,Wed
23674,12,2,19,259,2017-11-06 23:44:02,0,11/6/2017 23:44:02,2017-11-06,23,Mon
51992,12,1,17,140,2017-11-06 18:05:08,0,11/6/2017 18:05:08,2017-11-06,18,Mon
27288,3,1,18,280,2017-11-07 7:31:46,0,11/7/2017 7:31:46,2017-11-07,7,Tue
124156,18,1,19,107,2017-11-09 11:07:54,0,11/9/2017 11:07:54,2017-11-09,11,Thu
101116,3,2,13,371,2017-11-08 0:19:36,0,11/8/2017 0:19:36,2017-11-08,0,Wed
58760,6,1,13,125,2017-11-07 23:53:44,0,11/7/2017 23:53:44,2017-11-07,23,Tue
106812,9,1,19,466,2017-11-09 8:10:56,0,11/9/2017 8:10:56,2017-11-09,8,Thu
27561,2,1,13,219,2017-11-08 2:33:30,0,11/8/2017 2:33:30,2017-11-08,2,Wed
100309,2,1,19,477,2017-11-07 5:34:43,0,11/7/2017 5:34:43,2017-11-07,5,Tue
90201,64,1,19,459,2017-11-07 17:14:24,0,11/7/2017 17:14:24,2017-11-07,17,Tue
266308,9,1,27,442,2017-11-07 16:00:52,0,11/7/2017 16:00:52,2017-11-07,16,Tue
53557,15,1,47,315,2017-11-08 7:44:00,0,11/8/2017 7:44:00,2017-11-08,7,Wed
5749,6,1,6,125,2017-11-07 2:45:46,0,11/7/2017 2:45:46,2017-11-07,2,Tue
175504,3,1,15,280,2017-11-08 13:00:44,0,11/8/2017 13:00:44,2017-11-08,13,Wed
174153,3,1,18,115,2017-11-09 13:35:11,0,11/9/2017 13:35:11,2017-11-09,13,Thu
59170,27,1,17,122,2017-11-07 14:01:56,0,11/7/2017 14:01:56,2017-11-07,14,Tue
105475,15,1,13,386,2017-11-09 14:24:20,0,11/9/2017 14:24:20,2017-11-09,14,Thu
47682,12,1,8,265,2017-11-07 12:46:51,0,11/7/2017 12:46:51,2017-11-07,12,Tue
38653,15,1,19,245,2017-11-07 7:48:07,0,11/7/2017 7:48:07,2017-11-07,7,Tue
56708,3,1,13,480,2017-11-08 15:27:01,0,11/8/2017 15:27:01,2017-11-08,15,Wed
122517,1,1,28,134,2017-11-07 1:48:54,0,11/7/2017 1:48:54,2017-11-07,1,Tue
125896,18,1,6,134,2017-11-07 8:45:57,0,11/7/2017 8:45:57,2017-11-07,8,Tue
28374,9,1,15,134,2017-11-07 18:28:22,0,11/7/2017 18:28:22,2017-11-07,18,Tue
318762,3,2,47,113,2017-11-09 5:52:26,0,11/9/2017 5:52:26,2017-11-09,5,Thu
74013,9,1,13,334,2017-11-08 7:20:30,0,11/8/2017 7:20:30,2017-11-08,7,Wed
107748,15,1,8,386,2017-11-08 22:37:42,0,11/8/2017 22:37:42,2017-11-08,22,Wed
56007,26,1,18,266,2017-11-08 14:00:52,0,11/8/2017 14:00:52,2017-11-08,14,Wed
296258,29,1,19,213,2017-11-09 6:27:06,1,11/9/2017 6:27:06,2017-11-09,6,Thu
43827,2,1,13,237,2017-11-08 6:59:14,0,11/8/2017 6:59:14,2017-11-08,6,Wed
82284,18,1,15,107,2017-11-08 11:21:31,0,11/8/2017 11:21:31,2017-11-08,11,Wed
38994,12,1,9,328,2017-11-09 1:23:49,0,11/9/2017 1:23:49,2017-11-09,1,Thu
211188,12,1,22,328,2017-11-07 8:41:32,0,11/7/2017 8:41:32,2017-11-07,8,Tue
123729,11,1,19,319,2017-11-08 13:16:51,0,11/8/2017 13:16:51,2017-11-08,13,Wed
209663,2,1,12,205,2017-11-07 5:23:33,0,11/7/2017 5:23:33,2017-11-07,5,Tue
261520,23,1,14,153,2017-11-07 22:45:10,0,11/7/2017 22:45:10,2017-11-07,22,Tue
106883,18,3032,607,107,2017-11-07 9:05:42,0,11/7/2017 9:05:42,2017-11-07,9,Tue
49649,3,1,53,280,2017-11-09 2:08:46,0,11/9/2017 2:08:46,2017-11-09,2,Thu
7597,28,1,19,135,2017-11-07 10:06:07,0,11/7/2017 10:06:07,2017-11-07,10,Tue
52646,9,1,13,334,2017-11-08 6:24:45,0,11/8/2017 6:24:45,2017-11-08,6,Wed
123591,28,1,19,135,2017-11-06 23:41:11,0,11/6/2017 23:41:11,2017-11-06,23,Mon
2228,14,1,13,439,2017-11-07 15:56:16,0,11/7/2017 15:56:16,2017-11-07,15,Tue
10294,9,1,8,134,2017-11-09 4:31:57,0,11/9/2017 4:31:57,2017-11-09,4,Thu
19023,18,1,19,107,2017-11-09 9:35:46,0,11/9/2017 9:35:46,2017-11-09,9,Thu
275217,12,1,31,265,2017-11-09 4:15:00,0,11/9/2017 4:15:00,2017-11-09,4,Thu
90509,9,1,13,215,2017-11-09 15:56:32,0,11/9/2017 15:56:32,2017-11-09,15,Thu
90688,3,1,18,489,2017-11-08 12:27:08,0,11/8/2017 12:27:08,2017-11-08,12,Wed
62320,15,1,18,111,2017-11-08 11:53:20,0,11/8/2017 11:53:20,2017-11-08,11,Wed
111639,12,1,40,340,2017-11-08 16:03:48,0,11/8/2017 16:03:48,2017-11-08,16,Wed
42712,3,1,19,442,2017-11-09 11:30:32,0,11/9/2017 11:30:32,2017-11-09,11,Thu
4573,9,2,17,134,2017-11-09 12:36:49,0,11/9/2017 12:36:49,2017-11-09,12,Thu
89762,15,1,27,245,2017-11-07 0:14:54,0,11/7/2017 0:14:54,2017-11-07,0,Tue
45083,15,1,28,245,2017-11-08 13:48:24,0,11/8/2017 13:48:24,2017-11-08,13,Wed
86767,3,1,32,466,2017-11-08 2:15:10,0,11/8/2017 2:15:10,2017-11-08,2,Wed
34714,8,1,19,145,2017-11-08 6:23:23,0,11/8/2017 6:23:23,2017-11-08,6,Wed
163448,6,1,13,459,2017-11-08 12:46:11,0,11/8/2017 12:46:11,2017-11-08,12,Wed
97750,18,1,10,134,2017-11-09 13:34:47,0,11/9/2017 13:34:47,2017-11-09,13,Thu
118146,12,1,22,259,2017-11-07 10:52:21,0,11/7/2017 10:52:21,2017-11-07,10,Tue
165541,3,1,13,280,2017-11-09 1:16:29,0,11/9/2017 1:16:29,2017-11-09,1,Thu
119349,3,1,19,409,2017-11-08 0:25:25,0,11/8/2017 0:25:25,2017-11-08,0,Wed
105606,3,1,17,280,2017-11-08 11:49:25,0,11/8/2017 11:49:25,2017-11-08,11,Wed
99972,3,1,18,409,2017-11-09 11:56:51,0,11/9/2017 11:56:51,2017-11-09,11,Thu
92907,15,1,6,386,2017-11-07 14:09:38,0,11/7/2017 14:09:38,2017-11-07,14,Tue
96827,2,1,19,477,2017-11-09 5:59:59,0,11/9/2017 5:59:59,2017-11-09,5,Thu
85172,14,1,13,439,2017-11-08 0:37:37,0,11/8/2017 0:37:37,2017-11-08,0,Wed
345285,14,1,19,489,2017-11-09 6:38:24,0,11/9/2017 6:38:24,2017-11-09,6,Thu
93232,22,1,19,116,2017-11-09 0:50:39,0,11/9/2017 0:50:39,2017-11-09,0,Thu
139542,13,1,42,477,2017-11-07 10:04:39,0,11/7/2017 10:04:39,2017-11-07,10,Tue
67535,3,1,19,137,2017-11-07 12:29:55,0,11/7/2017 12:29:55,2017-11-07,12,Tue
110450,8,1,13,145,2017-11-09 0:44:55,0,11/9/2017 0:44:55,2017-11-09,0,Thu
9925,15,1,13,245,2017-11-07 16:02:02,0,11/7/2017 16:02:02,2017-11-07,16,Tue
178701,3,1,41,137,2017-11-07 4:51:29,0,11/7/2017 4:51:29,2017-11-07,4,Tue
36741,3,1,19,424,2017-11-07 4:16:03,0,11/7/2017 4:16:03,2017-11-07,4,Tue
67291,9,1,19,334,2017-11-07 7:40:29,0,11/7/2017 7:40:29,2017-11-07,7,Tue
925,24,2,13,178,2017-11-08 10:33:46,0,11/8/2017 10:33:46,2017-11-08,10,Wed
7466,2,1,13,477,2017-11-07 5:59:05,0,11/7/2017 5:59:05,2017-11-07,5,Tue
40898,9,1,18,134,2017-11-06 16:16:02,0,11/6/2017 16:16:02,2017-11-06,16,Mon
171402,3,1,18,173,2017-11-06 22:57:53,0,11/6/2017 22:57:53,2017-11-06,22,Mon
361422,24,1,2,178,2017-11-08 17:38:33,0,11/8/2017 17:38:33,2017-11-08,17,Wed
211188,13,1,19,477,2017-11-07 6:57:45,0,11/7/2017 6:57:45,2017-11-07,6,Tue
41313,1,1,13,17,2017-11-08 15:29:20,0,11/8/2017 15:29:20,2017-11-08,15,Wed
76973,12,1,19,265,2017-11-08 18:27:44,0,11/8/2017 18:27:44,2017-11-08,18,Wed
106524,2,1,13,237,2017-11-08 18:49:38,0,11/8/2017 18:49:38,2017-11-08,18,Wed
51506,9,1,13,127,2017-11-09 9:15:41,0,11/9/2017 9:15:41,2017-11-09,9,Thu
101941,21,1,6,232,2017-11-07 22:29:45,0,11/7/2017 22:29:45,2017-11-07,22,Tue
120629,3,1,19,280,2017-11-08 16:05:33,0,11/8/2017 16:05:33,2017-11-08,16,Wed
8109,15,1,13,245,2017-11-08 16:31:52,0,11/8/2017 16:31:52,2017-11-08,16,Wed
42384,12,1,13,409,2017-11-07 6:21:18,0,11/7/2017 6:21:18,2017-11-07,6,Tue
153499,12,1,13,259,2017-11-09 1:29:17,0,11/9/2017 1:29:17,2017-11-09,1,Thu
71809,2,1,19,258,2017-11-08 3:55:15,0,11/8/2017 3:55:15,2017-11-08,3,Wed
308666,11,1,18,137,2017-11-09 4:28:32,0,11/9/2017 4:28:32,2017-11-09,4,Thu
105475,12,1,13,160,2017-11-09 15:46:23,0,11/9/2017 15:46:23,2017-11-09,15,Thu
65971,25,1,13,259,2017-11-07 17:46:12,0,11/7/2017 17:46:12,2017-11-07,17,Tue
86907,14,1,13,489,2017-11-06 17:56:37,0,11/6/2017 17:56:37,2017-11-06,17,Mon
93808,2,1,17,236,2017-11-08 0:18:16,0,11/8/2017 0:18:16,2017-11-08,0,Wed
167693,9,1,19,258,2017-11-09 10:15:07,0,11/9/2017 10:15:07,2017-11-09,10,Thu
39684,1,1,20,349,2017-11-09 14:14:44,0,11/9/2017 14:14:44,2017-11-09,14,Thu
68381,15,1,22,3,2017-11-06 23:00:52,0,11/6/2017 23:00:52,2017-11-06,23,Mon
81610,32,1,19,376,2017-11-09 5:52:00,0,11/9/2017 5:52:00,2017-11-09,5,Thu
55149,27,1,10,153,2017-11-07 8:57:29,0,11/7/2017 8:57:29,2017-11-07,8,Tue
147957,3,1,6,205,2017-11-07 12:44:21,0,11/7/2017 12:44:21,2017-11-07,12,Tue
15985,3,1,13,280,2017-11-08 11:58:20,0,11/8/2017 11:58:20,2017-11-08,11,Wed
14323,3,1,10,280,2017-11-07 5:43:04,0,11/7/2017 5:43:04,2017-11-07,5,Tue
114543,18,1,13,134,2017-11-09 0:48:22,0,11/9/2017 0:48:22,2017-11-09,0,Thu
115388,8,1,19,145,2017-11-09 13:25:34,0,11/9/2017 13:25:34,2017-11-09,13,Thu
138561,1,1,13,125,2017-11-07 12:06:23,0,11/7/2017 12:06:23,2017-11-07,12,Tue
4475,8,1,19,145,2017-11-08 3:10:06,0,11/8/2017 3:10:06,2017-11-08,3,Wed
14374,3,1,18,489,2017-11-09 15:57:12,0,11/9/2017 15:57:12,2017-11-09,15,Thu
100115,3,1,13,424,2017-11-09 1:15:58,0,11/9/2017 1:15:58,2017-11-09,1,Thu
95991,3,1,19,280,2017-11-09 2:49:36,0,11/9/2017 2:49:36,2017-11-09,2,Thu
137520,18,1,58,134,2017-11-09 11:43:22,0,11/9/2017 11:43:22,2017-11-09,11,Thu
280467,15,1,13,245,2017-11-08 2:54:54,0,11/8/2017 2:54:54,2017-11-08,2,Wed
27838,15,1,19,265,2017-11-07 6:58:40,0,11/7/2017 6:58:40,2017-11-07,6,Tue
107008,6,2,9,125,2017-11-08 8:55:43,0,11/8/2017 8:55:43,2017-11-08,8,Wed
74013,3,1,13,280,2017-11-08 8:57:54,0,11/8/2017 8:57:54,2017-11-08,8,Wed
121845,15,1,16,3,2017-11-06 17:21:53,0,11/6/2017 17:21:53,2017-11-06,17,Mon
121697,3,1,8,280,2017-11-08 1:05:43,0,11/8/2017 1:05:43,2017-11-08,1,Wed
83802,3,1,19,280,2017-11-08 7:40:18,0,11/8/2017 7:40:18,2017-11-08,7,Wed
24850,23,1,17,153,2017-11-08 3:59:03,0,11/8/2017 3:59:03,2017-11-08,3,Wed
43984,13,1,19,477,2017-11-07 23:48:56,0,11/7/2017 23:48:56,2017-11-07,23,Tue
39780,14,1,17,489,2017-11-07 5:00:57,0,11/7/2017 5:00:57,2017-11-07,5,Tue
100393,9,1,19,107,2017-11-09 14:37:40,0,11/9/2017 14:37:40,2017-11-09,14,Thu
138561,15,1,19,245,2017-11-07 16:42:13,0,11/7/2017 16:42:13,2017-11-07,16,Tue
48708,3,1,19,280,2017-11-09 1:37:40,0,11/9/2017 1:37:40,2017-11-09,1,Thu
86767,12,1,13,178,2017-11-08 16:06:50,0,11/8/2017 16:06:50,2017-11-08,16,Wed
93273,9,1,19,466,2017-11-09 15:47:53,0,11/9/2017 15:47:53,2017-11-09,15,Thu
107828,18,1,18,121,2017-11-07 0:16:28,0,11/7/2017 0:16:28,2017-11-07,0,Tue
27781,2,1,27,317,2017-11-08 10:42:50,0,11/8/2017 10:42:50,2017-11-08,10,Wed
72467,21,1,13,128,2017-11-07 9:57:02,0,11/7/2017 9:57:02,2017-11-07,9,Tue
52401,46,0,38,347,2017-11-08 3:47:57,0,11/8/2017 3:47:57,2017-11-08,3,Wed
159280,3,1,13,280,2017-11-07 2:44:34,0,11/7/2017 2:44:34,2017-11-07,2,Tue
58877,11,1,25,173,2017-11-07 0:41:36,0,11/7/2017 0:41:36,2017-11-07,0,Tue
362224,9,1,14,490,2017-11-09 12:45:54,0,11/9/2017 12:45:54,2017-11-09,12,Thu
234872,9,1,13,258,2017-11-08 11:02:48,0,11/8/2017 11:02:48,2017-11-08,11,Wed
37919,15,1,25,3,2017-11-08 1:10:02,0,11/8/2017 1:10:02,2017-11-08,1,Wed
76683,3,1,8,280,2017-11-07 9:31:39,0,11/7/2017 9:31:39,2017-11-07,9,Tue
44663,9,1,13,334,2017-11-07 10:44:16,0,11/7/2017 10:44:16,2017-11-07,10,Tue
124317,2,1,41,469,2017-11-07 3:49:35,0,11/7/2017 3:49:35,2017-11-07,3,Tue
50217,1,1,13,134,2017-11-07 5:55:44,0,11/7/2017 5:55:44,2017-11-07,5,Tue
67606,9,1,19,234,2017-11-07 15:56:38,0,11/7/2017 15:56:38,2017-11-07,15,Tue
115986,1,1,19,134,2017-11-09 13:51:39,0,11/9/2017 13:51:39,2017-11-09,13,Thu
10749,18,1,17,107,2017-11-09 2:17:47,0,11/9/2017 2:17:47,2017-11-09,2,Thu
5348,1,1,3,134,2017-11-08 3:14:19,0,11/8/2017 3:14:19,2017-11-08,3,Wed
4324,11,1,6,319,2017-11-06 23:56:55,0,11/6/2017 23:56:55,2017-11-06,23,Mon
60691,2,1,19,452,2017-11-07 0:57:15,0,11/7/2017 0:57:15,2017-11-07,0,Tue
100275,11,1,22,325,2017-11-09 15:31:17,0,11/9/2017 15:31:17,2017-11-09,15,Thu
9330,28,1,19,135,2017-11-07 10:33:27,0,11/7/2017 10:33:27,2017-11-07,10,Tue
44488,17,1,19,280,2017-11-08 2:52:24,0,11/8/2017 2:52:24,2017-11-08,2,Wed
15696,12,1,20,245,2017-11-07 12:39:57,0,11/7/2017 12:39:57,2017-11-07,12,Tue
21960,12,1,18,245,2017-11-06 18:06:28,0,11/6/2017 18:06:28,2017-11-06,18,Mon
92878,12,1,15,259,2017-11-08 23:15:58,0,11/8/2017 23:15:58,2017-11-08,23,Wed
99075,15,1,23,245,2017-11-07 6:57:48,0,11/7/2017 6:57:48,2017-11-07,6,Tue
46516,18,3543,748,107,2017-11-07 23:28:59,0,11/7/2017 23:28:59,2017-11-07,23,Tue
66964,2,1,19,237,2017-11-07 11:03:41,0,11/7/2017 11:03:41,2017-11-07,11,Tue
26995,3,1,17,280,2017-11-09 0:38:12,0,11/9/2017 0:38:12,2017-11-09,0,Thu
119167,18,1,13,439,2017-11-07 23:24:21,0,11/7/2017 23:24:21,2017-11-07,23,Tue
77523,18,1,20,121,2017-11-07 23:46:30,0,11/7/2017 23:46:30,2017-11-07,23,Tue
7528,3,1,19,280,2017-11-08 13:15:56,0,11/8/2017 13:15:56,2017-11-08,13,Wed
166046,12,1,20,178,2017-11-07 3:28:15,0,11/7/2017 3:28:15,2017-11-07,3,Tue
189032,14,1,8,439,2017-11-09 7:07:43,0,11/9/2017 7:07:43,2017-11-09,7,Thu
14764,9,1,20,466,2017-11-09 0:21:20,0,11/9/2017 0:21:20,2017-11-09,0,Thu
22368,12,1,18,178,2017-11-08 11:14:11,0,11/8/2017 11:14:11,2017-11-08,11,Wed
106279,15,1,17,430,2017-11-09 0:39:13,0,11/9/2017 0:39:13,2017-11-09,0,Thu
19225,15,1,13,245,2017-11-08 23:09:29,0,11/8/2017 23:09:29,2017-11-08,23,Wed
21245,15,1,19,245,2017-11-08 11:37:11,0,11/8/2017 11:37:11,2017-11-08,11,Wed
15719,9,1,13,127,2017-11-09 13:11:39,0,11/9/2017 13:11:39,2017-11-09,13,Thu
64525,6,1,32,125,2017-11-08 10:58:09,0,11/8/2017 10:58:09,2017-11-08,10,Wed
7435,3,1,13,280,2017-11-09 5:57:45,0,11/9/2017 5:57:45,2017-11-09,5,Thu
64430,3,1,13,115,2017-11-07 12:34:40,0,11/7/2017 12:34:40,2017-11-07,12,Tue
103131,9,1,58,134,2017-11-08 22:28:42,0,11/8/2017 22:28:42,2017-11-08,22,Wed
55103,18,1,40,107,2017-11-07 0:12:51,0,11/7/2017 0:12:51,2017-11-07,0,Tue
82870,3,1,3,115,2017-11-08 12:22:56,0,11/8/2017 12:22:56,2017-11-08,12,Wed
129191,18,1,18,107,2017-11-07 18:40:02,0,11/7/2017 18:40:02,2017-11-07,18,Tue
153711,3,1,13,442,2017-11-07 8:54:45,0,11/7/2017 8:54:45,2017-11-07,8,Tue
157458,3,1,22,379,2017-11-08 10:00:43,0,11/8/2017 10:00:43,2017-11-08,10,Wed
103147,15,1,13,245,2017-11-08 11:12:56,0,11/8/2017 11:12:56,2017-11-08,11,Wed
73516,3,1,19,153,2017-11-07 3:12:53,0,11/7/2017 3:12:53,2017-11-07,3,Tue
144133,3,1,18,371,2017-11-08 1:06:46,0,11/8/2017 1:06:46,2017-11-08,1,Wed
70335,6,1,36,125,2017-11-07 8:35:12,0,11/7/2017 8:35:12,2017-11-07,8,Tue
5314,12,2,35,265,2017-11-09 2:56:05,0,11/9/2017 2:56:05,2017-11-09,2,Thu
67439,12,1,19,326,2017-11-08 16:36:12,0,11/8/2017 16:36:12,2017-11-08,16,Wed
102208,2,1,12,477,2017-11-07 5:25:44,0,11/7/2017 5:25:44,2017-11-07,5,Tue
100735,27,1,19,153,2017-11-07 0:59:06,0,11/7/2017 0:59:06,2017-11-07,0,Tue
53454,1,1,19,178,2017-11-07 10:33:57,0,11/7/2017 10:33:57,2017-11-07,10,Tue
116696,2,1,20,364,2017-11-09 1:17:12,0,11/9/2017 1:17:12,2017-11-09,1,Thu
318717,1,1,10,125,2017-11-09 14:23:35,0,11/9/2017 14:23:35,2017-11-09,14,Thu
60752,12,1,19,259,2017-11-09 13:57:20,0,11/9/2017 13:57:20,2017-11-09,13,Thu
132782,64,1,9,459,2017-11-08 6:21:10,0,11/8/2017 6:21:10,2017-11-08,6,Wed
50374,9,1,41,334,2017-11-06 23:15:21,0,11/6/2017 23:15:21,2017-11-06,23,Mon
128138,1,1,13,377,2017-11-09 3:12:19,0,11/9/2017 3:12:19,2017-11-09,3,Thu
203736,14,1,28,463,2017-11-08 7:07:15,0,11/8/2017 7:07:15,2017-11-08,7,Wed
89426,3,1,13,280,2017-11-09 3:59:50,0,11/9/2017 3:59:50,2017-11-09,3,Thu
212476,2,1,19,469,2017-11-06 23:42:29,0,11/6/2017 23:42:29,2017-11-06,23,Mon
88284,3,1,32,452,2017-11-08 16:14:57,0,11/8/2017 16:14:57,2017-11-08,16,Wed
75595,15,1,15,278,2017-11-09 12:22:02,0,11/9/2017 12:22:02,2017-11-09,12,Thu
24671,3,1,13,379,2017-11-09 2:57:58,0,11/9/2017 2:57:58,2017-11-09,2,Thu
40342,12,1,9,259,2017-11-08 0:25:49,0,11/8/2017 0:25:49,2017-11-08,0,Wed
155518,14,1,49,480,2017-11-07 23:49:48,0,11/7/2017 23:49:48,2017-11-07,23,Tue
88881,14,1,13,406,2017-11-08 0:50:31,0,11/8/2017 0:50:31,2017-11-08,0,Wed
256958,14,1,10,442,2017-11-08 3:37:08,0,11/8/2017 3:37:08,2017-11-08,3,Wed
98682,2,1,19,377,2017-11-08 0:34:49,0,11/8/2017 0:34:49,2017-11-08,0,Wed
69575,2,1,8,236,2017-11-09 15:23:16,0,11/9/2017 15:23:16,2017-11-09,15,Thu
5314,13,1,13,477,2017-11-08 10:28:05,0,11/8/2017 10:28:05,2017-11-08,10,Wed
40423,12,1,23,259,2017-11-09 7:03:34,0,11/9/2017 7:03:34,2017-11-09,7,Thu
161799,3,1,19,205,2017-11-07 0:38:17,0,11/7/2017 0:38:17,2017-11-07,0,Tue
31415,3,1,17,280,2017-11-08 23:29:30,0,11/8/2017 23:29:30,2017-11-08,23,Wed
8870,13,1,17,469,2017-11-08 7:20:19,0,11/8/2017 7:20:19,2017-11-08,7,Wed
81476,12,1,13,265,2017-11-09 2:56:31,0,11/9/2017 2:56:31,2017-11-09,2,Thu
46677,18,1,13,121,2017-11-08 11:15:01,0,11/8/2017 11:15:01,2017-11-08,11,Wed
108881,15,1,22,130,2017-11-09 14:07:17,0,11/9/2017 14:07:17,2017-11-09,14,Thu
46625,3,1,27,280,2017-11-07 3:43:26,0,11/7/2017 3:43:26,2017-11-07,3,Tue
4466,2,1,4,237,2017-11-07 13:59:18,0,11/7/2017 13:59:18,2017-11-07,13,Tue
99150,9,1,20,466,2017-11-08 9:28:11,0,11/8/2017 9:28:11,2017-11-08,9,Wed
135450,13,1,13,477,2017-11-09 7:33:30,0,11/9/2017 7:33:30,2017-11-09,7,Thu
106511,12,2,19,259,2017-11-07 11:12:49,0,11/7/2017 11:12:49,2017-11-07,11,Tue
41240,15,1,15,278,2017-11-08 4:29:47,0,11/8/2017 4:29:47,2017-11-08,4,Wed
198535,1,1,13,153,2017-11-07 1:47:41,0,11/7/2017 1:47:41,2017-11-07,1,Tue
97444,7,1,13,101,2017-11-09 9:37:17,0,11/9/2017 9:37:17,2017-11-09,9,Thu
108518,12,1,13,265,2017-11-08 16:15:48,0,11/8/2017 16:15:48,2017-11-08,16,Wed
55873,29,1,10,343,2017-11-07 19:09:06,0,11/7/2017 19:09:06,2017-11-07,19,Tue
34005,64,1,14,459,2017-11-08 6:11:35,0,11/8/2017 6:11:35,2017-11-08,6,Wed
103104,9,1,10,244,2017-11-09 5:42:04,0,11/9/2017 5:42:04,2017-11-09,5,Thu
10005,9,1,10,134,2017-11-07 0:30:21,0,11/7/2017 0:30:21,2017-11-07,0,Tue
39314,3,1,16,280,2017-11-07 6:52:27,0,11/7/2017 6:52:27,2017-11-07,6,Tue
119531,2,1,19,122,2017-11-08 9:06:24,0,11/8/2017 9:06:24,2017-11-08,9,Wed
173874,12,1,13,265,2017-11-08 13:44:53,0,11/8/2017 13:44:53,2017-11-08,13,Wed
215924,12,1,10,178,2017-11-08 8:46:01,0,11/8/2017 8:46:01,2017-11-08,8,Wed
29377,3,1,9,280,2017-11-08 6:20:31,0,11/8/2017 6:20:31,2017-11-08,6,Wed
63267,18,1,13,134,2017-11-09 3:35:09,0,11/9/2017 3:35:09,2017-11-09,3,Thu
38845,22,1,19,496,2017-11-07 2:11:41,0,11/7/2017 2:11:41,2017-11-07,2,Tue
48176,27,1,13,153,2017-11-09 10:49:37,0,11/9/2017 10:49:37,2017-11-09,10,Thu
124574,15,1,19,430,2017-11-09 8:45:32,0,11/9/2017 8:45:32,2017-11-09,8,Thu
118457,3,1,19,480,2017-11-07 6:57:25,0,11/7/2017 6:57:25,2017-11-07,6,Tue
209609,1,1,13,452,2017-11-09 15:46:49,0,11/9/2017 15:46:49,2017-11-09,15,Thu
18182,3,1,17,424,2017-11-08 7:04:03,0,11/8/2017 7:04:03,2017-11-08,7,Wed
157074,3,1,34,280,2017-11-08 23:10:19,0,11/8/2017 23:10:19,2017-11-08,23,Wed
41425,15,1,20,265,2017-11-09 0:29:37,0,11/9/2017 0:29:37,2017-11-09,0,Thu
111172,22,1,25,496,2017-11-07 0:42:27,0,11/7/2017 0:42:27,2017-11-07,0,Tue
4019,18,1,41,121,2017-11-09 11:19:11,0,11/9/2017 11:19:11,2017-11-09,11,Thu
106178,2,1,13,477,2017-11-09 7:09:36,0,11/9/2017 7:09:36,2017-11-09,7,Thu
123609,18,1,13,107,2017-11-08 3:39:41,0,11/8/2017 3:39:41,2017-11-08,3,Wed
40372,3,1,19,280,2017-11-08 12:57:26,0,11/8/2017 12:57:26,2017-11-08,12,Wed
107802,12,1,3,328,2017-11-08 4:27:56,0,11/8/2017 4:27:56,2017-11-08,4,Wed
97151,12,1,19,259,2017-11-07 11:42:52,0,11/7/2017 11:42:52,2017-11-07,11,Tue
119369,12,1,14,424,2017-11-07 13:08:57,0,11/7/2017 13:08:57,2017-11-07,13,Tue
7448,9,1,6,489,2017-11-09 12:37:36,0,11/9/2017 12:37:36,2017-11-09,12,Thu
55840,18,1,19,107,2017-11-08 15:47:52,0,11/8/2017 15:47:52,2017-11-08,15,Wed
64555,9,1,19,215,2017-11-09 5:05:05,0,11/9/2017 5:05:05,2017-11-09,5,Thu
88358,2,1,19,435,2017-11-09 4:59:05,0,11/9/2017 4:59:05,2017-11-09,4,Thu
93248,15,1,9,315,2017-11-08 1:37:32,0,11/8/2017 1:37:32,2017-11-08,1,Wed
117115,14,1,13,379,2017-11-09 7:54:41,0,11/9/2017 7:54:41,2017-11-09,7,Thu
20143,12,1,20,205,2017-11-08 8:46:47,0,11/8/2017 8:46:47,2017-11-08,8,Wed
95766,3,1,6,417,2017-11-07 15:14:50,0,11/7/2017 15:14:50,2017-11-07,15,Tue
83763,9,1,16,466,2017-11-08 15:41:11,0,11/8/2017 15:41:11,2017-11-08,15,Wed
357463,1,2,100,13,2017-11-09 14:32:18,0,11/9/2017 14:32:18,2017-11-09,14,Thu
20425,9,1,19,215,2017-11-07 7:56:43,1,11/7/2017 7:56:43,2017-11-07,7,Tue
31783,18,3032,607,107,2017-11-07 13:54:23,0,11/7/2017 13:54:23,2017-11-07,13,Tue
26995,1,2,13,124,2017-11-09 4:52:39,0,11/9/2017 4:52:39,2017-11-09,4,Thu
110078,64,1,19,459,2017-11-08 1:38:43,0,11/8/2017 1:38:43,2017-11-08,1,Wed
83230,26,1,19,266,2017-11-08 3:16:08,0,11/8/2017 3:16:08,2017-11-08,3,Wed
11829,14,1,53,463,2017-11-07 0:23:59,0,11/7/2017 0:23:59,2017-11-07,0,Tue
15080,3,1,15,137,2017-11-08 10:54:32,0,11/8/2017 10:54:32,2017-11-08,10,Wed
7635,21,1,17,128,2017-11-08 14:47:15,0,11/8/2017 14:47:15,2017-11-08,14,Wed
44067,12,1,13,245,2017-11-07 15:54:08,0,11/7/2017 15:54:08,2017-11-07,15,Tue
106200,18,1,15,107,2017-11-07 1:14:30,0,11/7/2017 1:14:30,2017-11-07,1,Tue
64516,12,1,16,328,2017-11-07 12:27:13,0,11/7/2017 12:27:13,2017-11-07,12,Tue
353099,9,1,13,134,2017-11-09 0:20:26,0,11/9/2017 0:20:26,2017-11-09,0,Thu
92673,12,1,30,259,2017-11-07 13:24:30,0,11/7/2017 13:24:30,2017-11-07,13,Tue
83280,12,1,13,328,2017-11-09 2:47:06,0,11/9/2017 2:47:06,2017-11-09,2,Thu
356760,28,1,19,135,2017-11-09 8:48:54,0,11/9/2017 8:48:54,2017-11-09,8,Thu
41227,7,1,1,101,2017-11-07 11:21:33,0,11/7/2017 11:21:33,2017-11-07,11,Tue
30912,27,1,19,153,2017-11-09 3:03:16,0,11/9/2017 3:03:16,2017-11-09,3,Thu
77468,2,1,10,243,2017-11-09 6:51:00,0,11/9/2017 6:51:00,2017-11-09,6,Thu
75355,2,1,17,205,2017-11-08 15:10:36,0,11/8/2017 15:10:36,2017-11-08,15,Wed
20449,13,1,19,477,2017-11-08 0:41:40,0,11/8/2017 0:41:40,2017-11-08,0,Wed
157121,12,1,17,328,2017-11-07 23:30:57,0,11/7/2017 23:30:57,2017-11-07,23,Tue
96922,15,1,19,245,2017-11-08 2:15:02,0,11/8/2017 2:15:02,2017-11-08,2,Wed
63947,18,1,23,107,2017-11-07 10:18:49,0,11/7/2017 10:18:49,2017-11-07,10,Tue
128558,3,1,34,371,2017-11-08 0:09:30,0,11/8/2017 0:09:30,2017-11-08,0,Wed
14909,20,1,25,259,2017-11-07 10:53:11,0,11/7/2017 10:53:11,2017-11-07,10,Tue
145883,64,1,19,459,2017-11-07 10:26:24,0,11/7/2017 10:26:24,2017-11-07,10,Tue
9314,3,1,17,130,2017-11-08 6:44:50,0,11/8/2017 6:44:50,2017-11-08,6,Wed
5314,19,0,21,210,2017-11-07 16:58:07,0,11/7/2017 16:58:07,2017-11-07,16,Tue
55428,2,1,13,477,2017-11-07 5:07:54,0,11/7/2017 5:07:54,2017-11-07,5,Tue
102896,12,1,13,340,2017-11-08 4:11:17,0,11/8/2017 4:11:17,2017-11-08,4,Wed
60348,12,1,13,145,2017-11-07 15:44:46,0,11/7/2017 15:44:46,2017-11-07,15,Tue
104454,8,1,19,145,2017-11-09 4:50:13,0,11/9/2017 4:50:13,2017-11-09,4,Thu
1204,2,1,3,452,2017-11-07 7:22:33,0,11/7/2017 7:22:33,2017-11-07,7,Tue
134211,9,1,19,466,2017-11-09 3:13:32,0,11/9/2017 3:13:32,2017-11-09,3,Thu
7352,18,1,8,134,2017-11-08 6:01:34,0,11/8/2017 6:01:34,2017-11-08,6,Wed
201800,3,1,19,115,2017-11-09 12:15:57,0,11/9/2017 12:15:57,2017-11-09,12,Thu
152045,26,1,19,477,2017-11-09 7:30:00,0,11/9/2017 7:30:00,2017-11-09,7,Thu
31158,26,1,13,266,2017-11-08 9:17:35,0,11/8/2017 9:17:35,2017-11-08,9,Wed
42132,23,1,19,153,2017-11-08 10:07:25,0,11/8/2017 10:07:25,2017-11-08,10,Wed
99692,9,1,28,442,2017-11-08 16:37:17,0,11/8/2017 16:37:17,2017-11-08,16,Wed
196669,21,1,47,128,2017-11-07 13:27:13,0,11/7/2017 13:27:13,2017-11-07,13,Tue
193749,9,1,32,334,2017-11-09 10:56:18,0,11/9/2017 10:56:18,2017-11-09,10,Thu
24876,21,2,6,128,2017-11-06 23:37:34,0,11/6/2017 23:37:34,2017-11-06,23,Mon
68824,3,1,22,130,2017-11-09 11:56:33,0,11/9/2017 11:56:33,2017-11-09,11,Thu
64593,3,1,19,280,2017-11-08 0:44:35,0,11/8/2017 0:44:35,2017-11-08,0,Wed
88063,9,1,19,442,2017-11-09 13:25:40,0,11/9/2017 13:25:40,2017-11-09,13,Thu
207967,27,1,19,122,2017-11-07 18:42:45,0,11/7/2017 18:42:45,2017-11-07,18,Tue
3247,3,1,18,280,2017-11-08 0:51:11,0,11/8/2017 0:51:11,2017-11-08,0,Wed
77582,9,1,41,489,2017-11-08 6:48:41,0,11/8/2017 6:48:41,2017-11-08,6,Wed
44744,3,1,19,280,2017-11-07 7:45:29,0,11/7/2017 7:45:29,2017-11-07,7,Tue
163461,3,1,13,409,2017-11-09 3:42:39,0,11/9/2017 3:42:39,2017-11-09,3,Thu
15365,9,1,19,449,2017-11-08 12:50:56,0,11/8/2017 12:50:56,2017-11-08,12,Wed
3811,15,1,13,245,2017-11-07 6:01:49,0,11/7/2017 6:01:49,2017-11-07,6,Tue
248754,14,1,22,439,2017-11-09 15:49:54,0,11/9/2017 15:49:54,2017-11-09,15,Thu
79620,9,1,14,232,2017-11-08 15:12:56,0,11/8/2017 15:12:56,2017-11-08,15,Wed
80142,2,1,13,122,2017-11-08 15:25:00,0,11/8/2017 15:25:00,2017-11-08,15,Wed
265898,26,1,35,121,2017-11-08 11:25:08,0,11/8/2017 11:25:08,2017-11-08,11,Wed
107115,2,1,9,477,2017-11-09 15:40:19,0,11/9/2017 15:40:19,2017-11-09,15,Thu
107768,9,1,19,215,2017-11-08 5:24:52,0,11/8/2017 5:24:52,2017-11-08,5,Wed
76187,12,1,10,178,2017-11-07 13:09:52,0,11/7/2017 13:09:52,2017-11-07,13,Tue
64172,3,1,17,489,2017-11-09 0:26:06,0,11/9/2017 0:26:06,2017-11-09,0,Thu
116472,2,1,43,364,2017-11-09 14:03:07,0,11/9/2017 14:03:07,2017-11-09,14,Thu
169973,8,1,13,145,2017-11-07 10:15:53,0,11/7/2017 10:15:53,2017-11-07,10,Tue
79187,3,1,19,205,2017-11-08 7:13:00,0,11/8/2017 7:13:00,2017-11-08,7,Wed
73278,15,1,19,245,2017-11-08 1:45:45,0,11/8/2017 1:45:45,2017-11-08,1,Wed
158203,2,1,16,469,2017-11-06 22:49:38,0,11/6/2017 22:49:38,2017-11-06,22,Mon
245382,12,1,13,497,2017-11-08 2:57:03,0,11/8/2017 2:57:03,2017-11-08,2,Wed
185906,9,1,13,134,2017-11-08 0:15:42,0,11/8/2017 0:15:42,2017-11-08,0,Wed
25607,3,1,6,280,2017-11-07 1:14:28,0,11/7/2017 1:14:28,2017-11-07,1,Tue
82866,6,1,19,459,2017-11-08 12:05:42,0,11/8/2017 12:05:42,2017-11-08,12,Wed
68271,15,1,18,245,2017-11-07 6:42:29,0,11/7/2017 6:42:29,2017-11-07,6,Tue
201182,20,2,32,259,2017-11-08 16:10:29,0,11/8/2017 16:10:29,2017-11-08,16,Wed
102225,9,1,13,134,2017-11-07 0:08:01,0,11/7/2017 0:08:01,2017-11-07,0,Tue
11911,12,1,13,328,2017-11-07 5:26:48,0,11/7/2017 5:26:48,2017-11-07,5,Tue
67606,3,1,4,280,2017-11-09 0:53:31,0,11/9/2017 0:53:31,2017-11-09,0,Thu
100393,2,1,13,205,2017-11-06 23:43:37,0,11/6/2017 23:43:37,2017-11-06,23,Mon
1528,2,1,13,469,2017-11-09 13:40:09,0,11/9/2017 13:40:09,2017-11-09,13,Thu
69605,3,1,6,280,2017-11-07 3:14:04,0,11/7/2017 3:14:04,2017-11-07,3,Tue
10328,12,1,6,105,2017-11-07 21:08:31,0,11/7/2017 21:08:31,2017-11-07,21,Tue
259617,15,1,18,245,2017-11-08 14:29:09,0,11/8/2017 14:29:09,2017-11-08,14,Wed
47231,18,1,13,134,2017-11-09 7:37:11,0,11/9/2017 7:37:11,2017-11-09,7,Thu
4903,9,1,6,466,2017-11-07 7:36:55,0,11/7/2017 7:36:55,2017-11-07,7,Tue
269756,15,1,19,480,2017-11-08 5:45:19,0,11/8/2017 5:45:19,2017-11-08,5,Wed
84725,12,1,32,265,2017-11-09 8:59:27,0,11/9/2017 8:59:27,2017-11-09,8,Thu
79909,12,1,47,328,2017-11-08 10:46:36,0,11/8/2017 10:46:36,2017-11-08,10,Wed
184205,12,1,19,178,2017-11-07 11:48:09,0,11/7/2017 11:48:09,2017-11-07,11,Tue
103715,9,1,10,489,2017-11-08 11:19:20,0,11/8/2017 11:19:20,2017-11-08,11,Wed
31009,17,1,14,280,2017-11-08 2:15:14,0,11/8/2017 2:15:14,2017-11-08,2,Wed
361877,2,1,19,469,2017-11-08 16:37:11,0,11/8/2017 16:37:11,2017-11-08,16,Wed
70522,9,2,36,232,2017-11-09 9:00:45,0,11/9/2017 9:00:45,2017-11-09,9,Thu
92852,1,1,14,134,2017-11-07 13:34:58,0,11/7/2017 13:34:58,2017-11-07,13,Tue
202064,18,1,19,121,2017-11-07 17:23:50,0,11/7/2017 17:23:50,2017-11-07,17,Tue
88127,2,2,13,364,2017-11-07 13:43:18,0,11/7/2017 13:43:18,2017-11-07,13,Tue
209663,12,2,19,245,2017-11-08 9:50:27,0,11/8/2017 9:50:27,2017-11-08,9,Wed
20327,3,1,13,19,2017-11-08 10:05:57,0,11/8/2017 10:05:57,2017-11-08,10,Wed
31231,3,2,13,115,2017-11-08 8:44:25,0,11/8/2017 8:44:25,2017-11-08,8,Wed
72986,14,1,19,463,2017-11-07 2:35:38,0,11/7/2017 2:35:38,2017-11-07,2,Tue
55397,24,1,22,105,2017-11-07 5:15:04,0,11/7/2017 5:15:04,2017-11-07,5,Tue
3641,9,1,19,258,2017-11-07 15:29:13,0,11/7/2017 15:29:13,2017-11-07,15,Tue
58077,3,1,19,280,2017-11-07 2:10:51,0,11/7/2017 2:10:51,2017-11-07,2,Tue
119369,2,1,35,219,2017-11-08 8:03:08,0,11/8/2017 8:03:08,2017-11-08,8,Wed
95006,12,1,6,265,2017-11-07 12:15:47,0,11/7/2017 12:15:47,2017-11-07,12,Tue
64393,17,1,19,134,2017-11-09 10:46:20,0,11/9/2017 10:46:20,2017-11-09,10,Thu
51945,15,1,19,245,2017-11-07 0:36:33,0,11/7/2017 0:36:33,2017-11-07,0,Tue
108490,24,1,19,105,2017-11-08 21:14:52,0,11/8/2017 21:14:52,2017-11-08,21,Wed
53454,12,1,19,178,2017-11-07 15:01:46,0,11/7/2017 15:01:46,2017-11-07,15,Tue
31784,72,1,19,101,2017-11-07 11:11:16,0,11/7/2017 11:11:16,2017-11-07,11,Tue
105603,2,1,18,205,2017-11-09 11:17:47,0,11/9/2017 11:17:47,2017-11-09,11,Thu
83388,12,1,10,178,2017-11-09 6:55:16,0,11/9/2017 6:55:16,2017-11-09,6,Thu
167607,12,1,16,265,2017-11-06 16:25:11,0,11/6/2017 16:25:11,2017-11-06,16,Mon
75595,3,1,10,489,2017-11-09 12:47:57,0,11/9/2017 12:47:57,2017-11-09,12,Thu
72387,12,1,22,178,2017-11-06 22:33:18,0,11/6/2017 22:33:18,2017-11-06,22,Mon
5348,3,1,19,452,2017-11-08 20:52:42,0,11/8/2017 20:52:42,2017-11-08,20,Wed
28476,27,1,14,153,2017-11-09 3:31:59,0,11/9/2017 3:31:59,2017-11-09,3,Thu
95473,18,1,20,107,2017-11-09 10:23:24,0,11/9/2017 10:23:24,2017-11-09,10,Thu
39248,9,1,1,134,2017-11-09 14:31:37,0,11/9/2017 14:31:37,2017-11-09,14,Thu
95006,21,1,3,232,2017-11-09 1:18:57,0,11/9/2017 1:18:57,2017-11-09,1,Thu
95766,15,1,34,245,2017-11-07 6:44:20,0,11/7/2017 6:44:20,2017-11-07,6,Tue
67040,29,1,17,347,2017-11-09 8:19:46,0,11/9/2017 8:19:46,2017-11-09,8,Thu
97773,9,1,17,232,2017-11-09 6:18:53,0,11/9/2017 6:18:53,2017-11-09,6,Thu
26241,2,1,12,219,2017-11-09 14:19:54,0,11/9/2017 14:19:54,2017-11-09,14,Thu
82100,3,1,32,280,2017-11-08 9:14:40,0,11/8/2017 9:14:40,2017-11-08,9,Wed
56233,12,1,17,205,2017-11-08 7:32:30,0,11/8/2017 7:32:30,2017-11-08,7,Wed
216309,2,1,19,237,2017-11-08 7:52:21,0,11/8/2017 7:52:21,2017-11-08,7,Wed
138714,1,1,1,452,2017-11-07 5:05:39,0,11/7/2017 5:05:39,2017-11-07,5,Tue
77400,18,1,13,121,2017-11-08 10:58:25,0,11/8/2017 10:58:25,2017-11-08,10,Wed
114728,3,1,19,489,2017-11-08 8:59:02,0,11/8/2017 8:59:02,2017-11-08,8,Wed
114276,12,1,3,328,2017-11-07 5:45:32,0,11/7/2017 5:45:32,2017-11-07,5,Tue
62315,12,1,13,212,2017-11-07 4:50:45,0,11/7/2017 4:50:45,2017-11-07,4,Tue
44410,3,1,27,489,2017-11-08 2:14:16,0,11/8/2017 2:14:16,2017-11-08,2,Wed
109703,23,1,15,153,2017-11-08 22:30:52,0,11/8/2017 22:30:52,2017-11-08,22,Wed
91006,15,1,25,245,2017-11-07 18:30:03,0,11/7/2017 18:30:03,2017-11-07,18,Tue
140525,2,1,27,237,2017-11-07 1:32:32,0,11/7/2017 1:32:32,2017-11-07,1,Tue
31387,3,1,8,280,2017-11-09 2:56:41,0,11/9/2017 2:56:41,2017-11-09,2,Thu
75520,8,2,53,259,2017-11-08 15:06:05,0,11/8/2017 15:06:05,2017-11-08,15,Wed
166884,14,1,10,439,2017-11-07 11:37:29,0,11/7/2017 11:37:29,2017-11-07,11,Tue
101395,3,1,19,280,2017-11-09 1:13:05,0,11/9/2017 1:13:05,2017-11-09,1,Thu
70621,3,1,13,130,2017-11-08 3:19:21,0,11/8/2017 3:19:21,2017-11-08,3,Wed
42784,3,1,13,115,2017-11-07 23:09:07,0,11/7/2017 23:09:07,2017-11-07,23,Tue
3363,2,1,41,122,2017-11-09 9:28:39,0,11/9/2017 9:28:39,2017-11-09,9,Thu
145896,9,1,17,445,2017-11-07 13:46:54,0,11/7/2017 13:46:54,2017-11-07,13,Tue
149030,20,1,9,259,2017-11-09 6:05:35,0,11/9/2017 6:05:35,2017-11-09,6,Thu
2850,12,1,31,259,2017-11-08 2:22:05,0,11/8/2017 2:22:05,2017-11-08,2,Wed
42159,3,1,20,115,2017-11-08 23:14:10,0,11/8/2017 23:14:10,2017-11-08,23,Wed
9057,12,1,19,140,2017-11-09 2:22:06,0,11/9/2017 2:22:06,2017-11-09,2,Thu
17077,45,1,16,411,2017-11-07 1:01:12,0,11/7/2017 1:01:12,2017-11-07,1,Tue
17149,17,2,9,280,2017-11-08 13:35:07,0,11/8/2017 13:35:07,2017-11-08,13,Wed
30203,12,1,22,328,2017-11-06 23:25:16,0,11/6/2017 23:25:16,2017-11-06,23,Mon
18695,13,1,14,400,2017-11-08 3:42:28,0,11/8/2017 3:42:28,2017-11-08,3,Wed
50251,9,1,19,445,2017-11-07 12:05:29,0,11/7/2017 12:05:29,2017-11-07,12,Tue
153926,1,1,47,153,2017-11-08 4:12:09,0,11/8/2017 4:12:09,2017-11-08,4,Wed
201483,3,1,13,280,2017-11-07 2:31:25,0,11/7/2017 2:31:25,2017-11-07,2,Tue
28722,2,1,8,236,2017-11-08 4:20:12,0,11/8/2017 4:20:12,2017-11-08,4,Wed
33443,18,1,47,121,2017-11-08 8:33:26,0,11/8/2017 8:33:26,2017-11-08,8,Wed
116226,18,1,19,439,2017-11-09 7:47:46,0,11/9/2017 7:47:46,2017-11-09,7,Thu
44527,2,1,9,477,2017-11-07 16:08:16,0,11/7/2017 16:08:16,2017-11-07,16,Tue
256336,3,1,13,280,2017-11-08 15:20:51,0,11/8/2017 15:20:51,2017-11-08,15,Wed
6662,9,1,19,134,2017-11-07 0:29:21,0,11/7/2017 0:29:21,2017-11-07,0,Tue
95527,9,1,20,442,2017-11-09 1:00:18,0,11/9/2017 1:00:18,2017-11-09,1,Thu
24932,1,1,13,13,2017-11-08 2:45:46,0,11/8/2017 2:45:46,2017-11-08,2,Wed
80935,3,1,3,480,2017-11-08 10:49:22,0,11/8/2017 10:49:22,2017-11-08,10,Wed
113602,26,1,3,121,2017-11-09 12:09:56,0,11/9/2017 12:09:56,2017-11-09,12,Thu
23203,15,1,25,412,2017-11-09 2:53:33,0,11/9/2017 2:53:33,2017-11-09,2,Thu
104437,9,1,19,215,2017-11-09 14:52:38,0,11/9/2017 14:52:38,2017-11-09,14,Thu
3133,3,1,37,489,2017-11-07 7:03:15,0,11/7/2017 7:03:15,2017-11-07,7,Tue
278482,13,1,8,477,2017-11-08 9:35:38,0,11/8/2017 9:35:38,2017-11-08,9,Wed
125608,9,1,8,215,2017-11-07 2:34:10,0,11/7/2017 2:34:10,2017-11-07,2,Tue
41993,9,1,13,127,2017-11-09 13:20:25,0,11/9/2017 13:20:25,2017-11-09,13,Thu
171690,7,1,49,101,2017-11-09 15:27:39,0,11/9/2017 15:27:39,2017-11-09,15,Thu
108816,9,1,13,134,2017-11-07 19:05:34,0,11/7/2017 19:05:34,2017-11-07,19,Tue
102264,21,1,19,232,2017-11-08 11:26:23,0,11/8/2017 11:26:23,2017-11-08,11,Wed
44498,9,1,17,334,2017-11-07 6:56:44,0,11/7/2017 6:56:44,2017-11-07,6,Tue
112911,3,1,19,424,2017-11-09 11:16:46,0,11/9/2017 11:16:46,2017-11-09,11,Thu
62083,15,1,13,245,2017-11-07 18:10:06,0,11/7/2017 18:10:06,2017-11-07,18,Tue
119289,18,1,18,107,2017-11-09 9:59:20,0,11/9/2017 9:59:20,2017-11-09,9,Thu
43550,3,1,3,452,2017-11-08 8:32:30,0,11/8/2017 8:32:30,2017-11-08,8,Wed
64054,15,1,13,265,2017-11-07 22:56:04,0,11/7/2017 22:56:04,2017-11-07,22,Tue
105148,12,1,14,19,2017-11-09 12:38:10,0,11/9/2017 12:38:10,2017-11-09,12,Thu
87764,2,1,19,477,2017-11-09 8:09:32,0,11/9/2017 8:09:32,2017-11-09,8,Thu
2770,3,1,13,137,2017-11-08 19:17:29,0,11/8/2017 19:17:29,2017-11-08,19,Wed
14044,15,1,6,265,2017-11-08 13:41:08,0,11/8/2017 13:41:08,2017-11-08,13,Wed
25705,18,1,10,107,2017-11-08 0:33:13,0,11/8/2017 0:33:13,2017-11-08,0,Wed
125915,3,1,13,280,2017-11-08 0:22:41,0,11/8/2017 0:22:41,2017-11-08,0,Wed
107643,3,1,15,409,2017-11-08 11:10:59,0,11/8/2017 11:10:59,2017-11-08,11,Wed
50512,12,1,17,145,2017-11-07 3:11:56,0,11/7/2017 3:11:56,2017-11-07,3,Tue
162963,1,1,37,377,2017-11-06 23:31:56,0,11/6/2017 23:31:56,2017-11-06,23,Mon
99600,3,1,19,489,2017-11-09 2:07:08,0,11/9/2017 2:07:08,2017-11-09,2,Thu
12087,21,1,17,128,2017-11-07 2:08:23,0,11/7/2017 2:08:23,2017-11-07,2,Tue
52564,3,1,13,137,2017-11-06 23:24:29,0,11/6/2017 23:24:29,2017-11-06,23,Mon
199611,12,1,17,178,2017-11-08 9:47:20,0,11/8/2017 9:47:20,2017-11-08,9,Wed
17917,14,1,17,401,2017-11-07 1:01:15,0,11/7/2017 1:01:15,2017-11-07,1,Tue
64049,3,1,13,173,2017-11-07 2:46:17,0,11/7/2017 2:46:17,2017-11-07,2,Tue
67008,12,1,23,178,2017-11-07 4:23:10,0,11/7/2017 4:23:10,2017-11-07,4,Tue
157612,1,1,3,134,2017-11-07 14:37:55,0,11/7/2017 14:37:55,2017-11-07,14,Tue
138557,14,1,16,463,2017-11-09 0:07:44,0,11/9/2017 0:07:44,2017-11-09,0,Thu
58529,25,1,32,259,2017-11-08 2:13:07,0,11/8/2017 2:13:07,2017-11-08,2,Wed
57828,8,1,13,145,2017-11-09 8:00:57,0,11/9/2017 8:00:57,2017-11-09,8,Thu
106332,64,1,19,459,2017-11-09 1:43:34,0,11/9/2017 1:43:34,2017-11-09,1,Thu
159355,3,1,13,280,2017-11-07 23:57:32,0,11/7/2017 23:57:32,2017-11-07,23,Tue
45386,2,1,13,205,2017-11-08 21:23:15,0,11/8/2017 21:23:15,2017-11-08,21,Wed
38998,14,1,19,123,2017-11-07 15:01:21,0,11/7/2017 15:01:21,2017-11-07,15,Tue
87879,15,1,25,111,2017-11-06 16:35:12,0,11/6/2017 16:35:12,2017-11-06,16,Mon
90586,3,1,19,137,2017-11-09 7:46:42,0,11/9/2017 7:46:42,2017-11-09,7,Thu
116499,23,1,19,153,2017-11-07 4:19:46,0,11/7/2017 4:19:46,2017-11-07,4,Tue
77107,14,1,42,401,2017-11-06 20:07:37,0,11/6/2017 20:07:37,2017-11-06,20,Mon
5912,9,1,18,134,2017-11-07 0:12:50,0,11/7/2017 0:12:50,2017-11-07,0,Tue
220958,15,1,13,386,2017-11-07 23:37:56,0,11/7/2017 23:37:56,2017-11-07,23,Tue
84808,3,1,4,280,2017-11-08 18:13:54,0,11/8/2017 18:13:54,2017-11-08,18,Wed
5178,2,1,19,219,2017-11-08 13:24:45,0,11/8/2017 13:24:45,2017-11-08,13,Wed
40022,3,1,42,130,2017-11-08 14:37:57,0,11/8/2017 14:37:57,2017-11-08,14,Wed
91821,3,1,6,280,2017-11-07 3:13:49,0,11/7/2017 3:13:49,2017-11-07,3,Tue
62906,18,1,27,107,2017-11-07 14:43:33,0,11/7/2017 14:43:33,2017-11-07,14,Tue
89447,12,1,19,245,2017-11-08 14:57:27,0,11/8/2017 14:57:27,2017-11-08,14,Wed
44494,3,1,1,153,2017-11-07 17:04:58,0,11/7/2017 17:04:58,2017-11-07,17,Tue
152743,12,1,13,178,2017-11-07 3:05:17,0,11/7/2017 3:05:17,2017-11-07,3,Tue
1661,15,1,19,265,2017-11-09 6:32:26,0,11/9/2017 6:32:26,2017-11-09,6,Thu
88881,2,1,19,237,2017-11-07 4:39:35,0,11/7/2017 4:39:35,2017-11-07,4,Tue
24943,23,1,13,153,2017-11-07 5:42:00,0,11/7/2017 5:42:00,2017-11-07,5,Tue
51784,3,1,15,452,2017-11-09 6:25:50,0,11/9/2017 6:25:50,2017-11-09,6,Thu
115938,14,1,18,134,2017-11-09 10:05:24,0,11/9/2017 10:05:24,2017-11-09,10,Thu
148224,18,1,8,134,2017-11-07 12:31:21,0,11/7/2017 12:31:21,2017-11-07,12,Tue
36150,2,1,8,205,2017-11-08 3:48:00,0,11/8/2017 3:48:00,2017-11-08,3,Wed
8179,15,1,10,274,2017-11-07 17:00:45,0,11/7/2017 17:00:45,2017-11-07,17,Tue
75895,9,1,13,232,2017-11-07 14:22:57,0,11/7/2017 14:22:57,2017-11-07,14,Tue
141511,2,1,17,243,2017-11-07 11:55:05,0,11/7/2017 11:55:05,2017-11-07,11,Tue
100401,3,1,17,211,2017-11-09 15:17:18,0,11/9/2017 15:17:18,2017-11-09,15,Thu
7064,3,2,40,137,2017-11-09 9:32:47,0,11/9/2017 9:32:47,2017-11-09,9,Thu
16464,15,1,13,245,2017-11-07 10:15:00,0,11/7/2017 10:15:00,2017-11-07,10,Tue
12491,12,1,13,140,2017-11-09 13:20:55,0,11/9/2017 13:20:55,2017-11-09,13,Thu
150129,12,1,13,245,2017-11-07 9:27:03,0,11/7/2017 9:27:03,2017-11-07,9,Tue
41753,12,1,26,265,2017-11-08 9:29:10,0,11/8/2017 9:29:10,2017-11-08,9,Wed
32432,18,1,13,121,2017-11-09 7:02:18,0,11/9/2017 7:02:18,2017-11-09,7,Thu
69173,12,1,4,105,2017-11-08 2:23:20,0,11/8/2017 2:23:20,2017-11-08,2,Wed
91040,1,1,19,134,2017-11-07 23:26:23,0,11/7/2017 23:26:23,2017-11-07,23,Tue
151097,11,1,27,319,2017-11-08 12:07:57,0,11/8/2017 12:07:57,2017-11-08,12,Wed
197009,12,1,10,328,2017-11-08 20:25:29,0,11/8/2017 20:25:29,2017-11-08,20,Wed
139235,9,1,20,334,2017-11-07 5:03:05,0,11/7/2017 5:03:05,2017-11-07,5,Tue
2965,3,1,16,280,2017-11-09 5:52:43,0,11/9/2017 5:52:43,2017-11-09,5,Thu
1923,36,1,8,373,2017-11-07 23:28:59,0,11/7/2017 23:28:59,2017-11-07,23,Tue
30903,3,1,19,280,2017-11-09 0:24:16,0,11/9/2017 0:24:16,2017-11-09,0,Thu
150112,3,1,13,280,2017-11-09 1:06:25,0,11/9/2017 1:06:25,2017-11-09,1,Thu
197271,12,2,22,140,2017-11-08 7:19:20,0,11/8/2017 7:19:20,2017-11-08,7,Wed
13831,15,1,18,153,2017-11-07 13:50:23,0,11/7/2017 13:50:23,2017-11-07,13,Tue
60556,18,1,41,107,2017-11-09 14:41:02,0,11/9/2017 14:41:02,2017-11-09,14,Thu
43222,3,1,17,424,2017-11-09 9:48:21,0,11/9/2017 9:48:21,2017-11-09,9,Thu
248138,15,1,19,130,2017-11-08 8:32:10,0,11/8/2017 8:32:10,2017-11-08,8,Wed
101074,2,1,19,205,2017-11-09 14:12:33,0,11/9/2017 14:12:33,2017-11-09,14,Thu
72538,15,1,13,245,2017-11-08 1:30:09,0,11/8/2017 1:30:09,2017-11-08,1,Wed
106770,3,1,8,280,2017-11-09 5:36:44,0,11/9/2017 5:36:44,2017-11-09,5,Thu
145963,3,1,22,442,2017-11-08 5:38:07,0,11/8/2017 5:38:07,2017-11-08,5,Wed
8482,14,1,25,467,2017-11-08 14:29:54,0,11/8/2017 14:29:54,2017-11-08,14,Wed
35757,15,1,13,245,2017-11-08 4:04:50,0,11/8/2017 4:04:50,2017-11-08,4,Wed
95692,6,1,1,459,2017-11-09 8:45:41,0,11/9/2017 8:45:41,2017-11-09,8,Thu
117722,12,1,19,259,2017-11-08 22:10:47,0,11/8/2017 22:10:47,2017-11-08,22,Wed
32434,14,1,13,208,2017-11-07 1:46:45,0,11/7/2017 1:46:45,2017-11-07,1,Tue
105140,15,1,18,245,2017-11-07 14:06:37,0,11/7/2017 14:06:37,2017-11-07,14,Tue
77209,14,1,19,442,2017-11-08 1:06:12,0,11/8/2017 1:06:12,2017-11-08,1,Wed
18774,2,1,10,237,2017-11-08 15:04:28,0,11/8/2017 15:04:28,2017-11-08,15,Wed
60698,9,1,13,232,2017-11-08 14:46:39,0,11/8/2017 14:46:39,2017-11-08,14,Wed
67611,12,2,14,326,2017-11-08 14:56:27,0,11/8/2017 14:56:27,2017-11-08,14,Wed
257500,14,1,34,349,2017-11-08 7:28:31,0,11/8/2017 7:28:31,2017-11-08,7,Wed
90509,2,1,22,469,2017-11-06 19:42:43,0,11/6/2017 19:42:43,2017-11-06,19,Mon
65362,1,1,13,137,2017-11-09 4:37:16,0,11/9/2017 4:37:16,2017-11-09,4,Thu
87865,3,1,13,371,2017-11-07 0:45:06,0,11/7/2017 0:45:06,2017-11-07,0,Tue
28084,9,1,13,466,2017-11-08 15:50:02,0,11/8/2017 15:50:02,2017-11-08,15,Wed
86767,9,1,14,466,2017-11-08 13:27:36,0,11/8/2017 13:27:36,2017-11-08,13,Wed
123994,12,1,13,265,2017-11-07 9:51:11,0,11/7/2017 9:51:11,2017-11-07,9,Tue
105485,3,1,19,402,2017-11-09 10:22:01,0,11/9/2017 10:22:01,2017-11-09,10,Thu
219838,3,1,13,205,2017-11-09 4:27:36,0,11/9/2017 4:27:36,2017-11-09,4,Thu
105239,1,1,18,153,2017-11-07 14:23:11,0,11/7/2017 14:23:11,2017-11-07,14,Tue
34284,18,1,13,134,2017-11-07 6:56:44,0,11/7/2017 6:56:44,2017-11-07,6,Tue
162805,3,1,19,442,2017-11-07 10:16:08,0,11/7/2017 10:16:08,2017-11-07,10,Tue
90855,3,1,13,130,2017-11-09 15:42:03,0,11/9/2017 15:42:03,2017-11-09,15,Thu
32745,3,1,15,442,2017-11-09 2:12:19,0,11/9/2017 2:12:19,2017-11-09,2,Thu
53479,9,2,18,215,2017-11-07 12:58:33,0,11/7/2017 12:58:33,2017-11-07,12,Tue
76333,3,1,3,424,2017-11-08 3:04:16,0,11/8/2017 3:04:16,2017-11-08,3,Wed
13073,2,1,19,469,2017-11-07 14:36:25,0,11/7/2017 14:36:25,2017-11-07,14,Tue
20242,1,1,12,134,2017-11-09 0:35:16,0,11/9/2017 0:35:16,2017-11-09,0,Thu
95029,2,1,13,122,2017-11-07 19:48:13,0,11/7/2017 19:48:13,2017-11-07,19,Tue
118284,3,1,17,409,2017-11-09 15:53:58,0,11/9/2017 15:53:58,2017-11-09,15,Thu
95766,3,1,14,280,2017-11-08 12:32:23,0,11/8/2017 12:32:23,2017-11-08,12,Wed
2348,1,1,19,135,2017-11-09 4:27:18,0,11/9/2017 4:27:18,2017-11-09,4,Thu
8536,3,1,11,379,2017-11-08 1:10:07,0,11/8/2017 1:10:07,2017-11-08,1,Wed
111324,12,1,18,178,2017-11-08 8:47:45,0,11/8/2017 8:47:45,2017-11-08,8,Wed
333429,9,2,13,232,2017-11-09 14:35:25,0,11/9/2017 14:35:25,2017-11-09,14,Thu
66745,2,1,13,219,2017-11-08 15:22:06,0,11/8/2017 15:22:06,2017-11-08,15,Wed
31823,2,1,19,219,2017-11-09 5:53:55,0,11/9/2017 5:53:55,2017-11-09,5,Thu
17477,3,1,22,489,2017-11-08 17:42:30,0,11/8/2017 17:42:30,2017-11-08,17,Wed
62892,18,1,25,439,2017-11-08 0:03:42,0,11/8/2017 0:03:42,2017-11-08,0,Wed
31403,9,1,19,244,2017-11-07 11:52:12,0,11/7/2017 11:52:12,2017-11-07,11,Tue
131583,2,1,23,122,2017-11-07 10:41:36,0,11/7/2017 10:41:36,2017-11-07,10,Tue
9783,3,1,15,280,2017-11-07 12:10:13,0,11/7/2017 12:10:13,2017-11-07,12,Tue
105264,12,1,13,140,2017-11-08 9:22:50,0,11/8/2017 9:22:50,2017-11-08,9,Wed
73671,2,1,37,205,2017-11-08 19:36:53,0,11/8/2017 19:36:53,2017-11-08,19,Wed
97188,18,1,10,107,2017-11-09 15:32:52,0,11/9/2017 15:32:52,2017-11-09,15,Thu
5348,18,1,11,107,2017-11-08 14:27:08,0,11/8/2017 14:27:08,2017-11-08,14,Wed
9236,1,1,19,137,2017-11-07 14:25:30,0,11/7/2017 14:25:30,2017-11-07,14,Tue
44222,15,1,19,245,2017-11-09 7:07:44,0,11/9/2017 7:07:44,2017-11-09,7,Thu
41106,2,1,18,236,2017-11-08 5:14:00,0,11/8/2017 5:14:00,2017-11-08,5,Wed
70280,15,1,20,245,2017-11-08 17:46:47,0,11/8/2017 17:46:47,2017-11-08,17,Wed
90655,50,0,21,213,2017-11-09 8:52:32,0,11/9/2017 8:52:32,2017-11-09,8,Thu
63523,12,1,10,140,2017-11-07 5:46:27,0,11/7/2017 5:46:27,2017-11-07,5,Tue
103047,26,1,4,477,2017-11-08 13:13:32,0,11/8/2017 13:13:32,2017-11-08,13,Wed
54125,2,1,25,401,2017-11-08 6:52:04,0,11/8/2017 6:52:04,2017-11-08,6,Wed
188049,12,1,19,178,2017-11-08 6:23:54,0,11/8/2017 6:23:54,2017-11-08,6,Wed
38385,1,1,17,134,2017-11-09 8:12:17,0,11/9/2017 8:12:17,2017-11-09,8,Thu
41172,15,1,19,3,2017-11-09 13:02:29,0,11/9/2017 13:02:29,2017-11-09,13,Thu
43793,2,1,41,435,2017-11-09 10:28:29,0,11/9/2017 10:28:29,2017-11-09,10,Thu
60909,2,1,15,236,2017-11-08 13:26:25,0,11/8/2017 13:26:25,2017-11-08,13,Wed
4784,25,1,14,259,2017-11-07 11:50:17,0,11/7/2017 11:50:17,2017-11-07,11,Tue
16972,3,1,6,489,2017-11-07 14:34:17,0,11/7/2017 14:34:17,2017-11-07,14,Tue
76199,3,1,10,280,2017-11-08 8:41:48,0,11/8/2017 8:41:48,2017-11-08,8,Wed
27646,3,1,22,280,2017-11-07 4:10:53,0,11/7/2017 4:10:53,2017-11-07,4,Tue
15683,12,1,19,178,2017-11-06 16:59:57,0,11/6/2017 16:59:57,2017-11-06,16,Mon
2564,3,1,47,130,2017-11-08 4:53:43,0,11/8/2017 4:53:43,2017-11-08,4,Wed
48240,7,1,17,101,2017-11-09 12:48:08,0,11/9/2017 12:48:08,2017-11-09,12,Thu
113682,9,1,19,334,2017-11-09 9:30:58,0,11/9/2017 9:30:58,2017-11-09,9,Thu
98474,14,1,43,379,2017-11-07 11:56:52,0,11/7/2017 11:56:52,2017-11-07,11,Tue
121187,3,1,18,280,2017-11-08 4:48:30,0,11/8/2017 4:48:30,2017-11-08,4,Wed
109145,24,1,19,178,2017-11-09 11:54:32,0,11/9/2017 11:54:32,2017-11-09,11,Thu
59456,15,1,13,245,2017-11-07 5:41:24,0,11/7/2017 5:41:24,2017-11-07,5,Tue
43750,14,1,41,489,2017-11-09 9:44:06,0,11/9/2017 9:44:06,2017-11-09,9,Thu
63790,9,2,13,134,2017-11-07 13:30:33,0,11/7/2017 13:30:33,2017-11-07,13,Tue
26454,2,1,17,469,2017-11-07 2:57:48,0,11/7/2017 2:57:48,2017-11-07,2,Tue
2358,3,1,19,371,2017-11-07 0:30:05,0,11/7/2017 0:30:05,2017-11-07,0,Tue
74725,12,1,17,178,2017-11-08 10:53:20,0,11/8/2017 10:53:20,2017-11-08,10,Wed
103332,2,1,13,435,2017-11-09 5:02:19,0,11/9/2017 5:02:19,2017-11-09,5,Thu
97522,11,1,6,319,2017-11-08 13:01:54,0,11/8/2017 13:01:54,2017-11-08,13,Wed
163311,12,1,6,245,2017-11-07 15:08:38,0,11/7/2017 15:08:38,2017-11-07,15,Tue
283541,14,1,20,379,2017-11-07 16:58:35,0,11/7/2017 16:58:35,2017-11-07,16,Tue
105437,15,1,19,245,2017-11-07 3:36:19,0,11/7/2017 3:36:19,2017-11-07,3,Tue
53479,2,1,47,469,2017-11-07 13:50:23,0,11/7/2017 13:50:23,2017-11-07,13,Tue
69088,9,1,22,334,2017-11-08 1:00:49,0,11/8/2017 1:00:49,2017-11-08,1,Wed
80736,15,1,17,386,2017-11-07 14:41:46,0,11/7/2017 14:41:46,2017-11-07,14,Tue
131588,3,1,9,409,2017-11-07 7:08:55,0,11/7/2017 7:08:55,2017-11-07,7,Tue
71449,3,1,22,280,2017-11-08 14:00:49,0,11/8/2017 14:00:49,2017-11-08,14,Wed
38076,35,1,13,21,2017-11-07 1:22:23,1,11/7/2017 1:22:23,2017-11-07,1,Tue
236339,15,1,17,245,2017-11-08 5:52:12,0,11/8/2017 5:52:12,2017-11-08,5,Wed
161370,11,1,10,122,2017-11-06 23:38:35,0,11/6/2017 23:38:35,2017-11-06,23,Mon
118847,14,1,17,379,2017-11-07 7:35:32,0,11/7/2017 7:35:32,2017-11-07,7,Tue
55000,3,1,13,280,2017-11-07 2:55:30,0,11/7/2017 2:55:30,2017-11-07,2,Tue
9867,13,1,19,477,2017-11-07 12:25:32,0,11/7/2017 12:25:32,2017-11-07,12,Tue
302497,3,1,13,137,2017-11-09 3:18:00,0,11/9/2017 3:18:00,2017-11-09,3,Thu
168878,3,1,18,173,2017-11-06 21:10:25,0,11/6/2017 21:10:25,2017-11-06,21,Mon
132716,9,1,8,489,2017-11-09 11:49:03,0,11/9/2017 11:49:03,2017-11-09,11,Thu
14416,12,1,13,265,2017-11-07 19:22:09,0,11/7/2017 19:22:09,2017-11-07,19,Tue
47669,2,1,10,469,2017-11-07 0:42:32,0,11/7/2017 0:42:32,2017-11-07,0,Tue
168931,2,1,19,435,2017-11-07 2:44:18,0,11/7/2017 2:44:18,2017-11-07,2,Tue
115746,23,1,19,153,2017-11-08 22:51:29,0,11/8/2017 22:51:29,2017-11-08,22,Wed
10053,2,1,6,477,2017-11-07 4:51:12,0,11/7/2017 4:51:12,2017-11-07,4,Tue
112806,20,2,19,259,2017-11-07 17:28:32,0,11/7/2017 17:28:32,2017-11-07,17,Tue
64619,15,1,3,245,2017-11-08 14:03:53,0,11/8/2017 14:03:53,2017-11-08,14,Wed
195073,3,1,18,280,2017-11-09 7:09:34,0,11/9/2017 7:09:34,2017-11-09,7,Thu
14872,9,2,17,466,2017-11-09 14:52:38,0,11/9/2017 14:52:38,2017-11-09,14,Thu
98471,2,1,9,122,2017-11-07 22:03:37,0,11/7/2017 22:03:37,2017-11-07,22,Tue
6595,3,1,14,489,2017-11-08 14:45:46,0,11/8/2017 14:45:46,2017-11-08,14,Wed
112350,3,1,3,137,2017-11-08 4:49:42,0,11/8/2017 4:49:42,2017-11-08,4,Wed
63725,18,1,19,439,2017-11-09 12:23:00,0,11/9/2017 12:23:00,2017-11-09,12,Thu
48518,3,1,6,489,2017-11-09 5:54:01,0,11/9/2017 5:54:01,2017-11-09,5,Thu
39546,3,1,25,409,2017-11-08 15:35:13,0,11/8/2017 15:35:13,2017-11-08,15,Wed
64567,14,1,19,463,2017-11-06 22:45:04,0,11/6/2017 22:45:04,2017-11-06,22,Mon
70522,2,1,8,237,2017-11-08 12:32:09,0,11/8/2017 12:32:09,2017-11-08,12,Wed
191797,18,3032,607,107,2017-11-06 21:23:33,0,11/6/2017 21:23:33,2017-11-06,21,Mon
211289,18,1,16,107,2017-11-07 14:42:10,0,11/7/2017 14:42:10,2017-11-07,14,Tue
95651,3,1,18,489,2017-11-07 0:37:19,0,11/7/2017 0:37:19,2017-11-07,0,Tue
78801,2,1,22,236,2017-11-09 1:24:39,0,11/9/2017 1:24:39,2017-11-09,1,Thu
109938,10,1,19,377,2017-11-07 15:31:14,0,11/7/2017 15:31:14,2017-11-07,15,Tue
26870,9,1,6,127,2017-11-09 2:30:00,0,11/9/2017 2:30:00,2017-11-09,2,Thu
283408,25,1,23,259,2017-11-08 12:29:28,0,11/8/2017 12:29:28,2017-11-08,12,Wed
79787,12,2,13,178,2017-11-07 1:53:14,0,11/7/2017 1:53:14,2017-11-07,1,Tue
75595,2,1,19,205,2017-11-08 0:12:51,0,11/8/2017 0:12:51,2017-11-08,0,Wed
88344,1,1,37,115,2017-11-08 3:22:41,0,11/8/2017 3:22:41,2017-11-08,3,Wed
73144,1,1,9,134,2017-11-09 5:12:14,0,11/9/2017 5:12:14,2017-11-09,5,Thu
41662,14,1,22,480,2017-11-08 11:24:27,0,11/8/2017 11:24:27,2017-11-08,11,Wed
91104,3,1,19,135,2017-11-07 14:40:36,0,11/7/2017 14:40:36,2017-11-07,14,Tue
211623,15,1,13,130,2017-11-07 23:30:01,0,11/7/2017 23:30:01,2017-11-07,23,Tue
98738,9,1,17,334,2017-11-06 23:49:11,0,11/6/2017 23:49:11,2017-11-06,23,Mon
5348,9,1,12,442,2017-11-07 4:49:10,0,11/7/2017 4:49:10,2017-11-07,4,Tue
75959,13,1,25,477,2017-11-08 12:50:43,0,11/8/2017 12:50:43,2017-11-08,12,Wed
5348,11,1,27,481,2017-11-08 12:59:12,0,11/8/2017 12:59:12,2017-11-08,12,Wed
65028,2,1,11,122,2017-11-09 2:59:56,0,11/9/2017 2:59:56,2017-11-09,2,Thu
105249,18,1,37,439,2017-11-07 16:34:22,0,11/7/2017 16:34:22,2017-11-07,16,Tue
332261,12,1,6,178,2017-11-09 2:18:51,0,11/9/2017 2:18:51,2017-11-09,2,Thu
89562,3,1,25,280,2017-11-08 14:26:52,0,11/8/2017 14:26:52,2017-11-08,14,Wed
27884,3,1,8,280,2017-11-08 14:55:15,0,11/8/2017 14:55:15,2017-11-08,14,Wed
225683,3,1,27,280,2017-11-08 2:41:36,0,11/8/2017 2:41:36,2017-11-08,2,Wed
102435,24,1,8,105,2017-11-06 17:12:14,0,11/6/2017 17:12:14,2017-11-06,17,Mon
97600,8,1,17,140,2017-11-07 8:52:06,0,11/7/2017 8:52:06,2017-11-07,8,Tue
67441,12,1,19,497,2017-11-07 4:27:40,0,11/7/2017 4:27:40,2017-11-07,4,Tue
267267,1,1,19,137,2017-11-08 4:50:14,0,11/8/2017 4:50:14,2017-11-08,4,Wed
5314,9,1,13,232,2017-11-09 13:42:47,0,11/9/2017 13:42:47,2017-11-09,13,Thu
6568,15,1,11,265,2017-11-07 5:51:11,0,11/7/2017 5:51:11,2017-11-07,5,Tue
1810,7,1,13,101,2017-11-09 6:52:00,0,11/9/2017 6:52:00,2017-11-09,6,Thu
106972,1,1,53,137,2017-11-07 13:38:20,0,11/7/2017 13:38:20,2017-11-07,13,Tue
213595,9,1,20,489,2017-11-09 10:00:00,0,11/9/2017 10:00:00,2017-11-09,10,Thu
100186,9,1,34,215,2017-11-09 4:12:38,0,11/9/2017 4:12:38,2017-11-09,4,Thu
80740,9,1,22,489,2017-11-08 10:29:03,0,11/8/2017 10:29:03,2017-11-08,10,Wed
17747,11,1,22,319,2017-11-09 2:19:43,0,11/9/2017 2:19:43,2017-11-09,2,Thu
42038,15,1,19,386,2017-11-09 8:48:30,0,11/9/2017 8:48:30,2017-11-09,8,Thu
4727,15,1,19,140,2017-11-09 1:38:11,0,11/9/2017 1:38:11,2017-11-09,1,Thu
119193,1,1,19,377,2017-11-07 5:04:53,0,11/7/2017 5:04:53,2017-11-07,5,Tue
138561,18,1,11,121,2017-11-07 11:32:22,0,11/7/2017 11:32:22,2017-11-07,11,Tue
11281,26,1,6,121,2017-11-08 7:32:23,0,11/8/2017 7:32:23,2017-11-08,7,Wed
221083,13,1,19,477,2017-11-07 23:59:17,0,11/7/2017 23:59:17,2017-11-07,23,Tue
35747,3,1,13,135,2017-11-07 14:11:07,0,11/7/2017 14:11:07,2017-11-07,14,Tue
17144,3,1,27,452,2017-11-09 2:49:27,0,11/9/2017 2:49:27,2017-11-09,2,Thu
105435,14,1,19,463,2017-11-07 2:47:49,0,11/7/2017 2:47:49,2017-11-07,2,Tue
81402,18,3543,748,107,2017-11-07 22:34:56,0,11/7/2017 22:34:56,2017-11-07,22,Tue
93486,10,1,13,317,2017-11-07 15:43:27,0,11/7/2017 15:43:27,2017-11-07,15,Tue
88479,2,1,13,243,2017-11-07 5:13:13,0,11/7/2017 5:13:13,2017-11-07,5,Tue
105264,12,1,3,145,2017-11-07 18:14:11,0,11/7/2017 18:14:11,2017-11-07,18,Tue
49193,15,1,13,245,2017-11-09 5:05:59,0,11/9/2017 5:05:59,2017-11-09,5,Thu
27318,14,1,18,401,2017-11-09 6:12:50,0,11/9/2017 6:12:50,2017-11-09,6,Thu
109693,2,1,53,212,2017-11-08 0:31:26,0,11/8/2017 0:31:26,2017-11-08,0,Wed
6950,14,1,19,463,2017-11-07 13:29:33,0,11/7/2017 13:29:33,2017-11-07,13,Tue
57559,14,1,22,467,2017-11-07 16:00:56,0,11/7/2017 16:00:56,2017-11-07,16,Tue
48529,15,1,13,130,2017-11-08 4:48:27,0,11/8/2017 4:48:27,2017-11-08,4,Wed
37118,27,1,13,122,2017-11-07 10:16:25,0,11/7/2017 10:16:25,2017-11-07,10,Tue
17865,14,2,19,134,2017-11-07 22:39:22,0,11/7/2017 22:39:22,2017-11-07,22,Tue
130629,11,1,22,319,2017-11-08 4:01:29,0,11/8/2017 4:01:29,2017-11-08,4,Wed
75595,24,1,19,105,2017-11-07 10:50:06,0,11/7/2017 10:50:06,2017-11-07,10,Tue
26406,14,1,18,439,2017-11-07 4:24:49,0,11/7/2017 4:24:49,2017-11-07,4,Tue
25980,12,1,19,245,2017-11-08 1:40:01,0,11/8/2017 1:40:01,2017-11-08,1,Wed
49600,12,1,13,265,2017-11-07 15:13:07,0,11/7/2017 15:13:07,2017-11-07,15,Tue
2788,15,1,13,386,2017-11-09 3:20:53,0,11/9/2017 3:20:53,2017-11-09,3,Thu
45466,15,1,19,245,2017-11-06 17:20:27,0,11/6/2017 17:20:27,2017-11-06,17,Mon
105519,2,1,19,205,2017-11-06 19:11:17,0,11/6/2017 19:11:17,2017-11-06,19,Mon
39958,9,1,13,391,2017-11-07 10:57:14,0,11/7/2017 10:57:14,2017-11-07,10,Tue
79213,15,1,19,245,2017-11-09 5:37:40,0,11/9/2017 5:37:40,2017-11-09,5,Thu
304646,12,1,19,265,2017-11-09 0:14:03,0,11/9/2017 0:14:03,2017-11-09,0,Thu
161546,24,1,13,178,2017-11-07 4:25:34,0,11/7/2017 4:25:34,2017-11-07,4,Tue
17551,9,1,19,215,2017-11-08 15:43:35,0,11/8/2017 15:43:35,2017-11-08,15,Wed
48671,3,2,9,280,2017-11-08 1:08:50,0,11/8/2017 1:08:50,2017-11-08,1,Wed
20215,3,1,19,379,2017-11-09 14:31:51,0,11/9/2017 14:31:51,2017-11-09,14,Thu
189286,12,1,6,178,2017-11-07 15:08:47,0,11/7/2017 15:08:47,2017-11-07,15,Tue
95766,2,1,13,237,2017-11-07 5:17:06,0,11/7/2017 5:17:06,2017-11-07,5,Tue
109743,12,2,19,259,2017-11-08 3:59:20,0,11/8/2017 3:59:20,2017-11-08,3,Wed
106350,17,1,13,134,2017-11-08 0:38:58,0,11/8/2017 0:38:58,2017-11-08,0,Wed
183647,15,1,19,130,2017-11-09 8:58:51,0,11/9/2017 8:58:51,2017-11-09,8,Thu
5348,3,1,6,115,2017-11-08 1:38:34,0,11/8/2017 1:38:34,2017-11-08,1,Wed
80634,12,1,17,340,2017-11-09 11:07:30,0,11/9/2017 11:07:30,2017-11-09,11,Thu
29290,2,1,19,452,2017-11-09 12:30:04,0,11/9/2017 12:30:04,2017-11-09,12,Thu
225617,15,1,35,245,2017-11-07 22:41:58,0,11/7/2017 22:41:58,2017-11-07,22,Tue
61132,19,0,0,213,2017-11-06 16:43:37,1,11/6/2017 16:43:37,2017-11-06,16,Mon
37080,13,1,46,477,2017-11-08 16:58:31,0,11/8/2017 16:58:31,2017-11-08,16,Wed
3382,3,1,28,115,2017-11-07 23:45:57,0,11/7/2017 23:45:57,2017-11-07,23,Tue
22507,2,1,3,122,2017-11-09 0:34:01,0,11/9/2017 0:34:01,2017-11-09,0,Thu
69873,2,1,35,219,2017-11-09 5:48:28,0,11/9/2017 5:48:28,2017-11-09,5,Thu
48282,9,2,7,466,2017-11-08 20:26:15,0,11/8/2017 20:26:15,2017-11-08,20,Wed
32472,9,1,35,442,2017-11-09 8:48:04,0,11/9/2017 8:48:04,2017-11-09,8,Thu
109425,2,1,47,469,2017-11-07 12:48:03,0,11/7/2017 12:48:03,2017-11-07,12,Tue
123100,12,1,19,328,2017-11-09 8:04:51,0,11/9/2017 8:04:51,2017-11-09,8,Thu
53454,3,1,19,182,2017-11-08 3:00:55,0,11/8/2017 3:00:55,2017-11-08,3,Wed
78473,25,1,13,259,2017-11-07 3:53:12,0,11/7/2017 3:53:12,2017-11-07,3,Tue
121979,19,0,21,213,2017-11-08 6:47:13,0,11/8/2017 6:47:13,2017-11-08,6,Wed
209611,1,1,16,150,2017-11-07 11:57:19,0,11/7/2017 11:57:19,2017-11-07,11,Tue
177171,9,1,25,466,2017-11-09 15:09:36,0,11/9/2017 15:09:36,2017-11-09,15,Thu
322335,7,1,1,101,2017-11-09 14:02:27,0,11/9/2017 14:02:27,2017-11-09,14,Thu
196513,21,1,15,128,2017-11-08 11:31:58,0,11/8/2017 11:31:58,2017-11-08,11,Wed
167733,12,1,16,245,2017-11-08 2:50:31,0,11/8/2017 2:50:31,2017-11-08,2,Wed
203156,20,1,13,478,2017-11-09 9:53:42,0,11/9/2017 9:53:42,2017-11-09,9,Thu
13058,1,1,19,377,2017-11-09 12:06:01,0,11/9/2017 12:06:01,2017-11-09,12,Thu
114656,3,1,13,280,2017-11-08 3:25:43,0,11/8/2017 3:25:43,2017-11-08,3,Wed
95509,2,1,14,122,2017-11-09 2:03:17,0,11/9/2017 2:03:17,2017-11-09,2,Thu
263949,6,2,6,459,2017-11-08 2:09:17,0,11/8/2017 2:09:17,2017-11-08,2,Wed
49602,151,0,24,347,2017-11-07 13:24:00,0,11/7/2017 13:24:00,2017-11-07,13,Tue
56007,14,1,13,118,2017-11-09 11:57:47,0,11/9/2017 11:57:47,2017-11-09,11,Thu
103036,15,1,19,3,2017-11-07 12:34:57,0,11/7/2017 12:34:57,2017-11-07,12,Tue
87891,12,1,13,265,2017-11-07 7:36:23,0,11/7/2017 7:36:23,2017-11-07,7,Tue
3994,3,1,9,489,2017-11-09 1:22:39,0,11/9/2017 1:22:39,2017-11-09,1,Thu
122495,21,1,26,128,2017-11-07 7:27:53,0,11/7/2017 7:27:53,2017-11-07,7,Tue
43881,2,1,44,205,2017-11-09 14:04:53,0,11/9/2017 14:04:53,2017-11-09,14,Thu
106598,17,1,9,280,2017-11-07 1:04:45,0,11/7/2017 1:04:45,2017-11-07,1,Tue
113252,3,1,13,280,2017-11-09 6:02:32,0,11/9/2017 6:02:32,2017-11-09,6,Thu
2348,62,3866,866,21,2017-11-09 7:57:34,0,11/9/2017 7:57:34,2017-11-09,7,Thu
90891,9,1,3,127,2017-11-09 12:09:24,0,11/9/2017 12:09:24,2017-11-09,12,Thu
8492,15,1,22,245,2017-11-09 4:34:12,0,11/9/2017 4:34:12,2017-11-09,4,Thu
78223,3,1,18,115,2017-11-09 7:03:37,0,11/9/2017 7:03:37,2017-11-09,7,Thu
67658,3,1,13,280,2017-11-09 2:37:13,0,11/9/2017 2:37:13,2017-11-09,2,Thu
55339,103,1,17,21,2017-11-08 23:22:36,0,11/8/2017 23:22:36,2017-11-08,23,Wed
304120,9,1,8,490,2017-11-09 5:17:36,0,11/9/2017 5:17:36,2017-11-09,5,Thu
105587,3,1,17,280,2017-11-09 2:10:05,0,11/9/2017 2:10:05,2017-11-09,2,Thu
221787,13,1,13,477,2017-11-09 5:10:38,0,11/9/2017 5:10:38,2017-11-09,5,Thu
213877,98,1,18,224,2017-11-07 18:57:19,1,11/7/2017 18:57:19,2017-11-07,18,Tue
107622,2,1,19,237,2017-11-09 1:03:54,0,11/9/2017 1:03:54,2017-11-09,1,Thu
84587,2,1,19,122,2017-11-08 11:42:23,0,11/8/2017 11:42:23,2017-11-08,11,Wed
48552,15,1,17,430,2017-11-07 2:11:02,0,11/7/2017 2:11:02,2017-11-07,2,Tue
130629,2,1,13,317,2017-11-08 10:48:01,0,11/8/2017 10:48:01,2017-11-08,10,Wed
304608,9,1,25,244,2017-11-09 4:27:07,0,11/9/2017 4:27:07,2017-11-09,4,Thu
240151,15,1,1,480,2017-11-08 11:10:47,0,11/8/2017 11:10:47,2017-11-08,11,Wed
72831,2,1,18,401,2017-11-09 13:27:42,0,11/9/2017 13:27:42,2017-11-09,13,Thu
34680,2,1,3,122,2017-11-08 15:42:00,0,11/8/2017 15:42:00,2017-11-08,15,Wed
109735,18,1,41,107,2017-11-07 20:28:17,0,11/7/2017 20:28:17,2017-11-07,20,Tue
112231,3,1,8,137,2017-11-07 22:21:07,0,11/7/2017 22:21:07,2017-11-07,22,Tue
60207,8,1,3,145,2017-11-09 4:55:15,0,11/9/2017 4:55:15,2017-11-09,4,Thu
123681,14,1,13,208,2017-11-07 0:33:32,0,11/7/2017 0:33:32,2017-11-07,0,Tue
74284,2,1,13,236,2017-11-09 4:04:12,0,11/9/2017 4:04:12,2017-11-09,4,Thu
95991,8,1,13,145,2017-11-09 9:22:57,0,11/9/2017 9:22:57,2017-11-09,9,Thu
66172,3,1,19,137,2017-11-08 22:43:17,0,11/8/2017 22:43:17,2017-11-08,22,Wed
71436,3,1,25,137,2017-11-07 17:30:26,0,11/7/2017 17:30:26,2017-11-07,17,Tue
90991,14,1,19,439,2017-11-08 9:54:13,0,11/8/2017 9:54:13,2017-11-08,9,Wed
8330,11,1,3,481,2017-11-07 11:48:00,0,11/7/2017 11:48:00,2017-11-07,11,Tue
49602,18,1,19,134,2017-11-08 13:25:11,0,11/8/2017 13:25:11,2017-11-08,13,Wed
119760,12,1,22,178,2017-11-06 16:28:58,0,11/6/2017 16:28:58,2017-11-06,16,Mon
102025,9,2,17,134,2017-11-08 22:37:09,0,11/8/2017 22:37:09,2017-11-08,22,Wed
102897,9,1,9,232,2017-11-09 12:47:29,0,11/9/2017 12:47:29,2017-11-09,12,Thu
292121,6,1,1,459,2017-11-08 20:06:58,0,11/8/2017 20:06:58,2017-11-08,20,Wed
90654,9,1,13,232,2017-11-07 4:58:07,0,11/7/2017 4:58:07,2017-11-07,4,Tue
2600,8,1,17,145,2017-11-07 13:08:52,0,11/7/2017 13:08:52,2017-11-07,13,Tue
61395,12,1,41,265,2017-11-08 4:17:29,0,11/8/2017 4:17:29,2017-11-08,4,Wed
118625,14,1,18,134,2017-11-08 15:31:21,0,11/8/2017 15:31:21,2017-11-08,15,Wed
117898,29,1,13,347,2017-11-09 2:51:19,0,11/9/2017 2:51:19,2017-11-09,2,Thu
103946,21,1,17,232,2017-11-09 13:54:57,0,11/9/2017 13:54:57,2017-11-09,13,Thu
164896,2,1,13,477,2017-11-07 3:13:36,0,11/7/2017 3:13:36,2017-11-07,3,Tue
33008,15,1,19,245,2017-11-08 14:15:45,0,11/8/2017 14:15:45,2017-11-08,14,Wed
20422,9,1,19,466,2017-11-09 15:21:59,0,11/9/2017 15:21:59,2017-11-09,15,Thu
54125,3,1,18,135,2017-11-07 10:26:21,0,11/7/2017 10:26:21,2017-11-07,10,Tue
98236,14,1,19,134,2017-11-09 7:00:06,0,11/9/2017 7:00:06,2017-11-09,7,Thu
67450,2,1,13,212,2017-11-08 22:53:42,0,11/8/2017 22:53:42,2017-11-08,22,Wed
73516,12,1,19,326,2017-11-08 22:15:55,0,11/8/2017 22:15:55,2017-11-08,22,Wed
110000,2,1,19,477,2017-11-09 7:05:16,0,11/9/2017 7:05:16,2017-11-09,7,Thu
88719,23,1,25,153,2017-11-09 10:40:28,0,11/9/2017 10:40:28,2017-11-09,10,Thu
39755,3,1,8,130,2017-11-06 23:27:14,0,11/6/2017 23:27:14,2017-11-06,23,Mon
32661,12,1,19,178,2017-11-09 5:20:57,0,11/9/2017 5:20:57,2017-11-09,5,Thu
35984,2,1,13,452,2017-11-08 4:25:59,0,11/8/2017 4:25:59,2017-11-08,4,Wed
93620,18,1,15,439,2017-11-06 19:09:14,0,11/6/2017 19:09:14,2017-11-06,19,Mon
48282,15,1,18,130,2017-11-09 11:20:25,0,11/9/2017 11:20:25,2017-11-09,11,Thu
102994,3,1,16,280,2017-11-08 13:24:51,0,11/8/2017 13:24:51,2017-11-08,13,Wed
7749,15,1,13,265,2017-11-08 15:04:52,0,11/8/2017 15:04:52,2017-11-08,15,Wed
66831,2,1,19,219,2017-11-07 14:59:36,0,11/7/2017 14:59:36,2017-11-07,14,Tue
25041,12,1,18,259,2017-11-07 4:19:49,0,11/7/2017 4:19:49,2017-11-07,4,Tue
103052,3,2,13,137,2017-11-07 13:17:14,0,11/7/2017 13:17:14,2017-11-07,13,Tue
129931,3,1,13,130,2017-11-07 23:25:39,0,11/7/2017 23:25:39,2017-11-07,23,Tue
164682,82,1,13,21,2017-11-08 6:06:21,0,11/8/2017 6:06:21,2017-11-08,6,Wed
115525,8,1,14,145,2017-11-07 9:16:18,0,11/7/2017 9:16:18,2017-11-07,9,Tue
70975,2,1,8,435,2017-11-09 6:52:37,0,11/9/2017 6:52:37,2017-11-09,6,Thu
88312,23,1,35,153,2017-11-09 3:22:46,0,11/9/2017 3:22:46,2017-11-09,3,Thu
123788,12,1,19,409,2017-11-06 20:23:47,0,11/6/2017 20:23:47,2017-11-06,20,Mon
210555,14,1,14,480,2017-11-09 8:52:59,0,11/9/2017 8:52:59,2017-11-09,8,Thu
25352,15,1,13,315,2017-11-08 8:19:42,0,11/8/2017 8:19:42,2017-11-08,8,Wed
4989,2,1,42,477,2017-11-07 5:44:22,0,11/7/2017 5:44:22,2017-11-07,5,Tue
90731,18,1,19,439,2017-11-07 15:59:56,0,11/7/2017 15:59:56,2017-11-07,15,Tue
106507,15,1,19,430,2017-11-07 0:15:29,0,11/7/2017 0:15:29,2017-11-07,0,Tue
169475,14,1,16,349,2017-11-07 13:38:00,0,11/7/2017 13:38:00,2017-11-07,13,Tue
596,15,1,19,265,2017-11-08 18:28:25,0,11/8/2017 18:28:25,2017-11-08,18,Wed
35905,18,1,36,107,2017-11-09 1:31:03,0,11/9/2017 1:31:03,2017-11-09,1,Thu
45327,2,1,10,205,2017-11-08 7:21:17,0,11/8/2017 7:21:17,2017-11-08,7,Wed
84703,28,1,37,135,2017-11-09 12:50:25,0,11/9/2017 12:50:25,2017-11-09,12,Thu
5314,14,1,6,463,2017-11-07 14:16:30,0,11/7/2017 14:16:30,2017-11-07,14,Tue
95434,7,1,19,101,2017-11-09 5:57:20,0,11/9/2017 5:57:20,2017-11-09,5,Thu
186808,27,1,18,122,2017-11-08 23:24:33,0,11/8/2017 23:24:33,2017-11-08,23,Wed
93230,15,1,19,315,2017-11-08 23:27:53,0,11/8/2017 23:27:53,2017-11-08,23,Wed
123701,2,1,13,237,2017-11-09 5:45:24,0,11/9/2017 5:45:24,2017-11-09,5,Thu
59125,2,2,19,205,2017-11-07 15:45:06,0,11/7/2017 15:45:06,2017-11-07,15,Tue
20215,6,1,20,459,2017-11-06 23:10:55,0,11/6/2017 23:10:55,2017-11-06,23,Mon
71286,3,1,23,280,2017-11-07 5:10:52,0,11/7/2017 5:10:52,2017-11-07,5,Tue
36720,3,1,13,280,2017-11-08 2:21:35,0,11/8/2017 2:21:35,2017-11-08,2,Wed
113812,2,1,19,219,2017-11-09 11:42:40,0,11/9/2017 11:42:40,2017-11-09,11,Thu
109035,12,1,37,409,2017-11-09 5:44:45,0,11/9/2017 5:44:45,2017-11-09,5,Thu
36691,10,1,22,377,2017-11-09 11:18:35,0,11/9/2017 11:18:35,2017-11-09,11,Thu
106279,3,1,19,280,2017-11-09 7:14:39,0,11/9/2017 7:14:39,2017-11-09,7,Thu
42956,21,1,10,128,2017-11-09 4:10:58,0,11/9/2017 4:10:58,2017-11-09,4,Thu
116708,7,1,13,101,2017-11-07 10:27:44,0,11/7/2017 10:27:44,2017-11-07,10,Tue
158006,2,1,22,477,2017-11-06 17:36:13,0,11/6/2017 17:36:13,2017-11-06,17,Mon
115292,14,1,22,379,2017-11-08 2:35:27,0,11/8/2017 2:35:27,2017-11-08,2,Wed
16032,2,1,13,435,2017-11-08 1:43:54,0,11/8/2017 1:43:54,2017-11-08,1,Wed
64265,3,1,13,280,2017-11-08 8:54:27,0,11/8/2017 8:54:27,2017-11-08,8,Wed
29540,9,1,13,258,2017-11-08 10:37:19,0,11/8/2017 10:37:19,2017-11-08,10,Wed
44582,37,1,17,21,2017-11-07 10:23:30,0,11/7/2017 10:23:30,2017-11-07,10,Tue
79902,3,1,19,205,2017-11-09 4:00:57,0,11/9/2017 4:00:57,2017-11-09,4,Thu
67441,2,1,19,258,2017-11-07 1:03:22,0,11/7/2017 1:03:22,2017-11-07,1,Tue
112086,3,1,17,280,2017-11-08 12:54:05,0,11/8/2017 12:54:05,2017-11-08,12,Wed
183696,9,1,10,215,2017-11-07 5:33:06,0,11/7/2017 5:33:06,2017-11-07,5,Tue
108913,14,1,19,379,2017-11-08 12:48:22,0,11/8/2017 12:48:22,2017-11-08,12,Wed
94958,18,1,13,439,2017-11-09 10:40:28,0,11/9/2017 10:40:28,2017-11-09,10,Thu
94448,12,1,19,245,2017-11-08 13:48:55,0,11/8/2017 13:48:55,2017-11-08,13,Wed
46656,18,1,13,107,2017-11-07 7:30:51,0,11/7/2017 7:30:51,2017-11-07,7,Tue
64341,2,1,22,237,2017-11-09 11:27:54,0,11/9/2017 11:27:54,2017-11-09,11,Thu
15771,26,1,13,266,2017-11-07 1:20:28,0,11/7/2017 1:20:28,2017-11-07,1,Tue
48043,15,1,19,315,2017-11-07 7:17:29,0,11/7/2017 7:17:29,2017-11-07,7,Tue
56257,12,1,18,265,2017-11-08 4:05:03,0,11/8/2017 4:05:03,2017-11-08,4,Wed
123878,10,1,17,317,2017-11-08 10:03:18,0,11/8/2017 10:03:18,2017-11-08,10,Wed
44757,2,1,16,237,2017-11-08 3:00:42,0,11/8/2017 3:00:42,2017-11-08,3,Wed
76788,2,1,20,435,2017-11-09 2:07:58,0,11/9/2017 2:07:58,2017-11-09,2,Thu
18747,14,1,1,134,2017-11-07 3:21:13,0,11/7/2017 3:21:13,2017-11-07,3,Tue
36557,20,1,19,259,2017-11-07 10:21:41,0,11/7/2017 10:21:41,2017-11-07,10,Tue
69484,14,1,19,379,2017-11-07 11:11:16,0,11/7/2017 11:11:16,2017-11-07,11,Tue
108925,3,1,19,280,2017-11-09 2:57:27,0,11/9/2017 2:57:27,2017-11-09,2,Thu
107586,15,1,19,140,2017-11-07 0:03:42,0,11/7/2017 0:03:42,2017-11-07,0,Tue
38852,13,1,15,477,2017-11-07 9:00:23,0,11/7/2017 9:00:23,2017-11-07,9,Tue
18365,3,1,25,130,2017-11-09 3:13:27,0,11/9/2017 3:13:27,2017-11-09,3,Thu
51428,9,1,18,334,2017-11-07 14:54:32,0,11/7/2017 14:54:32,2017-11-07,14,Tue
5348,3,1,12,280,2017-11-08 14:12:22,0,11/8/2017 14:12:22,2017-11-08,14,Wed
102135,18,1,19,121,2017-11-07 8:34:28,0,11/7/2017 8:34:28,2017-11-07,8,Tue
95294,3,1,15,280,2017-11-07 13:38:10,0,11/7/2017 13:38:10,2017-11-07,13,Tue
102174,3,1,19,280,2017-11-08 16:38:29,0,11/8/2017 16:38:29,2017-11-08,16,Wed
177236,10,1,25,377,2017-11-08 14:28:06,0,11/8/2017 14:28:06,2017-11-08,14,Wed
84896,20,1,19,478,2017-11-07 12:25:38,0,11/7/2017 12:25:38,2017-11-07,12,Tue
119377,15,1,41,379,2017-11-09 14:59:54,0,11/9/2017 14:59:54,2017-11-09,14,Thu
68988,2,1,13,212,2017-11-08 14:52:47,0,11/8/2017 14:52:47,2017-11-08,14,Wed
80743,4,1,19,101,2017-11-09 8:47:08,0,11/9/2017 8:47:08,2017-11-09,8,Thu
133461,2,1,19,435,2017-11-07 3:06:19,0,11/7/2017 3:06:19,2017-11-07,3,Tue
28113,12,1,17,178,2017-11-09 12:58:11,0,11/9/2017 12:58:11,2017-11-09,12,Thu
148745,12,1,25,140,2017-11-07 11:00:31,0,11/7/2017 11:00:31,2017-11-07,11,Tue
111251,15,1,49,245,2017-11-07 14:22:30,0,11/7/2017 14:22:30,2017-11-07,14,Tue
65589,8,1,18,145,2017-11-07 16:30:10,0,11/7/2017 16:30:10,2017-11-07,16,Tue
111324,15,1,18,245,2017-11-08 6:56:49,0,11/8/2017 6:56:49,2017-11-08,6,Wed
55874,6,1,13,459,2017-11-07 4:18:21,0,11/7/2017 4:18:21,2017-11-07,4,Tue
34253,2,1,19,452,2017-11-07 5:35:02,0,11/7/2017 5:35:02,2017-11-07,5,Tue
85028,18,1,22,121,2017-11-09 4:29:12,0,11/9/2017 4:29:12,2017-11-09,4,Thu
1142,2,1,17,477,2017-11-09 9:06:21,0,11/9/2017 9:06:21,2017-11-09,9,Thu
85192,24,2,19,105,2017-11-07 22:57:09,0,11/7/2017 22:57:09,2017-11-07,22,Tue
25009,15,2,17,245,2017-11-09 3:26:28,0,11/9/2017 3:26:28,2017-11-09,3,Thu
250546,23,1,9,153,2017-11-08 15:14:14,0,11/8/2017 15:14:14,2017-11-08,15,Wed
125190,2,1,16,477,2017-11-08 7:31:27,0,11/8/2017 7:31:27,2017-11-08,7,Wed
54984,15,1,41,278,2017-11-08 13:34:20,0,11/8/2017 13:34:20,2017-11-08,13,Wed
12340,1,1,13,124,2017-11-07 9:03:22,0,11/7/2017 9:03:22,2017-11-07,9,Tue
48282,9,1,15,215,2017-11-08 14:27:27,0,11/8/2017 14:27:27,2017-11-08,14,Wed
79528,12,1,13,259,2017-11-08 11:32:26,0,11/8/2017 11:32:26,2017-11-08,11,Wed
126168,9,1,22,334,2017-11-08 0:20:44,0,11/8/2017 0:20:44,2017-11-08,0,Wed
101265,17,1,13,280,2017-11-07 0:56:53,0,11/7/2017 0:56:53,2017-11-07,0,Tue
175111,3,1,18,280,2017-11-08 4:26:59,0,11/8/2017 4:26:59,2017-11-08,4,Wed
49602,18,1,19,107,2017-11-07 14:06:28,0,11/7/2017 14:06:28,2017-11-07,14,Tue
53058,9,1,19,134,2017-11-07 16:07:51,0,11/7/2017 16:07:51,2017-11-07,16,Tue
20362,21,2,9,232,2017-11-08 14:30:50,0,11/8/2017 14:30:50,2017-11-08,14,Wed
117944,15,1,13,130,2017-11-09 3:06:59,0,11/9/2017 3:06:59,2017-11-09,3,Thu
228795,21,1,13,232,2017-11-09 13:19:13,0,11/9/2017 13:19:13,2017-11-09,13,Thu
54524,28,1,15,135,2017-11-08 6:30:59,0,11/8/2017 6:30:59,2017-11-08,6,Wed
85190,1,1,19,118,2017-11-06 23:51:11,0,11/6/2017 23:51:11,2017-11-06,23,Mon
48255,3,1,13,135,2017-11-08 5:15:02,0,11/8/2017 5:15:02,2017-11-08,5,Wed
208937,9,1,19,134,2017-11-07 21:44:43,0,11/7/2017 21:44:43,2017-11-07,21,Tue
128799,110,3866,866,347,2017-11-09 9:42:16,0,11/9/2017 9:42:16,2017-11-09,9,Thu
51347,12,1,32,245,2017-11-07 15:55:35,0,11/7/2017 15:55:35,2017-11-07,15,Tue
118512,9,1,20,442,2017-11-09 11:45:33,0,11/9/2017 11:45:33,2017-11-09,11,Thu
7255,9,1,19,489,2017-11-08 14:51:23,0,11/8/2017 14:51:23,2017-11-08,14,Wed
22593,14,1,19,134,2017-11-08 9:52:57,0,11/8/2017 9:52:57,2017-11-08,9,Wed
98424,9,1,1,107,2017-11-08 14:48:51,0,11/8/2017 14:48:51,2017-11-08,14,Wed
38482,15,1,13,386,2017-11-07 8:01:46,0,11/7/2017 8:01:46,2017-11-07,8,Tue
78420,15,1,25,130,2017-11-07 14:38:54,0,11/7/2017 14:38:54,2017-11-07,14,Tue
98971,32,1,23,376,2017-11-09 0:24:41,0,11/9/2017 0:24:41,2017-11-09,0,Thu
22237,7,1,22,101,2017-11-07 10:23:26,0,11/7/2017 10:23:26,2017-11-07,10,Tue
64673,2,1,19,237,2017-11-08 5:07:07,0,11/8/2017 5:07:07,2017-11-08,5,Wed
125042,22,1,6,116,2017-11-08 9:32:12,0,11/8/2017 9:32:12,2017-11-08,9,Wed
53454,6,1,25,459,2017-11-07 5:52:33,0,11/7/2017 5:52:33,2017-11-07,5,Tue
88281,18,1,19,107,2017-11-08 11:38:24,0,11/8/2017 11:38:24,2017-11-08,11,Wed
119369,20,1,3,478,2017-11-09 11:35:29,0,11/9/2017 11:35:29,2017-11-09,11,Thu
47377,6,1,17,459,2017-11-09 7:42:27,0,11/9/2017 7:42:27,2017-11-09,7,Thu
2095,14,1,19,463,2017-11-08 7:33:51,0,11/8/2017 7:33:51,2017-11-08,7,Wed
29085,15,1,13,480,2017-11-09 15:22:34,0,11/9/2017 15:22:34,2017-11-09,15,Thu
132062,2,1,35,237,2017-11-09 3:30:00,0,11/9/2017 3:30:00,2017-11-09,3,Thu
110938,2,1,13,237,2017-11-06 23:27:44,0,11/6/2017 23:27:44,2017-11-06,23,Mon
116285,9,1,19,445,2017-11-08 2:32:10,0,11/8/2017 2:32:10,2017-11-08,2,Wed
115092,18,1,19,107,2017-11-08 6:14:21,0,11/8/2017 6:14:21,2017-11-08,6,Wed
95779,3,1,18,317,2017-11-08 7:31:19,0,11/8/2017 7:31:19,2017-11-08,7,Wed
113854,3,1,18,280,2017-11-09 2:13:01,0,11/9/2017 2:13:01,2017-11-09,2,Thu
94059,3,1,10,280,2017-11-09 0:05:24,0,11/9/2017 0:05:24,2017-11-09,0,Thu
4052,12,1,6,19,2017-11-08 16:38:19,0,11/8/2017 16:38:19,2017-11-08,16,Wed
162820,28,1,19,135,2017-11-09 4:58:02,0,11/9/2017 4:58:02,2017-11-09,4,Thu
142547,15,1,18,111,2017-11-08 8:46:13,0,11/8/2017 8:46:13,2017-11-08,8,Wed
48282,7,1,5,101,2017-11-08 5:03:46,0,11/8/2017 5:03:46,2017-11-08,5,Wed
16859,15,1,10,430,2017-11-07 9:32:15,0,11/7/2017 9:32:15,2017-11-07,9,Tue
111847,64,1,23,459,2017-11-07 23:44:45,0,11/7/2017 23:44:45,2017-11-07,23,Tue
93291,12,1,19,340,2017-11-09 12:00:09,0,11/9/2017 12:00:09,2017-11-09,12,Thu
101437,3,1,19,280,2017-11-08 3:15:31,0,11/8/2017 3:15:31,2017-11-08,3,Wed
123012,21,2,13,128,2017-11-06 23:19:39,0,11/6/2017 23:19:39,2017-11-06,23,Mon
13812,6,1,13,459,2017-11-07 16:35:57,0,11/7/2017 16:35:57,2017-11-07,16,Tue
111025,14,1,16,371,2017-11-09 15:02:41,0,11/9/2017 15:02:41,2017-11-09,15,Thu
97744,4,1,17,101,2017-11-08 2:37:04,0,11/8/2017 2:37:04,2017-11-08,2,Wed
65582,9,1,20,466,2017-11-08 8:17:26,0,11/8/2017 8:17:26,2017-11-08,8,Wed
2753,12,1,6,277,2017-11-08 1:04:08,0,11/8/2017 1:04:08,2017-11-08,1,Wed
45318,8,1,13,140,2017-11-08 12:10:27,0,11/8/2017 12:10:27,2017-11-08,12,Wed
77325,14,1,9,379,2017-11-09 5:04:48,0,11/9/2017 5:04:48,2017-11-09,5,Thu
5348,3,1,10,280,2017-11-08 10:42:23,0,11/8/2017 10:42:23,2017-11-08,10,Wed
44744,2,1,13,435,2017-11-07 0:14:00,0,11/7/2017 0:14:00,2017-11-07,0,Tue
10239,3,1,19,280,2017-11-08 4:47:32,0,11/8/2017 4:47:32,2017-11-08,4,Wed
168163,2,1,10,377,2017-11-09 2:44:50,0,11/9/2017 2:44:50,2017-11-09,2,Thu
164229,2,1,19,236,2017-11-07 12:54:37,0,11/7/2017 12:54:37,2017-11-07,12,Tue
95631,13,1,19,477,2017-11-09 1:25:30,0,11/9/2017 1:25:30,2017-11-09,1,Thu
44744,21,1,18,232,2017-11-07 16:29:33,0,11/7/2017 16:29:33,2017-11-07,16,Tue
37120,2,1,20,477,2017-11-09 7:19:09,0,11/9/2017 7:19:09,2017-11-09,7,Thu
84510,1,1,19,153,2017-11-07 12:55:55,0,11/7/2017 12:55:55,2017-11-07,12,Tue
54065,29,1,19,101,2017-11-08 12:12:52,0,11/8/2017 12:12:52,2017-11-08,12,Wed
52766,2,1,13,122,2017-11-07 17:11:14,0,11/7/2017 17:11:14,2017-11-07,17,Tue
104978,15,1,19,265,2017-11-07 14:25:50,0,11/7/2017 14:25:50,2017-11-07,14,Tue
105485,2,1,8,205,2017-11-07 18:18:53,0,11/7/2017 18:18:53,2017-11-07,18,Tue
65631,3,1,32,130,2017-11-07 10:43:55,0,11/7/2017 10:43:55,2017-11-07,10,Tue
79881,3,1,19,280,2017-11-09 5:59:23,0,11/9/2017 5:59:23,2017-11-09,5,Thu
29403,15,1,17,245,2017-11-07 12:26:59,0,11/7/2017 12:26:59,2017-11-07,12,Tue
160869,15,1,41,245,2017-11-08 9:58:32,0,11/8/2017 9:58:32,2017-11-08,9,Wed
103648,6,1,13,459,2017-11-08 5:41:48,0,11/8/2017 5:41:48,2017-11-08,5,Wed
100275,2,1,19,477,2017-11-07 7:55:14,0,11/7/2017 7:55:14,2017-11-07,7,Tue
188586,12,1,8,497,2017-11-07 1:52:00,0,11/7/2017 1:52:00,2017-11-07,1,Tue
200987,2,1,13,219,2017-11-07 0:19:55,0,11/7/2017 0:19:55,2017-11-07,0,Tue
93383,20,1,13,259,2017-11-08 13:46:36,0,11/8/2017 13:46:36,2017-11-08,13,Wed
25321,3,1,13,280,2017-11-08 0:05:46,0,11/8/2017 0:05:46,2017-11-08,0,Wed
201182,12,1,22,145,2017-11-06 20:48:37,0,11/6/2017 20:48:37,2017-11-06,20,Mon
117423,3,1,19,280,2017-11-07 11:09:36,0,11/7/2017 11:09:36,2017-11-07,11,Tue
23907,12,1,13,259,2017-11-06 19:59:35,0,11/6/2017 19:59:35,2017-11-06,19,Mon
77048,2,1,13,205,2017-11-08 15:05:53,0,11/8/2017 15:05:53,2017-11-08,15,Wed
86419,18,1,37,107,2017-11-09 0:34:17,0,11/9/2017 0:34:17,2017-11-09,0,Thu
5381,12,1,19,328,2017-11-09 8:13:04,0,11/9/2017 8:13:04,2017-11-09,8,Thu
57295,15,1,23,245,2017-11-09 3:40:18,0,11/9/2017 3:40:18,2017-11-09,3,Thu
47083,2,1,19,236,2017-11-08 6:04:52,0,11/8/2017 6:04:52,2017-11-08,6,Wed
53964,11,1,28,360,2017-11-09 14:35:19,0,11/9/2017 14:35:19,2017-11-09,14,Thu
14921,2,1,18,435,2017-11-07 4:36:03,0,11/7/2017 4:36:03,2017-11-07,4,Tue
92766,9,1,20,234,2017-11-08 22:08:33,0,11/8/2017 22:08:33,2017-11-08,22,Wed
41978,12,1,40,178,2017-11-07 1:36:03,0,11/7/2017 1:36:03,2017-11-07,1,Tue
141432,15,1,10,153,2017-11-08 9:49:11,0,11/8/2017 9:49:11,2017-11-08,9,Wed
73487,12,1,19,245,2017-11-07 3:49:58,0,11/7/2017 3:49:58,2017-11-07,3,Tue
118157,9,1,19,134,2017-11-07 22:33:48,0,11/7/2017 22:33:48,2017-11-07,22,Tue
164737,56,1,13,406,2017-11-08 3:03:57,0,11/8/2017 3:03:57,2017-11-08,3,Wed
246626,18,1,22,134,2017-11-08 1:53:28,0,11/8/2017 1:53:28,2017-11-08,1,Wed
109826,3,1,20,280,2017-11-08 5:33:48,0,11/8/2017 5:33:48,2017-11-08,5,Wed
32665,18,1,19,376,2017-11-09 6:00:03,0,11/9/2017 6:00:03,2017-11-09,6,Thu
73487,18,1,53,134,2017-11-09 13:21:11,0,11/9/2017 13:21:11,2017-11-09,13,Thu
13886,12,1,13,259,2017-11-08 15:17:21,0,11/8/2017 15:17:21,2017-11-08,15,Wed
101300,3,1,20,280,2017-11-08 10:14:54,0,11/8/2017 10:14:54,2017-11-08,10,Wed
64620,5,1,13,317,2017-11-09 7:22:32,0,11/9/2017 7:22:32,2017-11-09,7,Thu
115585,3,1,49,280,2017-11-08 2:09:10,0,11/8/2017 2:09:10,2017-11-08,2,Wed
60320,3,1,3,115,2017-11-06 22:44:12,0,11/6/2017 22:44:12,2017-11-06,22,Mon
23073,3,1,13,280,2017-11-08 1:40:55,0,11/8/2017 1:40:55,2017-11-08,1,Wed
41313,3,1,17,280,2017-11-09 2:34:50,0,11/9/2017 2:34:50,2017-11-09,2,Thu
133103,3,1,13,280,2017-11-08 10:30:09,0,11/8/2017 10:30:09,2017-11-08,10,Wed
47273,8,1,6,145,2017-11-09 11:40:32,0,11/9/2017 11:40:32,2017-11-09,11,Thu
82137,3,1,23,115,2017-11-07 18:51:52,0,11/7/2017 18:51:52,2017-11-07,18,Tue
156730,26,1,42,121,2017-11-07 8:29:06,0,11/7/2017 8:29:06,2017-11-07,8,Tue
8924,1,1,13,118,2017-11-08 0:45:42,0,11/8/2017 0:45:42,2017-11-08,0,Wed
105603,15,2,6,153,2017-11-09 5:29:06,0,11/9/2017 5:29:06,2017-11-09,5,Thu
93234,2,1,27,469,2017-11-07 15:23:56,0,11/7/2017 15:23:56,2017-11-07,15,Tue
122032,13,1,19,477,2017-11-08 3:15:04,0,11/8/2017 3:15:04,2017-11-08,3,Wed
73487,14,1,3,489,2017-11-08 3:53:58,0,11/8/2017 3:53:58,2017-11-08,3,Wed
147211,9,1,13,134,2017-11-07 0:11:22,0,11/7/2017 0:11:22,2017-11-07,0,Tue
69904,22,1,47,116,2017-11-09 3:53:43,0,11/9/2017 3:53:43,2017-11-09,3,Thu
56166,2,1,26,435,2017-11-08 6:12:13,0,11/8/2017 6:12:13,2017-11-08,6,Wed
37794,15,1,47,315,2017-11-09 9:28:34,0,11/9/2017 9:28:34,2017-11-09,9,Thu
83803,18,1,25,376,2017-11-08 13:44:23,0,11/8/2017 13:44:23,2017-11-08,13,Wed
95766,18,1,70,134,2017-11-08 5:04:20,0,11/8/2017 5:04:20,2017-11-08,5,Wed
50037,17,1,13,280,2017-11-08 7:43:24,0,11/8/2017 7:43:24,2017-11-08,7,Wed
78447,9,1,13,134,2017-11-06 16:13:34,0,11/6/2017 16:13:34,2017-11-06,16,Mon
57591,3,1,6,280,2017-11-08 14:36:00,0,11/8/2017 14:36:00,2017-11-08,14,Wed
44926,12,1,16,205,2017-11-09 14:56:53,0,11/9/2017 14:56:53,2017-11-09,14,Thu
33924,18,1,18,107,2017-11-09 6:59:52,0,11/9/2017 6:59:52,2017-11-09,6,Thu
117867,3,1,19,280,2017-11-07 13:15:46,0,11/7/2017 13:15:46,2017-11-07,13,Tue
68804,3,1,25,379,2017-11-08 3:22:04,0,11/8/2017 3:22:04,2017-11-08,3,Wed
113357,15,1,23,245,2017-11-08 3:45:00,0,11/8/2017 3:45:00,2017-11-08,3,Wed
16478,28,1,13,135,2017-11-06 16:20:07,0,11/6/2017 16:20:07,2017-11-06,16,Mon
52660,11,1,1,219,2017-11-09 6:05:33,0,11/9/2017 6:05:33,2017-11-09,6,Thu
155833,15,1,41,245,2017-11-06 19:57:54,0,11/6/2017 19:57:54,2017-11-06,19,Mon
69944,14,1,19,401,2017-11-09 2:18:53,0,11/9/2017 2:18:53,2017-11-09,2,Thu
16693,12,1,19,122,2017-11-09 1:00:26,0,11/9/2017 1:00:26,2017-11-09,1,Thu
191236,18,1,41,121,2017-11-08 23:43:30,0,11/8/2017 23:43:30,2017-11-08,23,Wed
41261,15,1,19,245,2017-11-08 23:54:24,0,11/8/2017 23:54:24,2017-11-08,23,Wed
106493,12,1,13,259,2017-11-07 6:06:11,0,11/7/2017 6:06:11,2017-11-07,6,Tue
111025,18,1,27,107,2017-11-09 0:54:26,0,11/9/2017 0:54:26,2017-11-09,0,Thu
114276,3,1,3,280,2017-11-09 1:39:32,0,11/9/2017 1:39:32,2017-11-09,1,Thu
63205,9,1,19,232,2017-11-06 23:03:12,0,11/6/2017 23:03:12,2017-11-06,23,Mon
8499,8,1,13,145,2017-11-08 23:52:50,0,11/8/2017 23:52:50,2017-11-08,23,Wed
129931,2,1,35,477,2017-11-08 23:03:51,0,11/8/2017 23:03:51,2017-11-08,23,Wed
43537,7,1,19,101,2017-11-07 11:23:38,0,11/7/2017 11:23:38,2017-11-07,11,Tue
16579,3,1,10,280,2017-11-08 13:07:01,0,11/8/2017 13:07:01,2017-11-08,13,Wed
122417,12,1,19,19,2017-11-07 7:21:56,0,11/7/2017 7:21:56,2017-11-07,7,Tue
125833,1,1,6,125,2017-11-08 12:02:05,0,11/8/2017 12:02:05,2017-11-08,12,Wed
105753,18,1,37,107,2017-11-08 3:40:19,0,11/8/2017 3:40:19,2017-11-08,3,Wed
90555,8,1,17,145,2017-11-07 23:19:29,0,11/7/2017 23:19:29,2017-11-07,23,Tue
14751,12,1,20,178,2017-11-09 12:05:30,0,11/9/2017 12:05:30,2017-11-09,12,Thu
152257,9,1,10,489,2017-11-09 9:01:22,0,11/9/2017 9:01:22,2017-11-09,9,Thu
14130,18,1,13,107,2017-11-08 16:19:31,0,11/8/2017 16:19:31,2017-11-08,16,Wed
9923,1,1,13,13,2017-11-09 11:07:58,0,11/9/2017 11:07:58,2017-11-09,11,Thu
60554,3,1,19,280,2017-11-07 5:43:48,0,11/7/2017 5:43:48,2017-11-07,5,Tue
4957,3,1,12,424,2017-11-07 3:41:17,0,11/7/2017 3:41:17,2017-11-07,3,Tue
59745,22,1,13,496,2017-11-07 2:43:18,0,11/7/2017 2:43:18,2017-11-07,2,Tue
52043,9,1,3,234,2017-11-07 9:50:58,0,11/7/2017 9:50:58,2017-11-07,9,Tue
163168,12,1,13,245,2017-11-08 7:43:08,0,11/8/2017 7:43:08,2017-11-08,7,Wed
132703,3,1,13,130,2017-11-07 5:12:37,0,11/7/2017 5:12:37,2017-11-07,5,Tue
123577,2,1,27,469,2017-11-07 1:26:31,0,11/7/2017 1:26:31,2017-11-07,1,Tue
42869,12,1,22,182,2017-11-08 2:26:27,0,11/8/2017 2:26:27,2017-11-08,2,Wed
22187,2,1,13,435,2017-11-09 13:37:40,0,11/9/2017 13:37:40,2017-11-09,13,Thu
92852,12,1,19,326,2017-11-08 8:11:59,0,11/8/2017 8:11:59,2017-11-08,8,Wed
83306,21,1,19,128,2017-11-08 4:39:31,0,11/8/2017 4:39:31,2017-11-08,4,Wed
173085,18,1,22,107,2017-11-08 13:40:37,0,11/8/2017 13:40:37,2017-11-08,13,Wed
5314,18,1,19,121,2017-11-08 7:55:10,0,11/8/2017 7:55:10,2017-11-08,7,Wed
121906,3,1,10,379,2017-11-09 0:00:09,0,11/9/2017 0:00:09,2017-11-09,0,Thu
44051,2,1,15,237,2017-11-08 4:13:44,0,11/8/2017 4:13:44,2017-11-08,4,Wed
97773,12,1,25,265,2017-11-07 8:14:57,0,11/7/2017 8:14:57,2017-11-07,8,Tue
79157,3,1,19,280,2017-11-09 0:28:35,0,11/9/2017 0:28:35,2017-11-09,0,Thu
117524,12,1,37,19,2017-11-08 0:20:11,0,11/8/2017 0:20:11,2017-11-08,0,Wed
100896,17,1,25,134,2017-11-07 5:10:51,0,11/7/2017 5:10:51,2017-11-07,5,Tue
95104,2,1,19,435,2017-11-08 14:08:55,0,11/8/2017 14:08:55,2017-11-08,14,Wed
304196,12,1,13,140,2017-11-09 10:15:46,0,11/9/2017 10:15:46,2017-11-09,10,Thu
8940,18,1,13,121,2017-11-07 3:03:28,0,11/7/2017 3:03:28,2017-11-07,3,Tue
37565,3,1,13,280,2017-11-08 17:49:07,0,11/8/2017 17:49:07,2017-11-08,17,Wed
110042,18,1,41,134,2017-11-08 7:46:14,0,11/8/2017 7:46:14,2017-11-08,7,Wed
195573,9,1,1,107,2017-11-09 9:08:29,0,11/9/2017 9:08:29,2017-11-09,9,Thu
25792,18,1,13,107,2017-11-07 16:21:11,0,11/7/2017 16:21:11,2017-11-07,16,Tue
61168,9,2,9,466,2017-11-08 14:52:39,0,11/8/2017 14:52:39,2017-11-08,14,Wed
45308,20,1,35,478,2017-11-09 11:38:16,0,11/9/2017 11:38:16,2017-11-09,11,Thu
38185,28,1,13,135,2017-11-09 13:42:12,0,11/9/2017 13:42:12,2017-11-09,13,Thu
42143,3,1,14,452,2017-11-07 0:07:06,0,11/7/2017 0:07:06,2017-11-07,0,Tue
182403,15,1,19,111,2017-11-07 6:14:38,0,11/7/2017 6:14:38,2017-11-07,6,Tue
155761,8,1,13,145,2017-11-07 4:18:53,0,11/7/2017 4:18:53,2017-11-07,4,Tue
61763,3,1,14,442,2017-11-09 1:22:42,0,11/9/2017 1:22:42,2017-11-09,1,Thu
85096,3,1,13,317,2017-11-08 7:51:21,0,11/8/2017 7:51:21,2017-11-08,7,Wed
178581,12,1,13,178,2017-11-07 12:43:46,0,11/7/2017 12:43:46,2017-11-07,12,Tue
145896,26,1,19,266,2017-11-06 22:59:01,0,11/6/2017 22:59:01,2017-11-06,22,Mon
55040,15,1,13,480,2017-11-09 5:55:58,0,11/9/2017 5:55:58,2017-11-09,5,Thu
270296,23,1,15,153,2017-11-09 8:03:55,0,11/9/2017 8:03:55,2017-11-09,8,Thu
107921,2,1,19,122,2017-11-09 14:12:23,0,11/9/2017 14:12:23,2017-11-09,14,Thu
39782,2,2,25,205,2017-11-09 15:30:58,0,11/9/2017 15:30:58,2017-11-09,15,Thu
55663,9,1,1,215,2017-11-07 6:08:27,0,11/7/2017 6:08:27,2017-11-07,6,Tue
224325,3,1,13,280,2017-11-09 4:47:30,0,11/9/2017 4:47:30,2017-11-09,4,Thu
106883,18,1,19,134,2017-11-07 7:58:29,0,11/7/2017 7:58:29,2017-11-07,7,Tue
172498,2,1,10,452,2017-11-07 1:36:33,0,11/7/2017 1:36:33,2017-11-07,1,Tue
121505,8,2,13,145,2017-11-08 16:00:48,0,11/8/2017 16:00:48,2017-11-08,16,Wed
153624,3,1,13,205,2017-11-09 14:35:34,0,11/9/2017 14:35:34,2017-11-09,14,Thu
5348,2,1,41,477,2017-11-09 10:29:06,0,11/9/2017 10:29:06,2017-11-09,10,Thu
84896,3,1,13,442,2017-11-07 5:04:40,0,11/7/2017 5:04:40,2017-11-07,5,Tue
80413,22,1,17,496,2017-11-07 11:16:56,0,11/7/2017 11:16:56,2017-11-07,11,Tue
90605,25,1,19,259,2017-11-07 4:59:30,0,11/7/2017 4:59:30,2017-11-07,4,Tue
12634,3,1,10,489,2017-11-08 19:51:26,0,11/8/2017 19:51:26,2017-11-08,19,Wed
93593,12,1,36,265,2017-11-07 13:50:20,0,11/7/2017 13:50:20,2017-11-07,13,Tue
92712,3,1,13,153,2017-11-07 12:01:09,0,11/7/2017 12:01:09,2017-11-07,12,Tue
7006,12,1,19,178,2017-11-07 11:01:51,0,11/7/2017 11:01:51,2017-11-07,11,Tue
87998,3,1,13,280,2017-11-07 2:18:44,0,11/7/2017 2:18:44,2017-11-07,2,Tue
5314,8,1,8,145,2017-11-09 12:28:57,0,11/9/2017 12:28:57,2017-11-09,12,Thu
70795,27,1,13,153,2017-11-08 9:16:09,0,11/8/2017 9:16:09,2017-11-08,9,Wed
167091,14,1,1,401,2017-11-09 10:57:52,0,11/9/2017 10:57:52,2017-11-09,10,Thu
112775,3,1,19,115,2017-11-08 18:09:17,0,11/8/2017 18:09:17,2017-11-08,18,Wed
100840,13,1,13,469,2017-11-08 5:59:09,0,11/8/2017 5:59:09,2017-11-08,5,Wed
111162,2,1,19,122,2017-11-08 2:21:49,0,11/8/2017 2:21:49,2017-11-08,2,Wed
1611,12,1,19,259,2017-11-07 17:51:51,0,11/7/2017 17:51:51,2017-11-07,17,Tue
220134,3,1,13,280,2017-11-08 11:47:32,0,11/8/2017 11:47:32,2017-11-08,11,Wed
114276,3,1,13,137,2017-11-07 12:50:40,0,11/7/2017 12:50:40,2017-11-07,12,Tue
65687,6,1,19,125,2017-11-09 8:13:06,0,11/9/2017 8:13:06,2017-11-09,8,Thu
79103,12,1,10,409,2017-11-09 9:07:22,0,11/9/2017 9:07:22,2017-11-09,9,Thu
136291,18,1,19,107,2017-11-08 17:52:39,0,11/8/2017 17:52:39,2017-11-08,17,Wed
37158,18,1,13,107,2017-11-08 9:23:56,0,11/8/2017 9:23:56,2017-11-08,9,Wed
284,3,1,6,489,2017-11-09 13:06:53,0,11/9/2017 13:06:53,2017-11-09,13,Thu
103396,3,1,13,130,2017-11-08 12:41:28,0,11/8/2017 12:41:28,2017-11-08,12,Wed
70253,2,1,19,212,2017-11-08 15:06:44,0,11/8/2017 15:06:44,2017-11-08,15,Wed
163326,26,1,19,266,2017-11-09 8:29:10,0,11/9/2017 8:29:10,2017-11-09,8,Thu
111363,1,2,9,153,2017-11-08 1:37:47,0,11/8/2017 1:37:47,2017-11-08,1,Wed
20576,6,1,20,459,2017-11-07 11:21:22,0,11/7/2017 11:21:22,2017-11-07,11,Tue
45992,9,1,19,466,2017-11-07 9:59:14,0,11/7/2017 9:59:14,2017-11-07,9,Tue
110064,3,1,1,280,2017-11-07 5:19:17,0,11/7/2017 5:19:17,2017-11-07,5,Tue
46774,18,1,18,107,2017-11-09 8:03:00,0,11/9/2017 8:03:00,2017-11-09,8,Thu
106598,3,1,37,211,2017-11-08 16:32:42,0,11/8/2017 16:32:42,2017-11-08,16,Wed
10314,18,1,18,134,2017-11-08 3:07:55,0,11/8/2017 3:07:55,2017-11-08,3,Wed
91661,2,1,13,477,2017-11-07 15:36:10,0,11/7/2017 15:36:10,2017-11-07,15,Tue
119222,18,1,22,107,2017-11-07 8:27:19,0,11/7/2017 8:27:19,2017-11-07,8,Tue
84934,3,1,6,280,2017-11-09 5:50:55,0,11/9/2017 5:50:55,2017-11-09,5,Thu
100694,1,1,22,153,2017-11-07 23:35:05,0,11/7/2017 23:35:05,2017-11-07,23,Tue
67393,18,1,19,134,2017-11-09 8:26:03,0,11/9/2017 8:26:03,2017-11-09,8,Thu
3964,2,1,10,236,2017-11-08 7:42:12,0,11/8/2017 7:42:12,2017-11-08,7,Wed
44744,15,1,19,130,2017-11-06 16:15:53,0,11/6/2017 16:15:53,2017-11-06,16,Mon
196216,2,1,13,477,2017-11-08 0:50:19,0,11/8/2017 0:50:19,2017-11-08,0,Wed
251954,12,1,17,265,2017-11-08 5:20:33,0,11/8/2017 5:20:33,2017-11-08,5,Wed
104548,3,1,607,137,2017-11-07 13:47:46,0,11/7/2017 13:47:46,2017-11-07,13,Tue
58237,2,1,14,236,2017-11-07 12:45:35,0,11/7/2017 12:45:35,2017-11-07,12,Tue
102027,3,1,17,135,2017-11-09 1:14:03,0,11/9/2017 1:14:03,2017-11-09,1,Thu
125222,14,1,13,489,2017-11-07 11:09:30,0,11/7/2017 11:09:30,2017-11-07,11,Tue
63986,2,1,13,377,2017-11-08 13:17:29,0,11/8/2017 13:17:29,2017-11-08,13,Wed
108690,9,1,18,489,2017-11-08 10:11:02,0,11/8/2017 10:11:02,2017-11-08,10,Wed
180184,28,1,10,135,2017-11-09 4:43:38,0,11/9/2017 4:43:38,2017-11-09,4,Thu
106162,3,1,19,280,2017-11-08 14:33:08,0,11/8/2017 14:33:08,2017-11-08,14,Wed
63636,26,1,25,121,2017-11-07 15:38:48,0,11/7/2017 15:38:48,2017-11-07,15,Tue
96083,23,1,22,153,2017-11-09 2:33:15,0,11/9/2017 2:33:15,2017-11-09,2,Thu
63989,14,1,17,401,2017-11-09 6:57:24,0,11/9/2017 6:57:24,2017-11-09,6,Thu
105448,3,1,17,280,2017-11-07 6:47:42,0,11/7/2017 6:47:42,2017-11-07,6,Tue
3488,8,1,19,145,2017-11-09 7:07:32,0,11/9/2017 7:07:32,2017-11-09,7,Thu
239935,22,1,19,116,2017-11-08 5:20:54,0,11/8/2017 5:20:54,2017-11-08,5,Wed
8506,12,1,8,265,2017-11-08 8:47:24,0,11/8/2017 8:47:24,2017-11-08,8,Wed
59719,12,1,19,178,2017-11-07 6:01:46,0,11/7/2017 6:01:46,2017-11-07,6,Tue
9820,9,1,49,442,2017-11-09 11:14:37,0,11/9/2017 11:14:37,2017-11-09,11,Thu
159958,15,1,13,379,2017-11-07 7:51:24,0,11/7/2017 7:51:24,2017-11-07,7,Tue
72627,9,1,8,134,2017-11-09 1:52:51,0,11/9/2017 1:52:51,2017-11-09,1,Thu
85328,9,1,22,442,2017-11-08 23:07:30,0,11/8/2017 23:07:30,2017-11-08,23,Wed
73516,15,2,77,245,2017-11-08 11:58:25,0,11/8/2017 11:58:25,2017-11-08,11,Wed
127902,18,1,10,107,2017-11-07 13:27:00,0,11/7/2017 13:27:00,2017-11-07,13,Tue
178851,2,1,19,205,2017-11-07 4:55:19,0,11/7/2017 4:55:19,2017-11-07,4,Tue
144617,8,1,25,145,2017-11-07 15:14:36,0,11/7/2017 15:14:36,2017-11-07,15,Tue
50658,9,1,13,466,2017-11-09 6:36:55,0,11/9/2017 6:36:55,2017-11-09,6,Thu
55142,3,1,23,211,2017-11-08 17:35:29,0,11/8/2017 17:35:29,2017-11-08,17,Wed
113389,3,1,12,280,2017-11-09 0:58:09,0,11/9/2017 0:58:09,2017-11-09,0,Thu
133441,3,1,13,489,2017-11-07 5:59:13,0,11/7/2017 5:59:13,2017-11-07,5,Tue
164213,11,1,10,319,2017-11-08 11:50:07,0,11/8/2017 11:50:07,2017-11-08,11,Wed
49553,15,1,16,480,2017-11-07 8:13:05,0,11/7/2017 8:13:05,2017-11-07,8,Tue
78992,2,1,20,243,2017-11-09 4:15:51,0,11/9/2017 4:15:51,2017-11-09,4,Thu
104622,9,1,19,134,2017-11-06 16:20:42,0,11/6/2017 16:20:42,2017-11-06,16,Mon
67682,3,1,19,173,2017-11-09 5:11:48,0,11/9/2017 5:11:48,2017-11-09,5,Thu
155145,3,1,18,280,2017-11-08 15:29:19,0,11/8/2017 15:29:19,2017-11-08,15,Wed
88050,15,1,17,430,2017-11-08 10:55:33,0,11/8/2017 10:55:33,2017-11-08,10,Wed
39711,6,1,3,459,2017-11-09 7:09:44,0,11/9/2017 7:09:44,2017-11-09,7,Thu
3641,18,1,4,439,2017-11-07 2:15:18,0,11/7/2017 2:15:18,2017-11-07,2,Tue
134524,9,1,17,466,2017-11-08 3:31:21,0,11/8/2017 3:31:21,2017-11-08,3,Wed
169040,1,1,53,377,2017-11-07 11:48:13,0,11/7/2017 11:48:13,2017-11-07,11,Tue
5314,18,1,19,107,2017-11-09 12:16:22,0,11/9/2017 12:16:22,2017-11-09,12,Thu
5785,9,1,13,232,2017-11-06 23:04:11,0,11/6/2017 23:04:11,2017-11-06,23,Mon
101074,151,0,38,347,2017-11-09 1:53:45,0,11/9/2017 1:53:45,2017-11-09,1,Thu
25485,14,1,13,489,2017-11-06 23:02:07,0,11/6/2017 23:02:07,2017-11-06,23,Mon
10511,21,1,13,128,2017-11-06 23:01:39,0,11/6/2017 23:01:39,2017-11-06,23,Mon
63964,21,1,37,128,2017-11-09 13:39:16,0,11/9/2017 13:39:16,2017-11-09,13,Thu
132723,2,1,13,237,2017-11-09 5:10:46,0,11/9/2017 5:10:46,2017-11-09,5,Thu
100724,3,1,13,173,2017-11-09 5:22:57,0,11/9/2017 5:22:57,2017-11-09,5,Thu
99503,27,1,17,122,2017-11-09 0:49:19,0,11/9/2017 0:49:19,2017-11-09,0,Thu
98881,13,1,19,469,2017-11-08 3:58:08,0,11/8/2017 3:58:08,2017-11-08,3,Wed
25009,22,1,13,116,2017-11-09 8:42:33,0,11/9/2017 8:42:33,2017-11-09,8,Thu
36052,2,1,13,477,2017-11-09 5:26:25,0,11/9/2017 5:26:25,2017-11-09,5,Thu
103077,9,1,4,244,2017-11-09 10:48:28,0,11/9/2017 10:48:28,2017-11-09,10,Thu
353,6,2,77,125,2017-11-08 7:17:27,0,11/8/2017 7:17:27,2017-11-08,7,Wed
93021,12,2,37,265,2017-11-08 8:51:28,0,11/8/2017 8:51:28,2017-11-08,8,Wed
130827,14,1,27,401,2017-11-09 9:40:21,0,11/9/2017 9:40:21,2017-11-09,9,Thu
68729,6,1,9,125,2017-11-06 22:48:03,0,11/6/2017 22:48:03,2017-11-06,22,Mon
77403,18,1,23,376,2017-11-08 19:18:51,0,11/8/2017 19:18:51,2017-11-08,19,Wed
86621,2,1,13,236,2017-11-06 16:44:44,0,11/6/2017 16:44:44,2017-11-06,16,Mon
91661,11,1,13,325,2017-11-07 6:28:32,0,11/7/2017 6:28:32,2017-11-07,6,Tue
127969,1,1,18,178,2017-11-07 6:55:07,0,11/7/2017 6:55:07,2017-11-07,6,Tue
14764,15,1,19,3,2017-11-08 13:40:22,0,11/8/2017 13:40:22,2017-11-08,13,Wed
34520,18,1,8,107,2017-11-08 5:13:14,0,11/8/2017 5:13:14,2017-11-08,5,Wed
38219,2,1,3,122,2017-11-09 3:06:01,0,11/9/2017 3:06:01,2017-11-09,3,Thu
206858,9,1,16,107,2017-11-09 14:02:50,0,11/9/2017 14:02:50,2017-11-09,14,Thu
89426,12,1,9,265,2017-11-09 2:03:54,0,11/9/2017 2:03:54,2017-11-09,2,Thu
233814,3,1,17,211,2017-11-08 5:01:10,0,11/8/2017 5:01:10,2017-11-08,5,Wed
71762,12,1,10,145,2017-11-09 1:09:28,0,11/9/2017 1:09:28,2017-11-09,1,Thu
93523,6,1,11,125,2017-11-08 12:51:20,0,11/8/2017 12:51:20,2017-11-08,12,Wed
50128,13,1,19,477,2017-11-07 4:29:37,0,11/7/2017 4:29:37,2017-11-07,4,Tue
280511,3,1,19,280,2017-11-08 7:29:54,0,11/8/2017 7:29:54,2017-11-08,7,Wed
77399,21,1,3,232,2017-11-09 11:24:11,0,11/9/2017 11:24:11,2017-11-09,11,Thu
1235,3,1,16,317,2017-11-08 7:47:20,0,11/8/2017 7:47:20,2017-11-08,7,Wed
91574,2,2,9,205,2017-11-08 15:45:40,0,11/8/2017 15:45:40,2017-11-08,15,Wed
5178,7,1,26,101,2017-11-09 4:37:27,0,11/9/2017 4:37:27,2017-11-09,4,Thu
43166,1,1,37,124,2017-11-09 13:42:11,0,11/9/2017 13:42:11,2017-11-09,13,Thu
99754,14,1,19,480,2017-11-07 6:38:40,0,11/7/2017 6:38:40,2017-11-07,6,Tue
249343,2,1,19,364,2017-11-08 8:11:52,0,11/8/2017 8:11:52,2017-11-08,8,Wed
96784,13,1,19,477,2017-11-09 6:08:02,0,11/9/2017 6:08:02,2017-11-09,6,Thu
94167,9,1,10,127,2017-11-09 11:26:48,0,11/9/2017 11:26:48,2017-11-09,11,Thu
71805,12,1,13,265,2017-11-09 3:34:36,0,11/9/2017 3:34:36,2017-11-09,3,Thu
190183,12,1,19,259,2017-11-08 13:32:14,0,11/8/2017 13:32:14,2017-11-08,13,Wed
105475,7,1,9,101,2017-11-09 11:22:23,0,11/9/2017 11:22:23,2017-11-09,11,Thu
109703,14,1,6,379,2017-11-08 13:59:41,0,11/8/2017 13:59:41,2017-11-08,13,Wed
74497,3,1,13,135,2017-11-08 21:51:49,0,11/8/2017 21:51:49,2017-11-08,21,Wed
5348,21,2,19,128,2017-11-08 11:27:58,0,11/8/2017 11:27:58,2017-11-08,11,Wed
4646,12,2,19,124,2017-11-07 13:28:03,0,11/7/2017 13:28:03,2017-11-07,13,Tue
5314,64,1,41,459,2017-11-08 14:12:49,0,11/8/2017 14:12:49,2017-11-08,14,Wed
105292,12,1,13,178,2017-11-07 11:13:49,0,11/7/2017 11:13:49,2017-11-07,11,Tue
94921,3,1,19,280,2017-11-08 5:56:33,0,11/8/2017 5:56:33,2017-11-08,5,Wed
124700,3,1,13,424,2017-11-09 1:41:04,0,11/9/2017 1:41:04,2017-11-09,1,Thu
90855,15,1,6,245,2017-11-08 7:41:08,0,11/8/2017 7:41:08,2017-11-08,7,Wed
156664,2,1,22,237,2017-11-08 5:39:48,0,11/8/2017 5:39:48,2017-11-08,5,Wed
46053,12,1,53,328,2017-11-07 12:32:37,0,11/7/2017 12:32:37,2017-11-07,12,Tue
59123,15,1,19,315,2017-11-08 2:44:59,0,11/8/2017 2:44:59,2017-11-08,2,Wed
39248,12,1,13,245,2017-11-08 8:25:11,0,11/8/2017 8:25:11,2017-11-08,8,Wed
48240,7,1,19,101,2017-11-09 8:21:05,0,11/9/2017 8:21:05,2017-11-09,8,Thu
101957,15,1,18,111,2017-11-09 1:57:52,0,11/9/2017 1:57:52,2017-11-09,1,Thu
82449,9,1,18,445,2017-11-09 8:27:28,0,11/9/2017 8:27:28,2017-11-09,8,Thu
114276,1,1,13,134,2017-11-07 0:24:16,0,11/7/2017 0:24:16,2017-11-07,0,Tue
17149,3,1,17,115,2017-11-07 4:12:38,0,11/7/2017 4:12:38,2017-11-07,4,Tue
43803,18,1,13,107,2017-11-09 13:31:10,0,11/9/2017 13:31:10,2017-11-09,13,Thu
124608,12,1,19,245,2017-11-07 5:34:24,0,11/7/2017 5:34:24,2017-11-07,5,Tue
28379,2,1,9,212,2017-11-08 12:41:45,0,11/8/2017 12:41:45,2017-11-08,12,Wed
21734,9,1,35,442,2017-11-08 17:18:44,0,11/8/2017 17:18:44,2017-11-08,17,Wed
81456,94,1,17,361,2017-11-09 10:20:33,0,11/9/2017 10:20:33,2017-11-09,10,Thu
60752,13,1,8,469,2017-11-07 12:08:43,0,11/7/2017 12:08:43,2017-11-07,12,Tue
9704,18,1,37,107,2017-11-09 9:31:00,0,11/9/2017 9:31:00,2017-11-09,9,Thu
93542,8,2,13,145,2017-11-09 13:37:06,0,11/9/2017 13:37:06,2017-11-09,13,Thu
56319,15,1,18,379,2017-11-08 18:31:17,0,11/8/2017 18:31:17,2017-11-08,18,Wed
55402,18,1,37,121,2017-11-07 20:31:08,0,11/7/2017 20:31:08,2017-11-07,20,Tue
9602,8,1,19,145,2017-11-07 16:56:00,0,11/7/2017 16:56:00,2017-11-07,16,Tue
100971,9,2,13,466,2017-11-08 13:05:48,0,11/8/2017 13:05:48,2017-11-08,13,Wed
85150,15,1,9,430,2017-11-07 7:08:23,0,11/7/2017 7:08:23,2017-11-07,7,Tue
66481,3,1,13,480,2017-11-09 11:45:21,0,11/9/2017 11:45:21,2017-11-09,11,Thu
18546,3,1,13,280,2017-11-08 6:02:17,0,11/8/2017 6:02:17,2017-11-08,6,Wed
93021,12,1,19,265,2017-11-09 0:42:06,0,11/9/2017 0:42:06,2017-11-09,0,Thu
8292,15,1,13,111,2017-11-08 0:46:40,0,11/8/2017 0:46:40,2017-11-08,0,Wed
5418,18,1,12,107,2017-11-08 13:36:40,0,11/8/2017 13:36:40,2017-11-08,13,Wed
5147,3,1,41,409,2017-11-07 1:53:16,0,11/7/2017 1:53:16,2017-11-07,1,Tue
49600,3,1,13,280,2017-11-08 0:34:09,0,11/8/2017 0:34:09,2017-11-08,0,Wed
100929,2,1,13,435,2017-11-07 15:08:50,0,11/7/2017 15:08:50,2017-11-07,15,Tue
90766,15,1,23,245,2017-11-08 3:00:54,0,11/8/2017 3:00:54,2017-11-08,3,Wed
103241,18,1,19,439,2017-11-09 7:56:55,0,11/9/2017 7:56:55,2017-11-09,7,Thu
255406,3,1,13,317,2017-11-08 8:29:32,0,11/8/2017 8:29:32,2017-11-08,8,Wed
126080,28,1,19,135,2017-11-07 3:55:11,0,11/7/2017 3:55:11,2017-11-07,3,Tue
338711,18,1,12,376,2017-11-09 0:45:36,0,11/9/2017 0:45:36,2017-11-09,0,Thu
39782,24,1,58,105,2017-11-08 15:04:53,0,11/8/2017 15:04:53,2017-11-08,15,Wed
195049,2,1,16,237,2017-11-09 7:32:24,0,11/9/2017 7:32:24,2017-11-09,7,Thu
69716,9,1,19,244,2017-11-09 11:11:36,0,11/9/2017 11:11:36,2017-11-09,11,Thu
32665,11,1,13,325,2017-11-08 1:11:55,0,11/8/2017 1:11:55,2017-11-08,1,Wed
206399,26,1,19,266,2017-11-08 10:39:30,0,11/8/2017 10:39:30,2017-11-08,10,Wed
90891,17,1,12,128,2017-11-09 14:32:50,0,11/9/2017 14:32:50,2017-11-09,14,Thu
103358,3,1,13,424,2017-11-08 12:34:26,0,11/8/2017 12:34:26,2017-11-08,12,Wed
58472,64,1,9,459,2017-11-08 17:13:22,0,11/8/2017 17:13:22,2017-11-08,17,Wed
19014,3,1,19,137,2017-11-06 23:36:37,0,11/6/2017 23:36:37,2017-11-06,23,Mon
102225,3,1,13,115,2017-11-08 1:13:15,0,11/8/2017 1:13:15,2017-11-08,1,Wed
115265,2,1,13,237,2017-11-07 1:21:45,0,11/7/2017 1:21:45,2017-11-07,1,Tue
124708,14,1,13,442,2017-11-09 11:00:53,0,11/9/2017 11:00:53,2017-11-09,11,Thu
5348,3,1,17,424,2017-11-07 23:09:33,0,11/7/2017 23:09:33,2017-11-07,23,Tue
47747,13,1,8,400,2017-11-08 17:48:38,0,11/8/2017 17:48:38,2017-11-08,17,Wed
41082,1,1,19,134,2017-11-07 16:00:12,0,11/7/2017 16:00:12,2017-11-07,16,Tue
133522,15,1,19,153,2017-11-07 13:24:33,0,11/7/2017 13:24:33,2017-11-07,13,Tue
309581,9,1,13,232,2017-11-09 9:22:51,0,11/9/2017 9:22:51,2017-11-09,9,Thu
121728,12,1,23,259,2017-11-07 8:45:03,0,11/7/2017 8:45:03,2017-11-07,8,Tue
108075,9,1,13,244,2017-11-07 8:26:31,0,11/7/2017 8:26:31,2017-11-07,8,Tue
46923,3,1,10,317,2017-11-08 8:42:48,0,11/8/2017 8:42:48,2017-11-08,8,Wed
208265,14,1,16,439,2017-11-07 12:32:56,0,11/7/2017 12:32:56,2017-11-07,12,Tue
103077,18,1,19,439,2017-11-07 14:36:49,0,11/7/2017 14:36:49,2017-11-07,14,Tue
108056,13,1,16,400,2017-11-07 6:52:57,0,11/7/2017 6:52:57,2017-11-07,6,Tue
79881,1,1,3,137,2017-11-07 14:37:21,0,11/7/2017 14:37:21,2017-11-07,14,Tue
66305,12,1,13,245,2017-11-07 8:35:52,0,11/7/2017 8:35:52,2017-11-07,8,Tue
124041,7,1,19,101,2017-11-09 6:50:09,0,11/9/2017 6:50:09,2017-11-09,6,Thu
70253,9,1,19,134,2017-11-08 13:42:05,0,11/8/2017 13:42:05,2017-11-08,13,Wed
173264,12,1,13,265,2017-11-07 0:48:10,0,11/7/2017 0:48:10,2017-11-07,0,Tue
8215,12,1,19,178,2017-11-08 9:46:01,0,11/8/2017 9:46:01,2017-11-08,9,Wed
31906,9,1,19,334,2017-11-08 4:10:27,0,11/8/2017 4:10:27,2017-11-08,4,Wed
111340,3,1,20,442,2017-11-07 12:11:00,0,11/7/2017 12:11:00,2017-11-07,12,Tue
152714,14,1,37,123,2017-11-07 22:08:58,0,11/7/2017 22:08:58,2017-11-07,22,Tue
171690,18,1,13,439,2017-11-07 11:26:41,0,11/7/2017 11:26:41,2017-11-07,11,Tue
4414,2,1,13,477,2017-11-09 11:38:42,0,11/9/2017 11:38:42,2017-11-09,11,Thu
100212,15,1,20,480,2017-11-07 4:04:42,0,11/7/2017 4:04:42,2017-11-07,4,Tue
62717,3,1,19,424,2017-11-06 23:30:57,0,11/6/2017 23:30:57,2017-11-06,23,Mon
41307,9,1,17,466,2017-11-09 5:32:37,0,11/9/2017 5:32:37,2017-11-09,5,Thu
39095,13,1,26,400,2017-11-07 13:12:39,0,11/7/2017 13:12:39,2017-11-07,13,Tue
70532,3,1,20,280,2017-11-08 9:22:57,0,11/8/2017 9:22:57,2017-11-08,9,Wed
66072,8,2,13,140,2017-11-07 5:33:39,0,11/7/2017 5:33:39,2017-11-07,5,Tue
5348,11,1,13,325,2017-11-09 3:54:16,0,11/9/2017 3:54:16,2017-11-09,3,Thu
235828,2,1,18,237,2017-11-09 1:31:34,0,11/9/2017 1:31:34,2017-11-09,1,Thu
114133,3,1,19,409,2017-11-08 16:13:55,0,11/8/2017 16:13:55,2017-11-08,16,Wed
34292,21,1,22,128,2017-11-09 13:58:50,0,11/9/2017 13:58:50,2017-11-09,13,Thu
237039,3,1,22,442,2017-11-09 10:00:19,0,11/9/2017 10:00:19,2017-11-09,10,Thu
33482,2,1,13,435,2017-11-08 1:37:45,0,11/8/2017 1:37:45,2017-11-08,1,Wed
28140,15,1,19,245,2017-11-08 0:52:25,0,11/8/2017 0:52:25,2017-11-08,0,Wed
108329,15,1,22,245,2017-11-07 19:08:42,0,11/7/2017 19:08:42,2017-11-07,19,Tue
135218,23,1,18,153,2017-11-07 12:35:49,0,11/7/2017 12:35:49,2017-11-07,12,Tue
124375,3,1,19,452,2017-11-08 4:57:16,0,11/8/2017 4:57:16,2017-11-08,4,Wed
159228,12,1,13,140,2017-11-09 1:25:41,0,11/9/2017 1:25:41,2017-11-09,1,Thu
122963,15,1,41,265,2017-11-09 3:33:46,0,11/9/2017 3:33:46,2017-11-09,3,Thu
37490,29,2,17,343,2017-11-09 1:17:04,0,11/9/2017 1:17:04,2017-11-09,1,Thu
73516,3,1,19,280,2017-11-08 12:42:25,0,11/8/2017 12:42:25,2017-11-08,12,Wed
11110,150,1,13,110,2017-11-08 10:02:56,0,11/8/2017 10:02:56,2017-11-08,10,Wed
7275,14,1,28,480,2017-11-08 17:35:46,0,11/8/2017 17:35:46,2017-11-08,17,Wed
34380,15,1,13,245,2017-11-07 12:33:19,0,11/7/2017 12:33:19,2017-11-07,12,Tue
66541,11,1,19,487,2017-11-07 9:30:52,0,11/7/2017 9:30:52,2017-11-07,9,Tue
118252,19,0,24,347,2017-11-09 6:15:24,0,11/9/2017 6:15:24,2017-11-09,6,Thu
73487,3,1,19,153,2017-11-07 22:30:06,0,11/7/2017 22:30:06,2017-11-07,22,Tue
5314,15,1,19,245,2017-11-08 22:20:02,0,11/8/2017 22:20:02,2017-11-08,22,Wed
30614,8,1,6,145,2017-11-09 9:55:06,0,11/9/2017 9:55:06,2017-11-09,9,Thu
100383,11,1,13,173,2017-11-09 8:15:46,0,11/9/2017 8:15:46,2017-11-09,8,Thu
5348,9,1,20,334,2017-11-09 6:52:14,0,11/9/2017 6:52:14,2017-11-09,6,Thu
17149,14,1,19,439,2017-11-07 13:25:33,0,11/7/2017 13:25:33,2017-11-07,13,Tue
32457,9,1,13,258,2017-11-08 5:18:48,0,11/8/2017 5:18:48,2017-11-08,5,Wed
162678,18,1,13,121,2017-11-07 6:01:23,0,11/7/2017 6:01:23,2017-11-07,6,Tue
23322,15,1,28,111,2017-11-08 1:01:28,0,11/8/2017 1:01:28,2017-11-08,1,Wed
242551,12,1,17,140,2017-11-08 0:39:17,0,11/8/2017 0:39:17,2017-11-08,0,Wed
116155,14,1,19,379,2017-11-07 22:26:37,0,11/7/2017 22:26:37,2017-11-07,22,Tue
12109,2,1,8,469,2017-11-07 14:08:53,0,11/7/2017 14:08:53,2017-11-07,14,Tue
47675,14,1,13,371,2017-11-08 0:13:15,0,11/8/2017 0:13:15,2017-11-08,0,Wed
7813,3,1,19,205,2017-11-08 12:20:30,0,11/8/2017 12:20:30,2017-11-08,12,Wed
22170,15,1,9,245,2017-11-08 2:34:51,0,11/8/2017 2:34:51,2017-11-08,2,Wed
16444,8,1,13,145,2017-11-09 6:16:29,0,11/9/2017 6:16:29,2017-11-09,6,Thu
104398,13,1,3,477,2017-11-09 3:53:09,0,11/9/2017 3:53:09,2017-11-09,3,Thu
152137,2,1,35,237,2017-11-07 14:00:27,0,11/7/2017 14:00:27,2017-11-07,14,Tue
75595,12,1,25,481,2017-11-09 8:04:15,0,11/9/2017 8:04:15,2017-11-09,8,Thu
195548,1,1,25,115,2017-11-08 10:52:05,0,11/8/2017 10:52:05,2017-11-08,10,Wed
102405,2,1,13,237,2017-11-08 3:51:48,0,11/8/2017 3:51:48,2017-11-08,3,Wed
2254,15,1,13,315,2017-11-07 22:58:02,0,11/7/2017 22:58:02,2017-11-07,22,Tue
554,13,1,19,477,2017-11-09 10:03:22,0,11/9/2017 10:03:22,2017-11-09,10,Thu
74100,18,1,28,439,2017-11-07 4:26:25,0,11/7/2017 4:26:25,2017-11-07,4,Tue
51992,9,1,19,234,2017-11-07 13:50:10,0,11/7/2017 13:50:10,2017-11-07,13,Tue
119349,7,1,41,101,2017-11-09 5:07:04,0,11/9/2017 5:07:04,2017-11-09,5,Thu
304407,3,1,35,182,2017-11-09 9:44:53,0,11/9/2017 9:44:53,2017-11-09,9,Thu
118753,3,1,25,280,2017-11-09 1:20:36,0,11/9/2017 1:20:36,2017-11-09,1,Thu
143980,2,1,36,435,2017-11-07 0:32:53,0,11/7/2017 0:32:53,2017-11-07,0,Tue
45843,26,1,40,266,2017-11-08 1:32:28,0,11/8/2017 1:32:28,2017-11-08,1,Wed
4633,18,1,20,121,2017-11-06 18:00:27,0,11/6/2017 18:00:27,2017-11-06,18,Mon
123585,9,1,8,445,2017-11-09 7:06:46,0,11/9/2017 7:06:46,2017-11-09,7,Thu
23714,37,1,18,21,2017-11-09 5:00:47,0,11/9/2017 5:00:47,2017-11-09,5,Thu
361897,18,1,19,107,2017-11-09 15:21:07,0,11/9/2017 15:21:07,2017-11-09,15,Thu
59086,3,1,41,409,2017-11-09 10:23:33,0,11/9/2017 10:23:33,2017-11-09,10,Thu
33810,12,1,23,265,2017-11-07 7:18:34,0,11/7/2017 7:18:34,2017-11-07,7,Tue
26995,2,1,35,435,2017-11-06 16:53:18,0,11/6/2017 16:53:18,2017-11-06,16,Mon
122677,1,1,17,134,2017-11-07 16:40:57,0,11/7/2017 16:40:57,2017-11-07,16,Tue
73887,9,1,13,232,2017-11-08 14:58:38,0,11/8/2017 14:58:38,2017-11-08,14,Wed
67734,12,1,19,265,2017-11-08 16:01:11,0,11/8/2017 16:01:11,2017-11-08,16,Wed
73487,2,1,19,237,2017-11-09 1:43:57,0,11/9/2017 1:43:57,2017-11-09,1,Thu
120532,15,1,13,265,2017-11-09 15:20:52,0,11/9/2017 15:20:52,2017-11-09,15,Thu
30587,2,1,19,469,2017-11-08 12:24:11,0,11/8/2017 12:24:11,2017-11-08,12,Wed
145604,8,1,13,145,2017-11-09 9:33:38,0,11/9/2017 9:33:38,2017-11-09,9,Thu
1713,3,1,18,424,2017-11-08 6:56:36,0,11/8/2017 6:56:36,2017-11-08,6,Wed
105160,9,1,13,334,2017-11-08 5:28:57,0,11/8/2017 5:28:57,2017-11-08,5,Wed
105560,15,1,11,265,2017-11-08 7:18:36,0,11/8/2017 7:18:36,2017-11-08,7,Wed
21963,23,1,6,153,2017-11-07 15:07:40,0,11/7/2017 15:07:40,2017-11-07,15,Tue
114220,12,1,17,178,2017-11-08 9:37:13,0,11/8/2017 9:37:13,2017-11-08,9,Wed
55849,18,1,13,134,2017-11-09 3:19:02,0,11/9/2017 3:19:02,2017-11-09,3,Thu
97744,15,1,19,412,2017-11-08 10:27:19,0,11/8/2017 10:27:19,2017-11-08,10,Wed
135329,9,1,20,334,2017-11-07 6:17:25,0,11/7/2017 6:17:25,2017-11-07,6,Tue
196609,17,1,13,128,2017-11-09 15:12:00,0,11/9/2017 15:12:00,2017-11-09,15,Thu
42861,12,1,8,19,2017-11-08 0:21:04,0,11/8/2017 0:21:04,2017-11-08,0,Wed
13479,13,1,19,449,2017-11-09 12:45:56,0,11/9/2017 12:45:56,2017-11-09,12,Thu
10316,18,1,19,121,2017-11-07 6:05:33,0,11/7/2017 6:05:33,2017-11-07,6,Tue
66655,9,1,13,466,2017-11-09 8:50:54,0,11/9/2017 8:50:54,2017-11-09,8,Thu
18676,1,1,1,135,2017-11-08 1:22:17,0,11/8/2017 1:22:17,2017-11-08,1,Wed
20021,20,1,35,259,2017-11-07 14:43:31,0,11/7/2017 14:43:31,2017-11-07,14,Tue
41399,15,1,13,315,2017-11-08 3:13:18,0,11/8/2017 3:13:18,2017-11-08,3,Wed
19090,18,1,19,107,2017-11-06 21:33:28,0,11/6/2017 21:33:28,2017-11-06,21,Mon
20901,3,1,4,205,2017-11-07 2:33:43,0,11/7/2017 2:33:43,2017-11-07,2,Tue
37892,25,1,47,259,2017-11-09 14:54:02,0,11/9/2017 14:54:02,2017-11-09,14,Thu
39782,3,1,17,402,2017-11-09 6:24:44,0,11/9/2017 6:24:44,2017-11-09,6,Thu
202204,18,3032,607,107,2017-11-06 23:50:32,0,11/6/2017 23:50:32,2017-11-06,23,Mon
281109,3,1,35,317,2017-11-08 6:58:36,0,11/8/2017 6:58:36,2017-11-08,6,Wed
64198,12,1,16,265,2017-11-07 11:49:43,0,11/7/2017 11:49:43,2017-11-07,11,Tue
41805,18,1,19,134,2017-11-07 4:07:50,0,11/7/2017 4:07:50,2017-11-07,4,Tue
10301,15,1,19,379,2017-11-06 16:41:10,0,11/6/2017 16:41:10,2017-11-06,16,Mon
91797,64,1,19,459,2017-11-07 14:30:39,0,11/7/2017 14:30:39,2017-11-07,14,Tue
83660,15,1,13,245,2017-11-08 3:39:09,0,11/8/2017 3:39:09,2017-11-08,3,Wed
20242,8,1,35,145,2017-11-09 7:02:44,0,11/9/2017 7:02:44,2017-11-09,7,Thu
248858,2,1,53,237,2017-11-08 1:19:12,0,11/8/2017 1:19:12,2017-11-08,1,Wed
26987,3,1,17,489,2017-11-08 16:40:30,0,11/8/2017 16:40:30,2017-11-08,16,Wed
64381,9,1,47,215,2017-11-09 14:09:34,0,11/9/2017 14:09:34,2017-11-09,14,Thu
6189,28,1,6,135,2017-11-07 23:44:43,0,11/7/2017 23:44:43,2017-11-07,23,Tue
68519,3,1,13,280,2017-11-08 1:01:05,0,11/8/2017 1:01:05,2017-11-08,1,Wed
5348,9,1,19,134,2017-11-07 17:39:18,0,11/7/2017 17:39:18,2017-11-07,17,Tue
116239,14,1,8,489,2017-11-08 0:24:40,0,11/8/2017 0:24:40,2017-11-08,0,Wed
88881,13,1,13,400,2017-11-08 6:18:15,0,11/8/2017 6:18:15,2017-11-08,6,Wed
182270,14,1,19,379,2017-11-07 8:37:10,0,11/7/2017 8:37:10,2017-11-07,8,Tue
152714,28,1,1,135,2017-11-09 3:54:47,0,11/9/2017 3:54:47,2017-11-09,3,Thu
50375,9,1,19,445,2017-11-08 10:12:42,0,11/8/2017 10:12:42,2017-11-08,10,Wed
113293,9,1,19,134,2017-11-07 17:29:16,0,11/7/2017 17:29:16,2017-11-07,17,Tue
54895,25,1,6,259,2017-11-08 13:45:53,0,11/8/2017 13:45:53,2017-11-08,13,Wed
34561,18,1,32,449,2017-11-09 9:42:33,0,11/9/2017 9:42:33,2017-11-09,9,Thu
64593,13,1,13,477,2017-11-07 1:31:53,0,11/7/2017 1:31:53,2017-11-07,1,Tue
117898,18,1,52,107,2017-11-09 14:12:05,0,11/9/2017 14:12:05,2017-11-09,14,Thu
126961,2,1,23,477,2017-11-08 16:28:08,0,11/8/2017 16:28:08,2017-11-08,16,Wed
78903,11,1,17,319,2017-11-09 1:59:04,0,11/9/2017 1:59:04,2017-11-09,1,Thu
181849,18,1,30,107,2017-11-08 12:24:27,0,11/8/2017 12:24:27,2017-11-08,12,Wed
40216,26,1,19,477,2017-11-09 1:06:07,0,11/9/2017 1:06:07,2017-11-09,1,Thu
92352,3,1,13,205,2017-11-08 7:02:38,0,11/8/2017 7:02:38,2017-11-08,7,Wed
4486,14,1,27,442,2017-11-08 3:58:44,0,11/8/2017 3:58:44,2017-11-08,3,Wed
125222,64,1,19,459,2017-11-07 2:58:17,0,11/7/2017 2:58:17,2017-11-07,2,Tue
74061,12,1,19,245,2017-11-07 15:56:35,0,11/7/2017 15:56:35,2017-11-07,15,Tue
12903,14,1,28,134,2017-11-09 4:15:28,0,11/9/2017 4:15:28,2017-11-09,4,Thu
197705,12,1,22,178,2017-11-06 17:59:56,0,11/6/2017 17:59:56,2017-11-06,17,Mon
74497,2,1,26,237,2017-11-09 1:21:09,0,11/9/2017 1:21:09,2017-11-09,1,Thu
5348,12,1,16,205,2017-11-07 12:29:20,0,11/7/2017 12:29:20,2017-11-07,12,Tue
114220,3,1,13,137,2017-11-07 20:36:11,0,11/7/2017 20:36:11,2017-11-07,20,Tue
44570,22,1,13,496,2017-11-07 1:06:14,0,11/7/2017 1:06:14,2017-11-07,1,Tue
105855,2,1,10,364,2017-11-09 11:56:08,0,11/9/2017 11:56:08,2017-11-09,11,Thu
22780,18,1,18,107,2017-11-08 6:43:24,0,11/8/2017 6:43:24,2017-11-08,6,Wed
69394,15,1,19,140,2017-11-08 4:46:12,0,11/8/2017 4:46:12,2017-11-08,4,Wed
97030,1,1,13,115,2017-11-09 5:57:21,0,11/9/2017 5:57:21,2017-11-09,5,Thu
246044,15,1,13,245,2017-11-08 16:22:03,0,11/8/2017 16:22:03,2017-11-08,16,Wed
108913,18,1,13,107,2017-11-08 1:46:15,0,11/8/2017 1:46:15,2017-11-08,1,Wed
148947,2,1,19,236,2017-11-07 4:10:52,0,11/7/2017 4:10:52,2017-11-07,4,Tue
44327,18,1,19,107,2017-11-09 6:56:58,0,11/9/2017 6:56:58,2017-11-09,6,Thu
4205,18,1,13,107,2017-11-07 16:04:01,0,11/7/2017 16:04:01,2017-11-07,16,Tue
25150,23,1,3,153,2017-11-07 4:22:44,0,11/7/2017 4:22:44,2017-11-07,4,Tue
284968,14,1,13,379,2017-11-09 13:59:38,0,11/9/2017 13:59:38,2017-11-09,13,Thu
90852,12,1,15,245,2017-11-09 5:10:58,0,11/9/2017 5:10:58,2017-11-09,5,Thu
251954,24,1,23,105,2017-11-08 9:34:50,0,11/8/2017 9:34:50,2017-11-08,9,Wed
123181,64,1,10,459,2017-11-08 13:25:26,0,11/8/2017 13:25:26,2017-11-08,13,Wed
124016,3,1,19,115,2017-11-08 0:50:59,0,11/8/2017 0:50:59,2017-11-08,0,Wed
116644,15,1,19,265,2017-11-09 13:10:56,0,11/9/2017 13:10:56,2017-11-09,13,Thu
111102,2,1,25,477,2017-11-08 7:42:26,0,11/8/2017 7:42:26,2017-11-08,7,Wed
61942,18,1,13,376,2017-11-08 10:13:33,0,11/8/2017 10:13:33,2017-11-08,10,Wed
83206,18,1,13,121,2017-11-08 15:56:16,0,11/8/2017 15:56:16,2017-11-08,15,Wed
102897,1,1,19,135,2017-11-08 4:45:16,0,11/8/2017 4:45:16,2017-11-08,4,Wed
29660,3,1,13,424,2017-11-09 15:38:53,0,11/9/2017 15:38:53,2017-11-09,15,Thu
179788,3,1,13,379,2017-11-07 3:26:16,0,11/7/2017 3:26:16,2017-11-07,3,Tue
204574,3,1,3,280,2017-11-07 5:50:30,0,11/7/2017 5:50:30,2017-11-07,5,Tue
91885,18,1,18,107,2017-11-09 9:32:31,0,11/9/2017 9:32:31,2017-11-09,9,Thu
81698,3,1,19,280,2017-11-09 0:43:36,0,11/9/2017 0:43:36,2017-11-09,0,Thu
81973,9,1,10,442,2017-11-07 14:40:29,0,11/7/2017 14:40:29,2017-11-07,14,Tue
146001,12,2,16,145,2017-11-06 22:56:44,0,11/6/2017 22:56:44,2017-11-06,22,Mon
107155,15,1,19,111,2017-11-08 12:45:57,0,11/8/2017 12:45:57,2017-11-08,12,Wed
111517,23,1,55,153,2017-11-06 22:13:53,0,11/6/2017 22:13:53,2017-11-06,22,Mon
53218,15,1,6,245,2017-11-07 4:31:05,0,11/7/2017 4:31:05,2017-11-07,4,Tue
146180,12,1,9,178,2017-11-09 9:56:02,0,11/9/2017 9:56:02,2017-11-09,9,Thu
67800,18,1,13,121,2017-11-07 14:06:57,0,11/7/2017 14:06:57,2017-11-07,14,Tue
105569,2,1,13,205,2017-11-07 0:39:27,0,11/7/2017 0:39:27,2017-11-07,0,Tue
182243,3,1,15,280,2017-11-09 5:00:50,0,11/9/2017 5:00:50,2017-11-09,5,Thu
17411,15,1,6,138,2017-11-09 8:45:13,0,11/9/2017 8:45:13,2017-11-09,8,Thu
77535,26,1,8,266,2017-11-08 0:45:55,0,11/8/2017 0:45:55,2017-11-08,0,Wed
5729,7,1,25,101,2017-11-09 10:44:05,0,11/9/2017 10:44:05,2017-11-09,10,Thu
38527,2,1,17,477,2017-11-09 6:24:01,0,11/9/2017 6:24:01,2017-11-09,6,Thu
90855,9,1,17,489,2017-11-07 15:43:18,0,11/7/2017 15:43:18,2017-11-07,15,Tue
105981,12,1,6,178,2017-11-07 8:16:42,0,11/7/2017 8:16:42,2017-11-07,8,Tue
48212,12,2,9,178,2017-11-09 7:14:11,0,11/9/2017 7:14:11,2017-11-09,7,Thu
79787,18,1,18,107,2017-11-06 17:17:06,0,11/6/2017 17:17:06,2017-11-06,17,Mon
32265,2,1,37,219,2017-11-07 14:32:15,0,11/7/2017 14:32:15,2017-11-07,14,Tue
105587,14,1,19,401,2017-11-07 12:13:35,0,11/7/2017 12:13:35,2017-11-07,12,Tue
13291,18,1,19,439,2017-11-08 7:26:36,0,11/8/2017 7:26:36,2017-11-08,7,Wed
7146,15,1,19,265,2017-11-09 7:15:41,0,11/9/2017 7:15:41,2017-11-09,7,Thu
85208,18,1,18,107,2017-11-08 11:38:56,0,11/8/2017 11:38:56,2017-11-08,11,Wed
71654,3,1,22,137,2017-11-09 8:02:41,0,11/9/2017 8:02:41,2017-11-09,8,Thu
79751,26,1,10,121,2017-11-09 7:14:26,0,11/9/2017 7:14:26,2017-11-09,7,Thu
2770,19,0,0,213,2017-11-08 10:00:53,0,11/8/2017 10:00:53,2017-11-08,10,Wed
195038,9,1,18,442,2017-11-07 10:57:41,0,11/7/2017 10:57:41,2017-11-07,10,Tue
48359,18,1,20,107,2017-11-07 8:07:08,0,11/7/2017 8:07:08,2017-11-07,8,Tue
48240,3,1,19,30,2017-11-09 13:50:23,0,11/9/2017 13:50:23,2017-11-09,13,Thu
93054,3,1,19,153,2017-11-07 22:09:19,0,11/7/2017 22:09:19,2017-11-07,22,Tue
30077,3,2,49,211,2017-11-08 6:36:05,0,11/8/2017 6:36:05,2017-11-08,6,Wed
58097,12,1,32,328,2017-11-07 7:44:46,0,11/7/2017 7:44:46,2017-11-07,7,Tue
28336,2,1,19,452,2017-11-09 5:10:36,0,11/9/2017 5:10:36,2017-11-09,5,Thu
85045,2,1,19,477,2017-11-07 0:55:32,0,11/7/2017 0:55:32,2017-11-07,0,Tue
178105,18,1,13,121,2017-11-07 2:15:09,0,11/7/2017 2:15:09,2017-11-07,2,Tue
43881,15,1,19,265,2017-11-09 1:33:48,0,11/9/2017 1:33:48,2017-11-09,1,Thu
50867,25,1,13,259,2017-11-07 10:57:47,0,11/7/2017 10:57:47,2017-11-07,10,Tue
111025,26,1,13,121,2017-11-07 14:40:18,0,11/7/2017 14:40:18,2017-11-07,14,Tue
80770,13,1,13,477,2017-11-09 5:42:48,0,11/9/2017 5:42:48,2017-11-09,5,Thu
209039,13,1,13,477,2017-11-08 15:31:02,0,11/8/2017 15:31:02,2017-11-08,15,Wed
3239,1,1,13,134,2017-11-09 11:17:08,0,11/9/2017 11:17:08,2017-11-09,11,Thu
139448,3,1,37,280,2017-11-07 9:11:35,0,11/7/2017 9:11:35,2017-11-07,9,Tue
5348,7,1,43,101,2017-11-08 5:39:44,0,11/8/2017 5:39:44,2017-11-08,5,Wed
104397,12,1,37,19,2017-11-07 10:43:53,0,11/7/2017 10:43:53,2017-11-07,10,Tue
20915,28,1,14,135,2017-11-09 12:28:10,0,11/9/2017 12:28:10,2017-11-09,12,Thu
95766,13,1,37,477,2017-11-07 12:53:48,0,11/7/2017 12:53:48,2017-11-07,12,Tue
58288,12,1,6,140,2017-11-06 18:09:41,0,11/6/2017 18:09:41,2017-11-06,18,Mon
287492,9,1,13,466,2017-11-08 12:35:12,0,11/8/2017 12:35:12,2017-11-08,12,Wed
77318,15,1,13,153,2017-11-07 16:11:43,0,11/7/2017 16:11:43,2017-11-07,16,Tue
123563,11,1,27,173,2017-11-08 1:14:40,0,11/8/2017 1:14:40,2017-11-08,1,Wed
117753,1,1,25,153,2017-11-07 3:32:23,0,11/7/2017 3:32:23,2017-11-07,3,Tue
122199,11,1,22,319,2017-11-06 23:23:54,0,11/6/2017 23:23:54,2017-11-06,23,Mon
106665,3,1,8,409,2017-11-07 12:06:20,0,11/7/2017 12:06:20,2017-11-07,12,Tue
180643,18,1,41,439,2017-11-09 4:57:25,0,11/9/2017 4:57:25,2017-11-09,4,Thu
77901,15,1,6,379,2017-11-09 0:26:38,0,11/9/2017 0:26:38,2017-11-09,0,Thu
22346,12,1,8,245,2017-11-09 14:49:51,0,11/9/2017 14:49:51,2017-11-09,14,Thu
124325,2,1,19,477,2017-11-09 5:55:44,0,11/9/2017 5:55:44,2017-11-09,5,Thu
76616,12,1,9,178,2017-11-07 13:42:18,0,11/7/2017 13:42:18,2017-11-07,13,Tue
81812,13,1,18,477,2017-11-09 3:46:06,0,11/9/2017 3:46:06,2017-11-09,3,Thu
37417,3,1,17,280,2017-11-08 7:51:44,0,11/8/2017 7:51:44,2017-11-08,7,Wed
92735,9,2,13,134,2017-11-09 1:19:04,0,11/9/2017 1:19:04,2017-11-09,1,Thu
37323,9,1,19,334,2017-11-09 6:36:23,0,11/9/2017 6:36:23,2017-11-09,6,Thu
18439,15,1,19,386,2017-11-07 11:04:08,0,11/7/2017 11:04:08,2017-11-07,11,Tue
108180,15,1,37,278,2017-11-08 4:44:56,0,11/8/2017 4:44:56,2017-11-08,4,Wed
14617,12,1,13,245,2017-11-08 3:51:45,0,11/8/2017 3:51:45,2017-11-08,3,Wed
44000,18,1,6,107,2017-11-09 1:32:18,0,11/9/2017 1:32:18,2017-11-09,1,Thu
80676,11,1,11,122,2017-11-08 12:04:01,0,11/8/2017 12:04:01,2017-11-08,12,Wed
105475,56,1,12,406,2017-11-09 6:53:56,0,11/9/2017 6:53:56,2017-11-09,6,Thu
53978,3,1,6,489,2017-11-09 12:19:22,0,11/9/2017 12:19:22,2017-11-09,12,Thu
44615,2,1,9,205,2017-11-08 12:14:17,0,11/8/2017 12:14:17,2017-11-08,12,Wed
14223,2,1,41,122,2017-11-09 2:01:29,0,11/9/2017 2:01:29,2017-11-09,2,Thu
152323,24,1,19,105,2017-11-07 14:05:23,0,11/7/2017 14:05:23,2017-11-07,14,Tue
146789,9,1,13,134,2017-11-08 16:38:15,0,11/8/2017 16:38:15,2017-11-08,16,Wed
115445,11,2,63,319,2017-11-08 5:04:18,0,11/8/2017 5:04:18,2017-11-08,5,Wed
23260,9,1,34,127,2017-11-09 11:25:07,0,11/9/2017 11:25:07,2017-11-09,11,Thu
245978,12,1,25,259,2017-11-09 15:00:26,0,11/9/2017 15:00:26,2017-11-09,15,Thu
24586,9,1,6,334,2017-11-07 6:32:52,0,11/7/2017 6:32:52,2017-11-07,6,Tue
43215,2,1,25,452,2017-11-08 12:53:04,0,11/8/2017 12:53:04,2017-11-08,12,Wed
80428,3,1,13,280,2017-11-08 0:47:58,0,11/8/2017 0:47:58,2017-11-08,0,Wed
47168,2,1,19,435,2017-11-08 1:40:03,0,11/8/2017 1:40:03,2017-11-08,1,Wed
49677,29,1,19,343,2017-11-07 12:33:35,0,11/7/2017 12:33:35,2017-11-07,12,Tue
27639,15,1,22,111,2017-11-09 11:56:39,0,11/9/2017 11:56:39,2017-11-09,11,Thu
76710,3,1,19,371,2017-11-09 14:30:57,0,11/9/2017 14:30:57,2017-11-09,14,Thu
47824,35,1,19,21,2017-11-09 3:58:40,1,11/9/2017 3:58:40,2017-11-09,3,Thu
24943,3,1,22,480,2017-11-09 14:33:21,0,11/9/2017 14:33:21,2017-11-09,14,Thu
183108,2,1,13,364,2017-11-09 2:41:02,0,11/9/2017 2:41:02,2017-11-09,2,Thu
32539,9,1,19,215,2017-11-08 15:51:08,0,11/8/2017 15:51:08,2017-11-08,15,Wed
69362,1,1,20,134,2017-11-07 0:08:41,0,11/7/2017 0:08:41,2017-11-07,0,Tue
59145,3,1,25,173,2017-11-08 0:30:59,0,11/8/2017 0:30:59,2017-11-08,0,Wed
111799,12,1,15,265,2017-11-09 11:04:31,0,11/9/2017 11:04:31,2017-11-09,11,Thu
160476,3,1,13,442,2017-11-07 0:21:55,0,11/7/2017 0:21:55,2017-11-07,0,Tue
171240,1,1,13,178,2017-11-07 10:38:15,0,11/7/2017 10:38:15,2017-11-07,10,Tue
36150,3,1,13,452,2017-11-07 20:34:00,0,11/7/2017 20:34:00,2017-11-07,20,Tue
27988,1,1,18,134,2017-11-07 0:51:22,0,11/7/2017 0:51:22,2017-11-07,0,Tue
167814,3,1,9,466,2017-11-07 14:33:12,0,11/7/2017 14:33:12,2017-11-07,14,Tue
1313,3,1,20,280,2017-11-08 9:01:48,0,11/8/2017 9:01:48,2017-11-08,9,Wed
58637,2,1,19,237,2017-11-09 1:43:06,0,11/9/2017 1:43:06,2017-11-09,1,Thu
75830,3,1,19,409,2017-11-07 23:48:43,0,11/7/2017 23:48:43,2017-11-07,23,Tue
334024,11,1,25,487,2017-11-09 4:44:49,0,11/9/2017 4:44:49,2017-11-09,4,Thu
84972,8,1,13,259,2017-11-07 0:57:15,0,11/7/2017 0:57:15,2017-11-07,0,Tue
40314,18,1,13,121,2017-11-09 9:42:43,0,11/9/2017 9:42:43,2017-11-09,9,Thu
15643,1,1,37,153,2017-11-08 3:59:42,0,11/8/2017 3:59:42,2017-11-08,3,Wed
91574,2,1,18,236,2017-11-08 8:00:02,0,11/8/2017 8:00:02,2017-11-08,8,Wed
44673,3,1,19,280,2017-11-08 4:40:30,0,11/8/2017 4:40:30,2017-11-08,4,Wed
71149,9,1,1,466,2017-11-09 10:23:35,0,11/9/2017 10:23:35,2017-11-09,10,Thu
72805,3,1,13,130,2017-11-07 4:59:23,0,11/7/2017 4:59:23,2017-11-07,4,Tue
71789,2,1,23,236,2017-11-08 5:23:18,0,11/8/2017 5:23:18,2017-11-08,5,Wed
125050,5,1,19,377,2017-11-09 9:16:44,0,11/9/2017 9:16:44,2017-11-09,9,Thu
35696,3,1,37,280,2017-11-09 8:27:07,0,11/9/2017 8:27:07,2017-11-09,8,Thu
6553,3,1,19,379,2017-11-08 6:50:25,0,11/8/2017 6:50:25,2017-11-08,6,Wed
7441,3,1,42,130,2017-11-07 3:34:04,0,11/7/2017 3:34:04,2017-11-07,3,Tue
204700,8,1,13,145,2017-11-07 10:01:50,0,11/7/2017 10:01:50,2017-11-07,10,Tue
10265,3,1,13,424,2017-11-08 3:11:33,0,11/8/2017 3:11:33,2017-11-08,3,Wed
37628,21,1,10,128,2017-11-07 5:31:29,0,11/7/2017 5:31:29,2017-11-07,5,Tue
66898,21,1,19,232,2017-11-07 16:33:57,0,11/7/2017 16:33:57,2017-11-07,16,Tue
64024,3,1,15,280,2017-11-09 4:12:31,0,11/9/2017 4:12:31,2017-11-09,4,Thu
8451,2,1,15,219,2017-11-09 4:55:22,0,11/9/2017 4:55:22,2017-11-09,4,Thu
41052,64,1,13,459,2017-11-07 4:10:24,0,11/7/2017 4:10:24,2017-11-07,4,Tue
210945,15,1,6,386,2017-11-07 0:17:19,0,11/7/2017 0:17:19,2017-11-07,0,Tue
33016,2,1,27,469,2017-11-07 7:16:50,0,11/7/2017 7:16:50,2017-11-07,7,Tue
47251,2,1,19,477,2017-11-09 5:54:35,0,11/9/2017 5:54:35,2017-11-09,5,Thu
15630,1,1,19,135,2017-11-07 17:24:23,0,11/7/2017 17:24:23,2017-11-07,17,Tue
117269,8,1,9,145,2017-11-08 17:56:16,0,11/8/2017 17:56:16,2017-11-08,17,Wed
29835,12,1,31,178,2017-11-07 1:32:20,0,11/7/2017 1:32:20,2017-11-07,1,Tue
33777,3,1,12,173,2017-11-08 7:56:48,0,11/8/2017 7:56:48,2017-11-08,7,Wed
96964,12,1,19,178,2017-11-09 5:21:27,0,11/9/2017 5:21:27,2017-11-09,5,Thu
39175,3,1,22,205,2017-11-07 6:32:03,0,11/7/2017 6:32:03,2017-11-07,6,Tue
98317,26,1,42,477,2017-11-09 13:40:28,0,11/9/2017 13:40:28,2017-11-09,13,Thu
73299,18,1,34,107,2017-11-08 3:25:33,0,11/8/2017 3:25:33,2017-11-08,3,Wed
280302,14,1,19,349,2017-11-08 1:18:58,0,11/8/2017 1:18:58,2017-11-08,1,Wed
8019,12,1,25,140,2017-11-09 1:13:25,0,11/9/2017 1:13:25,2017-11-09,1,Thu
67779,3,2,3,135,2017-11-09 8:09:07,0,11/9/2017 8:09:07,2017-11-09,8,Thu
24985,2,1,13,205,2017-11-07 11:06:04,0,11/7/2017 11:06:04,2017-11-07,11,Tue
153133,15,1,13,265,2017-11-07 8:17:52,0,11/7/2017 8:17:52,2017-11-07,8,Tue
90743,3,1,15,452,2017-11-08 3:04:44,0,11/8/2017 3:04:44,2017-11-08,3,Wed
325602,4,1,13,101,2017-11-09 12:09:24,0,11/9/2017 12:09:24,2017-11-09,12,Thu
119349,8,1,9,145,2017-11-09 8:50:13,0,11/9/2017 8:50:13,2017-11-09,8,Thu
114235,15,1,19,430,2017-11-09 2:19:51,0,11/9/2017 2:19:51,2017-11-09,2,Thu
50165,2,1,22,236,2017-11-07 0:38:52,0,11/7/2017 0:38:52,2017-11-07,0,Tue
2938,3,1,25,442,2017-11-08 0:57:48,0,11/8/2017 0:57:48,2017-11-08,0,Wed
54612,15,1,13,153,2017-11-07 11:09:29,0,11/7/2017 11:09:29,2017-11-07,11,Tue
63932,12,1,19,178,2017-11-07 13:20:00,0,11/7/2017 13:20:00,2017-11-07,13,Tue
31823,14,1,16,439,2017-11-08 15:44:17,0,11/8/2017 15:44:17,2017-11-08,15,Wed
62239,18,1,53,134,2017-11-08 15:50:29,0,11/8/2017 15:50:29,2017-11-08,15,Wed
119349,7,1,47,101,2017-11-09 13:31:58,0,11/9/2017 13:31:58,2017-11-09,13,Thu
95155,13,1,18,477,2017-11-08 9:12:58,0,11/8/2017 9:12:58,2017-11-08,9,Wed
59233,12,1,13,265,2017-11-09 8:26:53,0,11/9/2017 8:26:53,2017-11-09,8,Thu
179344,15,1,20,259,2017-11-07 15:44:12,0,11/7/2017 15:44:12,2017-11-07,15,Tue
13639,15,1,20,245,2017-11-08 6:59:15,0,11/8/2017 6:59:15,2017-11-08,6,Wed
54524,2,2,13,205,2017-11-06 23:07:33,0,11/6/2017 23:07:33,2017-11-06,23,Mon
11272,7,1,19,101,2017-11-07 10:18:28,0,11/7/2017 10:18:28,2017-11-07,10,Tue
31723,3,1,19,153,2017-11-07 3:49:22,0,11/7/2017 3:49:22,2017-11-07,3,Tue
119304,28,1,15,135,2017-11-09 8:06:19,0,11/9/2017 8:06:19,2017-11-09,8,Thu
27035,3,1,32,130,2017-11-07 12:42:01,0,11/7/2017 12:42:01,2017-11-07,12,Tue
75885,2,1,9,237,2017-11-08 10:15:23,0,11/8/2017 10:15:23,2017-11-08,10,Wed
41584,2,1,13,243,2017-11-09 0:01:53,0,11/9/2017 0:01:53,2017-11-09,0,Thu
102677,3,1,19,379,2017-11-08 8:00:46,0,11/8/2017 8:00:46,2017-11-08,8,Wed
73189,18,1,25,107,2017-11-08 8:58:57,0,11/8/2017 8:58:57,2017-11-08,8,Wed
279182,12,1,25,409,2017-11-08 11:14:14,0,11/8/2017 11:14:14,2017-11-08,11,Wed
4033,1,1,11,377,2017-11-08 3:21:42,0,11/8/2017 3:21:42,2017-11-08,3,Wed
115681,7,1,13,101,2017-11-09 4:21:17,0,11/9/2017 4:21:17,2017-11-09,4,Thu
232890,20,1,26,259,2017-11-08 2:44:03,0,11/8/2017 2:44:03,2017-11-08,2,Wed
252629,18,1,13,107,2017-11-08 15:07:35,0,11/8/2017 15:07:35,2017-11-08,15,Wed
78564,3,1,19,280,2017-11-09 1:29:30,0,11/9/2017 1:29:30,2017-11-09,1,Thu
19403,7,1,19,101,2017-11-09 6:10:58,0,11/9/2017 6:10:58,2017-11-09,6,Thu
86544,3,1,10,280,2017-11-09 6:17:46,0,11/9/2017 6:17:46,2017-11-09,6,Thu
71591,15,1,19,130,2017-11-09 7:35:11,0,11/9/2017 7:35:11,2017-11-09,7,Thu
56245,12,1,23,140,2017-11-07 6:20:12,0,11/7/2017 6:20:12,2017-11-07,6,Tue
153553,9,1,28,442,2017-11-08 2:37:50,0,11/8/2017 2:37:50,2017-11-08,2,Wed
96948,3,1,13,135,2017-11-06 22:33:15,0,11/6/2017 22:33:15,2017-11-06,22,Mon
104791,9,1,13,466,2017-11-09 11:37:14,0,11/9/2017 11:37:14,2017-11-09,11,Thu
5718,14,2,40,113,2017-11-09 14:28:08,0,11/9/2017 14:28:08,2017-11-09,14,Thu
103068,18,1,19,107,2017-11-09 4:55:16,0,11/9/2017 4:55:16,2017-11-09,4,Thu
181641,9,1,17,466,2017-11-08 20:03:25,0,11/8/2017 20:03:25,2017-11-08,20,Wed
107739,5,1,25,377,2017-11-09 6:32:53,0,11/9/2017 6:32:53,2017-11-09,6,Thu
14301,29,1,19,213,2017-11-08 1:15:38,0,11/8/2017 1:15:38,2017-11-08,1,Wed
37774,9,1,8,215,2017-11-09 14:41:47,0,11/9/2017 14:41:47,2017-11-09,14,Thu
5286,15,1,13,265,2017-11-06 22:31:40,0,11/6/2017 22:31:40,2017-11-06,22,Mon
69995,18,1,10,107,2017-11-09 12:49:46,0,11/9/2017 12:49:46,2017-11-09,12,Thu
77182,2,1,13,452,2017-11-09 2:50:40,0,11/9/2017 2:50:40,2017-11-09,2,Thu
114795,2,1,22,236,2017-11-08 21:03:08,0,11/8/2017 21:03:08,2017-11-08,21,Wed
257422,2,1,13,219,2017-11-08 15:16:12,0,11/8/2017 15:16:12,2017-11-08,15,Wed
30228,3,1,36,280,2017-11-09 7:33:38,0,11/9/2017 7:33:38,2017-11-09,7,Thu
58158,32,1,18,376,2017-11-07 9:12:20,0,11/7/2017 9:12:20,2017-11-07,9,Tue
57407,15,1,6,480,2017-11-07 9:16:03,0,11/7/2017 9:16:03,2017-11-07,9,Tue
5348,12,1,3,205,2017-11-09 5:29:22,0,11/9/2017 5:29:22,2017-11-09,5,Thu
105247,3,1,10,489,2017-11-09 2:57:52,0,11/9/2017 2:57:52,2017-11-09,2,Thu
181849,9,1,20,107,2017-11-09 4:49:43,0,11/9/2017 4:49:43,2017-11-09,4,Thu
177070,3,1,13,280,2017-11-08 2:45:30,0,11/8/2017 2:45:30,2017-11-08,2,Wed
10797,15,1,6,245,2017-11-08 14:05:59,0,11/8/2017 14:05:59,2017-11-08,14,Wed
271198,18,1,13,107,2017-11-09 3:10:42,0,11/9/2017 3:10:42,2017-11-09,3,Thu
42013,3,1,13,205,2017-11-07 11:23:03,0,11/7/2017 11:23:03,2017-11-07,11,Tue
13104,11,1,19,481,2017-11-09 15:58:59,0,11/9/2017 15:58:59,2017-11-09,15,Thu
218415,19,0,0,213,2017-11-08 10:59:35,1,11/8/2017 10:59:35,2017-11-08,10,Wed
172223,2,1,13,236,2017-11-09 12:11:58,0,11/9/2017 12:11:58,2017-11-09,12,Thu
108153,47,1,1,484,2017-11-09 11:52:31,0,11/9/2017 11:52:31,2017-11-09,11,Thu
141043,1,1,41,153,2017-11-09 3:09:37,0,11/9/2017 3:09:37,2017-11-09,3,Thu
69667,2,1,19,237,2017-11-09 4:58:06,0,11/9/2017 4:58:06,2017-11-09,4,Thu
10558,25,1,22,259,2017-11-09 13:32:44,0,11/9/2017 13:32:44,2017-11-09,13,Thu
31542,12,1,18,205,2017-11-08 20:32:27,0,11/8/2017 20:32:27,2017-11-08,20,Wed
2770,3,2,20,137,2017-11-06 20:12:37,0,11/6/2017 20:12:37,2017-11-06,20,Mon
104906,9,1,19,334,2017-11-08 23:04:14,0,11/8/2017 23:04:14,2017-11-08,23,Wed
256260,12,1,42,265,2017-11-08 5:02:10,0,11/8/2017 5:02:10,2017-11-08,5,Wed
89429,27,1,13,153,2017-11-08 10:25:00,0,11/8/2017 10:25:00,2017-11-08,10,Wed
347595,72,1,27,101,2017-11-09 13:20:47,0,11/9/2017 13:20:47,2017-11-09,13,Thu
55726,18,1,19,121,2017-11-07 6:07:54,0,11/7/2017 6:07:54,2017-11-07,6,Tue
53929,2,1,19,205,2017-11-07 22:11:56,0,11/7/2017 22:11:56,2017-11-07,22,Tue
27389,4,1,8,101,2017-11-08 2:16:11,0,11/8/2017 2:16:11,2017-11-08,2,Wed
176102,3,1,19,115,2017-11-06 17:57:42,0,11/6/2017 17:57:42,2017-11-06,17,Mon
40077,15,1,20,386,2017-11-07 13:51:07,0,11/7/2017 13:51:07,2017-11-07,13,Tue
76966,14,1,17,401,2017-11-07 6:12:42,0,11/7/2017 6:12:42,2017-11-07,6,Tue
83045,2,1,1,477,2017-11-08 4:50:30,0,11/8/2017 4:50:30,2017-11-08,4,Wed
81287,21,1,19,128,2017-11-07 7:28:17,0,11/7/2017 7:28:17,2017-11-07,7,Tue
7709,18,3543,748,107,2017-11-07 23:35:12,0,11/7/2017 23:35:12,2017-11-07,23,Tue
103108,26,1,22,121,2017-11-06 23:44:00,0,11/6/2017 23:44:00,2017-11-06,23,Mon
86926,3,1,13,466,2017-11-09 7:02:01,0,11/9/2017 7:02:01,2017-11-09,7,Thu
42035,2,1,10,236,2017-11-09 2:35:56,0,11/9/2017 2:35:56,2017-11-09,2,Thu
110667,14,1,9,401,2017-11-09 0:16:35,0,11/9/2017 0:16:35,2017-11-09,0,Thu
42176,3,1,20,280,2017-11-09 5:45:13,0,11/9/2017 5:45:13,2017-11-09,5,Thu
24157,2,1,19,212,2017-11-09 13:16:34,0,11/9/2017 13:16:34,2017-11-09,13,Thu
70343,3,1,28,452,2017-11-09 1:28:33,0,11/9/2017 1:28:33,2017-11-09,1,Thu
111702,13,1,19,477,2017-11-08 6:59:27,0,11/8/2017 6:59:27,2017-11-08,6,Wed
115340,3,1,13,280,2017-11-09 6:03:25,0,11/9/2017 6:03:25,2017-11-09,6,Thu
61293,18,1,13,134,2017-11-07 6:52:48,0,11/7/2017 6:52:48,2017-11-07,6,Tue
99377,3,1,22,280,2017-11-07 5:44:32,0,11/7/2017 5:44:32,2017-11-07,5,Tue
32367,3,1,13,280,2017-11-09 5:35:01,0,11/9/2017 5:35:01,2017-11-09,5,Thu
19778,15,1,41,111,2017-11-07 9:08:59,0,11/7/2017 9:08:59,2017-11-07,9,Tue
21126,12,1,19,140,2017-11-09 12:07:03,0,11/9/2017 12:07:03,2017-11-09,12,Thu
100694,1,1,19,124,2017-11-09 7:12:29,0,11/9/2017 7:12:29,2017-11-09,7,Thu
90891,3,1,9,466,2017-11-09 7:14:45,0,11/9/2017 7:14:45,2017-11-09,7,Thu
182971,3,1,19,130,2017-11-06 18:17:55,0,11/6/2017 18:17:55,2017-11-06,18,Mon
41666,15,1,19,245,2017-11-07 15:23:50,0,11/7/2017 15:23:50,2017-11-07,15,Tue
39453,3,1,13,280,2017-11-09 3:48:31,0,11/9/2017 3:48:31,2017-11-09,3,Thu
211936,12,1,25,265,2017-11-07 11:18:36,0,11/7/2017 11:18:36,2017-11-07,11,Tue
156538,3,1,18,280,2017-11-08 2:01:22,0,11/8/2017 2:01:22,2017-11-08,2,Wed
44673,2,1,19,435,2017-11-07 18:06:43,0,11/7/2017 18:06:43,2017-11-07,18,Tue
58254,25,1,22,259,2017-11-06 23:51:04,0,11/6/2017 23:51:04,2017-11-06,23,Mon
93810,3,1,25,442,2017-11-07 2:02:04,0,11/7/2017 2:02:04,2017-11-07,2,Tue
2660,26,1,32,477,2017-11-08 15:09:35,0,11/8/2017 15:09:35,2017-11-08,15,Wed
116499,26,1,13,266,2017-11-07 3:24:44,0,11/7/2017 3:24:44,2017-11-07,3,Tue
70421,9,1,15,232,2017-11-09 3:47:43,0,11/9/2017 3:47:43,2017-11-09,3,Thu
55903,1,1,22,134,2017-11-07 1:19:29,0,11/7/2017 1:19:29,2017-11-07,1,Tue
8469,21,1,17,128,2017-11-08 9:33:21,0,11/8/2017 9:33:21,2017-11-08,9,Wed
109676,12,1,22,245,2017-11-08 13:47:16,0,11/8/2017 13:47:16,2017-11-08,13,Wed
119372,20,1,3,478,2017-11-09 8:26:41,0,11/9/2017 8:26:41,2017-11-09,8,Thu
7172,3,1,22,280,2017-11-09 5:10:52,0,11/9/2017 5:10:52,2017-11-09,5,Thu
50747,9,1,20,334,2017-11-09 11:14:42,0,11/9/2017 11:14:42,2017-11-09,11,Thu
17899,11,1,12,325,2017-11-08 14:49:34,0,11/8/2017 14:49:34,2017-11-08,14,Wed
88971,15,1,15,412,2017-11-08 12:42:46,0,11/8/2017 12:42:46,2017-11-08,12,Wed
52766,12,1,19,178,2017-11-08 8:17:34,0,11/8/2017 8:17:34,2017-11-08,8,Wed
73031,3,1,11,417,2017-11-07 15:11:46,0,11/7/2017 15:11:46,2017-11-07,15,Tue
345694,19,281,76,213,2017-11-08 21:52:44,0,11/8/2017 21:52:44,2017-11-08,21,Wed
13016,18,1,23,376,2017-11-09 9:34:39,0,11/9/2017 9:34:39,2017-11-09,9,Thu
240210,2,1,10,205,2017-11-08 12:59:03,0,11/8/2017 12:59:03,2017-11-08,12,Wed
166433,12,1,15,259,2017-11-09 10:00:32,0,11/9/2017 10:00:32,2017-11-09,10,Thu
175837,12,1,19,245,2017-11-07 14:31:34,0,11/7/2017 14:31:34,2017-11-07,14,Tue
137052,3,1,19,280,2017-11-08 10:12:04,0,11/8/2017 10:12:04,2017-11-08,10,Wed
110071,18,1,15,107,2017-11-07 9:54:17,0,11/7/2017 9:54:17,2017-11-07,9,Tue
115974,2,1,19,452,2017-11-09 9:03:33,0,11/9/2017 9:03:33,2017-11-09,9,Thu
3488,12,1,19,178,2017-11-08 23:44:44,0,11/8/2017 23:44:44,2017-11-08,23,Wed
108341,2,1,13,205,2017-11-08 3:45:33,0,11/8/2017 3:45:33,2017-11-08,3,Wed
220072,2,1,18,237,2017-11-08 0:51:27,0,11/8/2017 0:51:27,2017-11-08,0,Wed
152009,23,1,22,153,2017-11-07 9:52:58,0,11/7/2017 9:52:58,2017-11-07,9,Tue
123952,64,1,22,459,2017-11-07 17:26:59,0,11/7/2017 17:26:59,2017-11-07,17,Tue
39736,3,1,2,205,2017-11-08 3:23:46,0,11/8/2017 3:23:46,2017-11-08,3,Wed
123080,18,1,32,107,2017-11-09 5:19:43,0,11/9/2017 5:19:43,2017-11-09,5,Thu
126339,13,1,20,477,2017-11-08 10:28:22,0,11/8/2017 10:28:22,2017-11-08,10,Wed
42298,12,1,19,481,2017-11-09 12:10:35,0,11/9/2017 12:10:35,2017-11-09,12,Thu
59159,13,1,13,477,2017-11-07 9:16:17,0,11/7/2017 9:16:17,2017-11-07,9,Tue
98944,2,1,32,237,2017-11-08 5:24:08,0,11/8/2017 5:24:08,2017-11-08,5,Wed
26751,26,1,19,477,2017-11-09 7:03:03,0,11/9/2017 7:03:03,2017-11-09,7,Thu
119531,15,2,15,245,2017-11-08 18:44:30,0,11/8/2017 18:44:30,2017-11-08,18,Wed
69577,14,1,4,439,2017-11-07 11:28:08,0,11/7/2017 11:28:08,2017-11-07,11,Tue
6627,3,1,22,280,2017-11-07 10:58:33,0,11/7/2017 10:58:33,2017-11-07,10,Tue
86277,12,1,13,259,2017-11-06 18:02:21,0,11/6/2017 18:02:21,2017-11-06,18,Mon
178822,2,1,19,219,2017-11-08 12:20:13,0,11/8/2017 12:20:13,2017-11-08,12,Wed
17149,14,2,184,446,2017-11-09 14:09:36,0,11/9/2017 14:09:36,2017-11-09,14,Thu
31385,23,1,15,153,2017-11-09 13:32:23,0,11/9/2017 13:32:23,2017-11-09,13,Thu
315844,14,1,18,439,2017-11-08 20:09:49,0,11/8/2017 20:09:49,2017-11-08,20,Wed
26905,15,1,37,245,2017-11-08 18:27:46,0,11/8/2017 18:27:46,2017-11-08,18,Wed
183647,7,1,13,101,2017-11-08 16:02:28,0,11/8/2017 16:02:28,2017-11-08,16,Wed
14063,12,1,13,409,2017-11-08 16:15:36,0,11/8/2017 16:15:36,2017-11-08,16,Wed
128885,3,1,1,417,2017-11-08 0:47:00,0,11/8/2017 0:47:00,2017-11-08,0,Wed
73516,12,1,13,326,2017-11-08 17:57:06,0,11/8/2017 17:57:06,2017-11-08,17,Wed
81013,27,1,13,153,2017-11-08 3:44:14,0,11/8/2017 3:44:14,2017-11-08,3,Wed
77048,3,1,10,280,2017-11-08 12:57:41,0,11/8/2017 12:57:41,2017-11-08,12,Wed
260928,3,1,13,19,2017-11-08 21:35:25,0,11/8/2017 21:35:25,2017-11-08,21,Wed
38634,9,1,17,334,2017-11-07 16:37:33,0,11/7/2017 16:37:33,2017-11-07,16,Tue
7434,12,1,13,265,2017-11-09 4:54:07,0,11/9/2017 4:54:07,2017-11-09,4,Thu
48170,12,2,18,259,2017-11-07 5:51:19,0,11/7/2017 5:51:19,2017-11-07,5,Tue
66541,14,1,18,463,2017-11-07 5:04:48,0,11/7/2017 5:04:48,2017-11-07,5,Tue
194983,21,1,19,128,2017-11-06 23:53:23,0,11/6/2017 23:53:23,2017-11-06,23,Mon
212090,15,1,18,315,2017-11-08 13:17:05,0,11/8/2017 13:17:05,2017-11-08,13,Wed
268835,3,1,18,135,2017-11-08 7:14:44,0,11/8/2017 7:14:44,2017-11-08,7,Wed
25695,3,1,19,280,2017-11-07 6:52:44,0,11/7/2017 6:52:44,2017-11-07,6,Tue
287070,9,1,16,334,2017-11-09 2:45:38,0,11/9/2017 2:45:38,2017-11-09,2,Thu
199694,27,1,8,153,2017-11-06 16:56:32,0,11/6/2017 16:56:32,2017-11-06,16,Mon
4511,3,1,13,371,2017-11-08 0:19:29,0,11/8/2017 0:19:29,2017-11-08,0,Wed
56313,15,1,41,3,2017-11-09 9:42:04,0,11/9/2017 9:42:04,2017-11-09,9,Thu
90948,12,1,8,265,2017-11-08 9:16:07,0,11/8/2017 9:16:07,2017-11-08,9,Wed
178581,3,1,35,280,2017-11-08 15:29:05,0,11/8/2017 15:29:05,2017-11-08,15,Wed
158713,2,1,18,212,2017-11-06 20:24:51,0,11/6/2017 20:24:51,2017-11-06,20,Mon
55047,64,1,13,459,2017-11-09 9:53:23,0,11/9/2017 9:53:23,2017-11-09,9,Thu
39045,12,1,26,265,2017-11-07 9:17:31,0,11/7/2017 9:17:31,2017-11-07,9,Tue
32788,2,1,36,477,2017-11-09 9:28:35,0,11/9/2017 9:28:35,2017-11-09,9,Thu
22517,6,1,20,125,2017-11-07 13:16:16,0,11/7/2017 13:16:16,2017-11-07,13,Tue
353818,15,1,19,245,2017-11-08 18:31:56,0,11/8/2017 18:31:56,2017-11-08,18,Wed
171832,18,1,53,134,2017-11-08 12:45:02,0,11/8/2017 12:45:02,2017-11-08,12,Wed
92749,12,1,13,265,2017-11-08 23:28:33,0,11/8/2017 23:28:33,2017-11-08,23,Wed
43855,15,1,19,245,2017-11-07 16:01:00,0,11/7/2017 16:01:00,2017-11-07,16,Tue
1313,8,1,22,145,2017-11-09 11:09:46,0,11/9/2017 11:09:46,2017-11-09,11,Thu
114802,19,0,29,213,2017-11-09 4:07:47,0,11/9/2017 4:07:47,2017-11-09,4,Thu
145008,3,1,35,205,2017-11-09 8:46:40,0,11/9/2017 8:46:40,2017-11-09,8,Thu
7595,15,1,41,265,2017-11-07 5:18:19,0,11/7/2017 5:18:19,2017-11-07,5,Tue
128400,9,1,17,442,2017-11-07 16:23:56,0,11/7/2017 16:23:56,2017-11-07,16,Tue
128610,1,1,8,17,2017-11-07 13:41:55,0,11/7/2017 13:41:55,2017-11-07,13,Tue
77048,6,1,17,125,2017-11-08 10:05:11,0,11/8/2017 10:05:11,2017-11-08,10,Wed
101501,8,1,13,145,2017-11-08 23:52:51,0,11/8/2017 23:52:51,2017-11-08,23,Wed
40736,8,1,13,145,2017-11-06 23:20:33,0,11/6/2017 23:20:33,2017-11-06,23,Mon
40849,12,1,19,140,2017-11-09 14:20:13,0,11/9/2017 14:20:13,2017-11-09,14,Thu
32457,15,1,19,245,2017-11-07 1:49:38,0,11/7/2017 1:49:38,2017-11-07,1,Tue
95766,1,1,7,134,2017-11-07 11:26:25,0,11/7/2017 11:26:25,2017-11-07,11,Tue
75270,3,1,19,442,2017-11-09 12:09:49,0,11/9/2017 12:09:49,2017-11-09,12,Thu
28652,15,1,17,245,2017-11-07 2:54:14,0,11/7/2017 2:54:14,2017-11-07,2,Tue
290599,2,1,13,435,2017-11-09 6:08:12,0,11/9/2017 6:08:12,2017-11-09,6,Thu
200707,14,1,17,463,2017-11-09 8:43:35,0,11/9/2017 8:43:35,2017-11-09,8,Thu
114276,9,1,19,334,2017-11-07 16:22:29,0,11/7/2017 16:22:29,2017-11-07,16,Tue
168961,21,1,9,128,2017-11-09 4:40:01,0,11/9/2017 4:40:01,2017-11-09,4,Thu
87783,9,1,13,334,2017-11-08 9:16:32,0,11/8/2017 9:16:32,2017-11-08,9,Wed
106200,8,1,13,145,2017-11-09 4:48:58,0,11/9/2017 4:48:58,2017-11-09,4,Thu
168352,14,1,28,401,2017-11-09 9:11:14,0,11/9/2017 9:11:14,2017-11-09,9,Thu
35650,3,1,13,280,2017-11-08 5:31:03,0,11/8/2017 5:31:03,2017-11-08,5,Wed
139542,2,1,13,469,2017-11-06 23:09:14,0,11/6/2017 23:09:14,2017-11-06,23,Mon
77107,12,1,22,178,2017-11-09 14:35:45,0,11/9/2017 14:35:45,2017-11-09,14,Thu
23496,2,1,18,237,2017-11-07 22:59:25,0,11/7/2017 22:59:25,2017-11-07,22,Tue
37417,11,1,19,319,2017-11-06 23:48:31,0,11/6/2017 23:48:31,2017-11-06,23,Mon
112329,12,1,13,265,2017-11-08 14:39:09,0,11/8/2017 14:39:09,2017-11-08,14,Wed
10572,12,1,18,340,2017-11-09 15:35:35,0,11/9/2017 15:35:35,2017-11-09,15,Thu
108160,3,2,36,280,2017-11-08 7:20:37,0,11/8/2017 7:20:37,2017-11-08,7,Wed
39349,21,1,17,128,2017-11-09 10:31:54,0,11/9/2017 10:31:54,2017-11-09,10,Thu
65863,12,1,37,265,2017-11-07 5:15:29,0,11/7/2017 5:15:29,2017-11-07,5,Tue
97103,12,1,13,245,2017-11-07 3:31:33,0,11/7/2017 3:31:33,2017-11-07,3,Tue
39818,23,1,19,153,2017-11-09 14:13:05,0,11/9/2017 14:13:05,2017-11-09,14,Thu
48004,20,1,16,259,2017-11-08 3:44:41,0,11/8/2017 3:44:41,2017-11-08,3,Wed
7664,21,1,19,128,2017-11-07 1:12:02,0,11/7/2017 1:12:02,2017-11-07,1,Tue
199564,3,2,11,442,2017-11-08 12:19:52,0,11/8/2017 12:19:52,2017-11-08,12,Wed
173141,9,2,66,107,2017-11-09 12:01:22,0,11/9/2017 12:01:22,2017-11-09,12,Thu
5348,15,1,13,140,2017-11-06 16:17:07,0,11/6/2017 16:17:07,2017-11-06,16,Mon
172503,14,1,13,442,2017-11-07 12:31:22,0,11/7/2017 12:31:22,2017-11-07,12,Tue
7146,3,1,41,205,2017-11-07 9:20:10,0,11/7/2017 9:20:10,2017-11-07,9,Tue
98045,3,1,32,211,2017-11-08 8:50:39,0,11/8/2017 8:50:39,2017-11-08,8,Wed
99856,44,3543,748,347,2017-11-08 13:50:05,0,11/8/2017 13:50:05,2017-11-08,13,Wed
88781,15,1,13,278,2017-11-07 6:27:29,0,11/7/2017 6:27:29,2017-11-07,6,Tue
47083,2,1,16,219,2017-11-08 23:52:28,0,11/8/2017 23:52:28,2017-11-08,23,Wed
51967,12,1,19,178,2017-11-08 10:51:31,0,11/8/2017 10:51:31,2017-11-08,10,Wed
145031,28,1,13,135,2017-11-07 14:07:45,0,11/7/2017 14:07:45,2017-11-07,14,Tue
34432,12,1,10,19,2017-11-07 0:38:44,0,11/7/2017 0:38:44,2017-11-07,0,Tue
77813,15,1,14,245,2017-11-08 8:09:27,0,11/8/2017 8:09:27,2017-11-08,8,Wed
2189,94,1,13,361,2017-11-08 2:44:29,0,11/8/2017 2:44:29,2017-11-08,2,Wed
40022,12,2,22,265,2017-11-07 3:04:12,0,11/7/2017 3:04:12,2017-11-07,3,Tue
17477,3,1,28,205,2017-11-08 23:54:17,0,11/8/2017 23:54:17,2017-11-08,23,Wed
114314,12,1,17,497,2017-11-07 4:35:22,0,11/7/2017 4:35:22,2017-11-07,4,Tue
202016,12,1,12,105,2017-11-07 1:08:12,0,11/7/2017 1:08:12,2017-11-07,1,Tue
52043,15,1,19,245,2017-11-08 14:27:09,0,11/8/2017 14:27:09,2017-11-08,14,Wed
145838,3,1,8,280,2017-11-08 0:33:48,0,11/8/2017 0:33:48,2017-11-08,0,Wed
99944,2,1,19,237,2017-11-09 1:13:48,0,11/9/2017 1:13:48,2017-11-09,1,Thu
81629,18,1,17,107,2017-11-08 13:00:01,0,11/8/2017 13:00:01,2017-11-08,13,Wed
58404,15,1,19,3,2017-11-06 19:46:53,0,11/6/2017 19:46:53,2017-11-06,19,Mon
77553,14,1,19,480,2017-11-09 0:02:53,0,11/9/2017 0:02:53,2017-11-09,0,Thu
194008,14,1,19,489,2017-11-06 23:10:47,0,11/6/2017 23:10:47,2017-11-06,23,Mon
50696,14,1,17,480,2017-11-07 3:47:59,0,11/7/2017 3:47:59,2017-11-07,3,Tue
38628,8,1,19,145,2017-11-09 9:06:27,0,11/9/2017 9:06:27,2017-11-09,9,Thu
134034,23,1,19,153,2017-11-07 3:29:24,0,11/7/2017 3:29:24,2017-11-07,3,Tue
73487,3,1,13,153,2017-11-09 5:16:09,0,11/9/2017 5:16:09,2017-11-09,5,Thu
39209,2,1,13,212,2017-11-08 17:26:54,0,11/8/2017 17:26:54,2017-11-08,17,Wed
12103,9,1,14,466,2017-11-09 9:04:13,0,11/9/2017 9:04:13,2017-11-09,9,Thu
92749,12,1,13,259,2017-11-07 9:26:01,0,11/7/2017 9:26:01,2017-11-07,9,Tue
164320,15,1,20,480,2017-11-07 7:14:41,0,11/7/2017 7:14:41,2017-11-07,7,Tue
167166,3,1,19,135,2017-11-07 9:42:57,0,11/7/2017 9:42:57,2017-11-07,9,Tue
77983,9,1,13,107,2017-11-08 22:49:31,0,11/8/2017 22:49:31,2017-11-08,22,Wed
12091,11,1,8,481,2017-11-08 9:42:18,0,11/8/2017 9:42:18,2017-11-08,9,Wed
120669,3,1,25,280,2017-11-09 1:19:32,0,11/9/2017 1:19:32,2017-11-09,1,Thu
208937,18,1,19,134,2017-11-08 14:03:21,0,11/8/2017 14:03:21,2017-11-08,14,Wed
350411,9,1,8,127,2017-11-09 15:37:59,0,11/9/2017 15:37:59,2017-11-09,15,Thu
89427,8,1,8,145,2017-11-09 12:27:49,0,11/9/2017 12:27:49,2017-11-09,12,Thu
108872,6,1,25,125,2017-11-09 9:17:29,0,11/9/2017 9:17:29,2017-11-09,9,Thu
5314,12,1,13,265,2017-11-08 9:29:44,0,11/8/2017 9:29:44,2017-11-08,9,Wed
69297,14,1,19,401,2017-11-09 13:07:04,0,11/9/2017 13:07:04,2017-11-09,13,Thu
128120,21,1,1,128,2017-11-07 9:59:00,0,11/7/2017 9:59:00,2017-11-07,9,Tue
87073,12,1,52,259,2017-11-07 3:37:35,0,11/7/2017 3:37:35,2017-11-07,3,Tue
14116,23,1,18,153,2017-11-08 2:45:46,0,11/8/2017 2:45:46,2017-11-08,2,Wed
41229,8,1,15,145,2017-11-07 14:16:25,0,11/7/2017 14:16:25,2017-11-07,14,Tue
91641,15,1,19,130,2017-11-08 2:35:32,0,11/8/2017 2:35:32,2017-11-08,2,Wed
118056,9,1,17,232,2017-11-07 5:42:42,0,11/7/2017 5:42:42,2017-11-07,5,Tue
29346,109,0,38,347,2017-11-07 16:26:18,0,11/7/2017 16:26:18,2017-11-07,16,Tue
100494,18,1,56,134,2017-11-09 1:54:02,0,11/9/2017 1:54:02,2017-11-09,1,Thu
105292,3,2,79,402,2017-11-08 22:43:00,0,11/8/2017 22:43:00,2017-11-08,22,Wed
70975,12,1,1,424,2017-11-07 0:23:53,0,11/7/2017 0:23:53,2017-11-07,0,Tue
6814,9,1,37,466,2017-11-09 14:24:15,0,11/9/2017 14:24:15,2017-11-09,14,Thu
100275,15,1,13,315,2017-11-09 15:28:23,0,11/9/2017 15:28:23,2017-11-09,15,Thu
58961,15,1,12,430,2017-11-07 12:48:18,0,11/7/2017 12:48:18,2017-11-07,12,Tue
162684,12,1,13,174,2017-11-07 0:47:32,0,11/7/2017 0:47:32,2017-11-07,0,Tue
56370,12,1,19,178,2017-11-08 2:34:13,0,11/8/2017 2:34:13,2017-11-08,2,Wed
97300,14,1,19,379,2017-11-09 0:06:21,0,11/9/2017 0:06:21,2017-11-09,0,Thu
107569,23,1,18,153,2017-11-08 0:27:29,0,11/8/2017 0:27:29,2017-11-08,0,Wed
51571,2,1,19,212,2017-11-09 3:28:06,0,11/9/2017 3:28:06,2017-11-09,3,Thu
43827,3,1,1,211,2017-11-08 13:29:12,0,11/8/2017 13:29:12,2017-11-08,13,Wed
81187,9,1,16,244,2017-11-08 21:57:51,0,11/8/2017 21:57:51,2017-11-08,21,Wed
58982,3,1,13,280,2017-11-08 16:44:45,0,11/8/2017 16:44:45,2017-11-08,16,Wed
71428,3,1,19,280,2017-11-08 5:35:25,0,11/8/2017 5:35:25,2017-11-08,5,Wed
80539,3,1,17,115,2017-11-08 22:58:25,0,11/8/2017 22:58:25,2017-11-08,22,Wed
32453,18,3543,748,107,2017-11-07 16:15:09,0,11/7/2017 16:15:09,2017-11-07,16,Tue
10392,12,1,15,340,2017-11-09 8:34:30,0,11/9/2017 8:34:30,2017-11-09,8,Thu
234802,11,1,19,481,2017-11-08 15:09:49,0,11/8/2017 15:09:49,2017-11-08,15,Wed
71475,19,114,0,213,2017-11-07 4:39:50,0,11/7/2017 4:39:50,2017-11-07,4,Tue
32487,15,1,19,3,2017-11-09 13:10:06,0,11/9/2017 13:10:06,2017-11-09,13,Thu
48671,12,1,13,265,2017-11-09 15:34:17,0,11/9/2017 15:34:17,2017-11-09,15,Thu
51464,2,1,8,122,2017-11-06 23:49:13,0,11/6/2017 23:49:13,2017-11-06,23,Mon
82754,9,1,23,215,2017-11-06 21:08:59,0,11/6/2017 21:08:59,2017-11-06,21,Mon
71488,3,1,12,135,2017-11-07 1:37:02,0,11/7/2017 1:37:02,2017-11-07,1,Tue
87392,12,1,16,265,2017-11-09 9:28:11,0,11/9/2017 9:28:11,2017-11-09,9,Thu
68381,18,1,23,439,2017-11-06 20:28:02,0,11/6/2017 20:28:02,2017-11-06,20,Mon
79857,18,1,13,107,2017-11-06 17:12:10,0,11/6/2017 17:12:10,2017-11-06,17,Mon
2334,18,3032,607,107,2017-11-07 9:35:42,0,11/7/2017 9:35:42,2017-11-07,9,Tue
97073,7,1,18,101,2017-11-09 12:53:39,0,11/9/2017 12:53:39,2017-11-09,12,Thu
106493,12,1,14,265,2017-11-09 11:03:33,0,11/9/2017 11:03:33,2017-11-09,11,Thu
19054,6,1,13,125,2017-11-07 3:38:58,0,11/7/2017 3:38:58,2017-11-07,3,Tue
54722,12,1,11,245,2017-11-07 20:39:34,0,11/7/2017 20:39:34,2017-11-07,20,Tue
137780,12,1,13,409,2017-11-08 13:11:46,0,11/8/2017 13:11:46,2017-11-08,13,Wed
126297,2,1,18,477,2017-11-07 15:10:32,0,11/7/2017 15:10:32,2017-11-07,15,Tue
40815,2,1,18,469,2017-11-08 23:16:01,0,11/8/2017 23:16:01,2017-11-08,23,Wed
101340,9,1,17,442,2017-11-09 13:00:35,0,11/9/2017 13:00:35,2017-11-09,13,Thu
10973,23,1,47,153,2017-11-08 2:22:52,0,11/8/2017 2:22:52,2017-11-08,2,Wed
8539,36,1,19,373,2017-11-07 15:22:11,0,11/7/2017 15:22:11,2017-11-07,15,Tue
62688,25,1,19,259,2017-11-08 13:58:29,0,11/8/2017 13:58:29,2017-11-08,13,Wed
13104,3,1,1,280,2017-11-09 3:45:55,0,11/9/2017 3:45:55,2017-11-09,3,Thu
111251,14,1,37,467,2017-11-06 18:28:01,0,11/6/2017 18:28:01,2017-11-06,18,Mon
20184,6,1,13,459,2017-11-09 15:28:31,0,11/9/2017 15:28:31,2017-11-09,15,Thu
77257,2,1,18,477,2017-11-07 4:53:56,0,11/7/2017 4:53:56,2017-11-07,4,Tue
252710,9,1,22,258,2017-11-08 0:06:38,0,11/8/2017 0:06:38,2017-11-08,0,Wed
82843,12,2,15,178,2017-11-08 2:59:31,0,11/8/2017 2:59:31,2017-11-08,2,Wed
5348,2,1,53,212,2017-11-07 15:22:35,0,11/7/2017 15:22:35,2017-11-07,15,Tue
4754,7,1,18,101,2017-11-09 4:34:51,0,11/9/2017 4:34:51,2017-11-09,4,Thu
69032,12,2,15,140,2017-11-09 11:17:23,0,11/9/2017 11:17:23,2017-11-09,11,Thu
6641,18,1,18,107,2017-11-07 16:20:07,0,11/7/2017 16:20:07,2017-11-07,16,Tue
53454,26,1,13,477,2017-11-09 14:21:13,0,11/9/2017 14:21:13,2017-11-09,14,Thu
345228,14,2,19,118,2017-11-09 13:45:51,0,11/9/2017 13:45:51,2017-11-09,13,Thu
226253,18,1,19,121,2017-11-08 5:39:09,0,11/8/2017 5:39:09,2017-11-08,5,Wed
24932,14,1,19,160,2017-11-09 14:32:28,0,11/9/2017 14:32:28,2017-11-09,14,Thu
49553,2,1,6,477,2017-11-08 10:25:54,0,11/8/2017 10:25:54,2017-11-08,10,Wed
139835,9,1,19,334,2017-11-08 0:19:40,0,11/8/2017 0:19:40,2017-11-08,0,Wed
2666,2,1,53,219,2017-11-09 4:12:57,0,11/9/2017 4:12:57,2017-11-09,4,Thu
59969,12,1,19,328,2017-11-09 4:38:49,0,11/9/2017 4:38:49,2017-11-09,4,Thu
79718,18,1,13,134,2017-11-07 23:55:41,0,11/7/2017 23:55:41,2017-11-07,23,Tue
70491,2,1,13,477,2017-11-09 8:24:38,0,11/9/2017 8:24:38,2017-11-09,8,Thu
77866,9,1,19,466,2017-11-09 13:52:00,0,11/9/2017 13:52:00,2017-11-09,13,Thu
113454,1,1,43,124,2017-11-07 14:30:24,0,11/7/2017 14:30:24,2017-11-07,14,Tue
176165,9,1,19,215,2017-11-09 1:41:43,0,11/9/2017 1:41:43,2017-11-09,1,Thu
54910,20,1,12,478,2017-11-09 13:55:26,0,11/9/2017 13:55:26,2017-11-09,13,Thu
364719,18,1,15,107,2017-11-09 12:17:44,0,11/9/2017 12:17:44,2017-11-09,12,Thu
265592,64,1,13,459,2017-11-08 5:32:36,0,11/8/2017 5:32:36,2017-11-08,5,Wed
90891,12,1,19,178,2017-11-08 8:56:16,0,11/8/2017 8:56:16,2017-11-08,8,Wed
78955,3,1,19,317,2017-11-08 9:00:43,0,11/8/2017 9:00:43,2017-11-08,9,Wed
271769,2,1,23,243,2017-11-09 11:52:25,0,11/9/2017 11:52:25,2017-11-09,11,Thu
47132,24,1,42,105,2017-11-07 3:48:04,0,11/7/2017 3:48:04,2017-11-07,3,Tue
114490,2,1,19,477,2017-11-07 4:28:50,0,11/7/2017 4:28:50,2017-11-07,4,Tue
274915,19,154,50,282,2017-11-08 0:46:01,0,11/8/2017 0:46:01,2017-11-08,0,Wed
8749,26,1,9,121,2017-11-07 10:11:42,0,11/7/2017 10:11:42,2017-11-07,10,Tue
93587,15,1,9,430,2017-11-08 2:20:05,0,11/8/2017 2:20:05,2017-11-08,2,Wed
18053,6,1,18,459,2017-11-09 12:09:17,0,11/9/2017 12:09:17,2017-11-09,12,Thu
54841,9,1,34,489,2017-11-09 15:29:32,0,11/9/2017 15:29:32,2017-11-09,15,Thu
42237,12,1,13,265,2017-11-07 3:03:01,0,11/7/2017 3:03:01,2017-11-07,3,Tue
68996,9,1,6,489,2017-11-07 17:12:19,0,11/7/2017 17:12:19,2017-11-07,17,Tue
72371,14,1,25,489,2017-11-07 3:22:58,0,11/7/2017 3:22:58,2017-11-07,3,Tue
99150,29,1,6,213,2017-11-09 12:51:28,0,11/9/2017 12:51:28,2017-11-09,12,Thu
73516,2,2,18,477,2017-11-08 16:29:38,0,11/8/2017 16:29:38,2017-11-08,16,Wed
324,14,1,13,208,2017-11-08 1:16:51,0,11/8/2017 1:16:51,2017-11-08,1,Wed
23599,12,1,19,140,2017-11-08 10:50:58,0,11/8/2017 10:50:58,2017-11-08,10,Wed
196573,18,1,13,107,2017-11-08 5:41:13,0,11/8/2017 5:41:13,2017-11-08,5,Wed
215649,13,1,11,477,2017-11-08 8:31:06,0,11/8/2017 8:31:06,2017-11-08,8,Wed
118048,64,1,3,459,2017-11-08 10:00:48,0,11/8/2017 10:00:48,2017-11-08,10,Wed
63624,9,1,13,215,2017-11-08 6:00:05,0,11/8/2017 6:00:05,2017-11-08,6,Wed
105292,2,1,6,205,2017-11-07 12:39:38,0,11/7/2017 12:39:38,2017-11-07,12,Tue
15652,13,1,37,477,2017-11-07 6:57:15,0,11/7/2017 6:57:15,2017-11-07,6,Tue
73487,3,1,19,409,2017-11-07 12:17:47,0,11/7/2017 12:17:47,2017-11-07,12,Tue
30404,12,1,10,328,2017-11-09 12:04:15,0,11/9/2017 12:04:15,2017-11-09,12,Thu
196,15,1,11,245,2017-11-07 15:01:25,0,11/7/2017 15:01:25,2017-11-07,15,Tue
117867,18,1,19,121,2017-11-07 20:21:47,0,11/7/2017 20:21:47,2017-11-07,20,Tue
85419,3,1,13,442,2017-11-07 3:44:46,0,11/7/2017 3:44:46,2017-11-07,3,Tue
75539,15,1,10,245,2017-11-06 16:19:12,0,11/6/2017 16:19:12,2017-11-06,16,Mon
200466,11,1,17,487,2017-11-07 1:47:37,0,11/7/2017 1:47:37,2017-11-07,1,Tue
295474,9,1,13,215,2017-11-09 3:27:25,0,11/9/2017 3:27:25,2017-11-09,3,Thu
37485,3,1,13,442,2017-11-08 9:14:13,0,11/8/2017 9:14:13,2017-11-08,9,Wed
39328,2,1,28,236,2017-11-09 3:29:12,0,11/9/2017 3:29:12,2017-11-09,3,Thu
105811,14,1,13,480,2017-11-08 14:55:29,0,11/8/2017 14:55:29,2017-11-08,14,Wed
8718,26,1,19,121,2017-11-07 9:10:09,0,11/7/2017 9:10:09,2017-11-07,9,Tue
201182,3,1,13,211,2017-11-08 15:39:13,0,11/8/2017 15:39:13,2017-11-08,15,Wed
14967,8,1,19,145,2017-11-08 0:22:40,0,11/8/2017 0:22:40,2017-11-08,0,Wed
172187,9,1,13,442,2017-11-07 11:26:13,0,11/7/2017 11:26:13,2017-11-07,11,Tue
112682,12,1,17,259,2017-11-09 15:14:47,0,11/9/2017 15:14:47,2017-11-09,15,Thu
122207,12,1,19,245,2017-11-07 22:23:04,0,11/7/2017 22:23:04,2017-11-07,22,Tue
31467,12,1,19,178,2017-11-09 5:55:09,0,11/9/2017 5:55:09,2017-11-09,5,Thu
266205,2,1,19,236,2017-11-08 3:11:05,0,11/8/2017 3:11:05,2017-11-08,3,Wed
96692,3,1,19,280,2017-11-08 10:15:12,0,11/8/2017 10:15:12,2017-11-08,10,Wed
18332,9,2,10,466,2017-11-08 17:45:23,0,11/8/2017 17:45:23,2017-11-08,17,Wed
209155,12,1,16,205,2017-11-06 17:17:59,0,11/6/2017 17:17:59,2017-11-06,17,Mon
116001,7,1,10,101,2017-11-07 10:44:49,0,11/7/2017 10:44:49,2017-11-07,10,Tue
91694,2,1,17,205,2017-11-07 0:03:04,0,11/7/2017 0:03:04,2017-11-07,0,Tue
124195,14,1,13,489,2017-11-07 2:23:13,0,11/7/2017 2:23:13,2017-11-07,2,Tue
2753,9,1,6,134,2017-11-08 0:37:05,0,11/8/2017 0:37:05,2017-11-08,0,Wed
66240,18,1,19,107,2017-11-09 13:35:52,0,11/9/2017 13:35:52,2017-11-09,13,Thu
61715,14,1,25,349,2017-11-07 7:31:34,0,11/7/2017 7:31:34,2017-11-07,7,Tue
97500,18,1,17,107,2017-11-08 13:00:15,0,11/8/2017 13:00:15,2017-11-08,13,Wed
5314,15,1,17,130,2017-11-08 12:43:35,0,11/8/2017 12:43:35,2017-11-08,12,Wed
41565,18,1,8,107,2017-11-09 7:58:45,0,11/9/2017 7:58:45,2017-11-09,7,Thu
41437,2,1,1,236,2017-11-09 4:15:13,0,11/9/2017 4:15:13,2017-11-09,4,Thu
152918,21,1,27,128,2017-11-07 8:35:52,0,11/7/2017 8:35:52,2017-11-07,8,Tue
84896,18,1,19,121,2017-11-09 14:47:32,0,11/9/2017 14:47:32,2017-11-09,14,Thu
31387,18,1,16,107,2017-11-08 7:54:20,0,11/8/2017 7:54:20,2017-11-08,7,Wed
124002,9,1,19,466,2017-11-06 23:48:51,0,11/6/2017 23:48:51,2017-11-06,23,Mon
4724,12,1,13,265,2017-11-08 11:16:41,0,11/8/2017 11:16:41,2017-11-08,11,Wed
88162,11,1,19,173,2017-11-08 6:36:54,0,11/8/2017 6:36:54,2017-11-08,6,Wed
38922,9,1,13,145,2017-11-09 14:50:16,0,11/9/2017 14:50:16,2017-11-09,14,Thu
77041,22,1,41,116,2017-11-08 0:25:01,0,11/8/2017 0:25:01,2017-11-08,0,Wed
267477,2,1,8,435,2017-11-08 0:04:35,0,11/8/2017 0:04:35,2017-11-08,0,Wed
69944,3,1,13,173,2017-11-09 0:10:49,0,11/9/2017 0:10:49,2017-11-09,0,Thu
15343,14,1,13,463,2017-11-09 0:18:12,0,11/9/2017 0:18:12,2017-11-09,0,Thu
5314,20,1,25,259,2017-11-09 4:31:01,0,11/9/2017 4:31:01,2017-11-09,4,Thu
59091,9,1,13,134,2017-11-08 22:16:50,0,11/8/2017 22:16:50,2017-11-08,22,Wed
152977,3,1,13,280,2017-11-09 4:49:35,0,11/9/2017 4:49:35,2017-11-09,4,Thu
34562,26,1,13,121,2017-11-07 7:14:20,0,11/7/2017 7:14:20,2017-11-07,7,Tue
73487,9,2,13,134,2017-11-07 1:32:49,0,11/7/2017 1:32:49,2017-11-07,1,Tue
107364,12,1,13,178,2017-11-09 3:38:07,0,11/9/2017 3:38:07,2017-11-09,3,Thu
88680,8,1,18,145,2017-11-08 0:37:15,0,11/8/2017 0:37:15,2017-11-08,0,Wed
9781,3,1,13,409,2017-11-07 14:03:56,0,11/7/2017 14:03:56,2017-11-07,14,Tue
42334,2,1,13,435,2017-11-07 4:46:28,0,11/7/2017 4:46:28,2017-11-07,4,Tue
59397,2,1,41,435,2017-11-08 10:09:08,0,11/8/2017 10:09:08,2017-11-08,10,Wed
40931,9,1,19,334,2017-11-09 3:14:37,0,11/9/2017 3:14:37,2017-11-09,3,Thu
40530,3,1,13,280,2017-11-07 4:33:35,0,11/7/2017 4:33:35,2017-11-07,4,Tue
99944,12,1,41,259,2017-11-09 2:06:17,0,11/9/2017 2:06:17,2017-11-09,2,Thu
25097,1,2,18,134,2017-11-07 12:08:45,0,11/7/2017 12:08:45,2017-11-07,12,Tue
6942,21,1,20,128,2017-11-09 12:11:11,0,11/9/2017 12:11:11,2017-11-09,12,Thu
95173,3,1,16,280,2017-11-09 8:24:35,0,11/9/2017 8:24:35,2017-11-09,8,Thu
90888,3,1,32,442,2017-11-08 23:30:27,0,11/8/2017 23:30:27,2017-11-08,23,Wed
105519,9,1,13,442,2017-11-07 16:11:11,0,11/7/2017 16:11:11,2017-11-07,16,Tue
84264,12,1,6,328,2017-11-09 8:06:12,0,11/9/2017 8:06:12,2017-11-09,8,Thu
175706,3,1,13,280,2017-11-08 8:16:22,0,11/8/2017 8:16:22,2017-11-08,8,Wed
123878,3,1,10,280,2017-11-08 13:55:09,0,11/8/2017 13:55:09,2017-11-08,13,Wed
34894,18,3032,607,107,2017-11-07 12:59:15,0,11/7/2017 12:59:15,2017-11-07,12,Tue
77866,9,1,15,127,2017-11-09 15:38:58,0,11/9/2017 15:38:58,2017-11-09,15,Thu
48646,18,1,19,107,2017-11-09 10:34:37,0,11/9/2017 10:34:37,2017-11-09,10,Thu
58705,9,1,3,127,2017-11-09 15:24:56,0,11/9/2017 15:24:56,2017-11-09,15,Thu
65813,3,1,15,173,2017-11-08 23:58:47,0,11/8/2017 23:58:47,2017-11-08,23,Wed
5912,15,1,19,245,2017-11-08 1:23:37,0,11/8/2017 1:23:37,2017-11-08,1,Wed
108742,12,1,13,105,2017-11-09 1:03:42,0,11/9/2017 1:03:42,2017-11-09,1,Thu
112496,2,1,22,219,2017-11-08 7:50:48,0,11/8/2017 7:50:48,2017-11-08,7,Wed
92766,15,1,18,430,2017-11-07 7:32:23,0,11/7/2017 7:32:23,2017-11-07,7,Tue
162296,15,1,8,245,2017-11-09 7:06:44,0,11/9/2017 7:06:44,2017-11-09,7,Thu
148032,2,1,19,469,2017-11-08 8:54:28,0,11/8/2017 8:54:28,2017-11-08,8,Wed
92447,62,1,20,21,2017-11-08 9:46:20,0,11/8/2017 9:46:20,2017-11-08,9,Wed
191863,15,2,6,265,2017-11-08 11:59:03,0,11/8/2017 11:59:03,2017-11-08,11,Wed
17262,2,1,22,236,2017-11-09 2:24:43,0,11/9/2017 2:24:43,2017-11-09,2,Thu
23086,2,1,13,122,2017-11-09 11:05:10,0,11/9/2017 11:05:10,2017-11-09,11,Thu
44595,3,1,19,424,2017-11-09 9:53:38,0,11/9/2017 9:53:38,2017-11-09,9,Thu
4529,26,1,19,121,2017-11-07 9:28:14,0,11/7/2017 9:28:14,2017-11-07,9,Tue
191084,15,1,23,386,2017-11-08 7:45:01,0,11/8/2017 7:45:01,2017-11-08,7,Wed
116836,2,1,19,219,2017-11-08 0:52:39,0,11/8/2017 0:52:39,2017-11-08,0,Wed
114235,2,1,9,477,2017-11-07 15:56:04,0,11/7/2017 15:56:04,2017-11-07,15,Tue
34561,9,1,8,107,2017-11-09 14:49:37,0,11/9/2017 14:49:37,2017-11-09,14,Thu
125222,25,1,41,259,2017-11-07 6:22:22,0,11/7/2017 6:22:22,2017-11-07,6,Tue
97684,3,1,13,280,2017-11-08 15:00:49,0,11/8/2017 15:00:49,2017-11-08,15,Wed
108919,12,1,19,245,2017-11-09 3:37:27,0,11/9/2017 3:37:27,2017-11-09,3,Thu
95585,26,1,43,121,2017-11-07 15:48:38,0,11/7/2017 15:48:38,2017-11-07,15,Tue
119393,21,1,13,128,2017-11-07 3:16:28,0,11/7/2017 3:16:28,2017-11-07,3,Tue
151672,2,1,13,477,2017-11-08 8:23:36,0,11/8/2017 8:23:36,2017-11-08,8,Wed
178323,3,1,19,280,2017-11-07 10:01:20,0,11/7/2017 10:01:20,2017-11-07,10,Tue
21021,15,1,20,245,2017-11-07 8:58:38,0,11/7/2017 8:58:38,2017-11-07,8,Tue
24865,12,1,18,259,2017-11-08 23:32:04,0,11/8/2017 23:32:04,2017-11-08,23,Wed
8208,2,1,8,122,2017-11-08 8:28:58,0,11/8/2017 8:28:58,2017-11-08,8,Wed
157529,12,1,19,178,2017-11-09 8:15:27,0,11/9/2017 8:15:27,2017-11-09,8,Thu
21063,21,1,19,232,2017-11-09 13:01:17,0,11/9/2017 13:01:17,2017-11-09,13,Thu
53960,2,1,3,205,2017-11-06 17:44:43,0,11/6/2017 17:44:43,2017-11-06,17,Mon
121303,28,1,18,135,2017-11-07 5:52:48,0,11/7/2017 5:52:48,2017-11-07,5,Tue
60314,2,1,22,205,2017-11-09 4:55:27,0,11/9/2017 4:55:27,2017-11-09,4,Thu
149667,2,1,19,435,2017-11-08 2:34:27,0,11/8/2017 2:34:27,2017-11-08,2,Wed
241520,26,1,19,121,2017-11-08 6:30:09,0,11/8/2017 6:30:09,2017-11-08,6,Wed
91281,2,1,13,377,2017-11-07 23:57:57,0,11/7/2017 23:57:57,2017-11-07,23,Tue
49407,15,1,19,140,2017-11-06 22:44:29,0,11/6/2017 22:44:29,2017-11-06,22,Mon
45882,18,1,27,107,2017-11-08 9:48:07,0,11/8/2017 9:48:07,2017-11-08,9,Wed
46923,25,1,13,259,2017-11-07 9:28:03,0,11/7/2017 9:28:03,2017-11-07,9,Tue
80781,15,1,13,315,2017-11-07 13:23:01,0,11/7/2017 13:23:01,2017-11-07,13,Tue
3994,13,1,13,477,2017-11-07 9:51:06,0,11/7/2017 9:51:06,2017-11-07,9,Tue
139783,12,1,53,265,2017-11-08 8:51:21,0,11/8/2017 8:51:21,2017-11-08,8,Wed
53408,6,1,19,459,2017-11-08 1:59:43,0,11/8/2017 1:59:43,2017-11-08,1,Wed
95541,2,1,13,477,2017-11-06 17:05:55,0,11/6/2017 17:05:55,2017-11-06,17,Mon
43793,18,1,13,107,2017-11-07 14:02:37,0,11/7/2017 14:02:37,2017-11-07,14,Tue
44056,13,1,19,477,2017-11-09 4:02:20,0,11/9/2017 4:02:20,2017-11-09,4,Thu
27132,12,1,13,245,2017-11-08 13:40:26,0,11/8/2017 13:40:26,2017-11-08,13,Wed
87715,3,1,19,409,2017-11-08 14:47:32,0,11/8/2017 14:47:32,2017-11-08,14,Wed
78136,12,1,31,340,2017-11-09 15:39:51,0,11/9/2017 15:39:51,2017-11-09,15,Thu
73582,3,1,18,424,2017-11-08 22:57:14,0,11/8/2017 22:57:14,2017-11-08,22,Wed
8718,18,1,8,107,2017-11-09 11:46:04,0,11/9/2017 11:46:04,2017-11-09,11,Thu
209385,2,1,6,477,2017-11-09 2:04:41,0,11/9/2017 2:04:41,2017-11-09,2,Thu
257714,12,1,15,178,2017-11-07 16:12:22,0,11/7/2017 16:12:22,2017-11-07,16,Tue
18270,12,1,46,265,2017-11-09 14:40:35,0,11/9/2017 14:40:35,2017-11-09,14,Thu
40488,14,1,16,463,2017-11-07 6:40:21,0,11/7/2017 6:40:21,2017-11-07,6,Tue
70522,1,1,9,135,2017-11-07 0:36:54,0,11/7/2017 0:36:54,2017-11-07,0,Tue
99579,2,1,13,452,2017-11-08 14:51:35,0,11/8/2017 14:51:35,2017-11-08,14,Wed
255310,23,1,28,153,2017-11-09 3:42:23,0,11/9/2017 3:42:23,2017-11-09,3,Thu
62803,19,0,29,213,2017-11-09 9:17:39,0,11/9/2017 9:17:39,2017-11-09,9,Thu
13634,12,1,15,178,2017-11-09 11:01:04,0,11/9/2017 11:01:04,2017-11-09,11,Thu
90485,12,1,19,205,2017-11-09 8:03:31,0,11/9/2017 8:03:31,2017-11-09,8,Thu
95766,2,1,19,469,2017-11-08 13:34:43,0,11/8/2017 13:34:43,2017-11-08,13,Wed
52094,8,1,22,140,2017-11-09 12:52:23,0,11/9/2017 12:52:23,2017-11-09,12,Thu
4052,12,1,10,245,2017-11-09 5:07:49,0,11/9/2017 5:07:49,2017-11-09,5,Thu
45374,9,1,36,127,2017-11-08 15:29:30,0,11/8/2017 15:29:30,2017-11-08,15,Wed
46401,9,1,16,334,2017-11-08 15:24:50,0,11/8/2017 15:24:50,2017-11-08,15,Wed
76460,14,1,20,134,2017-11-09 9:17:50,0,11/9/2017 9:17:50,2017-11-09,9,Thu
5314,2,1,13,212,2017-11-09 10:13:00,0,11/9/2017 10:13:00,2017-11-09,10,Thu
60442,18,1,18,134,2017-11-08 9:13:35,0,11/8/2017 9:13:35,2017-11-08,9,Wed
95766,1,1,13,439,2017-11-09 7:01:05,0,11/9/2017 7:01:05,2017-11-09,7,Thu
50296,12,1,13,178,2017-11-08 7:53:19,0,11/8/2017 7:53:19,2017-11-08,7,Wed
123709,13,1,6,469,2017-11-09 6:46:54,0,11/9/2017 6:46:54,2017-11-09,6,Thu
80437,15,1,19,3,2017-11-07 6:46:13,0,11/7/2017 6:46:13,2017-11-07,6,Tue
84701,2,1,13,317,2017-11-08 10:06:22,0,11/8/2017 10:06:22,2017-11-08,10,Wed
67628,18,1,19,107,2017-11-07 14:54:13,0,11/7/2017 14:54:13,2017-11-07,14,Tue
100447,6,1,19,459,2017-11-07 8:18:12,0,11/7/2017 8:18:12,2017-11-07,8,Tue
63080,2,1,6,435,2017-11-09 10:09:16,0,11/9/2017 10:09:16,2017-11-09,10,Thu
81662,2,1,16,477,2017-11-08 16:43:20,0,11/8/2017 16:43:20,2017-11-08,16,Wed
339662,5,1,43,113,2017-11-09 9:21:33,1,11/9/2017 9:21:33,2017-11-09,9,Thu
23035,9,1,19,232,2017-11-09 8:59:15,0,11/9/2017 8:59:15,2017-11-09,8,Thu
8378,18,1,13,121,2017-11-06 23:14:14,0,11/6/2017 23:14:14,2017-11-06,23,Mon
43775,8,1,13,145,2017-11-07 1:13:58,0,11/7/2017 1:13:58,2017-11-07,1,Tue
4414,9,1,14,253,2017-11-08 2:12:35,0,11/8/2017 2:12:35,2017-11-08,2,Wed
100276,15,1,53,130,2017-11-07 9:26:26,0,11/7/2017 9:26:26,2017-11-07,9,Tue
169001,15,1,27,315,2017-11-08 11:32:15,0,11/8/2017 11:32:15,2017-11-08,11,Wed
106200,12,1,6,178,2017-11-09 3:20:49,0,11/9/2017 3:20:49,2017-11-09,3,Thu
17845,18,1,22,107,2017-11-09 7:24:16,0,11/9/2017 7:24:16,2017-11-09,7,Thu
122452,6,1,22,125,2017-11-09 6:41:16,0,11/9/2017 6:41:16,2017-11-09,6,Thu
69873,9,1,1,466,2017-11-08 3:57:43,0,11/8/2017 3:57:43,2017-11-08,3,Wed
90855,3,1,8,153,2017-11-09 4:54:20,0,11/9/2017 4:54:20,2017-11-09,4,Thu
358710,3,1,47,280,2017-11-09 1:26:32,0,11/9/2017 1:26:32,2017-11-09,1,Thu
66003,18,1,19,134,2017-11-07 5:19:28,0,11/7/2017 5:19:28,2017-11-07,5,Tue
173751,3,1,15,205,2017-11-06 23:24:05,0,11/6/2017 23:24:05,2017-11-06,23,Mon
67316,581,3032,607,347,2017-11-07 2:11:46,0,11/7/2017 2:11:46,2017-11-07,2,Tue
123619,2,1,13,435,2017-11-07 9:30:12,0,11/7/2017 9:30:12,2017-11-07,9,Tue
81571,3,1,10,130,2017-11-07 1:58:50,0,11/7/2017 1:58:50,2017-11-07,1,Tue
38602,18,1,19,107,2017-11-07 9:42:40,0,11/7/2017 9:42:40,2017-11-07,9,Tue
108172,18,1,6,107,2017-11-09 10:00:12,0,11/9/2017 10:00:12,2017-11-09,10,Thu
82816,2,1,19,258,2017-11-09 4:58:27,0,11/9/2017 4:58:27,2017-11-09,4,Thu
59064,14,1,22,439,2017-11-08 0:45:06,0,11/8/2017 0:45:06,2017-11-08,0,Wed
27820,2,1,13,236,2017-11-09 1:29:50,0,11/9/2017 1:29:50,2017-11-09,1,Thu
72164,9,1,16,215,2017-11-09 9:50:06,0,11/9/2017 9:50:06,2017-11-09,9,Thu
116431,12,1,46,328,2017-11-07 8:30:09,0,11/7/2017 8:30:09,2017-11-07,8,Tue
34680,3,1,19,205,2017-11-07 9:29:50,0,11/7/2017 9:29:50,2017-11-07,9,Tue
5147,15,1,16,245,2017-11-08 4:55:19,0,11/8/2017 4:55:19,2017-11-08,4,Wed
7377,22,1,19,496,2017-11-07 5:08:03,0,11/7/2017 5:08:03,2017-11-07,5,Tue
328915,12,1,15,19,2017-11-09 1:05:48,0,11/9/2017 1:05:48,2017-11-09,1,Thu
112812,12,1,18,328,2017-11-08 7:10:02,0,11/8/2017 7:10:02,2017-11-08,7,Wed
9414,3,1,13,19,2017-11-06 17:26:55,0,11/6/2017 17:26:55,2017-11-06,17,Mon
234055,15,1,13,386,2017-11-08 3:19:29,0,11/8/2017 3:19:29,2017-11-08,3,Wed
181717,15,1,19,386,2017-11-07 6:07:10,0,11/7/2017 6:07:10,2017-11-07,6,Tue
8157,26,1,9,266,2017-11-08 13:19:46,0,11/8/2017 13:19:46,2017-11-08,13,Wed
67343,8,1,13,145,2017-11-06 16:42:42,0,11/6/2017 16:42:42,2017-11-06,16,Mon
49431,6,1,8,459,2017-11-09 14:50:52,0,11/9/2017 14:50:52,2017-11-09,14,Thu
28355,13,1,19,469,2017-11-07 14:47:04,0,11/7/2017 14:47:04,2017-11-07,14,Tue
73767,14,1,37,401,2017-11-07 18:20:44,0,11/7/2017 18:20:44,2017-11-07,18,Tue
67772,12,1,41,245,2017-11-08 10:19:56,0,11/8/2017 10:19:56,2017-11-08,10,Wed
112012,18,1,19,121,2017-11-09 15:15:40,0,11/9/2017 15:15:40,2017-11-09,15,Thu
37892,2,1,13,122,2017-11-07 7:27:03,0,11/7/2017 7:27:03,2017-11-07,7,Tue
76022,9,1,37,215,2017-11-07 13:45:13,0,11/7/2017 13:45:13,2017-11-07,13,Tue
287007,1,1,9,349,2017-11-08 1:30:58,0,11/8/2017 1:30:58,2017-11-08,1,Wed
54786,6,1,19,125,2017-11-07 16:03:41,0,11/7/2017 16:03:41,2017-11-07,16,Tue
62916,24,1,15,105,2017-11-07 1:11:20,0,11/7/2017 1:11:20,2017-11-07,1,Tue
14792,2,1,6,435,2017-11-09 11:16:12,0,11/9/2017 11:16:12,2017-11-09,11,Thu
225265,6,1,13,125,2017-11-08 9:17:00,0,11/8/2017 9:17:00,2017-11-08,9,Wed
72002,18,1,19,107,2017-11-09 12:50:33,0,11/9/2017 12:50:33,2017-11-09,12,Thu
59121,18,1,22,107,2017-11-08 23:58:27,0,11/8/2017 23:58:27,2017-11-08,23,Wed
73487,12,1,19,326,2017-11-07 23:26:40,0,11/7/2017 23:26:40,2017-11-07,23,Tue
168236,1,1,13,134,2017-11-09 0:04:13,0,11/9/2017 0:04:13,2017-11-09,0,Thu
116581,2,1,19,317,2017-11-08 10:25:51,0,11/8/2017 10:25:51,2017-11-08,10,Wed
89653,3,1,18,489,2017-11-08 0:22:09,0,11/8/2017 0:22:09,2017-11-08,0,Wed
119149,1,1,1,134,2017-11-08 17:20:12,0,11/8/2017 17:20:12,2017-11-08,17,Wed
226358,9,1,25,253,2017-11-08 1:22:38,0,11/8/2017 1:22:38,2017-11-08,1,Wed
55852,9,2,17,334,2017-11-08 23:08:45,0,11/8/2017 23:08:45,2017-11-08,23,Wed
8610,9,1,37,215,2017-11-06 16:56:00,0,11/6/2017 16:56:00,2017-11-06,16,Mon
73347,12,1,22,328,2017-11-08 3:20:31,0,11/8/2017 3:20:31,2017-11-08,3,Wed
87007,2,1,19,219,2017-11-07 6:19:30,0,11/7/2017 6:19:30,2017-11-07,6,Tue
18332,2,1,13,237,2017-11-07 12:36:09,0,11/7/2017 12:36:09,2017-11-07,12,Tue
105475,8,2,10,145,2017-11-09 2:56:32,0,11/9/2017 2:56:32,2017-11-09,2,Thu
64741,12,1,25,328,2017-11-09 0:50:09,0,11/9/2017 0:50:09,2017-11-09,0,Thu
80703,2,1,19,237,2017-11-07 2:28:11,0,11/7/2017 2:28:11,2017-11-07,2,Tue
8924,3,1,14,480,2017-11-08 7:12:29,0,11/8/2017 7:12:29,2017-11-08,7,Wed
36132,15,1,13,111,2017-11-09 7:46:18,0,11/9/2017 7:46:18,2017-11-09,7,Thu
110595,14,1,19,439,2017-11-07 7:28:43,0,11/7/2017 7:28:43,2017-11-07,7,Tue
10356,26,1,13,121,2017-11-09 7:08:49,0,11/9/2017 7:08:49,2017-11-09,7,Thu
109361,15,1,53,430,2017-11-06 18:30:05,0,11/6/2017 18:30:05,2017-11-06,18,Mon
58960,3,1,18,205,2017-11-08 17:25:00,0,11/8/2017 17:25:00,2017-11-08,17,Wed
62937,3,1,16,280,2017-11-09 6:37:29,0,11/9/2017 6:37:29,2017-11-09,6,Thu
51110,6,1,13,459,2017-11-09 9:12:56,0,11/9/2017 9:12:56,2017-11-09,9,Thu
109149,32,1,19,376,2017-11-07 7:07:34,0,11/7/2017 7:07:34,2017-11-07,7,Tue
48011,12,1,19,328,2017-11-09 5:50:16,0,11/9/2017 5:50:16,2017-11-09,5,Thu
132262,14,1,52,442,2017-11-06 23:33:19,0,11/6/2017 23:33:19,2017-11-06,23,Mon
174526,3,1,19,205,2017-11-07 15:10:53,0,11/7/2017 15:10:53,2017-11-07,15,Tue
15819,1,1,19,439,2017-11-07 1:29:13,0,11/7/2017 1:29:13,2017-11-07,1,Tue
73152,18,1,19,107,2017-11-08 4:59:12,0,11/8/2017 4:59:12,2017-11-08,4,Wed
51179,12,1,13,265,2017-11-08 14:44:48,0,11/8/2017 14:44:48,2017-11-08,14,Wed
80058,15,1,3,480,2017-11-09 2:43:40,0,11/9/2017 2:43:40,2017-11-09,2,Thu
275888,5,1,8,377,2017-11-08 8:29:48,0,11/8/2017 8:29:48,2017-11-08,8,Wed
249730,18,1,10,134,2017-11-08 10:04:40,0,11/8/2017 10:04:40,2017-11-08,10,Wed
55649,3,2,6,280,2017-11-08 12:30:13,0,11/8/2017 12:30:13,2017-11-08,12,Wed
94081,2,1,25,219,2017-11-09 6:37:34,0,11/9/2017 6:37:34,2017-11-09,6,Thu
73487,12,1,19,245,2017-11-08 1:36:36,0,11/8/2017 1:36:36,2017-11-08,1,Wed
209627,2,1,13,237,2017-11-08 13:14:15,0,11/8/2017 13:14:15,2017-11-08,13,Wed
12087,3,1,19,452,2017-11-07 9:40:56,0,11/7/2017 9:40:56,2017-11-07,9,Tue
111087,3,1,18,280,2017-11-08 9:14:54,0,11/8/2017 9:14:54,2017-11-08,9,Wed
3850,3,1,13,409,2017-11-07 2:45:16,0,11/7/2017 2:45:16,2017-11-07,2,Tue
37233,9,1,17,215,2017-11-07 16:02:08,0,11/7/2017 16:02:08,2017-11-07,16,Tue
99855,3,1,20,280,2017-11-07 1:04:43,0,11/7/2017 1:04:43,2017-11-07,1,Tue
38716,12,1,19,245,2017-11-06 18:36:37,0,11/6/2017 18:36:37,2017-11-06,18,Mon
4324,3,1,6,173,2017-11-07 2:37:12,0,11/7/2017 2:37:12,2017-11-07,2,Tue
30564,3,2,97,211,2017-11-06 22:51:45,0,11/6/2017 22:51:45,2017-11-06,22,Mon
28200,12,1,18,497,2017-11-09 4:46:39,0,11/9/2017 4:46:39,2017-11-09,4,Thu
115585,18,1,19,107,2017-11-09 7:01:36,0,11/9/2017 7:01:36,2017-11-09,7,Thu
125459,6,1,13,459,2017-11-09 0:27:33,0,11/9/2017 0:27:33,2017-11-09,0,Thu
7962,7,1,22,101,2017-11-09 10:45:24,0,11/9/2017 10:45:24,2017-11-09,10,Thu
30564,3,1,23,211,2017-11-09 7:30:28,0,11/9/2017 7:30:28,2017-11-09,7,Thu
102475,28,1,13,135,2017-11-09 14:02:07,0,11/9/2017 14:02:07,2017-11-09,14,Thu
45929,12,1,19,245,2017-11-08 13:59:34,0,11/8/2017 13:59:34,2017-11-08,13,Wed
48383,3,1,18,280,2017-11-08 14:03:41,0,11/8/2017 14:03:41,2017-11-08,14,Wed
43827,15,1,10,245,2017-11-09 5:18:31,0,11/9/2017 5:18:31,2017-11-09,5,Thu
328755,9,1,13,489,2017-11-09 5:13:36,0,11/9/2017 5:13:36,2017-11-09,5,Thu
73954,2,1,8,469,2017-11-07 11:59:16,0,11/7/2017 11:59:16,2017-11-07,11,Tue
241937,3,1,17,280,2017-11-08 5:53:49,0,11/8/2017 5:53:49,2017-11-08,5,Wed
10434,9,1,19,107,2017-11-09 1:37:56,0,11/9/2017 1:37:56,2017-11-09,1,Thu
191028,13,1,13,477,2017-11-09 2:30:36,0,11/9/2017 2:30:36,2017-11-09,2,Thu
109161,26,1,32,266,2017-11-07 5:22:26,0,11/7/2017 5:22:26,2017-11-07,5,Tue
78905,3,1,13,417,2017-11-07 5:48:12,0,11/7/2017 5:48:12,2017-11-07,5,Tue
30164,13,1,16,469,2017-11-09 3:05:17,0,11/9/2017 3:05:17,2017-11-09,3,Thu
112356,12,1,19,178,2017-11-09 10:23:34,0,11/9/2017 10:23:34,2017-11-09,10,Thu
77612,12,1,11,259,2017-11-07 11:16:52,0,11/7/2017 11:16:52,2017-11-07,11,Tue
247525,2,1,19,435,2017-11-08 3:00:36,0,11/8/2017 3:00:36,2017-11-08,3,Wed
20398,15,1,14,245,2017-11-08 19:41:24,0,11/8/2017 19:41:24,2017-11-08,19,Wed
198173,15,1,13,245,2017-11-07 8:57:22,0,11/7/2017 8:57:22,2017-11-07,8,Tue
5314,18,1,19,121,2017-11-06 17:48:39,0,11/6/2017 17:48:39,2017-11-06,17,Mon
67142,18,1,12,107,2017-11-09 1:38:37,0,11/9/2017 1:38:37,2017-11-09,1,Thu
4405,15,1,19,430,2017-11-07 13:24:27,0,11/7/2017 13:24:27,2017-11-07,13,Tue
108227,9,1,13,466,2017-11-08 4:59:15,0,11/8/2017 4:59:15,2017-11-08,4,Wed
71335,55,1,13,453,2017-11-08 4:14:42,0,11/8/2017 4:14:42,2017-11-08,4,Wed
46160,2,1,13,219,2017-11-09 13:51:43,0,11/9/2017 13:51:43,2017-11-09,13,Thu
106210,18,1,19,107,2017-11-09 10:51:31,0,11/9/2017 10:51:31,2017-11-09,10,Thu
83660,3,1,13,409,2017-11-07 13:55:04,0,11/7/2017 13:55:04,2017-11-07,13,Tue
91232,15,1,35,379,2017-11-07 12:42:21,0,11/7/2017 12:42:21,2017-11-07,12,Tue
50702,22,1,18,116,2017-11-08 13:44:56,0,11/8/2017 13:44:56,2017-11-08,13,Wed
71710,21,1,13,128,2017-11-07 1:34:48,0,11/7/2017 1:34:48,2017-11-07,1,Tue
27985,15,1,3,315,2017-11-07 15:33:30,0,11/7/2017 15:33:30,2017-11-07,15,Tue
7230,22,1,25,116,2017-11-08 10:18:56,0,11/8/2017 10:18:56,2017-11-08,10,Wed
48296,8,1,13,145,2017-11-07 23:26:59,0,11/7/2017 23:26:59,2017-11-07,23,Tue
115641,14,1,19,489,2017-11-08 5:03:02,0,11/8/2017 5:03:02,2017-11-08,5,Wed
42360,14,1,19,401,2017-11-08 11:03:51,0,11/8/2017 11:03:51,2017-11-08,11,Wed
118534,3,1,13,442,2017-11-08 8:13:04,0,11/8/2017 8:13:04,2017-11-08,8,Wed
257815,15,1,37,315,2017-11-09 1:08:12,0,11/9/2017 1:08:12,2017-11-09,1,Thu
46680,9,1,13,466,2017-11-08 23:22:32,0,11/8/2017 23:22:32,2017-11-08,23,Wed
64563,15,1,15,412,2017-11-07 8:48:28,0,11/7/2017 8:48:28,2017-11-07,8,Tue
191846,2,1,13,452,2017-11-08 16:44:35,0,11/8/2017 16:44:35,2017-11-08,16,Wed
106972,12,2,42,265,2017-11-08 9:18:33,0,11/8/2017 9:18:33,2017-11-08,9,Wed
49462,3,1,10,280,2017-11-08 11:37:59,0,11/8/2017 11:37:59,2017-11-08,11,Wed
87736,18,1,19,107,2017-11-09 11:21:59,0,11/9/2017 11:21:59,2017-11-09,11,Thu
111215,2,1,19,237,2017-11-09 15:57:57,0,11/9/2017 15:57:57,2017-11-09,15,Thu
53570,2,1,3,122,2017-11-06 23:51:43,0,11/6/2017 23:51:43,2017-11-06,23,Mon
100971,14,1,16,349,2017-11-09 8:27:21,0,11/9/2017 8:27:21,2017-11-09,8,Thu
81736,9,1,19,232,2017-11-08 16:41:07,0,11/8/2017 16:41:07,2017-11-08,16,Wed
109020,11,1,13,325,2017-11-08 22:42:31,0,11/8/2017 22:42:31,2017-11-08,22,Wed
114314,3,1,19,280,2017-11-07 12:01:04,0,11/7/2017 12:01:04,2017-11-07,12,Tue
36565,12,1,16,409,2017-11-08 4:37:09,0,11/8/2017 4:37:09,2017-11-08,4,Wed
101487,3,1,40,280,2017-11-09 2:17:39,0,11/9/2017 2:17:39,2017-11-09,2,Thu
107173,2,1,13,377,2017-11-09 14:55:05,0,11/9/2017 14:55:05,2017-11-09,14,Thu
27906,2,1,17,477,2017-11-07 0:08:43,0,11/7/2017 0:08:43,2017-11-07,0,Tue
103147,2,1,19,236,2017-11-09 7:26:30,0,11/9/2017 7:26:30,2017-11-09,7,Thu
126371,18,3543,748,107,2017-11-07 23:42:53,0,11/7/2017 23:42:53,2017-11-07,23,Tue
120334,8,1,53,145,2017-11-07 11:18:18,0,11/7/2017 11:18:18,2017-11-07,11,Tue
48240,3,1,19,409,2017-11-08 3:56:14,0,11/8/2017 3:56:14,2017-11-08,3,Wed
114276,15,1,19,386,2017-11-08 4:40:33,0,11/8/2017 4:40:33,2017-11-08,4,Wed
202528,2,1,19,237,2017-11-07 12:25:26,0,11/7/2017 12:25:26,2017-11-07,12,Tue
123635,2,1,1,477,2017-11-08 11:11:36,0,11/8/2017 11:11:36,2017-11-08,11,Wed
85150,17,1,13,280,2017-11-07 7:33:28,0,11/7/2017 7:33:28,2017-11-07,7,Tue
155509,10,1,13,377,2017-11-07 16:05:01,0,11/7/2017 16:05:01,2017-11-07,16,Tue
132492,24,1,10,178,2017-11-09 8:27:19,0,11/9/2017 8:27:19,2017-11-09,8,Thu
162469,20,1,13,259,2017-11-09 15:48:49,0,11/9/2017 15:48:49,2017-11-09,15,Thu
11492,14,1,19,379,2017-11-08 3:53:20,0,11/8/2017 3:53:20,2017-11-08,3,Wed
116065,18,1,53,134,2017-11-08 9:09:54,0,11/8/2017 9:09:54,2017-11-08,9,Wed
32323,21,1,8,128,2017-11-06 17:49:26,0,11/6/2017 17:49:26,2017-11-06,17,Mon
65785,12,1,35,259,2017-11-08 14:15:21,0,11/8/2017 14:15:21,2017-11-08,14,Wed
100203,28,1,19,135,2017-11-07 1:49:44,0,11/7/2017 1:49:44,2017-11-07,1,Tue
247171,2,1,19,212,2017-11-08 6:18:30,0,11/8/2017 6:18:30,2017-11-08,6,Wed
67658,17,1,22,280,2017-11-08 12:32:04,0,11/8/2017 12:32:04,2017-11-08,12,Wed
115717,13,1,20,477,2017-11-09 10:44:18,0,11/9/2017 10:44:18,2017-11-09,10,Thu
944,18,1,13,439,2017-11-08 22:21:29,0,11/8/2017 22:21:29,2017-11-08,22,Wed
37320,3,1,13,280,2017-11-09 2:19:07,0,11/9/2017 2:19:07,2017-11-09,2,Thu
81689,2,1,22,212,2017-11-08 9:35:04,0,11/8/2017 9:35:04,2017-11-08,9,Wed
115837,20,1,13,259,2017-11-07 15:18:10,0,11/7/2017 15:18:10,2017-11-07,15,Tue
14645,2,1,10,205,2017-11-08 22:09:41,0,11/8/2017 22:09:41,2017-11-08,22,Wed
347391,2,1,53,477,2017-11-08 18:22:17,0,11/8/2017 18:22:17,2017-11-08,18,Wed
205408,12,1,19,140,2017-11-09 9:00:23,0,11/9/2017 9:00:23,2017-11-09,9,Thu
2334,3,1,19,489,2017-11-06 23:39:45,0,11/6/2017 23:39:45,2017-11-06,23,Mon
241622,11,1,19,469,2017-11-08 10:35:55,0,11/8/2017 10:35:55,2017-11-08,10,Wed
238025,3,1,73,280,2017-11-08 14:33:49,0,11/8/2017 14:33:49,2017-11-08,14,Wed
121505,3,1,19,280,2017-11-08 11:20:14,0,11/8/2017 11:20:14,2017-11-08,11,Wed
229183,9,1,3,127,2017-11-09 0:22:59,0,11/9/2017 0:22:59,2017-11-09,0,Thu
95766,9,2,9,442,2017-11-07 12:26:24,0,11/7/2017 12:26:24,2017-11-07,12,Tue
111685,18,1,19,134,2017-11-09 14:12:35,0,11/9/2017 14:12:35,2017-11-09,14,Thu
108087,32,1,8,376,2017-11-08 15:25:04,0,11/8/2017 15:25:04,2017-11-08,15,Wed
67409,18,1,19,107,2017-11-08 11:45:54,0,11/8/2017 11:45:54,2017-11-08,11,Wed
17814,3,1,53,19,2017-11-08 7:05:25,0,11/8/2017 7:05:25,2017-11-08,7,Wed
163326,2,1,17,237,2017-11-08 6:05:19,0,11/8/2017 6:05:19,2017-11-08,6,Wed
464,3,1,13,280,2017-11-09 3:46:09,0,11/9/2017 3:46:09,2017-11-09,3,Thu
69196,15,1,19,245,2017-11-07 14:50:34,0,11/7/2017 14:50:34,2017-11-07,14,Tue
103097,18,1,19,107,2017-11-09 10:51:44,0,11/9/2017 10:51:44,2017-11-09,10,Thu
131406,8,1,22,145,2017-11-09 5:03:01,0,11/9/2017 5:03:01,2017-11-09,5,Thu
40631,14,1,23,442,2017-11-08 5:18:20,0,11/8/2017 5:18:20,2017-11-08,5,Wed
30981,12,1,13,328,2017-11-09 1:54:01,0,11/9/2017 1:54:01,2017-11-09,1,Thu
28183,12,1,17,328,2017-11-08 9:12:31,0,11/8/2017 9:12:31,2017-11-08,9,Wed
97536,3,1,23,211,2017-11-08 12:38:31,0,11/8/2017 12:38:31,2017-11-08,12,Wed
100868,15,1,19,412,2017-11-09 7:25:41,0,11/9/2017 7:25:41,2017-11-09,7,Thu
86593,14,1,19,442,2017-11-07 19:39:44,0,11/7/2017 19:39:44,2017-11-07,19,Tue
103190,3,1,9,371,2017-11-08 1:34:43,0,11/8/2017 1:34:43,2017-11-08,1,Wed
269492,3,1,13,280,2017-11-09 6:07:31,0,11/9/2017 6:07:31,2017-11-09,6,Thu
110985,15,1,19,140,2017-11-07 0:06:30,0,11/7/2017 0:06:30,2017-11-07,0,Tue
10034,21,1,13,232,2017-11-07 16:02:06,0,11/7/2017 16:02:06,2017-11-07,16,Tue
5348,9,1,22,442,2017-11-09 13:52:07,0,11/9/2017 13:52:07,2017-11-09,13,Thu
351763,7,1,13,101,2017-11-09 6:09:52,0,11/9/2017 6:09:52,2017-11-09,6,Thu
73487,2,1,174,469,2017-11-08 14:14:27,0,11/8/2017 14:14:27,2017-11-08,14,Wed
95197,27,1,17,122,2017-11-08 7:20:47,0,11/8/2017 7:20:47,2017-11-08,7,Wed
32000,9,1,13,127,2017-11-09 10:44:10,0,11/9/2017 10:44:10,2017-11-09,10,Thu
80192,9,1,22,466,2017-11-09 10:33:59,0,11/9/2017 10:33:59,2017-11-09,10,Thu
36150,2,2,10,205,2017-11-07 11:00:55,0,11/7/2017 11:00:55,2017-11-07,11,Tue
3133,20,1,19,478,2017-11-07 5:20:14,0,11/7/2017 5:20:14,2017-11-07,5,Tue
362938,2,1,22,477,2017-11-08 17:07:23,0,11/8/2017 17:07:23,2017-11-08,17,Wed
20173,2,1,17,435,2017-11-06 23:40:13,0,11/6/2017 23:40:13,2017-11-06,23,Mon
41736,26,1,13,266,2017-11-07 23:54:53,0,11/7/2017 23:54:53,2017-11-07,23,Tue
24905,9,1,13,244,2017-11-07 3:52:35,0,11/7/2017 3:52:35,2017-11-07,3,Tue
59059,6,1,32,125,2017-11-07 6:21:50,0,11/7/2017 6:21:50,2017-11-07,6,Tue
58813,9,1,25,232,2017-11-09 4:21:57,0,11/9/2017 4:21:57,2017-11-09,4,Thu
84301,9,1,19,450,2017-11-09 10:55:58,0,11/9/2017 10:55:58,2017-11-09,10,Thu
95473,20,1,53,478,2017-11-07 15:54:38,0,11/7/2017 15:54:38,2017-11-07,15,Tue
105125,2,1,13,435,2017-11-07 23:19:51,0,11/7/2017 23:19:51,2017-11-07,23,Tue
56659,15,1,23,265,2017-11-08 4:01:27,0,11/8/2017 4:01:27,2017-11-08,4,Wed
56918,3,1,13,173,2017-11-08 5:44:30,0,11/8/2017 5:44:30,2017-11-08,5,Wed
81006,15,1,19,130,2017-11-08 4:30:48,0,11/8/2017 4:30:48,2017-11-08,4,Wed
73487,9,1,19,215,2017-11-09 8:54:42,0,11/9/2017 8:54:42,2017-11-09,8,Thu
80389,14,1,19,439,2017-11-09 10:43:40,0,11/9/2017 10:43:40,2017-11-09,10,Thu
116425,14,1,13,113,2017-11-09 13:35:04,0,11/9/2017 13:35:04,2017-11-09,13,Thu
19295,3,1,13,173,2017-11-07 3:11:43,0,11/7/2017 3:11:43,2017-11-07,3,Tue
89164,8,2,13,145,2017-11-07 9:38:34,0,11/7/2017 9:38:34,2017-11-07,9,Tue
88371,21,1,10,128,2017-11-08 4:22:27,0,11/8/2017 4:22:27,2017-11-08,4,Wed
18061,18,1,748,107,2017-11-08 14:54:46,0,11/8/2017 14:54:46,2017-11-08,14,Wed
88252,2,1,13,219,2017-11-07 7:04:03,0,11/7/2017 7:04:03,2017-11-07,7,Tue
25074,15,1,31,153,2017-11-08 13:28:06,0,11/8/2017 13:28:06,2017-11-08,13,Wed
86383,3,1,25,280,2017-11-07 1:54:43,0,11/7/2017 1:54:43,2017-11-07,1,Tue
79075,9,1,17,134,2017-11-08 1:08:48,0,11/8/2017 1:08:48,2017-11-08,1,Wed
100393,3,1,3,280,2017-11-07 4:25:30,0,11/7/2017 4:25:30,2017-11-07,4,Tue
8975,8,1,3,145,2017-11-07 4:00:41,0,11/7/2017 4:00:41,2017-11-07,4,Tue
149504,14,1,53,442,2017-11-07 13:24:17,0,11/7/2017 13:24:17,2017-11-07,13,Tue
32643,15,1,13,379,2017-11-09 6:24:43,0,11/9/2017 6:24:43,2017-11-09,6,Thu
15651,47,1,11,484,2017-11-09 13:19:58,0,11/9/2017 13:19:58,2017-11-09,13,Thu
64960,23,1,19,153,2017-11-07 1:38:40,0,11/7/2017 1:38:40,2017-11-07,1,Tue
238693,12,1,19,178,2017-11-08 2:49:53,0,11/8/2017 2:49:53,2017-11-08,2,Wed
5449,12,1,18,245,2017-11-06 16:43:48,0,11/6/2017 16:43:48,2017-11-06,16,Mon
105534,9,1,19,258,2017-11-08 14:51:16,0,11/8/2017 14:51:16,2017-11-08,14,Wed
7597,17,1,6,280,2017-11-06 23:35:06,0,11/6/2017 23:35:06,2017-11-06,23,Mon
173892,14,1,10,439,2017-11-07 12:14:38,0,11/7/2017 12:14:38,2017-11-07,12,Tue
89782,12,1,23,259,2017-11-07 12:03:49,0,11/7/2017 12:03:49,2017-11-07,12,Tue
52390,23,1,3,153,2017-11-06 23:08:46,0,11/6/2017 23:08:46,2017-11-06,23,Mon
12450,9,1,18,466,2017-11-08 14:26:56,0,11/8/2017 14:26:56,2017-11-08,14,Wed
108641,3,1,37,280,2017-11-08 11:31:52,0,11/8/2017 11:31:52,2017-11-08,11,Wed
190943,17,1,20,280,2017-11-06 21:11:52,0,11/6/2017 21:11:52,2017-11-06,21,Mon
124264,12,1,19,265,2017-11-09 11:34:26,0,11/9/2017 11:34:26,2017-11-09,11,Thu
103805,9,1,10,334,2017-11-08 7:30:41,0,11/8/2017 7:30:41,2017-11-08,7,Wed
70248,18,1,20,121,2017-11-06 18:02:38,0,11/6/2017 18:02:38,2017-11-06,18,Mon
5574,18,1,10,107,2017-11-07 15:17:30,0,11/7/2017 15:17:30,2017-11-07,15,Tue
221694,14,1,13,118,2017-11-09 9:59:08,0,11/9/2017 9:59:08,2017-11-09,9,Thu
8506,15,1,15,480,2017-11-08 21:57:05,0,11/8/2017 21:57:05,2017-11-08,21,Wed
5619,18,1,28,134,2017-11-08 5:34:01,0,11/8/2017 5:34:01,2017-11-08,5,Wed
175442,2,1,19,469,2017-11-07 7:54:25,0,11/7/2017 7:54:25,2017-11-07,7,Tue
144698,9,1,13,442,2017-11-08 0:40:50,0,11/8/2017 0:40:50,2017-11-08,0,Wed
68453,11,1,37,481,2017-11-06 19:01:35,0,11/6/2017 19:01:35,2017-11-06,19,Mon
108913,2,1,13,237,2017-11-08 18:41:50,0,11/8/2017 18:41:50,2017-11-08,18,Wed
18985,6,1,17,459,2017-11-08 16:21:14,0,11/8/2017 16:21:14,2017-11-08,16,Wed
65352,29,1,10,343,2017-11-08 9:43:19,0,11/8/2017 9:43:19,2017-11-08,9,Wed
83388,13,1,22,400,2017-11-08 9:23:18,0,11/8/2017 9:23:18,2017-11-08,9,Wed
19318,2,1,19,237,2017-11-07 4:11:00,0,11/7/2017 4:11:00,2017-11-07,4,Tue
64815,21,1,13,232,2017-11-09 5:21:55,0,11/9/2017 5:21:55,2017-11-09,5,Thu
2388,17,1,43,134,2017-11-07 9:40:38,0,11/7/2017 9:40:38,2017-11-07,9,Tue
62879,20,2,18,259,2017-11-08 17:06:00,0,11/8/2017 17:06:00,2017-11-08,17,Wed
925,21,1,26,128,2017-11-07 5:50:49,0,11/7/2017 5:50:49,2017-11-07,5,Tue
53635,9,1,22,232,2017-11-08 5:55:13,0,11/8/2017 5:55:13,2017-11-08,5,Wed
205134,21,2,19,128,2017-11-07 13:24:56,0,11/7/2017 13:24:56,2017-11-07,13,Tue
46471,23,1,8,153,2017-11-07 1:01:05,0,11/7/2017 1:01:05,2017-11-07,1,Tue
35221,18,1,1,107,2017-11-08 0:34:02,0,11/8/2017 0:34:02,2017-11-08,0,Wed
104791,18,1,13,439,2017-11-07 0:17:06,0,11/7/2017 0:17:06,2017-11-07,0,Tue
29223,2,1,19,477,2017-11-08 13:29:18,0,11/8/2017 13:29:18,2017-11-08,13,Wed
1074,12,2,49,245,2017-11-07 15:20:20,0,11/7/2017 15:20:20,2017-11-07,15,Tue
192756,15,1,13,245,2017-11-06 20:37:46,0,11/6/2017 20:37:46,2017-11-06,20,Mon
33603,12,1,13,265,2017-11-09 13:27:29,0,11/9/2017 13:27:29,2017-11-09,13,Thu
345248,18,1,19,107,2017-11-09 4:26:28,0,11/9/2017 4:26:28,2017-11-09,4,Thu
84896,23,1,18,153,2017-11-07 20:11:01,0,11/7/2017 20:11:01,2017-11-07,20,Tue
47171,2,1,25,435,2017-11-08 8:41:15,0,11/8/2017 8:41:15,2017-11-08,8,Wed
156451,15,1,17,480,2017-11-07 6:44:55,0,11/7/2017 6:44:55,2017-11-07,6,Tue
198025,2,1,19,122,2017-11-07 9:40:11,0,11/7/2017 9:40:11,2017-11-07,9,Tue
3964,15,1,10,153,2017-11-08 13:48:37,0,11/8/2017 13:48:37,2017-11-08,13,Wed
3964,12,1,22,481,2017-11-07 15:06:34,0,11/7/2017 15:06:34,2017-11-07,15,Tue
340999,15,1,28,111,2017-11-09 2:36:14,0,11/9/2017 2:36:14,2017-11-09,2,Thu
32788,3,1,13,280,2017-11-08 14:59:52,0,11/8/2017 14:59:52,2017-11-08,14,Wed
263996,3,1,41,130,2017-11-07 23:57:02,0,11/7/2017 23:57:02,2017-11-07,23,Tue
289845,12,1,13,409,2017-11-09 4:57:17,0,11/9/2017 4:57:17,2017-11-09,4,Thu
46382,12,1,12,259,2017-11-07 2:09:20,0,11/7/2017 2:09:20,2017-11-07,2,Tue
103567,3,1,19,130,2017-11-09 15:07:38,0,11/9/2017 15:07:38,2017-11-09,15,Thu
318233,18,1,19,107,2017-11-09 7:05:59,0,11/9/2017 7:05:59,2017-11-09,7,Thu
58028,3,1,31,115,2017-11-09 8:59:45,0,11/9/2017 8:59:45,2017-11-09,8,Thu
34539,61,1,13,21,2017-11-07 9:39:39,0,11/7/2017 9:39:39,2017-11-07,9,Tue
4760,2,1,23,236,2017-11-09 12:06:21,0,11/9/2017 12:06:21,2017-11-09,12,Thu
106279,9,1,13,334,2017-11-09 14:22:15,0,11/9/2017 14:22:15,2017-11-09,14,Thu
56516,12,1,19,178,2017-11-07 23:39:42,0,11/7/2017 23:39:42,2017-11-07,23,Tue
79332,9,1,25,215,2017-11-07 12:05:47,0,11/7/2017 12:05:47,2017-11-07,12,Tue
223989,3,1,13,280,2017-11-08 2:38:45,0,11/8/2017 2:38:45,2017-11-08,2,Wed
118098,15,1,19,153,2017-11-08 1:11:14,0,11/8/2017 1:11:14,2017-11-08,1,Wed
77761,13,1,19,469,2017-11-07 14:22:11,0,11/7/2017 14:22:11,2017-11-07,14,Tue
65253,11,1,8,325,2017-11-09 12:05:40,0,11/9/2017 12:05:40,2017-11-09,12,Thu
93021,2,1,19,477,2017-11-08 4:08:34,0,11/8/2017 4:08:34,2017-11-08,4,Wed
54524,2,1,13,205,2017-11-08 3:23:20,0,11/8/2017 3:23:20,2017-11-08,3,Wed
125062,15,1,8,245,2017-11-07 17:22:32,0,11/7/2017 17:22:32,2017-11-07,17,Tue
109451,9,1,25,244,2017-11-07 21:03:43,0,11/7/2017 21:03:43,2017-11-07,21,Tue
14737,9,1,19,466,2017-11-09 15:53:45,0,11/9/2017 15:53:45,2017-11-09,15,Thu
47284,15,1,13,265,2017-11-08 3:42:32,0,11/8/2017 3:42:32,2017-11-08,3,Wed
110710,3,1,53,480,2017-11-09 8:18:57,0,11/9/2017 8:18:57,2017-11-09,8,Thu
25818,2,1,20,205,2017-11-08 14:14:38,0,11/8/2017 14:14:38,2017-11-08,14,Wed
105269,12,1,9,265,2017-11-08 10:17:32,0,11/8/2017 10:17:32,2017-11-08,10,Wed
78144,13,1,35,477,2017-11-07 15:20:44,0,11/7/2017 15:20:44,2017-11-07,15,Tue
73516,8,1,13,145,2017-11-09 11:18:08,0,11/9/2017 11:18:08,2017-11-09,11,Thu
45832,9,1,17,244,2017-11-07 1:34:43,0,11/7/2017 1:34:43,2017-11-07,1,Tue
17289,12,1,8,245,2017-11-08 16:26:27,0,11/8/2017 16:26:27,2017-11-08,16,Wed
105834,2,1,22,364,2017-11-08 7:20:19,0,11/8/2017 7:20:19,2017-11-08,7,Wed
66587,15,1,13,278,2017-11-09 15:18:57,0,11/9/2017 15:18:57,2017-11-09,15,Thu
114276,2,1,13,477,2017-11-07 23:48:46,0,11/7/2017 23:48:46,2017-11-07,23,Tue
7819,18,1,31,317,2017-11-07 4:45:32,0,11/7/2017 4:45:32,2017-11-07,4,Tue
112299,12,1,19,340,2017-11-09 13:04:33,0,11/9/2017 13:04:33,2017-11-09,13,Thu
70552,2,1,15,205,2017-11-07 13:31:26,0,11/7/2017 13:31:26,2017-11-07,13,Tue
97048,18,1,1,107,2017-11-08 8:46:23,0,11/8/2017 8:46:23,2017-11-08,8,Wed
310364,14,1,3,467,2017-11-09 3:00:36,0,11/9/2017 3:00:36,2017-11-09,3,Thu
135050,2,2,19,205,2017-11-07 10:40:56,0,11/7/2017 10:40:56,2017-11-07,10,Tue
55920,12,1,18,178,2017-11-08 10:34:42,0,11/8/2017 10:34:42,2017-11-08,10,Wed
90891,3,1,19,153,2017-11-08 19:07:36,0,11/8/2017 19:07:36,2017-11-08,19,Wed
77048,9,1,18,489,2017-11-08 22:06:53,0,11/8/2017 22:06:53,2017-11-08,22,Wed
58838,24,1,13,105,2017-11-08 18:46:01,0,11/8/2017 18:46:01,2017-11-08,18,Wed
63411,3,1,22,442,2017-11-08 3:36:08,0,11/8/2017 3:36:08,2017-11-08,3,Wed
30981,1,1,22,137,2017-11-07 9:29:57,0,11/7/2017 9:29:57,2017-11-07,9,Tue
199458,3,1,19,409,2017-11-07 2:29:37,0,11/7/2017 2:29:37,2017-11-07,2,Tue
24905,3,1,18,115,2017-11-07 0:28:54,0,11/7/2017 0:28:54,2017-11-07,0,Tue
181022,3,1,6,130,2017-11-09 3:46:46,0,11/9/2017 3:46:46,2017-11-09,3,Thu
152271,2,1,13,477,2017-11-09 9:26:06,0,11/9/2017 9:26:06,2017-11-09,9,Thu
73734,18,1,19,134,2017-11-07 15:52:30,0,11/7/2017 15:52:30,2017-11-07,15,Tue
37883,15,1,13,480,2017-11-07 23:29:03,0,11/7/2017 23:29:03,2017-11-07,23,Tue
124608,2,1,13,243,2017-11-06 17:33:59,0,11/6/2017 17:33:59,2017-11-06,17,Mon
102446,2,1,13,477,2017-11-08 5:53:32,0,11/8/2017 5:53:32,2017-11-08,5,Wed
68568,3,1,19,480,2017-11-07 0:59:41,0,11/7/2017 0:59:41,2017-11-07,0,Tue
18596,2,1,22,477,2017-11-08 16:59:00,0,11/8/2017 16:59:00,2017-11-08,16,Wed
52596,12,1,13,340,2017-11-08 5:23:32,0,11/8/2017 5:23:32,2017-11-08,5,Wed
283691,3,1,13,280,2017-11-09 3:54:28,0,11/9/2017 3:54:28,2017-11-09,3,Thu
75595,2,1,17,237,2017-11-07 15:36:16,0,11/7/2017 15:36:16,2017-11-07,15,Tue
73891,9,1,19,134,2017-11-08 0:21:42,0,11/8/2017 0:21:42,2017-11-08,0,Wed
102280,21,1,17,128,2017-11-09 5:46:47,0,11/9/2017 5:46:47,2017-11-09,5,Thu
5314,12,1,19,245,2017-11-09 4:56:00,0,11/9/2017 4:56:00,2017-11-09,4,Thu
9308,13,1,13,477,2017-11-08 5:49:02,0,11/8/2017 5:49:02,2017-11-08,5,Wed
59395,3,1,14,205,2017-11-07 11:42:31,0,11/7/2017 11:42:31,2017-11-07,11,Tue
62075,169,3866,866,347,2017-11-09 9:49:40,0,11/9/2017 9:49:40,2017-11-09,9,Thu
123839,2,1,11,469,2017-11-08 0:16:12,0,11/8/2017 0:16:12,2017-11-08,0,Wed
140145,18,1,19,439,2017-11-09 12:17:10,0,11/9/2017 12:17:10,2017-11-09,12,Thu
83257,9,1,25,215,2017-11-08 0:16:19,0,11/8/2017 0:16:19,2017-11-08,0,Wed
27627,1,1,19,377,2017-11-09 10:55:41,0,11/9/2017 10:55:41,2017-11-09,10,Thu
75595,15,1,16,245,2017-11-08 16:24:13,0,11/8/2017 16:24:13,2017-11-08,16,Wed
99075,1,1,17,134,2017-11-06 18:03:25,0,11/6/2017 18:03:25,2017-11-06,18,Mon
110330,3,1,20,280,2017-11-08 9:42:22,0,11/8/2017 9:42:22,2017-11-08,9,Wed
48288,2,1,18,477,2017-11-06 17:14:00,0,11/6/2017 17:14:00,2017-11-06,17,Mon
102280,3,2,11,135,2017-11-07 12:49:59,0,11/7/2017 12:49:59,2017-11-07,12,Tue
123586,2,1,13,236,2017-11-09 15:51:28,0,11/9/2017 15:51:28,2017-11-09,15,Thu
96891,12,1,41,340,2017-11-08 15:02:06,0,11/8/2017 15:02:06,2017-11-08,15,Wed
308454,14,1,27,401,2017-11-09 4:56:30,0,11/9/2017 4:56:30,2017-11-09,4,Thu
86767,12,1,19,409,2017-11-06 23:14:14,0,11/6/2017 23:14:14,2017-11-06,23,Mon
194292,9,1,19,145,2017-11-08 10:03:53,0,11/8/2017 10:03:53,2017-11-08,10,Wed
133598,8,1,12,140,2017-11-08 11:57:55,0,11/8/2017 11:57:55,2017-11-08,11,Wed
31412,9,1,19,466,2017-11-09 3:42:01,0,11/9/2017 3:42:01,2017-11-09,3,Thu
192891,12,1,19,328,2017-11-07 22:08:03,0,11/7/2017 22:08:03,2017-11-07,22,Tue
226498,19,137,24,282,2017-11-08 11:36:57,1,11/8/2017 11:36:57,2017-11-08,11,Wed
111690,3,1,53,424,2017-11-07 1:31:26,0,11/7/2017 1:31:26,2017-11-07,1,Tue
81079,18,1,13,121,2017-11-07 15:56:06,0,11/7/2017 15:56:06,2017-11-07,15,Tue
144757,3,1,22,205,2017-11-08 14:52:58,0,11/8/2017 14:52:58,2017-11-08,14,Wed
220627,10,1,13,377,2017-11-07 16:22:55,0,11/7/2017 16:22:55,2017-11-07,16,Tue
171351,18,1,13,134,2017-11-07 3:22:17,0,11/7/2017 3:22:17,2017-11-07,3,Tue
119885,3,1,14,205,2017-11-09 3:41:46,0,11/9/2017 3:41:46,2017-11-09,3,Thu
54472,9,1,20,134,2017-11-08 16:25:55,0,11/8/2017 16:25:55,2017-11-08,16,Wed
88311,8,1,13,145,2017-11-09 3:07:05,0,11/9/2017 3:07:05,2017-11-09,3,Thu
40216,10,1,6,317,2017-11-06 23:23:35,0,11/6/2017 23:23:35,2017-11-06,23,Mon
270379,15,1,19,245,2017-11-07 17:34:14,0,11/7/2017 17:34:14,2017-11-07,17,Tue
180419,8,1,13,259,2017-11-08 14:10:25,0,11/8/2017 14:10:25,2017-11-08,14,Wed
101300,64,1,25,459,2017-11-09 10:55:12,0,11/9/2017 10:55:12,2017-11-09,10,Thu
88992,2,1,17,477,2017-11-07 4:34:24,0,11/7/2017 4:34:24,2017-11-07,4,Tue
27151,9,1,19,258,2017-11-09 6:04:51,0,11/9/2017 6:04:51,2017-11-09,6,Thu
273910,12,2,10,178,2017-11-08 12:35:46,0,11/8/2017 12:35:46,2017-11-08,12,Wed
171258,26,1,8,266,2017-11-07 0:12:02,0,11/7/2017 0:12:02,2017-11-07,0,Tue
220858,12,1,47,245,2017-11-08 7:39:46,0,11/8/2017 7:39:46,2017-11-08,7,Wed
44536,15,1,13,278,2017-11-09 15:11:21,0,11/9/2017 15:11:21,2017-11-09,15,Thu
100276,2,1,8,469,2017-11-07 9:03:01,0,11/7/2017 9:03:01,2017-11-07,9,Tue
147738,18,1,22,107,2017-11-09 11:00:55,0,11/9/2017 11:00:55,2017-11-09,11,Thu
123994,2,1,19,236,2017-11-07 5:00:48,0,11/7/2017 5:00:48,2017-11-07,5,Tue
90837,13,1,13,477,2017-11-07 9:28:48,0,11/7/2017 9:28:48,2017-11-07,9,Tue
116718,2,1,17,237,2017-11-08 4:52:59,0,11/8/2017 4:52:59,2017-11-08,4,Wed
35327,2,1,13,469,2017-11-07 13:41:45,0,11/7/2017 13:41:45,2017-11-07,13,Tue
265483,23,1,13,153,2017-11-07 22:26:59,0,11/7/2017 22:26:59,2017-11-07,22,Tue
76966,18,1,13,107,2017-11-09 0:08:46,0,11/9/2017 0:08:46,2017-11-09,0,Thu
122982,9,1,8,466,2017-11-08 9:24:13,0,11/8/2017 9:24:13,2017-11-08,9,Wed
5348,15,1,3,153,2017-11-09 10:10:45,0,11/9/2017 10:10:45,2017-11-09,10,Thu
53454,15,1,13,379,2017-11-08 4:28:52,0,11/8/2017 4:28:52,2017-11-08,4,Wed
26583,2,1,13,469,2017-11-08 16:52:38,0,11/8/2017 16:52:38,2017-11-08,16,Wed
226429,1,1,19,125,2017-11-09 15:43:41,0,11/9/2017 15:43:41,2017-11-09,15,Thu
25092,12,1,13,245,2017-11-08 15:57:16,0,11/8/2017 15:57:16,2017-11-08,15,Wed
4463,3,1,22,489,2017-11-08 23:20:08,0,11/8/2017 23:20:08,2017-11-08,23,Wed
151574,25,1,13,259,2017-11-07 3:01:27,0,11/7/2017 3:01:27,2017-11-07,3,Tue
63712,9,1,30,466,2017-11-08 8:05:57,0,11/8/2017 8:05:57,2017-11-08,8,Wed
105834,2,1,16,364,2017-11-09 2:54:15,0,11/9/2017 2:54:15,2017-11-09,2,Thu
83616,21,1,26,128,2017-11-09 10:30:15,0,11/9/2017 10:30:15,2017-11-09,10,Thu
205316,3,1,37,173,2017-11-09 8:16:49,0,11/9/2017 8:16:49,2017-11-09,8,Thu
85188,24,1,19,105,2017-11-07 12:44:08,0,11/7/2017 12:44:08,2017-11-07,12,Tue
25719,3,1,17,280,2017-11-08 3:15:49,0,11/8/2017 3:15:49,2017-11-08,3,Wed
140941,17,1,13,280,2017-11-06 17:08:56,0,11/6/2017 17:08:56,2017-11-06,17,Mon
32967,11,1,66,319,2017-11-09 3:38:12,0,11/9/2017 3:38:12,2017-11-09,3,Thu
925,14,2,41,467,2017-11-08 15:09:40,0,11/8/2017 15:09:40,2017-11-08,15,Wed
145592,6,1,22,459,2017-11-08 23:38:16,0,11/8/2017 23:38:16,2017-11-08,23,Wed
71808,1,1,22,101,2017-11-09 13:13:44,0,11/9/2017 13:13:44,2017-11-09,13,Thu
101214,2,1,17,205,2017-11-08 2:31:16,0,11/8/2017 2:31:16,2017-11-08,2,Wed
167386,15,1,15,480,2017-11-09 7:31:34,0,11/9/2017 7:31:34,2017-11-09,7,Thu
119304,21,1,47,128,2017-11-08 19:16:01,0,11/8/2017 19:16:01,2017-11-08,19,Wed
54631,3,1,19,442,2017-11-08 10:23:29,0,11/8/2017 10:23:29,2017-11-08,10,Wed
187282,11,1,36,487,2017-11-09 13:48:28,0,11/9/2017 13:48:28,2017-11-09,13,Thu
77763,21,1,47,128,2017-11-08 4:46:54,0,11/8/2017 4:46:54,2017-11-08,4,Wed
57459,1,1,20,115,2017-11-08 12:01:05,0,11/8/2017 12:01:05,2017-11-08,12,Wed
50197,18,1,19,121,2017-11-07 14:21:51,0,11/7/2017 14:21:51,2017-11-07,14,Tue
8503,2,1,19,435,2017-11-09 12:24:16,0,11/9/2017 12:24:16,2017-11-09,12,Thu
17610,2,1,19,212,2017-11-07 16:29:05,0,11/7/2017 16:29:05,2017-11-07,16,Tue
205285,9,1,43,466,2017-11-07 16:42:43,0,11/7/2017 16:42:43,2017-11-07,16,Tue
109832,12,1,19,409,2017-11-09 4:13:43,0,11/9/2017 4:13:43,2017-11-09,4,Thu
6705,18,1,15,107,2017-11-07 10:49:14,0,11/7/2017 10:49:14,2017-11-07,10,Tue
31158,3,1,18,280,2017-11-07 6:03:22,0,11/7/2017 6:03:22,2017-11-07,6,Tue
101096,17,1,13,280,2017-11-08 16:52:16,0,11/8/2017 16:52:16,2017-11-08,16,Wed
64639,2,1,19,435,2017-11-07 0:40:08,0,11/7/2017 0:40:08,2017-11-07,0,Tue
264067,2,1,13,237,2017-11-08 9:16:02,0,11/8/2017 9:16:02,2017-11-08,9,Wed
58994,3,1,17,280,2017-11-09 4:46:42,0,11/9/2017 4:46:42,2017-11-09,4,Thu
141518,3,1,19,137,2017-11-06 17:52:37,0,11/6/2017 17:52:37,2017-11-06,17,Mon
56625,2,1,35,219,2017-11-08 2:04:48,0,11/8/2017 2:04:48,2017-11-08,2,Wed
68371,12,1,13,205,2017-11-09 11:05:34,0,11/9/2017 11:05:34,2017-11-09,11,Thu
100971,18,1,26,121,2017-11-06 20:21:26,0,11/6/2017 20:21:26,2017-11-06,20,Mon
18161,15,1,18,153,2017-11-06 20:26:33,0,11/6/2017 20:26:33,2017-11-06,20,Mon
15680,3,1,12,466,2017-11-06 18:56:49,0,11/6/2017 18:56:49,2017-11-06,18,Mon
44494,12,1,13,105,2017-11-08 1:23:31,0,11/8/2017 1:23:31,2017-11-08,1,Wed
198163,18,1,6,107,2017-11-06 21:46:11,0,11/6/2017 21:46:11,2017-11-06,21,Mon
32252,18,1,13,439,2017-11-07 5:57:25,0,11/7/2017 5:57:25,2017-11-07,5,Tue
38721,10,1,4,317,2017-11-08 1:13:01,0,11/8/2017 1:13:01,2017-11-08,1,Wed
105834,2,1,16,364,2017-11-07 16:36:50,0,11/7/2017 16:36:50,2017-11-07,16,Tue
92861,3,1,13,452,2017-11-07 20:27:29,0,11/7/2017 20:27:29,2017-11-07,20,Tue
44595,29,1,18,213,2017-11-09 9:08:55,0,11/9/2017 9:08:55,2017-11-09,9,Thu
5314,9,1,53,244,2017-11-09 15:27:37,0,11/9/2017 15:27:37,2017-11-09,15,Thu
144897,9,1,19,258,2017-11-07 3:12:15,0,11/7/2017 3:12:15,2017-11-07,3,Tue
69595,18,1,19,134,2017-11-07 10:24:23,0,11/7/2017 10:24:23,2017-11-07,10,Tue
10434,9,1,13,134,2017-11-06 22:07:43,0,11/6/2017 22:07:43,2017-11-06,22,Mon
99323,6,1,19,459,2017-11-09 1:33:00,0,11/9/2017 1:33:00,2017-11-09,1,Thu
10544,15,1,19,130,2017-11-08 1:30:56,0,11/8/2017 1:30:56,2017-11-08,1,Wed
6641,12,1,31,265,2017-11-07 11:16:07,0,11/7/2017 11:16:07,2017-11-07,11,Tue
360070,9,1,13,244,2017-11-09 3:11:37,0,11/9/2017 3:11:37,2017-11-09,3,Thu
63369,26,1,13,121,2017-11-08 16:54:13,0,11/8/2017 16:54:13,2017-11-08,16,Wed
13483,8,1,30,145,2017-11-07 9:16:56,0,11/7/2017 9:16:56,2017-11-07,9,Tue
68216,2,1,19,237,2017-11-07 0:21:00,0,11/7/2017 0:21:00,2017-11-07,0,Tue
24437,27,2,13,153,2017-11-08 2:26:31,0,11/8/2017 2:26:31,2017-11-08,2,Wed
66906,21,1,32,232,2017-11-09 12:22:07,0,11/9/2017 12:22:07,2017-11-09,12,Thu
37892,23,1,6,153,2017-11-08 14:20:18,0,11/8/2017 14:20:18,2017-11-08,14,Wed
121679,20,1,18,478,2017-11-09 4:58:31,0,11/9/2017 4:58:31,2017-11-09,4,Thu
125396,18,1,8,317,2017-11-07 4:17:14,0,11/7/2017 4:17:14,2017-11-07,4,Tue
767,3,1,13,280,2017-11-08 2:21:08,0,11/8/2017 2:21:08,2017-11-08,2,Wed
90509,9,1,13,232,2017-11-09 3:51:30,0,11/9/2017 3:51:30,2017-11-09,3,Thu
300768,9,1,14,134,2017-11-09 14:52:41,0,11/9/2017 14:52:41,2017-11-09,14,Thu
85424,3,1,13,280,2017-11-07 3:31:50,0,11/7/2017 3:31:50,2017-11-07,3,Tue
56019,3,1,37,452,2017-11-08 17:08:34,0,11/8/2017 17:08:34,2017-11-08,17,Wed
5418,9,1,3,215,2017-11-07 10:46:40,0,11/7/2017 10:46:40,2017-11-07,10,Tue
42117,3,1,13,205,2017-11-09 14:05:25,0,11/9/2017 14:05:25,2017-11-09,14,Thu
31544,15,1,15,386,2017-11-09 15:14:08,0,11/9/2017 15:14:08,2017-11-09,15,Thu
130834,15,1,22,130,2017-11-06 17:53:17,0,11/6/2017 17:53:17,2017-11-06,17,Mon
176471,18,1,32,134,2017-11-07 2:45:33,0,11/7/2017 2:45:33,2017-11-07,2,Tue
92766,9,2,58,445,2017-11-07 11:14:49,0,11/7/2017 11:14:49,2017-11-07,11,Tue
102738,9,1,19,466,2017-11-09 6:03:33,0,11/9/2017 6:03:33,2017-11-09,6,Thu
350988,1,1,19,134,2017-11-09 12:20:28,0,11/9/2017 12:20:28,2017-11-09,12,Thu
292641,9,1,6,127,2017-11-09 12:39:49,0,11/9/2017 12:39:49,2017-11-09,12,Thu
7617,3,1,19,442,2017-11-08 7:34:29,0,11/8/2017 7:34:29,2017-11-08,7,Wed
85302,12,1,9,265,2017-11-08 9:31:43,0,11/8/2017 9:31:43,2017-11-08,9,Wed
1456,8,1,13,145,2017-11-09 7:39:06,0,11/9/2017 7:39:06,2017-11-09,7,Thu
26759,26,1,19,266,2017-11-09 0:31:01,0,11/9/2017 0:31:01,2017-11-09,0,Thu
180643,15,1,22,153,2017-11-07 4:12:15,0,11/7/2017 4:12:15,2017-11-07,4,Tue
141094,24,1,11,105,2017-11-07 22:39:55,0,11/7/2017 22:39:55,2017-11-07,22,Tue
73333,2,1,19,435,2017-11-07 14:27:19,0,11/7/2017 14:27:19,2017-11-07,14,Tue
59295,18,1,13,107,2017-11-06 23:01:09,0,11/6/2017 23:01:09,2017-11-06,23,Mon
131298,12,1,19,265,2017-11-07 10:00:53,0,11/7/2017 10:00:53,2017-11-07,10,Tue
99809,3,1,13,280,2017-11-07 2:55:43,0,11/7/2017 2:55:43,2017-11-07,2,Tue
79827,9,1,1,232,2017-11-07 1:33:12,0,11/7/2017 1:33:12,2017-11-07,1,Tue
47997,15,1,25,130,2017-11-07 14:58:32,0,11/7/2017 14:58:32,2017-11-07,14,Tue
112139,12,2,49,245,2017-11-07 23:35:43,0,11/7/2017 23:35:43,2017-11-07,23,Tue
121026,15,1,15,245,2017-11-08 2:34:48,0,11/8/2017 2:34:48,2017-11-08,2,Wed
43778,23,1,40,153,2017-11-08 11:02:05,0,11/8/2017 11:02:05,2017-11-08,11,Wed
348371,9,1,36,489,2017-11-09 4:30:11,0,11/9/2017 4:30:11,2017-11-09,4,Thu
35973,9,1,28,244,2017-11-08 1:06:12,0,11/8/2017 1:06:12,2017-11-08,1,Wed
128022,315,1,13,110,2017-11-07 2:21:37,0,11/7/2017 2:21:37,2017-11-07,2,Tue
125581,11,1,8,173,2017-11-09 2:23:07,0,11/9/2017 2:23:07,2017-11-09,2,Thu
37426,12,1,3,178,2017-11-08 8:00:17,0,11/8/2017 8:00:17,2017-11-08,8,Wed
61230,3,1,10,424,2017-11-07 23:52:15,0,11/7/2017 23:52:15,2017-11-07,23,Tue
64756,13,1,19,477,2017-11-07 6:03:49,0,11/7/2017 6:03:49,2017-11-07,6,Tue
7131,21,1,9,128,2017-11-08 5:43:31,0,11/8/2017 5:43:31,2017-11-08,5,Wed
69034,12,1,30,409,2017-11-09 3:43:36,0,11/9/2017 3:43:36,2017-11-09,3,Thu
310927,3,1,49,173,2017-11-09 8:48:22,0,11/9/2017 8:48:22,2017-11-09,8,Thu
70474,12,1,18,140,2017-11-08 6:14:07,0,11/8/2017 6:14:07,2017-11-08,6,Wed
75453,11,1,19,319,2017-11-07 23:15:31,0,11/7/2017 23:15:31,2017-11-07,23,Tue
75453,3,1,19,280,2017-11-09 1:31:27,0,11/9/2017 1:31:27,2017-11-09,1,Thu
105290,2,1,13,237,2017-11-06 16:15:54,0,11/6/2017 16:15:54,2017-11-06,16,Mon
7474,1,1,9,135,2017-11-09 5:01:57,0,11/9/2017 5:01:57,2017-11-09,5,Thu
104502,15,1,18,265,2017-11-07 14:23:36,0,11/7/2017 14:23:36,2017-11-07,14,Tue
43537,1,1,16,124,2017-11-07 9:30:40,0,11/7/2017 9:30:40,2017-11-07,9,Tue
2786,13,1,13,477,2017-11-09 2:43:53,0,11/9/2017 2:43:53,2017-11-09,2,Thu
10410,9,1,10,466,2017-11-09 4:10:24,0,11/9/2017 4:10:24,2017-11-09,4,Thu
30463,15,1,19,245,2017-11-08 4:42:04,0,11/8/2017 4:42:04,2017-11-08,4,Wed
60311,15,1,19,278,2017-11-09 8:20:52,0,11/9/2017 8:20:52,2017-11-09,8,Thu
52600,9,1,13,134,2017-11-08 6:23:45,0,11/8/2017 6:23:45,2017-11-08,6,Wed
90626,23,1,41,153,2017-11-07 3:01:49,0,11/7/2017 3:01:49,2017-11-07,3,Tue
30587,1,1,18,153,2017-11-08 4:22:30,0,11/8/2017 4:22:30,2017-11-08,4,Wed
89940,18,3032,607,107,2017-11-06 23:29:05,0,11/6/2017 23:29:05,2017-11-06,23,Mon
279352,9,1,41,466,2017-11-08 14:37:45,0,11/8/2017 14:37:45,2017-11-08,14,Wed
103065,15,1,46,278,2017-11-08 14:56:47,0,11/8/2017 14:56:47,2017-11-08,14,Wed
13186,3,1,22,182,2017-11-09 12:45:53,0,11/9/2017 12:45:53,2017-11-09,12,Thu
97013,9,1,19,334,2017-11-07 0:08:00,0,11/7/2017 0:08:00,2017-11-07,0,Tue
95766,3,1,13,480,2017-11-07 5:47:44,0,11/7/2017 5:47:44,2017-11-07,5,Tue
67241,27,1,19,122,2017-11-07 10:44:17,0,11/7/2017 10:44:17,2017-11-07,10,Tue
172697,12,1,6,259,2017-11-07 0:07:14,0,11/7/2017 0:07:14,2017-11-07,0,Tue
44494,3,1,20,153,2017-11-07 16:56:10,0,11/7/2017 16:56:10,2017-11-07,16,Tue
35436,14,1,22,489,2017-11-08 8:51:02,0,11/8/2017 8:51:02,2017-11-08,8,Wed
81776,12,1,22,242,2017-11-08 7:54:25,0,11/8/2017 7:54:25,2017-11-08,7,Wed
53479,18,1,17,107,2017-11-07 15:20:17,0,11/7/2017 15:20:17,2017-11-07,15,Tue
101499,13,1,35,477,2017-11-08 1:05:15,0,11/8/2017 1:05:15,2017-11-08,1,Wed
158557,3,1,25,280,2017-11-09 3:24:53,0,11/9/2017 3:24:53,2017-11-09,3,Thu
61718,26,1,19,477,2017-11-08 23:43:59,0,11/8/2017 23:43:59,2017-11-08,23,Wed
81837,9,2,35,234,2017-11-08 15:57:24,0,11/8/2017 15:57:24,2017-11-08,15,Wed
12874,15,1,35,245,2017-11-07 13:17:28,0,11/7/2017 13:17:28,2017-11-07,13,Tue
178771,2,1,19,236,2017-11-09 7:49:31,0,11/9/2017 7:49:31,2017-11-09,7,Thu
67445,12,1,13,340,2017-11-08 11:18:47,0,11/8/2017 11:18:47,2017-11-08,11,Wed
101921,13,1,13,477,2017-11-07 11:54:29,0,11/7/2017 11:54:29,2017-11-07,11,Tue
93486,9,1,19,258,2017-11-08 6:47:08,0,11/8/2017 6:47:08,2017-11-08,6,Wed
89192,14,1,19,467,2017-11-09 0:32:46,0,11/9/2017 0:32:46,2017-11-09,0,Thu
123994,12,1,19,265,2017-11-09 7:47:46,0,11/9/2017 7:47:46,2017-11-09,7,Thu
64609,14,1,19,463,2017-11-08 2:35:53,0,11/8/2017 2:35:53,2017-11-08,2,Wed
8292,12,1,13,326,2017-11-06 23:35:35,0,11/6/2017 23:35:35,2017-11-06,23,Mon
73296,1,1,37,153,2017-11-07 6:36:06,0,11/7/2017 6:36:06,2017-11-07,6,Tue
66437,12,1,19,245,2017-11-08 11:17:38,0,11/8/2017 11:17:38,2017-11-08,11,Wed
89821,15,1,13,430,2017-11-08 14:44:22,0,11/8/2017 14:44:22,2017-11-08,14,Wed
8438,3,1,3,280,2017-11-08 1:50:46,0,11/8/2017 1:50:46,2017-11-08,1,Wed
205301,18,1,17,107,2017-11-08 4:47:37,0,11/8/2017 4:47:37,2017-11-08,4,Wed
125339,21,1,13,128,2017-11-09 7:53:18,0,11/9/2017 7:53:18,2017-11-09,7,Thu
90904,2,1,19,212,2017-11-09 0:07:03,0,11/9/2017 0:07:03,2017-11-09,0,Thu
33888,14,1,47,379,2017-11-09 9:34:19,0,11/9/2017 9:34:19,2017-11-09,9,Thu
27429,15,1,13,430,2017-11-07 9:19:38,0,11/7/2017 9:19:38,2017-11-07,9,Tue
114722,12,1,22,245,2017-11-09 4:27:30,0,11/9/2017 4:27:30,2017-11-09,4,Thu
141352,3,1,13,130,2017-11-07 6:23:38,0,11/7/2017 6:23:38,2017-11-07,6,Tue
199552,20,1,1,259,2017-11-08 17:05:39,0,11/8/2017 17:05:39,2017-11-08,17,Wed
114276,18,1,19,107,2017-11-08 8:40:37,0,11/8/2017 8:40:37,2017-11-08,8,Wed
29101,1,1,13,24,2017-11-09 10:21:56,0,11/9/2017 10:21:56,2017-11-09,10,Thu
48282,2,1,13,122,2017-11-07 14:24:47,0,11/7/2017 14:24:47,2017-11-07,14,Tue
2770,12,1,17,178,2017-11-07 13:18:39,0,11/7/2017 13:18:39,2017-11-07,13,Tue
57783,14,1,42,446,2017-11-09 12:37:32,0,11/9/2017 12:37:32,2017-11-09,12,Thu
55632,28,1,2,135,2017-11-07 2:08:41,0,11/7/2017 2:08:41,2017-11-07,2,Tue
144253,3,1,8,130,2017-11-09 15:17:10,0,11/9/2017 15:17:10,2017-11-09,15,Thu
92766,9,1,37,234,2017-11-09 6:45:06,0,11/9/2017 6:45:06,2017-11-09,6,Thu
28010,12,1,13,265,2017-11-07 6:52:43,0,11/7/2017 6:52:43,2017-11-07,6,Tue
33247,3,1,19,424,2017-11-09 9:19:15,0,11/9/2017 9:19:15,2017-11-09,9,Thu
64187,12,1,19,178,2017-11-07 3:21:21,0,11/7/2017 3:21:21,2017-11-07,3,Tue
66176,11,1,19,122,2017-11-07 15:08:34,0,11/7/2017 15:08:34,2017-11-07,15,Tue
92673,3,2,44,153,2017-11-07 14:59:56,0,11/7/2017 14:59:56,2017-11-07,14,Tue
84774,12,1,3,328,2017-11-09 15:04:52,0,11/9/2017 15:04:52,2017-11-09,15,Thu
159361,6,1,19,125,2017-11-07 14:05:14,0,11/7/2017 14:05:14,2017-11-07,14,Tue
81514,21,2,18,128,2017-11-08 9:58:30,0,11/8/2017 9:58:30,2017-11-08,9,Wed
81792,18,1,40,107,2017-11-08 7:28:22,0,11/8/2017 7:28:22,2017-11-08,7,Wed
107274,24,2,19,105,2017-11-09 15:23:20,0,11/9/2017 15:23:20,2017-11-09,15,Thu
66663,18,1,41,107,2017-11-08 16:38:44,0,11/8/2017 16:38:44,2017-11-08,16,Wed
48240,18,1,13,379,2017-11-09 15:11:41,0,11/9/2017 15:11:41,2017-11-09,15,Thu
47073,12,1,9,245,2017-11-06 16:15:10,0,11/6/2017 16:15:10,2017-11-06,16,Mon
49602,20,1,25,259,2017-11-08 14:18:51,0,11/8/2017 14:18:51,2017-11-08,14,Wed
1415,22,1,19,116,2017-11-09 14:01:06,0,11/9/2017 14:01:06,2017-11-09,14,Thu
89757,2,1,19,205,2017-11-09 3:14:29,0,11/9/2017 3:14:29,2017-11-09,3,Thu
184901,9,1,19,445,2017-11-08 9:56:42,0,11/8/2017 9:56:42,2017-11-08,9,Wed
80300,14,1,19,349,2017-11-08 13:56:56,0,11/8/2017 13:56:56,2017-11-08,13,Wed
49407,2,1,42,477,2017-11-07 15:00:57,0,11/7/2017 15:00:57,2017-11-07,15,Tue
145003,3,1,10,280,2017-11-08 12:18:08,0,11/8/2017 12:18:08,2017-11-08,12,Wed
41092,12,1,13,340,2017-11-08 17:49:49,0,11/8/2017 17:49:49,2017-11-08,17,Wed
21276,12,1,13,265,2017-11-08 23:19:47,0,11/8/2017 23:19:47,2017-11-08,23,Wed
116558,12,1,17,265,2017-11-08 3:44:53,0,11/8/2017 3:44:53,2017-11-08,3,Wed
59470,21,1,10,128,2017-11-08 2:27:45,0,11/8/2017 2:27:45,2017-11-08,2,Wed
7617,3,1,14,280,2017-11-08 4:04:30,0,11/8/2017 4:04:30,2017-11-08,4,Wed
171808,15,1,6,386,2017-11-07 14:41:49,0,11/7/2017 14:41:49,2017-11-07,14,Tue
5729,3,1,19,409,2017-11-06 22:12:29,0,11/6/2017 22:12:29,2017-11-06,22,Mon
201920,64,1,19,459,2017-11-07 14:51:38,0,11/7/2017 14:51:38,2017-11-07,14,Tue
114276,3,1,19,135,2017-11-08 11:58:28,0,11/8/2017 11:58:28,2017-11-08,11,Wed
94874,22,1,13,116,2017-11-08 6:41:28,0,11/8/2017 6:41:28,2017-11-08,6,Wed
7134,10,1,13,377,2017-11-09 10:21:50,0,11/9/2017 10:21:50,2017-11-09,10,Thu
100701,3,1,19,280,2017-11-08 4:34:50,0,11/8/2017 4:34:50,2017-11-08,4,Wed
33641,18,1,1,107,2017-11-09 6:00:10,0,11/9/2017 6:00:10,2017-11-09,6,Thu
102025,11,1,20,137,2017-11-09 0:36:11,0,11/9/2017 0:36:11,2017-11-09,0,Thu
14839,14,1,27,480,2017-11-08 15:09:01,0,11/8/2017 15:09:01,2017-11-08,15,Wed
76554,9,1,19,334,2017-11-09 5:02:56,0,11/9/2017 5:02:56,2017-11-09,5,Thu
180643,18,1,13,121,2017-11-07 10:36:37,0,11/7/2017 10:36:37,2017-11-07,10,Tue
728,2,1,22,219,2017-11-07 21:01:35,0,11/7/2017 21:01:35,2017-11-07,21,Tue
93054,6,1,9,125,2017-11-08 12:40:37,0,11/8/2017 12:40:37,2017-11-08,12,Wed
134147,9,1,19,232,2017-11-07 7:40:42,0,11/7/2017 7:40:42,2017-11-07,7,Tue
80605,3,1,31,137,2017-11-09 13:54:43,0,11/9/2017 13:54:43,2017-11-09,13,Thu
32587,9,1,9,134,2017-11-08 1:08:41,0,11/8/2017 1:08:41,2017-11-08,1,Wed
58357,12,1,18,219,2017-11-07 10:48:51,0,11/7/2017 10:48:51,2017-11-07,10,Tue
41287,3,1,13,409,2017-11-06 18:48:56,0,11/6/2017 18:48:56,2017-11-06,18,Mon
5348,15,1,37,278,2017-11-09 5:00:45,0,11/9/2017 5:00:45,2017-11-09,5,Thu
100013,3,1,8,409,2017-11-08 6:52:10,0,11/8/2017 6:52:10,2017-11-08,6,Wed
95763,3,2,9,137,2017-11-07 23:54:10,0,11/7/2017 23:54:10,2017-11-07,23,Tue
88018,3,1,19,280,2017-11-08 11:03:15,0,11/8/2017 11:03:15,2017-11-08,11,Wed
174803,2,1,13,469,2017-11-07 9:26:44,0,11/7/2017 9:26:44,2017-11-07,9,Tue
155720,14,1,17,379,2017-11-06 23:26:42,0,11/6/2017 23:26:42,2017-11-06,23,Mon
93021,15,1,3,245,2017-11-07 2:38:12,0,11/7/2017 2:38:12,2017-11-07,2,Tue
73516,12,1,17,259,2017-11-09 14:33:13,0,11/9/2017 14:33:13,2017-11-09,14,Thu
5348,2,2,32,122,2017-11-07 11:41:59,0,11/7/2017 11:41:59,2017-11-07,11,Tue
5314,15,1,15,379,2017-11-08 11:54:34,0,11/8/2017 11:54:34,2017-11-08,11,Wed
91311,107,1,18,171,2017-11-07 7:47:14,0,11/7/2017 7:47:14,2017-11-07,7,Tue
4420,2,1,15,236,2017-11-08 6:01:27,0,11/8/2017 6:01:27,2017-11-08,6,Wed
109743,3,1,25,379,2017-11-09 1:38:39,0,11/9/2017 1:38:39,2017-11-09,1,Thu
103866,8,1,9,145,2017-11-09 7:54:09,0,11/9/2017 7:54:09,2017-11-09,7,Thu
166001,9,1,19,334,2017-11-08 3:27:07,0,11/8/2017 3:27:07,2017-11-08,3,Wed
123803,26,1,19,121,2017-11-09 9:31:29,0,11/9/2017 9:31:29,2017-11-09,9,Thu
37255,15,1,13,245,2017-11-08 16:14:02,0,11/8/2017 16:14:02,2017-11-08,16,Wed
53408,15,1,17,140,2017-11-09 11:41:17,0,11/9/2017 11:41:17,2017-11-09,11,Thu
34304,14,1,16,463,2017-11-06 21:48:49,0,11/6/2017 21:48:49,2017-11-06,21,Mon
268343,15,1,19,245,2017-11-08 2:32:29,0,11/8/2017 2:32:29,2017-11-08,2,Wed
44242,3,1,19,280,2017-11-07 13:01:19,0,11/7/2017 13:01:19,2017-11-07,13,Tue
4295,15,2,15,245,2017-11-08 14:27:14,0,11/8/2017 14:27:14,2017-11-08,14,Wed
95509,26,1,13,121,2017-11-09 11:13:50,0,11/9/2017 11:13:50,2017-11-09,11,Thu
35180,27,1,47,122,2017-11-08 6:05:02,0,11/8/2017 6:05:02,2017-11-08,6,Wed
9287,12,1,13,178,2017-11-07 14:46:27,0,11/7/2017 14:46:27,2017-11-07,14,Tue
115772,9,1,16,466,2017-11-08 3:01:22,0,11/8/2017 3:01:22,2017-11-08,3,Wed
47168,9,1,17,215,2017-11-07 0:25:13,0,11/7/2017 0:25:13,2017-11-07,0,Tue
114999,13,1,8,477,2017-11-09 5:10:39,0,11/9/2017 5:10:39,2017-11-09,5,Thu
7521,14,1,19,480,2017-11-09 2:38:50,0,11/9/2017 2:38:50,2017-11-09,2,Thu
841,15,1,25,480,2017-11-08 14:17:10,0,11/8/2017 14:17:10,2017-11-08,14,Wed
66743,1,1,13,134,2017-11-06 20:24:08,0,11/6/2017 20:24:08,2017-11-06,20,Mon
88528,18,1,19,107,2017-11-07 5:09:53,0,11/7/2017 5:09:53,2017-11-07,5,Tue
80305,9,1,17,445,2017-11-08 1:01:30,0,11/8/2017 1:01:30,2017-11-08,1,Wed
137052,9,1,13,442,2017-11-06 22:43:19,0,11/6/2017 22:43:19,2017-11-06,22,Mon
109770,15,1,9,265,2017-11-07 1:44:05,0,11/7/2017 1:44:05,2017-11-07,1,Tue
46077,3,1,13,205,2017-11-09 5:08:39,0,11/9/2017 5:08:39,2017-11-09,5,Thu
96165,15,1,13,153,2017-11-09 14:47:43,0,11/9/2017 14:47:43,2017-11-09,14,Thu
28434,3,1,10,280,2017-11-08 3:08:26,0,11/8/2017 3:08:26,2017-11-08,3,Wed
80228,2,1,13,477,2017-11-06 23:16:10,0,11/6/2017 23:16:10,2017-11-06,23,Mon
214767,23,1,13,153,2017-11-08 7:24:19,0,11/8/2017 7:24:19,2017-11-08,7,Wed
251341,2,1,13,237,2017-11-09 2:04:20,0,11/9/2017 2:04:20,2017-11-09,2,Thu
95388,8,1,19,145,2017-11-07 16:26:09,0,11/7/2017 16:26:09,2017-11-07,16,Tue
41445,6,1,13,125,2017-11-07 7:02:48,0,11/7/2017 7:02:48,2017-11-07,7,Tue
38866,2,1,17,477,2017-11-09 5:55:38,0,11/9/2017 5:55:38,2017-11-09,5,Thu
72253,6,1,17,125,2017-11-08 1:03:06,0,11/8/2017 1:03:06,2017-11-08,1,Wed
211410,2,1,18,477,2017-11-09 0:15:29,0,11/9/2017 0:15:29,2017-11-09,0,Thu
114802,2,1,13,477,2017-11-08 22:25:06,0,11/8/2017 22:25:06,2017-11-08,22,Wed
105485,18,1,19,107,2017-11-08 7:22:00,0,11/8/2017 7:22:00,2017-11-08,7,Wed
60235,3,1,19,402,2017-11-06 22:10:12,0,11/6/2017 22:10:12,2017-11-06,22,Mon
66175,2,1,34,219,2017-11-08 0:38:00,0,11/8/2017 0:38:00,2017-11-08,0,Wed
102118,15,1,22,3,2017-11-08 10:42:25,0,11/8/2017 10:42:25,2017-11-08,10,Wed
10759,15,1,19,315,2017-11-07 12:07:57,0,11/7/2017 12:07:57,2017-11-07,12,Tue
12948,24,1,47,105,2017-11-08 15:53:02,0,11/8/2017 15:53:02,2017-11-08,15,Wed
114276,3,1,19,489,2017-11-08 4:36:55,0,11/8/2017 4:36:55,2017-11-08,4,Wed
34738,3,1,13,280,2017-11-07 5:42:29,0,11/7/2017 5:42:29,2017-11-07,5,Tue
59384,1,1,19,153,2017-11-07 15:14:29,0,11/7/2017 15:14:29,2017-11-07,15,Tue
76181,12,2,9,178,2017-11-09 6:01:03,0,11/9/2017 6:01:03,2017-11-09,6,Thu
362641,14,1,10,467,2017-11-09 5:39:56,0,11/9/2017 5:39:56,2017-11-09,5,Thu
105649,2,2,8,205,2017-11-08 13:47:23,0,11/8/2017 13:47:23,2017-11-08,13,Wed
5740,2,1,32,237,2017-11-08 3:08:44,0,11/8/2017 3:08:44,2017-11-08,3,Wed
45769,8,1,19,145,2017-11-09 8:13:16,0,11/9/2017 8:13:16,2017-11-09,8,Thu
92721,64,1,41,459,2017-11-06 17:43:32,0,11/6/2017 17:43:32,2017-11-06,17,Mon
17013,3,1,16,280,2017-11-08 1:56:28,0,11/8/2017 1:56:28,2017-11-08,1,Wed
184092,13,1,607,400,2017-11-06 16:00:15,0,11/6/2017 16:00:15,2017-11-06,16,Mon
20385,14,1,19,379,2017-11-09 11:36:18,0,11/9/2017 11:36:18,2017-11-09,11,Thu
195931,28,1,22,135,2017-11-07 5:35:15,0,11/7/2017 5:35:15,2017-11-07,5,Tue
12399,3,1,16,137,2017-11-07 23:26:33,0,11/7/2017 23:26:33,2017-11-07,23,Tue
38861,9,1,3,334,2017-11-08 6:35:58,0,11/8/2017 6:35:58,2017-11-08,6,Wed
1091,3,1,41,280,2017-11-08 15:37:31,0,11/8/2017 15:37:31,2017-11-08,15,Wed
22677,3,1,17,409,2017-11-07 3:34:05,0,11/7/2017 3:34:05,2017-11-07,3,Tue
92376,18,1,17,121,2017-11-09 15:41:42,0,11/9/2017 15:41:42,2017-11-09,15,Thu
7377,3,1,3,280,2017-11-09 5:25:27,0,11/9/2017 5:25:27,2017-11-09,5,Thu
142716,2,1,13,435,2017-11-07 12:25:06,0,11/7/2017 12:25:06,2017-11-07,12,Tue
73516,3,2,27,153,2017-11-07 7:15:34,0,11/7/2017 7:15:34,2017-11-07,7,Tue
83252,23,1,6,153,2017-11-07 9:01:26,0,11/7/2017 9:01:26,2017-11-07,9,Tue
108180,18,1,27,121,2017-11-09 11:52:51,0,11/9/2017 11:52:51,2017-11-09,11,Thu
88923,8,1,19,145,2017-11-08 23:41:21,0,11/8/2017 23:41:21,2017-11-08,23,Wed
107969,64,1,23,459,2017-11-08 6:12:07,0,11/8/2017 6:12:07,2017-11-08,6,Wed
53454,3,2,13,417,2017-11-09 13:15:34,0,11/9/2017 13:15:34,2017-11-09,13,Thu
50395,2,1,13,477,2017-11-09 5:56:06,0,11/9/2017 5:56:06,2017-11-09,5,Thu
54401,12,1,20,245,2017-11-06 16:58:51,0,11/6/2017 16:58:51,2017-11-06,16,Mon
50197,15,1,13,3,2017-11-07 1:39:55,0,11/7/2017 1:39:55,2017-11-07,1,Tue
74068,2,1,8,237,2017-11-08 10:51:02,0,11/8/2017 10:51:02,2017-11-08,10,Wed
255171,18,1,1,107,2017-11-09 12:28:29,0,11/9/2017 12:28:29,2017-11-09,12,Thu
65792,12,1,18,245,2017-11-07 9:09:24,0,11/7/2017 9:09:24,2017-11-07,9,Tue
121616,9,1,19,334,2017-11-09 7:43:24,0,11/9/2017 7:43:24,2017-11-09,7,Thu
79666,29,2,9,343,2017-11-09 3:10:08,0,11/9/2017 3:10:08,2017-11-09,3,Thu
8208,2,1,19,237,2017-11-09 4:20:23,0,11/9/2017 4:20:23,2017-11-09,4,Thu
5348,3,1,13,280,2017-11-08 13:59:50,0,11/8/2017 13:59:50,2017-11-08,13,Wed
33443,15,1,19,278,2017-11-08 12:18:21,0,11/8/2017 12:18:21,2017-11-08,12,Wed
54868,3,1,53,466,2017-11-08 0:26:35,0,11/8/2017 0:26:35,2017-11-08,0,Wed
112418,15,1,13,245,2017-11-07 8:41:20,0,11/7/2017 8:41:20,2017-11-07,8,Tue
21660,12,1,13,178,2017-11-07 9:00:46,0,11/7/2017 9:00:46,2017-11-07,9,Tue
9660,2,1,47,237,2017-11-07 5:38:08,0,11/7/2017 5:38:08,2017-11-07,5,Tue
92816,6,1,3,125,2017-11-09 7:19:41,0,11/9/2017 7:19:41,2017-11-09,7,Thu
50869,20,2,42,259,2017-11-07 8:42:48,0,11/7/2017 8:42:48,2017-11-07,8,Tue
121608,3,1,13,280,2017-11-08 0:52:31,0,11/8/2017 0:52:31,2017-11-08,0,Wed
80305,3,1,41,115,2017-11-08 15:21:40,0,11/8/2017 15:21:40,2017-11-08,15,Wed
30059,3,1,17,280,2017-11-09 4:29:38,0,11/9/2017 4:29:38,2017-11-09,4,Thu
262075,20,1,13,478,2017-11-08 1:22:42,0,11/8/2017 1:22:42,2017-11-08,1,Wed
93054,5,1,15,377,2017-11-08 23:43:56,0,11/8/2017 23:43:56,2017-11-08,23,Wed
121278,15,1,13,265,2017-11-06 23:39:54,0,11/6/2017 23:39:54,2017-11-06,23,Mon
5314,12,2,17,178,2017-11-07 11:25:25,0,11/7/2017 11:25:25,2017-11-07,11,Tue
86291,3,1,19,371,2017-11-08 0:14:23,0,11/8/2017 0:14:23,2017-11-08,0,Wed
125571,2,1,17,435,2017-11-08 0:09:20,0,11/8/2017 0:09:20,2017-11-08,0,Wed
94068,21,1,19,128,2017-11-07 7:47:56,0,11/7/2017 7:47:56,2017-11-07,7,Tue
79456,14,1,17,480,2017-11-09 15:02:15,0,11/9/2017 15:02:15,2017-11-09,15,Thu
44327,3,1,19,371,2017-11-07 0:46:06,0,11/7/2017 0:46:06,2017-11-07,0,Tue
29164,2,1,13,477,2017-11-08 7:53:48,0,11/8/2017 7:53:48,2017-11-08,7,Wed
81263,11,1,17,219,2017-11-09 11:33:06,0,11/9/2017 11:33:06,2017-11-09,11,Thu
118367,26,1,13,266,2017-11-07 12:30:30,0,11/7/2017 12:30:30,2017-11-07,12,Tue
6410,13,1,19,469,2017-11-09 7:02:42,0,11/9/2017 7:02:42,2017-11-09,7,Thu
283045,15,1,16,245,2017-11-08 6:12:50,0,11/8/2017 6:12:50,2017-11-08,6,Wed
103773,3,1,1,466,2017-11-07 0:55:30,0,11/7/2017 0:55:30,2017-11-07,0,Tue
1082,3,1,18,280,2017-11-08 15:26:08,0,11/8/2017 15:26:08,2017-11-08,15,Wed
1235,14,1,15,480,2017-11-09 6:56:15,0,11/9/2017 6:56:15,2017-11-09,6,Thu
77048,8,2,19,145,2017-11-07 14:46:02,0,11/7/2017 14:46:02,2017-11-07,14,Tue
272361,14,1,8,401,2017-11-08 7:50:46,0,11/8/2017 7:50:46,2017-11-08,7,Wed
76255,3,1,1,280,2017-11-09 7:14:20,0,11/9/2017 7:14:20,2017-11-09,7,Thu
68352,3,1,8,424,2017-11-09 3:52:04,0,11/9/2017 3:52:04,2017-11-09,3,Thu
138599,9,1,13,134,2017-11-08 16:05:12,0,11/8/2017 16:05:12,2017-11-08,16,Wed
125456,12,1,18,328,2017-11-07 9:11:36,0,11/7/2017 9:11:36,2017-11-07,9,Tue
106795,9,1,19,466,2017-11-08 22:22:42,0,11/8/2017 22:22:42,2017-11-08,22,Wed
44595,14,2,25,118,2017-11-09 9:33:07,0,11/9/2017 9:33:07,2017-11-09,9,Thu
835,2,1,19,477,2017-11-08 3:35:47,0,11/8/2017 3:35:47,2017-11-08,3,Wed
89078,14,1,18,489,2017-11-09 1:42:34,0,11/9/2017 1:42:34,2017-11-09,1,Thu
59882,2,1,22,122,2017-11-07 6:05:11,0,11/7/2017 6:05:11,2017-11-07,6,Tue
110077,2,1,19,477,2017-11-06 23:37:44,0,11/6/2017 23:37:44,2017-11-06,23,Mon
47534,3,1,17,280,2017-11-07 5:05:31,0,11/7/2017 5:05:31,2017-11-07,5,Tue
17629,25,1,13,259,2017-11-09 2:20:31,0,11/9/2017 2:20:31,2017-11-09,2,Thu
116812,2,1,16,237,2017-11-09 3:06:43,0,11/9/2017 3:06:43,2017-11-09,3,Thu
49383,3,2,36,280,2017-11-08 15:24:53,0,11/8/2017 15:24:53,2017-11-08,15,Wed
99613,23,1,13,153,2017-11-07 16:46:33,0,11/7/2017 16:46:33,2017-11-07,16,Tue
14236,2,2,65,477,2017-11-08 5:47:38,0,11/8/2017 5:47:38,2017-11-08,5,Wed
44229,2,1,22,219,2017-11-07 12:19:00,0,11/7/2017 12:19:00,2017-11-07,12,Tue
94115,3,1,16,442,2017-11-09 1:12:18,0,11/9/2017 1:12:18,2017-11-09,1,Thu
200066,14,1,19,401,2017-11-07 2:44:24,0,11/7/2017 2:44:24,2017-11-07,2,Tue
197144,3,1,22,173,2017-11-08 0:06:10,0,11/8/2017 0:06:10,2017-11-08,0,Wed
45344,2,1,32,435,2017-11-09 5:34:19,0,11/9/2017 5:34:19,2017-11-09,5,Thu
98261,2,1,56,452,2017-11-08 5:26:10,0,11/8/2017 5:26:10,2017-11-08,5,Wed
184884,3,1,19,409,2017-11-07 8:45:09,0,11/7/2017 8:45:09,2017-11-07,8,Tue
91536,2,2,16,205,2017-11-08 0:24:58,0,11/8/2017 0:24:58,2017-11-08,0,Wed
300283,15,1,8,386,2017-11-09 5:00:45,0,11/9/2017 5:00:45,2017-11-09,5,Thu
182576,6,1,19,459,2017-11-07 9:31:50,0,11/7/2017 9:31:50,2017-11-07,9,Tue
18641,12,1,25,140,2017-11-07 12:06:42,0,11/7/2017 12:06:42,2017-11-07,12,Tue
27997,9,1,13,244,2017-11-09 4:04:56,0,11/9/2017 4:04:56,2017-11-09,4,Thu
133103,25,1,41,259,2017-11-08 13:13:36,0,11/8/2017 13:13:36,2017-11-08,13,Wed
43865,3,1,19,280,2017-11-08 7:20:03,0,11/8/2017 7:20:03,2017-11-08,7,Wed
35456,2,1,17,477,2017-11-07 23:22:32,0,11/7/2017 23:22:32,2017-11-07,23,Tue
105339,2,1,27,219,2017-11-09 5:17:49,0,11/9/2017 5:17:49,2017-11-09,5,Thu
37207,18,1,19,107,2017-11-09 0:39:24,0,11/9/2017 0:39:24,2017-11-09,0,Thu
65982,18,1,18,121,2017-11-06 17:27:22,0,11/6/2017 17:27:22,2017-11-06,17,Mon
13756,3,1,20,489,2017-11-07 13:08:29,0,11/7/2017 13:08:29,2017-11-07,13,Tue
4147,18,1,32,449,2017-11-08 2:31:55,0,11/8/2017 2:31:55,2017-11-08,2,Wed
229747,6,1,11,459,2017-11-08 1:25:53,0,11/8/2017 1:25:53,2017-11-08,1,Wed
99856,2,1,23,236,2017-11-09 12:55:34,0,11/9/2017 12:55:34,2017-11-09,12,Thu
39780,14,1,40,401,2017-11-07 8:15:55,0,11/7/2017 8:15:55,2017-11-07,8,Tue
16032,15,1,6,412,2017-11-09 4:32:49,0,11/9/2017 4:32:49,2017-11-09,4,Thu
186803,18,1,13,439,2017-11-08 8:06:54,0,11/8/2017 8:06:54,2017-11-08,8,Wed
7595,14,1,8,360,2017-11-08 1:18:46,0,11/8/2017 1:18:46,2017-11-08,1,Wed
82039,18,1,8,107,2017-11-09 0:08:49,0,11/9/2017 0:08:49,2017-11-09,0,Thu
84916,9,1,13,234,2017-11-08 7:46:38,0,11/8/2017 7:46:38,2017-11-08,7,Wed
7884,2,1,22,258,2017-11-06 23:43:30,0,11/6/2017 23:43:30,2017-11-06,23,Mon
129803,13,1,19,469,2017-11-07 7:31:21,0,11/7/2017 7:31:21,2017-11-07,7,Tue
3964,3,1,1,280,2017-11-08 16:01:08,0,11/8/2017 16:01:08,2017-11-08,16,Wed
34419,9,1,13,244,2017-11-07 23:00:51,0,11/7/2017 23:00:51,2017-11-07,23,Tue
123994,3,1,35,280,2017-11-08 4:27:58,0,11/8/2017 4:27:58,2017-11-08,4,Wed
137832,64,1,16,459,2017-11-08 4:19:25,0,11/8/2017 4:19:25,2017-11-08,4,Wed
69020,2,1,19,469,2017-11-07 4:03:08,0,11/7/2017 4:03:08,2017-11-07,4,Tue
119715,14,1,19,480,2017-11-06 17:14:47,0,11/6/2017 17:14:47,2017-11-06,17,Mon
104985,9,1,18,489,2017-11-08 4:30:26,0,11/8/2017 4:30:26,2017-11-08,4,Wed
111757,3,1,47,280,2017-11-08 16:00:13,0,11/8/2017 16:00:13,2017-11-08,16,Wed
59955,18,1,11,134,2017-11-07 0:54:14,0,11/7/2017 0:54:14,2017-11-07,0,Tue
100901,9,1,17,445,2017-11-08 10:37:48,0,11/8/2017 10:37:48,2017-11-08,10,Wed
83451,26,1,14,121,2017-11-07 0:35:18,0,11/7/2017 0:35:18,2017-11-07,0,Tue
13727,2,1,6,477,2017-11-08 23:03:41,0,11/8/2017 23:03:41,2017-11-08,23,Wed
66519,12,1,6,481,2017-11-09 4:14:59,0,11/9/2017 4:14:59,2017-11-09,4,Thu
40816,12,1,18,178,2017-11-07 1:21:58,0,11/7/2017 1:21:58,2017-11-07,1,Tue
11594,15,1,17,245,2017-11-09 3:36:08,0,11/9/2017 3:36:08,2017-11-09,3,Thu
59159,3,1,19,379,2017-11-09 6:51:37,0,11/9/2017 6:51:37,2017-11-09,6,Thu
148472,12,1,8,105,2017-11-08 7:00:43,0,11/8/2017 7:00:43,2017-11-08,7,Wed
81939,10,1,18,377,2017-11-08 15:00:19,0,11/8/2017 15:00:19,2017-11-08,15,Wed
101467,3,1,19,280,2017-11-09 1:40:40,0,11/9/2017 1:40:40,2017-11-09,1,Thu
45411,27,1,19,153,2017-11-09 6:36:46,0,11/9/2017 6:36:46,2017-11-09,6,Thu
67908,3,1,13,280,2017-11-09 2:23:14,0,11/9/2017 2:23:14,2017-11-09,2,Thu
69856,15,1,32,245,2017-11-07 23:12:31,0,11/7/2017 23:12:31,2017-11-07,23,Tue
7895,21,1,3,128,2017-11-08 9:52:09,0,11/8/2017 9:52:09,2017-11-08,9,Wed
336891,3,1,13,115,2017-11-09 13:31:10,0,11/9/2017 13:31:10,2017-11-09,13,Thu
36129,13,1,13,477,2017-11-09 1:57:08,0,11/9/2017 1:57:08,2017-11-09,1,Thu
81347,64,1,8,459,2017-11-08 7:06:38,0,11/8/2017 7:06:38,2017-11-08,7,Wed
56298,9,1,17,244,2017-11-08 11:26:34,0,11/8/2017 11:26:34,2017-11-08,11,Wed
225265,11,1,13,137,2017-11-08 15:19:12,0,11/8/2017 15:19:12,2017-11-08,15,Wed
105889,12,1,17,145,2017-11-07 16:14:00,0,11/7/2017 16:14:00,2017-11-07,16,Tue
77809,7,1,19,101,2017-11-09 3:53:30,0,11/9/2017 3:53:30,2017-11-09,3,Thu
23907,26,1,20,121,2017-11-08 14:46:08,0,11/8/2017 14:46:08,2017-11-08,14,Wed
38265,15,1,10,245,2017-11-09 13:26:24,0,11/9/2017 13:26:24,2017-11-09,13,Thu
48915,6,1,13,125,2017-11-07 12:37:16,0,11/7/2017 12:37:16,2017-11-07,12,Tue
25009,3,1,17,280,2017-11-07 7:43:58,0,11/7/2017 7:43:58,2017-11-07,7,Tue
8469,13,1,10,477,2017-11-07 7:14:22,0,11/7/2017 7:14:22,2017-11-07,7,Tue
31536,3,1,18,480,2017-11-07 2:34:21,0,11/7/2017 2:34:21,2017-11-07,2,Tue
183426,2,1,17,452,2017-11-07 14:23:16,0,11/7/2017 14:23:16,2017-11-07,14,Tue
3133,21,1,18,128,2017-11-08 9:12:48,0,11/8/2017 9:12:48,2017-11-08,9,Wed
80398,12,1,31,265,2017-11-08 5:25:01,0,11/8/2017 5:25:01,2017-11-08,5,Wed
31675,9,1,19,489,2017-11-09 8:35:20,0,11/9/2017 8:35:20,2017-11-09,8,Thu
108881,1,1,15,17,2017-11-07 14:28:50,0,11/7/2017 14:28:50,2017-11-07,14,Tue
15660,3,1,8,424,2017-11-08 0:53:47,0,11/8/2017 0:53:47,2017-11-08,0,Wed
124936,3,1,3,280,2017-11-09 0:51:15,0,11/9/2017 0:51:15,2017-11-09,0,Thu
107488,15,1,8,245,2017-11-08 4:54:26,0,11/8/2017 4:54:26,2017-11-08,4,Wed
176565,18,1,13,134,2017-11-09 3:52:09,0,11/9/2017 3:52:09,2017-11-09,3,Thu
93021,18,1,13,121,2017-11-09 4:50:21,0,11/9/2017 4:50:21,2017-11-09,4,Thu
31737,3,1,13,417,2017-11-07 3:07:22,0,11/7/2017 3:07:22,2017-11-07,3,Tue
39756,2,1,8,205,2017-11-06 17:27:54,0,11/6/2017 17:27:54,2017-11-06,17,Mon
7510,27,1,17,153,2017-11-09 4:22:56,0,11/9/2017 4:22:56,2017-11-09,4,Thu
89189,3,1,20,280,2017-11-08 8:54:18,0,11/8/2017 8:54:18,2017-11-08,8,Wed
44494,12,2,20,326,2017-11-06 22:53:53,0,11/6/2017 22:53:53,2017-11-06,22,Mon
10853,23,1,13,153,2017-11-07 11:12:37,0,11/7/2017 11:12:37,2017-11-07,11,Tue
75393,2,1,19,435,2017-11-07 11:34:13,0,11/7/2017 11:34:13,2017-11-07,11,Tue
98066,6,1,53,459,2017-11-08 14:19:55,0,11/8/2017 14:19:55,2017-11-08,14,Wed
81876,3,1,40,424,2017-11-08 18:15:43,0,11/8/2017 18:15:43,2017-11-08,18,Wed
5348,8,1,1,145,2017-11-08 9:05:29,0,11/8/2017 9:05:29,2017-11-08,9,Wed
52722,3,1,37,173,2017-11-08 12:00:12,0,11/8/2017 12:00:12,2017-11-08,12,Wed
190924,15,1,19,265,2017-11-08 23:03:04,0,11/8/2017 23:03:04,2017-11-08,23,Wed
34284,27,1,42,153,2017-11-09 11:18:33,0,11/9/2017 11:18:33,2017-11-09,11,Thu
185800,12,1,23,259,2017-11-08 1:12:46,0,11/8/2017 1:12:46,2017-11-08,1,Wed
5314,18,1,19,107,2017-11-08 10:29:28,0,11/8/2017 10:29:28,2017-11-08,10,Wed
5314,1,1,19,377,2017-11-09 12:17:17,0,11/9/2017 12:17:17,2017-11-09,12,Thu
49602,9,1,25,466,2017-11-08 23:19:20,0,11/8/2017 23:19:20,2017-11-08,23,Wed
32788,21,1,3,128,2017-11-08 1:48:12,0,11/8/2017 1:48:12,2017-11-08,1,Wed
42143,21,1,10,128,2017-11-07 8:51:43,0,11/7/2017 8:51:43,2017-11-07,8,Tue
103032,2,1,19,237,2017-11-08 4:21:44,0,11/8/2017 4:21:44,2017-11-08,4,Wed
90612,28,1,13,135,2017-11-07 15:41:59,0,11/7/2017 15:41:59,2017-11-07,15,Tue
87970,12,1,18,259,2017-11-07 1:31:22,0,11/7/2017 1:31:22,2017-11-07,1,Tue
37438,11,1,47,122,2017-11-08 5:30:10,0,11/8/2017 5:30:10,2017-11-08,5,Wed
43827,18,1,13,107,2017-11-09 13:09:18,0,11/9/2017 13:09:18,2017-11-09,13,Thu
216981,3,1,17,280,2017-11-08 14:11:12,0,11/8/2017 14:11:12,2017-11-08,14,Wed
17149,19,0,24,213,2017-11-09 4:08:29,0,11/9/2017 4:08:29,2017-11-09,4,Thu
84900,12,1,18,178,2017-11-07 23:16:18,0,11/7/2017 23:16:18,2017-11-07,23,Tue
184454,12,1,18,497,2017-11-09 3:38:53,0,11/9/2017 3:38:53,2017-11-09,3,Thu
2511,15,1,18,245,2017-11-07 15:20:03,0,11/7/2017 15:20:03,2017-11-07,15,Tue
5348,28,1,19,135,2017-11-07 12:10:05,0,11/7/2017 12:10:05,2017-11-07,12,Tue
73487,15,1,19,245,2017-11-07 6:48:04,0,11/7/2017 6:48:04,2017-11-07,6,Tue
210483,3,1,13,280,2017-11-07 1:19:02,0,11/7/2017 1:19:02,2017-11-07,1,Tue
148276,45,1,47,465,2017-11-07 6:03:21,1,11/7/2017 6:03:21,2017-11-07,6,Tue
61741,6,1,13,125,2017-11-08 6:29:19,0,11/8/2017 6:29:19,2017-11-08,6,Wed
148650,2,1,19,237,2017-11-08 5:59:07,0,11/8/2017 5:59:07,2017-11-08,5,Wed
96078,3,1,13,205,2017-11-06 22:01:05,0,11/6/2017 22:01:05,2017-11-06,22,Mon
69930,2,1,13,122,2017-11-07 16:29:42,0,11/7/2017 16:29:42,2017-11-07,16,Tue
39338,8,1,13,145,2017-11-09 9:52:53,0,11/9/2017 9:52:53,2017-11-09,9,Thu
86188,15,1,19,379,2017-11-08 4:28:34,0,11/8/2017 4:28:34,2017-11-08,4,Wed
5257,6,1,13,459,2017-11-09 7:44:44,0,11/9/2017 7:44:44,2017-11-09,7,Thu
101698,15,1,13,386,2017-11-08 17:36:34,0,11/8/2017 17:36:34,2017-11-08,17,Wed
37763,18,1,3,107,2017-11-09 15:14:32,0,11/9/2017 15:14:32,2017-11-09,15,Thu
354707,3,1,6,280,2017-11-09 7:24:30,0,11/9/2017 7:24:30,2017-11-09,7,Thu
49462,1,2,20,134,2017-11-09 2:37:29,0,11/9/2017 2:37:29,2017-11-09,2,Thu
135873,15,1,13,315,2017-11-09 8:02:55,0,11/9/2017 8:02:55,2017-11-09,8,Thu
91232,12,2,13,178,2017-11-08 12:55:35,0,11/8/2017 12:55:35,2017-11-08,12,Wed
8768,15,1,19,111,2017-11-09 3:51:36,0,11/9/2017 3:51:36,2017-11-09,3,Thu
66100,21,2,32,128,2017-11-06 17:50:41,0,11/6/2017 17:50:41,2017-11-06,17,Mon
45327,2,1,19,205,2017-11-07 17:47:49,0,11/7/2017 17:47:49,2017-11-07,17,Tue
95111,2,1,2,435,2017-11-08 14:45:54,0,11/8/2017 14:45:54,2017-11-08,14,Wed
34636,28,1,18,135,2017-11-07 5:42:03,0,11/7/2017 5:42:03,2017-11-07,5,Tue
121505,2,1,13,237,2017-11-08 3:59:27,0,11/8/2017 3:59:27,2017-11-08,3,Wed
26807,9,1,17,232,2017-11-07 8:26:25,0,11/7/2017 8:26:25,2017-11-07,8,Tue
35520,21,1,17,128,2017-11-09 12:12:51,0,11/9/2017 12:12:51,2017-11-09,12,Thu
33503,12,1,13,265,2017-11-08 2:04:18,0,11/8/2017 2:04:18,2017-11-08,2,Wed
95766,25,1,13,259,2017-11-09 12:45:04,0,11/9/2017 12:45:04,2017-11-09,12,Thu
81329,2,1,13,477,2017-11-08 6:21:59,0,11/8/2017 6:21:59,2017-11-08,6,Wed
7884,18,1,19,107,2017-11-07 7:32:31,0,11/7/2017 7:32:31,2017-11-07,7,Tue
7645,6,1,10,459,2017-11-08 12:57:33,0,11/8/2017 12:57:33,2017-11-08,12,Wed
44150,12,1,19,259,2017-11-09 8:17:56,0,11/9/2017 8:17:56,2017-11-09,8,Thu
4775,9,1,19,489,2017-11-08 14:55:21,0,11/8/2017 14:55:21,2017-11-08,14,Wed
1456,9,1,13,445,2017-11-08 3:43:08,0,11/8/2017 3:43:08,2017-11-08,3,Wed
121187,13,1,13,469,2017-11-08 11:27:36,0,11/8/2017 11:27:36,2017-11-08,11,Wed
81030,8,1,3,145,2017-11-09 3:50:29,0,11/9/2017 3:50:29,2017-11-09,3,Thu
195673,19,0,50,343,2017-11-06 16:23:02,1,11/6/2017 16:23:02,2017-11-06,16,Mon
94013,13,1,19,477,2017-11-08 5:04:51,0,11/8/2017 5:04:51,2017-11-08,5,Wed
138561,3,2,9,280,2017-11-08 8:56:36,0,11/8/2017 8:56:36,2017-11-08,8,Wed
192796,3,1,13,480,2017-11-07 11:26:56,0,11/7/2017 11:26:56,2017-11-07,11,Tue
199488,18,1,13,121,2017-11-07 10:11:10,0,11/7/2017 10:11:10,2017-11-07,10,Tue
274381,94,1,17,361,2017-11-08 2:24:31,0,11/8/2017 2:24:31,2017-11-08,2,Wed
239520,3,1,8,280,2017-11-08 15:31:02,0,11/8/2017 15:31:02,2017-11-08,15,Wed
80405,26,1,15,121,2017-11-08 2:00:48,0,11/8/2017 2:00:48,2017-11-08,2,Wed
105292,2,1,8,205,2017-11-07 20:49:17,0,11/7/2017 20:49:17,2017-11-07,20,Tue
2095,12,1,35,328,2017-11-08 14:04:12,0,11/8/2017 14:04:12,2017-11-08,14,Wed
91574,1,1,11,125,2017-11-07 21:57:53,0,11/7/2017 21:57:53,2017-11-07,21,Tue
56346,12,1,13,245,2017-11-06 19:05:07,0,11/6/2017 19:05:07,2017-11-06,19,Mon
75595,2,1,19,205,2017-11-07 16:19:03,0,11/7/2017 16:19:03,2017-11-07,16,Tue
33868,9,1,30,466,2017-11-09 12:41:33,0,11/9/2017 12:41:33,2017-11-09,12,Thu
240578,12,1,3,178,2017-11-07 23:58:31,0,11/7/2017 23:58:31,2017-11-07,23,Tue
124825,9,1,13,466,2017-11-09 5:08:27,0,11/9/2017 5:08:27,2017-11-09,5,Thu
91712,14,1,22,401,2017-11-08 2:55:30,0,11/8/2017 2:55:30,2017-11-08,2,Wed
205511,1,1,19,153,2017-11-07 8:07:16,0,11/7/2017 8:07:16,2017-11-07,8,Tue
283648,3,1,20,280,2017-11-08 0:34:07,0,11/8/2017 0:34:07,2017-11-08,0,Wed
37385,9,1,25,134,2017-11-06 20:20:03,0,11/6/2017 20:20:03,2017-11-06,20,Mon
265115,3,1,19,280,2017-11-08 13:47:12,0,11/8/2017 13:47:12,2017-11-08,13,Wed
103250,3,1,37,442,2017-11-07 1:58:05,0,11/7/2017 1:58:05,2017-11-07,1,Tue
246825,12,1,19,328,2017-11-09 4:02:38,0,11/9/2017 4:02:38,2017-11-09,4,Thu
31732,20,2,19,259,2017-11-07 18:51:13,0,11/7/2017 18:51:13,2017-11-07,18,Tue
7360,8,1,3,145,2017-11-07 23:21:01,0,11/7/2017 23:21:01,2017-11-07,23,Tue
108831,3,1,13,280,2017-11-08 11:25:59,0,11/8/2017 11:25:59,2017-11-08,11,Wed
73839,15,1,32,153,2017-11-07 12:39:49,0,11/7/2017 12:39:49,2017-11-07,12,Tue
77257,15,1,19,111,2017-11-08 2:43:41,0,11/8/2017 2:43:41,2017-11-08,2,Wed
48282,12,1,19,265,2017-11-08 10:04:57,0,11/8/2017 10:04:57,2017-11-08,10,Wed
25761,2,1,19,205,2017-11-07 18:41:45,0,11/7/2017 18:41:45,2017-11-07,18,Tue
59678,12,1,13,265,2017-11-08 11:09:58,0,11/8/2017 11:09:58,2017-11-08,11,Wed
84596,6,1,19,125,2017-11-07 11:04:04,0,11/7/2017 11:04:04,2017-11-07,11,Tue
50526,12,1,22,178,2017-11-08 8:21:33,0,11/8/2017 8:21:33,2017-11-08,8,Wed
196389,2,1,25,477,2017-11-09 7:23:50,0,11/9/2017 7:23:50,2017-11-09,7,Thu
202183,3,1,4,130,2017-11-07 23:42:59,0,11/7/2017 23:42:59,2017-11-07,23,Tue
42215,14,1,19,349,2017-11-09 4:32:41,0,11/9/2017 4:32:41,2017-11-09,4,Thu
67037,2,1,15,237,2017-11-06 20:24:36,0,11/6/2017 20:24:36,2017-11-06,20,Mon
144604,12,2,13,265,2017-11-07 1:15:07,0,11/7/2017 1:15:07,2017-11-07,1,Tue
46783,1,1,18,153,2017-11-08 6:55:55,0,11/8/2017 6:55:55,2017-11-08,6,Wed
81001,18,1,28,121,2017-11-09 13:07:07,0,11/9/2017 13:07:07,2017-11-09,13,Thu
189301,12,1,37,328,2017-11-09 13:19:57,0,11/9/2017 13:19:57,2017-11-09,13,Thu
52043,9,2,43,234,2017-11-07 9:21:01,0,11/7/2017 9:21:01,2017-11-07,9,Tue
6908,14,1,18,442,2017-11-09 9:05:36,0,11/9/2017 9:05:36,2017-11-09,9,Thu
97684,15,2,9,315,2017-11-09 7:35:58,0,11/9/2017 7:35:58,2017-11-09,7,Thu
193812,15,1,22,245,2017-11-08 16:45:06,0,11/8/2017 16:45:06,2017-11-08,16,Wed
108858,3,1,13,280,2017-11-07 6:03:12,0,11/7/2017 6:03:12,2017-11-07,6,Tue
101957,26,1,35,266,2017-11-07 6:59:38,0,11/7/2017 6:59:38,2017-11-07,6,Tue
111517,25,1,18,259,2017-11-07 6:17:28,0,11/7/2017 6:17:28,2017-11-07,6,Tue
116098,18,1,17,107,2017-11-07 3:04:04,0,11/7/2017 3:04:04,2017-11-07,3,Tue
151044,7,1,18,101,2017-11-07 11:22:33,0,11/7/2017 11:22:33,2017-11-07,11,Tue
113723,14,1,9,134,2017-11-07 7:37:38,0,11/7/2017 7:37:38,2017-11-07,7,Tue
279107,3,1,19,280,2017-11-08 11:28:48,0,11/8/2017 11:28:48,2017-11-08,11,Wed
104945,6,1,19,459,2017-11-08 5:33:41,0,11/8/2017 5:33:41,2017-11-08,5,Wed
197265,2,1,4,219,2017-11-09 11:39:50,0,11/9/2017 11:39:50,2017-11-09,11,Thu
352328,1,1,19,13,2017-11-09 11:52:49,0,11/9/2017 11:52:49,2017-11-09,11,Thu
14782,2,1,13,205,2017-11-07 15:00:32,0,11/7/2017 15:00:32,2017-11-07,15,Tue
86349,18,1,25,121,2017-11-07 13:07:35,0,11/7/2017 13:07:35,2017-11-07,13,Tue
42360,3,1,20,205,2017-11-07 9:31:24,0,11/7/2017 9:31:24,2017-11-07,9,Tue
99071,3,1,13,280,2017-11-07 3:08:08,0,11/7/2017 3:08:08,2017-11-07,3,Tue
115557,2,1,19,205,2017-11-07 3:51:21,0,11/7/2017 3:51:21,2017-11-07,3,Tue
197554,14,1,19,134,2017-11-08 23:19:53,0,11/8/2017 23:19:53,2017-11-08,23,Wed
105649,2,1,19,205,2017-11-09 8:21:32,0,11/9/2017 8:21:32,2017-11-09,8,Thu
121654,32,1,16,376,2017-11-07 9:16:32,0,11/7/2017 9:16:32,2017-11-07,9,Tue
229176,64,1,41,459,2017-11-08 14:55:43,0,11/8/2017 14:55:43,2017-11-08,14,Wed
48094,12,1,15,265,2017-11-07 3:20:06,0,11/7/2017 3:20:06,2017-11-07,3,Tue
68499,18,1,19,121,2017-11-08 10:27:46,0,11/8/2017 10:27:46,2017-11-08,10,Wed
141270,3,1,53,130,2017-11-07 8:38:24,0,11/7/2017 8:38:24,2017-11-07,8,Tue
59059,11,1,37,173,2017-11-09 1:02:46,0,11/9/2017 1:02:46,2017-11-09,1,Thu
109452,3,1,18,280,2017-11-07 1:14:17,0,11/7/2017 1:14:17,2017-11-07,1,Tue
49938,21,2,42,128,2017-11-08 14:41:59,0,11/8/2017 14:41:59,2017-11-08,14,Wed
148546,14,1,13,463,2017-11-07 11:43:22,0,11/7/2017 11:43:22,2017-11-07,11,Tue
136561,3,1,8,280,2017-11-08 20:11:14,0,11/8/2017 20:11:14,2017-11-08,20,Wed
96102,12,1,4,265,2017-11-07 11:41:23,0,11/7/2017 11:41:23,2017-11-07,11,Tue
44555,2,1,19,219,2017-11-08 1:48:07,0,11/8/2017 1:48:07,2017-11-08,1,Wed
121228,1,1,3,134,2017-11-08 1:54:35,0,11/8/2017 1:54:35,2017-11-08,1,Wed
57938,18,1,12,134,2017-11-07 6:44:47,0,11/7/2017 6:44:47,2017-11-07,6,Tue
3178,18,1,19,376,2017-11-07 4:06:08,0,11/7/2017 4:06:08,2017-11-07,4,Tue
37506,2,1,41,237,2017-11-08 2:45:17,0,11/8/2017 2:45:17,2017-11-08,2,Wed
100785,9,1,15,232,2017-11-08 1:37:54,0,11/8/2017 1:37:54,2017-11-08,1,Wed
110574,9,1,18,234,2017-11-09 12:39:38,0,11/9/2017 12:39:38,2017-11-09,12,Thu
114276,12,1,17,178,2017-11-09 10:42:43,0,11/9/2017 10:42:43,2017-11-09,10,Thu
121028,20,1,17,259,2017-11-09 13:39:15,0,11/9/2017 13:39:15,2017-11-09,13,Thu
3472,15,1,19,130,2017-11-09 14:19:28,0,11/9/2017 14:19:28,2017-11-09,14,Thu
163535,3,1,8,442,2017-11-07 7:08:42,0,11/7/2017 7:08:42,2017-11-07,7,Tue
168944,9,1,18,466,2017-11-09 11:42:22,0,11/9/2017 11:42:22,2017-11-09,11,Thu
136327,9,1,19,232,2017-11-07 2:25:09,0,11/7/2017 2:25:09,2017-11-07,2,Tue
95111,18,1,13,107,2017-11-07 13:33:29,0,11/7/2017 13:33:29,2017-11-07,13,Tue
14256,2,1,8,219,2017-11-08 12:25:12,0,11/8/2017 12:25:12,2017-11-08,12,Wed
5348,14,1,52,480,2017-11-08 10:48:09,0,11/8/2017 10:48:09,2017-11-08,10,Wed
60752,1,1,19,134,2017-11-09 10:46:39,0,11/9/2017 10:46:39,2017-11-09,10,Thu
123839,15,1,8,430,2017-11-09 5:12:30,0,11/9/2017 5:12:30,2017-11-09,5,Thu
56411,3,1,16,280,2017-11-09 7:18:22,0,11/9/2017 7:18:22,2017-11-09,7,Thu
20556,13,1,41,477,2017-11-07 14:49:54,0,11/7/2017 14:49:54,2017-11-07,14,Tue
92712,12,1,19,340,2017-11-09 13:24:02,0,11/9/2017 13:24:02,2017-11-09,13,Thu
93460,3,1,13,205,2017-11-08 6:25:17,0,11/8/2017 6:25:17,2017-11-08,6,Wed
201182,2,1,12,219,2017-11-07 2:46:14,0,11/7/2017 2:46:14,2017-11-07,2,Tue
108794,18,3032,607,107,2017-11-07 8:23:40,0,11/7/2017 8:23:40,2017-11-07,8,Tue
206140,1,1,19,125,2017-11-08 22:16:38,0,11/8/2017 22:16:38,2017-11-08,22,Wed
3605,18,1,9,439,2017-11-08 15:52:56,0,11/8/2017 15:52:56,2017-11-08,15,Wed
131725,3,1,13,280,2017-11-08 23:44:04,0,11/8/2017 23:44:04,2017-11-08,23,Wed
212004,12,1,13,259,2017-11-07 8:39:09,0,11/7/2017 8:39:09,2017-11-07,8,Tue
89306,15,1,8,245,2017-11-09 1:35:17,0,11/9/2017 1:35:17,2017-11-09,1,Thu
64367,2,1,13,219,2017-11-07 2:33:38,0,11/7/2017 2:33:38,2017-11-07,2,Tue
36132,18,1,18,107,2017-11-07 11:09:36,0,11/7/2017 11:09:36,2017-11-07,11,Tue
85928,12,1,19,178,2017-11-08 8:45:58,0,11/8/2017 8:45:58,2017-11-08,8,Wed
93861,3,1,10,280,2017-11-08 14:02:46,0,11/8/2017 14:02:46,2017-11-08,14,Wed
75628,15,1,13,140,2017-11-08 12:22:57,0,11/8/2017 12:22:57,2017-11-08,12,Wed
8995,15,1,25,315,2017-11-07 7:33:25,0,11/7/2017 7:33:25,2017-11-07,7,Tue
59997,14,1,2,401,2017-11-06 23:39:09,0,11/6/2017 23:39:09,2017-11-06,23,Mon
107937,3,1,19,480,2017-11-09 3:38:07,0,11/9/2017 3:38:07,2017-11-09,3,Thu
198832,12,1,16,178,2017-11-06 23:25:06,0,11/6/2017 23:25:06,2017-11-06,23,Mon
23098,2,1,19,469,2017-11-07 5:54:11,0,11/7/2017 5:54:11,2017-11-07,5,Tue
51496,2,1,19,435,2017-11-07 0:39:35,0,11/7/2017 0:39:35,2017-11-07,0,Tue
281258,11,1,3,487,2017-11-08 11:01:32,0,11/8/2017 11:01:32,2017-11-08,11,Wed
50969,13,1,8,477,2017-11-07 10:25:29,0,11/7/2017 10:25:29,2017-11-07,10,Tue
98293,12,2,65,497,2017-11-08 13:10:29,0,11/8/2017 13:10:29,2017-11-08,13,Wed
1074,15,1,19,430,2017-11-07 15:13:03,0,11/7/2017 15:13:03,2017-11-07,15,Tue
111191,3,1,8,280,2017-11-07 3:02:27,0,11/7/2017 3:02:27,2017-11-07,3,Tue
107897,35,1,13,274,2017-11-07 4:47:22,1,11/7/2017 4:47:22,2017-11-07,4,Tue
87879,21,1,6,128,2017-11-08 23:02:19,0,11/8/2017 23:02:19,2017-11-08,23,Wed
152339,64,1,31,459,2017-11-07 6:39:29,0,11/7/2017 6:39:29,2017-11-07,6,Tue
362038,15,1,13,412,2017-11-09 0:43:32,0,11/9/2017 0:43:32,2017-11-09,0,Thu
102062,2,1,49,236,2017-11-08 11:53:09,0,11/8/2017 11:53:09,2017-11-08,11,Wed
80163,15,1,12,480,2017-11-08 23:16:38,0,11/8/2017 23:16:38,2017-11-08,23,Wed
364625,45,1,18,5,2017-11-09 10:01:40,0,11/9/2017 10:01:40,2017-11-09,10,Thu
100806,12,1,6,259,2017-11-06 19:55:21,0,11/6/2017 19:55:21,2017-11-06,19,Mon
26384,2,1,19,364,2017-11-07 12:42:46,0,11/7/2017 12:42:46,2017-11-07,12,Tue
5348,20,2,79,259,2017-11-07 7:12:07,0,11/7/2017 7:12:07,2017-11-07,7,Tue
60698,12,1,30,140,2017-11-07 9:41:43,0,11/7/2017 9:41:43,2017-11-07,9,Tue
52024,12,2,20,326,2017-11-08 15:07:20,0,11/8/2017 15:07:20,2017-11-08,15,Wed
40767,13,1,17,469,2017-11-09 3:35:48,0,11/9/2017 3:35:48,2017-11-09,3,Thu
25128,9,1,19,107,2017-11-09 10:18:57,0,11/9/2017 10:18:57,2017-11-09,10,Thu
128548,18,1,6,107,2017-11-08 14:45:40,0,11/8/2017 14:45:40,2017-11-08,14,Wed
158417,1,1,20,178,2017-11-07 3:32:21,0,11/7/2017 3:32:21,2017-11-07,3,Tue
137052,15,1,17,245,2017-11-09 5:21:25,0,11/9/2017 5:21:25,2017-11-09,5,Thu
108324,12,1,19,259,2017-11-09 13:48:29,0,11/9/2017 13:48:29,2017-11-09,13,Thu
55326,3,1,10,280,2017-11-08 5:03:20,0,11/8/2017 5:03:20,2017-11-08,5,Wed
220540,23,1,19,153,2017-11-08 13:58:02,0,11/8/2017 13:58:02,2017-11-08,13,Wed
106559,18,1,22,121,2017-11-08 10:19:44,0,11/8/2017 10:19:44,2017-11-08,10,Wed
95820,9,1,13,466,2017-11-08 4:49:05,0,11/8/2017 4:49:05,2017-11-08,4,Wed
25097,8,2,17,145,2017-11-09 13:18:58,0,11/9/2017 13:18:58,2017-11-09,13,Thu
182971,1,1,3,150,2017-11-07 2:25:31,0,11/7/2017 2:25:31,2017-11-07,2,Tue
74257,24,2,10,105,2017-11-07 7:49:55,0,11/7/2017 7:49:55,2017-11-07,7,Tue
26888,15,1,13,245,2017-11-07 14:31:07,0,11/7/2017 14:31:07,2017-11-07,14,Tue
198081,12,1,19,178,2017-11-07 2:35:18,0,11/7/2017 2:35:18,2017-11-07,2,Tue
2600,9,1,6,466,2017-11-08 17:11:08,0,11/8/2017 17:11:08,2017-11-08,17,Wed
34057,12,1,23,259,2017-11-08 10:17:46,0,11/8/2017 10:17:46,2017-11-08,10,Wed
6326,19,0,29,343,2017-11-09 10:56:51,0,11/9/2017 10:56:51,2017-11-09,10,Thu
35793,3,1,8,442,2017-11-09 3:35:20,0,11/9/2017 3:35:20,2017-11-09,3,Thu
160812,9,1,19,127,2017-11-09 11:11:18,0,11/9/2017 11:11:18,2017-11-09,11,Thu
255,13,1,96,477,2017-11-08 17:06:14,0,11/8/2017 17:06:14,2017-11-08,17,Wed
90408,17,1,13,280,2017-11-08 23:43:24,0,11/8/2017 23:43:24,2017-11-08,23,Wed
11448,18,1,20,121,2017-11-09 4:26:13,0,11/9/2017 4:26:13,2017-11-09,4,Thu
64516,9,1,19,442,2017-11-08 0:19:43,0,11/8/2017 0:19:43,2017-11-08,0,Wed
13479,11,1,13,360,2017-11-09 9:26:09,0,11/9/2017 9:26:09,2017-11-09,9,Thu
125222,21,1,19,232,2017-11-09 12:00:08,0,11/9/2017 12:00:08,2017-11-09,12,Thu
121127,15,1,19,386,2017-11-09 9:47:42,0,11/9/2017 9:47:42,2017-11-09,9,Thu
154162,14,1,2,442,2017-11-07 8:22:03,0,11/7/2017 8:22:03,2017-11-07,8,Tue
32591,24,1,19,178,2017-11-07 11:39:28,0,11/7/2017 11:39:28,2017-11-07,11,Tue
45745,21,1,19,128,2017-11-08 4:27:56,0,11/8/2017 4:27:56,2017-11-08,4,Wed
11272,23,1,13,153,2017-11-09 3:52:27,0,11/9/2017 3:52:27,2017-11-09,3,Thu
10813,11,1,10,319,2017-11-08 4:01:00,0,11/8/2017 4:01:00,2017-11-08,4,Wed
6262,20,1,19,478,2017-11-07 2:39:19,0,11/7/2017 2:39:19,2017-11-07,2,Tue
110354,27,1,13,153,2017-11-07 15:54:22,0,11/7/2017 15:54:22,2017-11-07,15,Tue
100275,15,1,18,245,2017-11-08 15:05:10,0,11/8/2017 15:05:10,2017-11-08,15,Wed
18101,3,1,17,280,2017-11-07 10:00:07,0,11/7/2017 10:00:07,2017-11-07,10,Tue
50131,3,1,53,137,2017-11-09 14:58:44,0,11/9/2017 14:58:44,2017-11-09,14,Thu
109703,18,1,13,439,2017-11-09 14:47:05,0,11/9/2017 14:47:05,2017-11-09,14,Thu
45609,3,1,1,280,2017-11-08 7:01:25,0,11/8/2017 7:01:25,2017-11-08,7,Wed
298226,9,1,15,232,2017-11-09 9:30:58,0,11/9/2017 9:30:58,2017-11-09,9,Thu
109839,18,1,6,107,2017-11-07 8:23:54,0,11/7/2017 8:23:54,2017-11-07,8,Tue
45386,3,1,19,280,2017-11-08 4:06:36,0,11/8/2017 4:06:36,2017-11-08,4,Wed
119278,12,1,18,265,2017-11-09 11:50:16,0,11/9/2017 11:50:16,2017-11-09,11,Thu
165072,64,1,13,459,2017-11-07 3:50:35,0,11/7/2017 3:50:35,2017-11-07,3,Tue
66013,6,1,8,125,2017-11-07 9:29:48,0,11/7/2017 9:29:48,2017-11-07,9,Tue
62072,3,1,8,280,2017-11-08 15:55:45,0,11/8/2017 15:55:45,2017-11-08,15,Wed
85150,17,2,32,280,2017-11-08 6:49:58,0,11/8/2017 6:49:58,2017-11-08,6,Wed
58723,18,1,19,121,2017-11-06 17:42:28,0,11/6/2017 17:42:28,2017-11-06,17,Mon
44377,14,1,6,489,2017-11-09 6:01:45,0,11/9/2017 6:01:45,2017-11-09,6,Thu
77772,3,1,19,130,2017-11-07 23:29:08,0,11/7/2017 23:29:08,2017-11-07,23,Tue
73487,3,1,17,153,2017-11-08 12:02:22,0,11/8/2017 12:02:22,2017-11-08,12,Wed
53964,18,1,20,121,2017-11-08 5:27:26,0,11/8/2017 5:27:26,2017-11-08,5,Wed
69899,2,1,19,219,2017-11-08 12:14:51,0,11/8/2017 12:14:51,2017-11-08,12,Wed
63149,3,1,10,280,2017-11-08 11:10:12,0,11/8/2017 11:10:12,2017-11-08,11,Wed
125100,12,1,19,19,2017-11-09 6:21:16,0,11/9/2017 6:21:16,2017-11-09,6,Thu
128864,2,1,10,219,2017-11-06 20:12:52,0,11/6/2017 20:12:52,2017-11-06,20,Mon
84168,12,1,19,178,2017-11-08 7:47:21,0,11/8/2017 7:47:21,2017-11-08,7,Wed
207893,2,1,13,435,2017-11-07 9:47:24,0,11/7/2017 9:47:24,2017-11-07,9,Tue
74810,12,1,19,265,2017-11-09 9:22:56,0,11/9/2017 9:22:56,2017-11-09,9,Thu
5348,11,1,19,173,2017-11-08 2:42:50,0,11/8/2017 2:42:50,2017-11-08,2,Wed
103648,18,1,19,134,2017-11-07 4:19:01,0,11/7/2017 4:19:01,2017-11-07,4,Tue
100168,1,1,32,153,2017-11-07 7:59:18,0,11/7/2017 7:59:18,2017-11-07,7,Tue
14374,18,1,13,107,2017-11-08 18:17:08,0,11/8/2017 18:17:08,2017-11-08,18,Wed
115440,18,1,4,107,2017-11-07 17:17:27,0,11/7/2017 17:17:27,2017-11-07,17,Tue
93836,26,1,19,121,2017-11-07 5:44:29,0,11/7/2017 5:44:29,2017-11-07,5,Tue
81167,15,1,17,245,2017-11-08 16:16:44,0,11/8/2017 16:16:44,2017-11-08,16,Wed
42326,18,1,18,107,2017-11-08 13:06:12,0,11/8/2017 13:06:12,2017-11-08,13,Wed
199830,3,1,16,280,2017-11-08 7:14:44,0,11/8/2017 7:14:44,2017-11-08,7,Wed
12313,8,1,13,145,2017-11-08 22:25:45,0,11/8/2017 22:25:45,2017-11-08,22,Wed
277962,3,1,13,280,2017-11-08 2:00:00,0,11/8/2017 2:00:00,2017-11-08,2,Wed
72322,12,1,13,245,2017-11-07 4:52:05,0,11/7/2017 4:52:05,2017-11-07,4,Tue
61718,9,1,19,134,2017-11-09 1:44:23,0,11/9/2017 1:44:23,2017-11-09,1,Thu
151547,12,2,13,265,2017-11-09 11:09:23,0,11/9/2017 11:09:23,2017-11-09,11,Thu
31304,3,1,18,280,2017-11-08 4:04:00,0,11/8/2017 4:04:00,2017-11-08,4,Wed
76811,2,1,13,243,2017-11-08 10:55:38,0,11/8/2017 10:55:38,2017-11-08,10,Wed
216999,14,1,19,416,2017-11-08 0:56:07,0,11/8/2017 0:56:07,2017-11-08,0,Wed
48820,15,1,26,245,2017-11-09 2:07:39,0,11/9/2017 2:07:39,2017-11-09,2,Thu
52780,3,1,18,280,2017-11-07 6:13:41,0,11/7/2017 6:13:41,2017-11-07,6,Tue
8469,9,1,19,134,2017-11-07 1:00:16,0,11/7/2017 1:00:16,2017-11-07,1,Tue
195729,2,1,13,452,2017-11-09 6:53:51,0,11/9/2017 6:53:51,2017-11-09,6,Thu
50906,12,1,3,178,2017-11-07 6:32:21,0,11/7/2017 6:32:21,2017-11-07,6,Tue
88585,1,1,18,439,2017-11-07 0:35:47,0,11/7/2017 0:35:47,2017-11-07,0,Tue
77099,2,1,13,435,2017-11-09 11:37:25,0,11/9/2017 11:37:25,2017-11-09,11,Thu
39698,24,1,8,105,2017-11-07 15:08:12,0,11/7/2017 15:08:12,2017-11-07,15,Tue
159355,14,1,17,123,2017-11-07 9:57:26,0,11/7/2017 9:57:26,2017-11-07,9,Tue
235,12,1,19,140,2017-11-08 5:06:56,0,11/8/2017 5:06:56,2017-11-08,5,Wed
3994,22,2,13,496,2017-11-07 11:33:55,0,11/7/2017 11:33:55,2017-11-07,11,Tue
7664,64,1,19,459,2017-11-08 2:56:13,0,11/8/2017 2:56:13,2017-11-08,2,Wed
44663,15,1,14,245,2017-11-07 3:39:10,0,11/7/2017 3:39:10,2017-11-07,3,Tue
102206,15,2,13,111,2017-11-09 7:27:50,0,11/9/2017 7:27:50,2017-11-09,7,Thu
88923,14,1,25,489,2017-11-09 10:10:40,0,11/9/2017 10:10:40,2017-11-09,10,Thu
59142,2,1,17,237,2017-11-08 6:52:18,0,11/8/2017 6:52:18,2017-11-08,6,Wed
72279,1,1,13,134,2017-11-07 23:48:09,0,11/7/2017 23:48:09,2017-11-07,23,Tue
75007,1,1,13,137,2017-11-07 21:53:07,0,11/7/2017 21:53:07,2017-11-07,21,Tue
6222,3,1,32,379,2017-11-09 10:55:01,0,11/9/2017 10:55:01,2017-11-09,10,Thu
200949,3,1,6,424,2017-11-07 6:43:47,1,11/7/2017 6:43:47,2017-11-07,6,Tue
120936,12,2,22,145,2017-11-09 15:59:32,0,11/9/2017 15:59:32,2017-11-09,15,Thu
21802,3,1,13,205,2017-11-07 7:49:09,0,11/7/2017 7:49:09,2017-11-07,7,Tue
223956,2,1,13,212,2017-11-08 5:36:57,0,11/8/2017 5:36:57,2017-11-08,5,Wed
93263,13,2,20,477,2017-11-09 13:47:56,0,11/9/2017 13:47:56,2017-11-09,13,Thu
66254,11,1,15,319,2017-11-07 5:07:08,0,11/7/2017 5:07:08,2017-11-07,5,Tue
69975,3,1,19,489,2017-11-07 13:16:22,0,11/7/2017 13:16:22,2017-11-07,13,Tue
114235,15,1,19,140,2017-11-06 17:15:34,0,11/6/2017 17:15:34,2017-11-06,17,Mon
102942,3,2,17,280,2017-11-08 8:37:07,0,11/8/2017 8:37:07,2017-11-08,8,Wed
345462,18,1,31,134,2017-11-09 3:16:22,0,11/9/2017 3:16:22,2017-11-09,3,Thu
120597,3,1,19,115,2017-11-08 4:43:15,0,11/8/2017 4:43:15,2017-11-08,4,Wed
83616,18,1,17,439,2017-11-08 5:20:32,0,11/8/2017 5:20:32,2017-11-08,5,Wed
132992,12,1,13,265,2017-11-07 1:36:57,0,11/7/2017 1:36:57,2017-11-07,1,Tue
48296,19,0,0,213,2017-11-09 8:29:55,0,11/9/2017 8:29:55,2017-11-09,8,Thu
97716,3,1,13,137,2017-11-06 17:07:14,0,11/6/2017 17:07:14,2017-11-06,17,Mon
10445,12,1,6,245,2017-11-08 3:34:11,0,11/8/2017 3:34:11,2017-11-08,3,Wed
9916,18,1,19,439,2017-11-07 12:48:33,0,11/7/2017 12:48:33,2017-11-07,12,Tue
30310,23,1,31,153,2017-11-09 8:11:37,0,11/9/2017 8:11:37,2017-11-09,8,Thu
36395,1,1,14,17,2017-11-09 8:07:31,0,11/9/2017 8:07:31,2017-11-09,8,Thu
81556,20,1,18,478,2017-11-07 19:40:20,0,11/7/2017 19:40:20,2017-11-07,19,Tue
285450,24,1,13,105,2017-11-08 2:09:55,0,11/8/2017 2:09:55,2017-11-08,2,Wed
103036,64,1,13,459,2017-11-07 11:48:23,0,11/7/2017 11:48:23,2017-11-07,11,Tue
87604,3,1,25,280,2017-11-08 13:34:31,0,11/8/2017 13:34:31,2017-11-08,13,Wed
50337,3,1,19,379,2017-11-09 14:03:47,0,11/9/2017 14:03:47,2017-11-09,14,Thu
115681,26,1,14,266,2017-11-09 6:26:23,0,11/9/2017 6:26:23,2017-11-09,6,Thu
43855,18,1,53,107,2017-11-07 19:06:12,0,11/7/2017 19:06:12,2017-11-07,19,Tue
27038,12,1,19,328,2017-11-08 11:33:38,0,11/8/2017 11:33:38,2017-11-08,11,Wed
36349,7,1,13,101,2017-11-07 10:37:16,0,11/7/2017 10:37:16,2017-11-07,10,Tue
110167,15,1,13,386,2017-11-07 8:18:36,0,11/7/2017 8:18:36,2017-11-07,8,Tue
7861,3,1,19,115,2017-11-07 13:17:17,0,11/7/2017 13:17:17,2017-11-07,13,Tue
59595,18,3543,748,107,2017-11-07 23:36:28,0,11/7/2017 23:36:28,2017-11-07,23,Tue
87073,12,1,15,265,2017-11-07 10:08:36,0,11/7/2017 10:08:36,2017-11-07,10,Tue
76749,3,1,13,280,2017-11-07 4:23:18,0,11/7/2017 4:23:18,2017-11-07,4,Tue
203553,3,1,13,137,2017-11-06 22:19:08,0,11/6/2017 22:19:08,2017-11-06,22,Mon
58705,12,1,15,140,2017-11-06 16:57:22,0,11/6/2017 16:57:22,2017-11-06,16,Mon
89680,12,1,15,328,2017-11-07 14:23:52,0,11/7/2017 14:23:52,2017-11-07,14,Tue
53960,2,1,19,205,2017-11-08 3:52:37,0,11/8/2017 3:52:37,2017-11-08,3,Wed
19272,18,1,26,107,2017-11-08 10:20:49,0,11/8/2017 10:20:49,2017-11-08,10,Wed
358826,14,1,17,113,2017-11-09 8:06:43,0,11/9/2017 8:06:43,2017-11-09,8,Thu
120415,2,1,1,237,2017-11-07 2:09:59,0,11/7/2017 2:09:59,2017-11-07,2,Tue
180146,2,1,47,377,2017-11-07 0:33:21,0,11/7/2017 0:33:21,2017-11-07,0,Tue
103831,15,1,19,265,2017-11-08 2:09:33,0,11/8/2017 2:09:33,2017-11-08,2,Wed
71532,12,1,19,265,2017-11-07 0:55:04,0,11/7/2017 0:55:04,2017-11-07,0,Tue
3749,6,1,10,459,2017-11-08 5:41:40,0,11/8/2017 5:41:40,2017-11-08,5,Wed
123876,3,1,17,135,2017-11-08 2:57:18,0,11/8/2017 2:57:18,2017-11-08,2,Wed
18312,9,1,19,466,2017-11-08 10:07:35,0,11/8/2017 10:07:35,2017-11-08,10,Wed
6313,12,2,32,265,2017-11-08 18:40:29,0,11/8/2017 18:40:29,2017-11-08,18,Wed
75574,56,1,18,406,2017-11-08 2:34:03,0,11/8/2017 2:34:03,2017-11-08,2,Wed
85631,12,1,19,328,2017-11-07 9:39:50,0,11/7/2017 9:39:50,2017-11-07,9,Tue
5348,7,1,9,101,2017-11-07 11:45:27,0,11/7/2017 11:45:27,2017-11-07,11,Tue
184437,9,1,13,134,2017-11-06 16:33:39,0,11/6/2017 16:33:39,2017-11-06,16,Mon
30587,64,1,23,459,2017-11-07 15:13:28,0,11/7/2017 15:13:28,2017-11-07,15,Tue
3505,9,1,36,120,2017-11-08 2:12:59,0,11/8/2017 2:12:59,2017-11-08,2,Wed
154111,1,1,19,153,2017-11-08 12:08:18,0,11/8/2017 12:08:18,2017-11-08,12,Wed
39268,12,1,19,178,2017-11-08 14:06:41,0,11/8/2017 14:06:41,2017-11-08,14,Wed
109676,2,1,37,435,2017-11-08 13:24:18,0,11/8/2017 13:24:18,2017-11-08,13,Wed
75329,3,1,13,480,2017-11-07 10:37:26,0,11/7/2017 10:37:26,2017-11-07,10,Tue
15899,45,1,17,213,2017-11-09 8:06:35,0,11/9/2017 8:06:35,2017-11-09,8,Thu
177384,15,1,19,245,2017-11-06 16:18:54,0,11/6/2017 16:18:54,2017-11-06,16,Mon
23871,64,1,18,459,2017-11-08 4:22:24,0,11/8/2017 4:22:24,2017-11-08,4,Wed
133850,23,1,19,153,2017-11-08 1:53:12,0,11/8/2017 1:53:12,2017-11-08,1,Wed
192290,32,1,19,376,2017-11-08 11:18:11,0,11/8/2017 11:18:11,2017-11-08,11,Wed
87879,15,1,13,111,2017-11-08 13:51:11,0,11/8/2017 13:51:11,2017-11-08,13,Wed
53715,15,1,16,245,2017-11-07 15:57:03,0,11/7/2017 15:57:03,2017-11-07,15,Tue
26379,21,1,19,232,2017-11-09 4:10:00,0,11/9/2017 4:10:00,2017-11-09,4,Thu
69595,11,1,13,173,2017-11-07 2:32:54,0,11/7/2017 2:32:54,2017-11-07,2,Tue
148349,8,1,13,145,2017-11-08 7:11:24,0,11/8/2017 7:11:24,2017-11-08,7,Wed
42904,15,1,19,379,2017-11-07 0:20:37,0,11/7/2017 0:20:37,2017-11-07,0,Tue
154133,1,1,15,377,2017-11-07 6:53:12,0,11/7/2017 6:53:12,2017-11-07,6,Tue
109147,2,1,22,435,2017-11-07 15:54:59,0,11/7/2017 15:54:59,2017-11-07,15,Tue
58538,2,1,19,236,2017-11-08 2:56:16,0,11/8/2017 2:56:16,2017-11-08,2,Wed
149910,14,1,19,463,2017-11-07 14:43:39,0,11/7/2017 14:43:39,2017-11-07,14,Tue
194193,2,1,12,237,2017-11-07 4:55:55,0,11/7/2017 4:55:55,2017-11-07,4,Tue
152257,2,1,9,219,2017-11-07 2:28:54,0,11/7/2017 2:28:54,2017-11-07,2,Tue
30880,2,1,9,477,2017-11-08 6:42:55,0,11/8/2017 6:42:55,2017-11-08,6,Wed
16955,21,1,6,128,2017-11-07 11:03:42,0,11/7/2017 11:03:42,2017-11-07,11,Tue
39328,150,1,22,110,2017-11-08 6:48:21,0,11/8/2017 6:48:21,2017-11-08,6,Wed
203736,15,1,19,140,2017-11-09 12:03:55,0,11/9/2017 12:03:55,2017-11-09,12,Thu
110386,2,1,19,469,2017-11-07 0:02:23,0,11/7/2017 0:02:23,2017-11-07,0,Tue
114314,3,1,1,211,2017-11-08 2:53:40,0,11/8/2017 2:53:40,2017-11-08,2,Wed
47902,3,1,13,173,2017-11-09 6:51:10,0,11/9/2017 6:51:10,2017-11-09,6,Thu
92872,9,1,13,232,2017-11-09 14:46:32,0,11/9/2017 14:46:32,2017-11-09,14,Thu
44361,11,1,19,173,2017-11-07 4:14:35,0,11/7/2017 4:14:35,2017-11-07,4,Tue
98581,6,1,13,459,2017-11-08 4:09:07,0,11/8/2017 4:09:07,2017-11-08,4,Wed
40259,13,1,19,477,2017-11-09 15:42:11,0,11/9/2017 15:42:11,2017-11-09,15,Thu
144421,3,1,22,280,2017-11-08 4:12:54,0,11/8/2017 4:12:54,2017-11-08,4,Wed
18821,14,1,13,439,2017-11-09 11:13:28,0,11/9/2017 11:13:28,2017-11-09,11,Thu
189032,13,1,16,477,2017-11-09 4:21:25,0,11/9/2017 4:21:25,2017-11-09,4,Thu
66356,3,1,13,211,2017-11-08 16:32:00,0,11/8/2017 16:32:00,2017-11-08,16,Wed
17149,8,1,19,145,2017-11-09 14:35:07,0,11/9/2017 14:35:07,2017-11-09,14,Thu
26908,3,1,6,280,2017-11-06 16:25:44,0,11/6/2017 16:25:44,2017-11-06,16,Mon
94093,12,1,53,265,2017-11-07 4:00:57,0,11/7/2017 4:00:57,2017-11-07,4,Tue
118307,8,1,19,145,2017-11-08 3:50:40,0,11/8/2017 3:50:40,2017-11-08,3,Wed
143129,12,1,19,265,2017-11-07 0:49:36,0,11/7/2017 0:49:36,2017-11-07,0,Tue
115634,2,1,15,205,2017-11-07 9:57:48,0,11/7/2017 9:57:48,2017-11-07,9,Tue
105560,1,1,19,452,2017-11-07 3:12:19,0,11/7/2017 3:12:19,2017-11-07,3,Tue
142483,62,1,19,21,2017-11-08 7:23:57,0,11/8/2017 7:23:57,2017-11-08,7,Wed
201256,9,1,3,442,2017-11-07 3:49:45,0,11/7/2017 3:49:45,2017-11-07,3,Tue
117373,2,1,19,219,2017-11-09 8:07:42,0,11/9/2017 8:07:42,2017-11-09,8,Thu
265228,2,1,1,477,2017-11-08 12:47:01,0,11/8/2017 12:47:01,2017-11-08,12,Wed
77050,12,1,13,245,2017-11-07 9:52:05,0,11/7/2017 9:52:05,2017-11-07,9,Tue
164253,35,1,19,21,2017-11-08 9:49:59,1,11/8/2017 9:49:59,2017-11-08,9,Wed
125842,11,1,18,487,2017-11-08 3:59:07,0,11/8/2017 3:59:07,2017-11-08,3,Wed
139555,18,1,19,121,2017-11-09 7:13:13,0,11/9/2017 7:13:13,2017-11-09,7,Thu
57519,3,1,8,480,2017-11-09 7:49:41,0,11/9/2017 7:49:41,2017-11-09,7,Thu
5812,3,1,17,466,2017-11-06 23:29:10,0,11/6/2017 23:29:10,2017-11-06,23,Mon
29695,3,1,27,280,2017-11-08 10:26:16,0,11/8/2017 10:26:16,2017-11-08,10,Wed
193978,18,1,13,107,2017-11-09 1:19:20,0,11/9/2017 1:19:20,2017-11-09,1,Thu
137716,21,1,19,128,2017-11-07 15:35:08,0,11/7/2017 15:35:08,2017-11-07,15,Tue
3339,3,1,9,137,2017-11-09 7:10:12,0,11/9/2017 7:10:12,2017-11-09,7,Thu
49006,3,1,8,280,2017-11-09 0:27:05,0,11/9/2017 0:27:05,2017-11-09,0,Thu
190731,2,1,10,219,2017-11-07 15:36:50,0,11/7/2017 15:36:50,2017-11-07,15,Tue
28011,9,1,19,466,2017-11-08 15:03:22,0,11/8/2017 15:03:22,2017-11-08,15,Wed
105560,19,0,24,213,2017-11-08 13:18:00,0,11/8/2017 13:18:00,2017-11-08,13,Wed
46482,20,2,19,259,2017-11-07 18:00:17,0,11/7/2017 18:00:17,2017-11-07,18,Tue
111330,27,1,13,122,2017-11-08 23:36:26,0,11/8/2017 23:36:26,2017-11-08,23,Wed
74062,9,1,19,445,2017-11-09 12:55:30,0,11/9/2017 12:55:30,2017-11-09,12,Thu
80228,9,1,6,334,2017-11-07 12:09:39,0,11/7/2017 12:09:39,2017-11-07,12,Tue
65028,14,1,19,379,2017-11-08 22:42:44,0,11/8/2017 22:42:44,2017-11-08,22,Wed
125222,8,1,9,145,2017-11-08 0:55:30,0,11/8/2017 0:55:30,2017-11-08,0,Wed
97067,14,1,13,467,2017-11-09 6:17:28,0,11/9/2017 6:17:28,2017-11-09,6,Thu
117559,18,1,18,107,2017-11-07 0:01:40,0,11/7/2017 0:01:40,2017-11-07,0,Tue
89113,15,1,25,130,2017-11-09 7:00:26,0,11/9/2017 7:00:26,2017-11-09,7,Thu
120202,18,1,35,107,2017-11-07 8:22:22,0,11/7/2017 8:22:22,2017-11-07,8,Tue
95509,1,1,9,153,2017-11-08 9:45:57,0,11/8/2017 9:45:57,2017-11-08,9,Wed
66232,23,1,25,153,2017-11-07 11:42:02,0,11/7/2017 11:42:02,2017-11-07,11,Tue
23260,15,1,37,386,2017-11-09 13:02:25,0,11/9/2017 13:02:25,2017-11-09,13,Thu
61715,9,1,13,334,2017-11-09 15:37:16,0,11/9/2017 15:37:16,2017-11-09,15,Thu
204885,10,1,28,317,2017-11-07 4:57:32,0,11/7/2017 4:57:32,2017-11-07,4,Tue
106493,7,1,15,101,2017-11-09 6:34:41,0,11/9/2017 6:34:41,2017-11-09,6,Thu
73516,28,1,13,135,2017-11-08 4:17:09,0,11/8/2017 4:17:09,2017-11-08,4,Wed
4214,18,1,13,107,2017-11-08 8:35:08,0,11/8/2017 8:35:08,2017-11-08,8,Wed
83429,9,1,17,442,2017-11-09 9:49:52,0,11/9/2017 9:49:52,2017-11-09,9,Thu
50430,21,1,19,128,2017-11-08 0:06:20,0,11/8/2017 0:06:20,2017-11-08,0,Wed
5314,8,2,9,145,2017-11-09 4:28:40,0,11/9/2017 4:28:40,2017-11-09,4,Thu
100212,12,1,13,212,2017-11-08 0:42:53,0,11/8/2017 0:42:53,2017-11-08,0,Wed
212126,15,1,3,412,2017-11-09 5:38:11,0,11/9/2017 5:38:11,2017-11-09,5,Thu
50411,14,1,40,463,2017-11-08 15:51:12,0,11/8/2017 15:51:12,2017-11-08,15,Wed
74777,28,1,19,135,2017-11-07 14:30:19,0,11/7/2017 14:30:19,2017-11-07,14,Tue
3994,3,1,53,173,2017-11-09 15:13:00,0,11/9/2017 15:13:00,2017-11-09,15,Thu
119222,1,1,22,125,2017-11-08 1:44:18,0,11/8/2017 1:44:18,2017-11-08,1,Wed
25553,9,1,22,215,2017-11-06 16:02:34,0,11/6/2017 16:02:34,2017-11-06,16,Mon
118440,2,1,13,477,2017-11-07 18:21:34,0,11/7/2017 18:21:34,2017-11-07,18,Tue
5314,9,1,13,442,2017-11-07 10:05:18,0,11/7/2017 10:05:18,2017-11-07,10,Tue
21990,315,1,19,110,2017-11-07 7:30:18,0,11/7/2017 7:30:18,2017-11-07,7,Tue
42773,2,1,13,377,2017-11-07 15:33:49,0,11/7/2017 15:33:49,2017-11-07,15,Tue
47235,9,1,22,107,2017-11-09 12:28:27,0,11/9/2017 12:28:27,2017-11-09,12,Thu
26108,12,2,19,259,2017-11-09 7:00:13,0,11/9/2017 7:00:13,2017-11-09,7,Thu
68822,3,1,19,115,2017-11-08 2:31:48,0,11/8/2017 2:31:48,2017-11-08,2,Wed
20266,14,1,13,446,2017-11-09 14:23:49,0,11/9/2017 14:23:49,2017-11-09,14,Thu
9362,12,1,19,497,2017-11-09 13:12:07,0,11/9/2017 13:12:07,2017-11-09,13,Thu
37434,2,1,1,122,2017-11-07 22:57:06,0,11/7/2017 22:57:06,2017-11-07,22,Tue
94971,2,1,22,435,2017-11-09 0:31:10,0,11/9/2017 0:31:10,2017-11-09,0,Thu
182248,1,1,13,134,2017-11-07 23:40:33,0,11/7/2017 23:40:33,2017-11-07,23,Tue
125736,24,1,19,105,2017-11-09 8:33:11,0,11/9/2017 8:33:11,2017-11-09,8,Thu
96801,12,1,13,424,2017-11-07 2:58:51,0,11/7/2017 2:58:51,2017-11-07,2,Tue
8506,11,1,10,325,2017-11-08 8:03:30,0,11/8/2017 8:03:30,2017-11-08,8,Wed
67776,18,1,18,439,2017-11-07 4:33:08,0,11/7/2017 4:33:08,2017-11-07,4,Tue
111219,12,1,19,328,2017-11-09 11:24:01,0,11/9/2017 11:24:01,2017-11-09,11,Thu
32457,18,1,22,107,2017-11-09 2:02:39,0,11/9/2017 2:02:39,2017-11-09,2,Thu
78353,12,1,13,265,2017-11-09 1:01:19,0,11/9/2017 1:01:19,2017-11-09,1,Thu
85138,1,1,19,377,2017-11-08 6:40:17,0,11/8/2017 6:40:17,2017-11-08,6,Wed
142361,12,1,13,328,2017-11-07 6:12:03,0,11/7/2017 6:12:03,2017-11-07,6,Tue
121557,3,1,1,137,2017-11-08 9:26:44,0,11/8/2017 9:26:44,2017-11-08,9,Wed
45121,12,1,19,328,2017-11-09 5:20:59,0,11/9/2017 5:20:59,2017-11-09,5,Thu
53436,18,1,13,107,2017-11-08 2:47:16,0,11/8/2017 2:47:16,2017-11-08,2,Wed
105414,12,1,13,205,2017-11-09 5:31:35,0,11/9/2017 5:31:35,2017-11-09,5,Thu
40077,3,2,8,115,2017-11-09 1:26:59,0,11/9/2017 1:26:59,2017-11-09,1,Thu
5250,9,1,19,334,2017-11-09 10:44:24,0,11/9/2017 10:44:24,2017-11-09,10,Thu
18445,18,1,18,107,2017-11-08 17:37:03,0,11/8/2017 17:37:03,2017-11-08,17,Wed
101250,1,2,36,153,2017-11-07 5:07:44,0,11/7/2017 5:07:44,2017-11-07,5,Tue
15643,14,1,17,463,2017-11-07 3:11:31,0,11/7/2017 3:11:31,2017-11-07,3,Tue
95820,18,1,19,107,2017-11-07 13:15:16,0,11/7/2017 13:15:16,2017-11-07,13,Tue
23183,15,1,19,111,2017-11-08 2:57:09,0,11/8/2017 2:57:09,2017-11-08,2,Wed
75203,12,1,17,424,2017-11-07 14:17:55,0,11/7/2017 14:17:55,2017-11-07,14,Tue
177728,3,1,12,480,2017-11-09 0:28:35,0,11/9/2017 0:28:35,2017-11-09,0,Thu
201182,12,1,10,328,2017-11-08 18:31:24,0,11/8/2017 18:31:24,2017-11-08,18,Wed
9832,3,1,19,442,2017-11-06 22:27:59,0,11/6/2017 22:27:59,2017-11-06,22,Mon
44494,12,2,19,326,2017-11-08 5:56:39,0,11/8/2017 5:56:39,2017-11-08,5,Wed
40639,26,1,10,121,2017-11-08 16:06:07,0,11/8/2017 16:06:07,2017-11-08,16,Wed
280992,21,2,79,128,2017-11-09 11:47:11,0,11/9/2017 11:47:11,2017-11-09,11,Thu
75799,12,1,19,259,2017-11-07 11:02:47,0,11/7/2017 11:02:47,2017-11-07,11,Tue
22037,7,1,19,101,2017-11-07 8:59:26,0,11/7/2017 8:59:26,2017-11-07,8,Tue
125222,12,1,10,409,2017-11-07 14:34:56,0,11/7/2017 14:34:56,2017-11-07,14,Tue
48646,24,1,17,105,2017-11-07 14:29:34,0,11/7/2017 14:29:34,2017-11-07,14,Tue
15474,9,1,27,334,2017-11-08 12:05:46,0,11/8/2017 12:05:46,2017-11-08,12,Wed
23723,15,1,13,265,2017-11-07 6:04:58,0,11/7/2017 6:04:58,2017-11-07,6,Tue
3102,13,1,13,477,2017-11-08 0:14:43,0,11/8/2017 0:14:43,2017-11-08,0,Wed
10760,7,1,48,101,2017-11-07 10:41:55,0,11/7/2017 10:41:55,2017-11-07,10,Tue
105447,9,1,13,234,2017-11-06 19:40:52,0,11/6/2017 19:40:52,2017-11-06,19,Mon
123350,15,1,19,245,2017-11-07 4:41:54,0,11/7/2017 4:41:54,2017-11-07,4,Tue
72900,2,1,19,212,2017-11-07 12:17:44,0,11/7/2017 12:17:44,2017-11-07,12,Tue
64014,15,1,12,153,2017-11-07 8:23:59,0,11/7/2017 8:23:59,2017-11-07,8,Tue
107954,2,1,19,477,2017-11-08 15:27:51,0,11/8/2017 15:27:51,2017-11-08,15,Wed
83616,12,1,3,178,2017-11-09 7:01:11,0,11/9/2017 7:01:11,2017-11-09,7,Thu
77399,9,1,23,232,2017-11-08 12:30:41,0,11/8/2017 12:30:41,2017-11-08,12,Wed
344865,3,2,13,280,2017-11-09 1:51:56,0,11/9/2017 1:51:56,2017-11-09,1,Thu
57528,3,1,15,137,2017-11-09 13:21:12,0,11/9/2017 13:21:12,2017-11-09,13,Thu
6351,18,1,13,107,2017-11-07 9:31:04,0,11/7/2017 9:31:04,2017-11-07,9,Tue
108202,9,1,866,232,2017-11-09 10:01:31,0,11/9/2017 10:01:31,2017-11-09,10,Thu
308779,23,1,19,153,2017-11-09 12:57:38,0,11/9/2017 12:57:38,2017-11-09,12,Thu
345196,2,1,6,477,2017-11-09 14:45:37,0,11/9/2017 14:45:37,2017-11-09,14,Thu
94214,15,1,25,245,2017-11-09 1:07:46,0,11/9/2017 1:07:46,2017-11-09,1,Thu
77582,3,1,30,489,2017-11-09 0:34:39,0,11/9/2017 0:34:39,2017-11-09,0,Thu
195925,3,2,9,115,2017-11-07 12:51:10,0,11/7/2017 12:51:10,2017-11-07,12,Tue
83883,3,1,28,280,2017-11-09 7:11:26,0,11/9/2017 7:11:26,2017-11-09,7,Thu
218264,3,1,13,280,2017-11-08 3:11:20,0,11/8/2017 3:11:20,2017-11-08,3,Wed
63246,2,1,18,122,2017-11-08 1:01:00,0,11/8/2017 1:01:00,2017-11-08,1,Wed
3432,14,1,19,442,2017-11-09 3:33:09,0,11/9/2017 3:33:09,2017-11-09,3,Thu
264331,3,1,19,409,2017-11-09 10:35:37,0,11/9/2017 10:35:37,2017-11-09,10,Thu
142197,18,1,17,107,2017-11-07 1:39:35,0,11/7/2017 1:39:35,2017-11-07,1,Tue
108913,15,1,13,278,2017-11-07 14:37:37,0,11/7/2017 14:37:37,2017-11-07,14,Tue
145963,18,1,17,107,2017-11-07 19:25:12,0,11/7/2017 19:25:12,2017-11-07,19,Tue
36213,15,1,18,3,2017-11-07 10:25:12,0,11/7/2017 10:25:12,2017-11-07,10,Tue
29315,3,1,19,280,2017-11-08 11:30:47,0,11/8/2017 11:30:47,2017-11-08,11,Wed
73724,3,1,18,173,2017-11-08 11:32:35,0,11/8/2017 11:32:35,2017-11-08,11,Wed
69925,3,1,17,424,2017-11-07 10:53:02,0,11/7/2017 10:53:02,2017-11-07,10,Tue
11083,3,1,13,173,2017-11-07 17:59:44,0,11/7/2017 17:59:44,2017-11-07,17,Tue
121352,14,1,20,134,2017-11-09 6:33:57,0,11/9/2017 6:33:57,2017-11-09,6,Thu
154541,3,1,13,489,2017-11-09 12:55:39,0,11/9/2017 12:55:39,2017-11-09,12,Thu
204509,15,1,19,111,2017-11-09 6:26:25,0,11/9/2017 6:26:25,2017-11-09,6,Thu
59540,3,1,19,280,2017-11-08 10:29:59,0,11/8/2017 10:29:59,2017-11-08,10,Wed
60473,9,1,10,134,2017-11-09 10:19:29,0,11/9/2017 10:19:29,2017-11-09,10,Thu
34772,9,1,9,334,2017-11-06 18:00:45,0,11/6/2017 18:00:45,2017-11-06,18,Mon
96015,11,1,13,122,2017-11-07 10:15:59,0,11/7/2017 10:15:59,2017-11-07,10,Tue
99150,8,1,13,145,2017-11-08 5:15:15,0,11/8/2017 5:15:15,2017-11-08,5,Wed
126129,18,1,30,439,2017-11-07 4:33:11,0,11/7/2017 4:33:11,2017-11-07,4,Tue
1365,9,1,8,134,2017-11-07 2:36:48,0,11/7/2017 2:36:48,2017-11-07,2,Tue
50657,3,1,8,211,2017-11-08 23:38:02,0,11/8/2017 23:38:02,2017-11-08,23,Wed
6360,12,1,28,326,2017-11-07 15:07:37,0,11/7/2017 15:07:37,2017-11-07,15,Tue
121472,14,1,28,401,2017-11-08 20:52:05,0,11/8/2017 20:52:05,2017-11-08,20,Wed
168010,1,1,17,134,2017-11-08 6:31:15,0,11/8/2017 6:31:15,2017-11-08,6,Wed
137151,9,1,20,466,2017-11-08 9:44:36,0,11/8/2017 9:44:36,2017-11-08,9,Wed
63305,9,1,19,215,2017-11-09 15:03:03,0,11/9/2017 15:03:03,2017-11-09,15,Thu
65913,3,1,19,280,2017-11-09 4:01:50,0,11/9/2017 4:01:50,2017-11-09,4,Thu
138561,12,1,13,245,2017-11-08 14:08:49,0,11/8/2017 14:08:49,2017-11-08,14,Wed
92583,18,1,10,439,2017-11-07 12:10:16,0,11/7/2017 12:10:16,2017-11-07,12,Tue
87879,1,1,13,135,2017-11-07 14:48:03,0,11/7/2017 14:48:03,2017-11-07,14,Tue
32490,3,1,15,442,2017-11-09 8:43:05,0,11/9/2017 8:43:05,2017-11-09,8,Thu
26990,3,1,17,205,2017-11-07 11:47:55,0,11/7/2017 11:47:55,2017-11-07,11,Tue
100895,9,1,19,215,2017-11-07 3:10:44,0,11/7/2017 3:10:44,2017-11-07,3,Tue
56402,14,1,13,439,2017-11-07 13:43:47,0,11/7/2017 13:43:47,2017-11-07,13,Tue
37417,9,1,10,442,2017-11-07 15:47:20,0,11/7/2017 15:47:20,2017-11-07,15,Tue
313518,28,1,19,135,2017-11-09 10:58:29,0,11/9/2017 10:58:29,2017-11-09,10,Thu
58472,12,2,19,245,2017-11-09 4:39:16,0,11/9/2017 4:39:16,2017-11-09,4,Thu
64615,11,1,19,487,2017-11-07 1:06:27,0,11/7/2017 1:06:27,2017-11-07,1,Tue
74687,8,1,13,145,2017-11-06 22:46:07,0,11/6/2017 22:46:07,2017-11-06,22,Mon
110327,2,1,19,477,2017-11-07 5:08:03,0,11/7/2017 5:08:03,2017-11-07,5,Tue
138561,9,1,19,134,2017-11-07 14:30:19,0,11/7/2017 14:30:19,2017-11-07,14,Tue
183060,2,1,9,364,2017-11-09 15:34:59,0,11/9/2017 15:34:59,2017-11-09,15,Thu
196165,11,1,19,481,2017-11-07 9:24:02,0,11/7/2017 9:24:02,2017-11-07,9,Tue
42035,47,1,19,484,2017-11-09 13:12:20,0,11/9/2017 13:12:20,2017-11-09,13,Thu
199976,3,1,13,452,2017-11-09 0:20:28,0,11/9/2017 0:20:28,2017-11-09,0,Thu
52881,9,1,19,258,2017-11-09 4:35:56,0,11/9/2017 4:35:56,2017-11-09,4,Thu
88856,3,1,13,280,2017-11-07 1:36:40,0,11/7/2017 1:36:40,2017-11-07,1,Tue
224571,12,1,3,328,2017-11-09 13:55:48,0,11/9/2017 13:55:48,2017-11-09,13,Thu
33503,26,1,19,477,2017-11-08 21:09:06,0,11/8/2017 21:09:06,2017-11-08,21,Wed
11286,26,1,13,266,2017-11-07 4:07:52,0,11/7/2017 4:07:52,2017-11-07,4,Tue
93155,3,1,10,280,2017-11-07 4:55:20,0,11/7/2017 4:55:20,2017-11-07,4,Tue
94245,23,1,41,153,2017-11-09 2:24:22,0,11/9/2017 2:24:22,2017-11-09,2,Thu
188121,32,1,19,376,2017-11-08 14:00:42,0,11/8/2017 14:00:42,2017-11-08,14,Wed
12788,3,1,19,280,2017-11-08 6:35:21,0,11/8/2017 6:35:21,2017-11-08,6,Wed
118190,15,1,70,245,2017-11-08 14:54:25,0,11/8/2017 14:54:25,2017-11-08,14,Wed
154542,6,1,14,459,2017-11-08 18:00:19,0,11/8/2017 18:00:19,2017-11-08,18,Wed
84612,2,1,17,237,2017-11-09 8:12:08,0,11/9/2017 8:12:08,2017-11-09,8,Thu
70770,23,1,17,153,2017-11-08 5:19:41,0,11/8/2017 5:19:41,2017-11-08,5,Wed
102025,9,1,10,466,2017-11-07 8:12:01,0,11/7/2017 8:12:01,2017-11-07,8,Tue
4102,9,1,3,334,2017-11-09 11:33:26,0,11/9/2017 11:33:26,2017-11-09,11,Thu
7808,14,1,3,439,2017-11-08 19:41:34,0,11/8/2017 19:41:34,2017-11-08,19,Wed
72166,12,1,20,259,2017-11-08 5:10:31,0,11/8/2017 5:10:31,2017-11-08,5,Wed
41112,2,1,13,219,2017-11-08 2:58:16,0,11/8/2017 2:58:16,2017-11-08,2,Wed
118229,23,1,58,153,2017-11-09 6:43:24,0,11/9/2017 6:43:24,2017-11-09,6,Thu
5448,1,1,13,178,2017-11-07 10:43:02,0,11/7/2017 10:43:02,2017-11-07,10,Tue
55003,18,1,1,134,2017-11-07 16:01:33,0,11/7/2017 16:01:33,2017-11-07,16,Tue
169912,2,1,13,122,2017-11-07 11:00:49,0,11/7/2017 11:00:49,2017-11-07,11,Tue
5348,2,1,13,236,2017-11-09 3:59:26,0,11/9/2017 3:59:26,2017-11-09,3,Thu
77277,20,1,13,478,2017-11-07 14:14:04,0,11/7/2017 14:14:04,2017-11-07,14,Tue
73516,15,1,35,315,2017-11-07 10:21:40,0,11/7/2017 10:21:40,2017-11-07,10,Tue
1334,14,1,13,442,2017-11-07 4:05:19,0,11/7/2017 4:05:19,2017-11-07,4,Tue
96177,26,1,19,266,2017-11-07 6:45:35,0,11/7/2017 6:45:35,2017-11-07,6,Tue
22266,12,1,16,265,2017-11-07 8:37:22,0,11/7/2017 8:37:22,2017-11-07,8,Tue
207753,3,1,8,280,2017-11-08 15:06:06,0,11/8/2017 15:06:06,2017-11-08,15,Wed
101941,11,2,35,137,2017-11-08 12:56:04,0,11/8/2017 12:56:04,2017-11-08,12,Wed
77572,15,1,15,140,2017-11-07 20:40:51,0,11/7/2017 20:40:51,2017-11-07,20,Tue
119473,15,1,11,245,2017-11-07 13:11:05,0,11/7/2017 13:11:05,2017-11-07,13,Tue
124146,2,1,18,435,2017-11-07 17:20:30,0,11/7/2017 17:20:30,2017-11-07,17,Tue
66596,18,1,13,121,2017-11-07 10:09:57,0,11/7/2017 10:09:57,2017-11-07,10,Tue
81983,3,1,19,280,2017-11-07 5:20:03,0,11/7/2017 5:20:03,2017-11-07,5,Tue
63979,26,1,19,477,2017-11-09 7:17:36,0,11/9/2017 7:17:36,2017-11-09,7,Thu
247965,3,1,13,19,2017-11-08 14:56:04,0,11/8/2017 14:56:04,2017-11-08,14,Wed
88217,17,1,15,280,2017-11-07 12:27:55,0,11/7/2017 12:27:55,2017-11-07,12,Tue
182500,64,1,15,459,2017-11-07 9:06:59,0,11/7/2017 9:06:59,2017-11-07,9,Tue
117383,3,1,3,280,2017-11-08 15:38:53,0,11/8/2017 15:38:53,2017-11-08,15,Wed
59395,64,1,17,459,2017-11-08 8:24:57,0,11/8/2017 8:24:57,2017-11-08,8,Wed
343992,12,1,41,265,2017-11-09 10:08:01,0,11/9/2017 10:08:01,2017-11-09,10,Thu
5314,27,1,27,153,2017-11-09 11:15:38,0,11/9/2017 11:15:38,2017-11-09,11,Thu
38719,15,1,31,245,2017-11-07 4:11:13,0,11/7/2017 4:11:13,2017-11-07,4,Tue
67712,18,1,13,107,2017-11-08 8:14:14,0,11/8/2017 8:14:14,2017-11-08,8,Wed
201182,25,1,19,259,2017-11-07 16:45:26,0,11/7/2017 16:45:26,2017-11-07,16,Tue
191163,18,1,22,107,2017-11-07 4:20:10,0,11/7/2017 4:20:10,2017-11-07,4,Tue
185010,12,1,37,265,2017-11-07 14:29:46,0,11/7/2017 14:29:46,2017-11-07,14,Tue
22804,2,1,17,469,2017-11-07 13:22:28,0,11/7/2017 13:22:28,2017-11-07,13,Tue
121909,15,1,19,315,2017-11-07 12:08:11,0,11/7/2017 12:08:11,2017-11-07,12,Tue
48240,2,1,19,237,2017-11-09 14:54:11,0,11/9/2017 14:54:11,2017-11-09,14,Thu
98505,15,1,35,245,2017-11-08 16:36:58,0,11/8/2017 16:36:58,2017-11-08,16,Wed
137968,9,1,13,334,2017-11-09 6:56:36,0,11/9/2017 6:56:36,2017-11-09,6,Thu
39802,15,2,25,3,2017-11-09 11:10:16,0,11/9/2017 11:10:16,2017-11-09,11,Thu
71810,18,1,19,439,2017-11-07 9:48:26,0,11/7/2017 9:48:26,2017-11-07,9,Tue
26218,13,1,13,469,2017-11-07 10:20:12,0,11/7/2017 10:20:12,2017-11-07,10,Tue
84543,1,1,22,134,2017-11-09 0:16:38,0,11/9/2017 0:16:38,2017-11-09,0,Thu
96592,2,1,32,122,2017-11-09 1:59:31,0,11/9/2017 1:59:31,2017-11-09,1,Thu
185936,21,1,19,128,2017-11-07 4:09:06,0,11/7/2017 4:09:06,2017-11-07,4,Tue
4100,3,1,17,137,2017-11-07 9:54:07,0,11/7/2017 9:54:07,2017-11-07,9,Tue
3994,1,1,19,134,2017-11-08 6:55:24,0,11/8/2017 6:55:24,2017-11-08,6,Wed
98102,9,1,35,442,2017-11-09 9:09:07,0,11/9/2017 9:09:07,2017-11-09,9,Thu
41786,15,1,25,265,2017-11-08 18:46:36,0,11/8/2017 18:46:36,2017-11-08,18,Wed
104395,1,1,22,115,2017-11-08 0:01:24,0,11/8/2017 0:01:24,2017-11-08,0,Wed
46701,2,1,20,219,2017-11-07 16:03:38,0,11/7/2017 16:03:38,2017-11-07,16,Tue
210083,14,2,9,123,2017-11-07 10:39:08,0,11/7/2017 10:39:08,2017-11-07,10,Tue
66918,15,1,19,245,2017-11-08 16:05:10,0,11/8/2017 16:05:10,2017-11-08,16,Wed
216027,6,1,19,459,2017-11-08 7:53:44,0,11/8/2017 7:53:44,2017-11-08,7,Wed
5853,13,1,53,477,2017-11-08 1:34:05,0,11/8/2017 1:34:05,2017-11-08,1,Wed
28010,3,1,13,442,2017-11-09 1:30:06,0,11/9/2017 1:30:06,2017-11-09,1,Thu
201084,9,1,19,334,2017-11-08 3:25:58,0,11/8/2017 3:25:58,2017-11-08,3,Wed
344509,12,1,14,178,2017-11-08 16:07:15,0,11/8/2017 16:07:15,2017-11-08,16,Wed
291006,3,1,32,19,2017-11-08 22:49:24,0,11/8/2017 22:49:24,2017-11-08,22,Wed
102962,3,1,20,409,2017-11-08 7:07:33,0,11/8/2017 7:07:33,2017-11-08,7,Wed
26934,3,1,13,19,2017-11-08 7:24:12,0,11/8/2017 7:24:12,2017-11-08,7,Wed
78672,25,1,13,259,2017-11-09 13:38:43,0,11/9/2017 13:38:43,2017-11-09,13,Thu
51887,1,1,15,134,2017-11-07 16:14:49,0,11/7/2017 16:14:49,2017-11-07,16,Tue
118512,2,1,13,237,2017-11-07 12:01:53,0,11/7/2017 12:01:53,2017-11-07,12,Tue
48679,21,1,19,128,2017-11-09 6:56:53,0,11/9/2017 6:56:53,2017-11-09,6,Thu
191961,18,1,19,134,2017-11-08 23:03:10,0,11/8/2017 23:03:10,2017-11-08,23,Wed
124459,15,1,13,480,2017-11-08 2:03:30,0,11/8/2017 2:03:30,2017-11-08,2,Wed
108481,8,1,15,145,2017-11-06 16:04:54,0,11/6/2017 16:04:54,2017-11-06,16,Mon
98912,9,1,37,244,2017-11-09 3:06:56,0,11/9/2017 3:06:56,2017-11-09,3,Thu
4680,14,1,19,379,2017-11-08 6:56:02,0,11/8/2017 6:56:02,2017-11-08,6,Wed
783,11,1,6,319,2017-11-09 10:31:45,0,11/9/2017 10:31:45,2017-11-09,10,Thu
200168,12,2,19,145,2017-11-06 18:10:56,0,11/6/2017 18:10:56,2017-11-06,18,Mon
95181,18,1,47,107,2017-11-07 8:36:45,0,11/7/2017 8:36:45,2017-11-07,8,Tue
71128,18,1,14,107,2017-11-08 16:21:25,0,11/8/2017 16:21:25,2017-11-08,16,Wed
81980,8,1,27,145,2017-11-09 5:07:09,0,11/9/2017 5:07:09,2017-11-09,5,Thu
359632,2,1,6,477,2017-11-08 19:25:36,0,11/8/2017 19:25:36,2017-11-08,19,Wed
77361,23,1,20,153,2017-11-08 4:58:45,0,11/8/2017 4:58:45,2017-11-08,4,Wed
340563,3,1,13,205,2017-11-09 8:58:38,0,11/9/2017 8:58:38,2017-11-09,8,Thu
102394,18,1,10,121,2017-11-06 23:32:12,0,11/6/2017 23:32:12,2017-11-06,23,Mon
89458,7,1,19,101,2017-11-09 7:19:38,0,11/9/2017 7:19:38,2017-11-09,7,Thu
29252,2,1,18,219,2017-11-07 5:39:53,0,11/7/2017 5:39:53,2017-11-07,5,Tue
86926,11,1,13,173,2017-11-09 7:34:33,0,11/9/2017 7:34:33,2017-11-09,7,Thu
7938,1,2,19,134,2017-11-08 11:59:35,0,11/8/2017 11:59:35,2017-11-08,11,Wed
95766,18,1,13,107,2017-11-07 7:19:33,0,11/7/2017 7:19:33,2017-11-07,7,Tue
26184,9,1,19,258,2017-11-09 2:00:12,0,11/9/2017 2:00:12,2017-11-09,2,Thu
100654,12,1,17,409,2017-11-08 15:26:27,0,11/8/2017 15:26:27,2017-11-08,15,Wed
232000,1,1,19,125,2017-11-08 11:28:26,0,11/8/2017 11:28:26,2017-11-08,11,Wed
49602,8,1,13,140,2017-11-08 11:28:03,0,11/8/2017 11:28:03,2017-11-08,11,Wed
53085,18,1,18,107,2017-11-07 14:17:43,0,11/7/2017 14:17:43,2017-11-07,14,Tue
892,18,1,15,107,2017-11-08 13:18:12,0,11/8/2017 13:18:12,2017-11-08,13,Wed
21046,14,1,32,401,2017-11-07 22:28:57,0,11/7/2017 22:28:57,2017-11-07,22,Tue
179199,2,1,47,469,2017-11-08 6:35:53,0,11/8/2017 6:35:53,2017-11-08,6,Wed
97712,3,1,13,280,2017-11-07 7:21:05,0,11/7/2017 7:21:05,2017-11-07,7,Tue
6262,13,1,16,449,2017-11-08 2:12:15,0,11/8/2017 2:12:15,2017-11-08,2,Wed
27229,15,1,13,430,2017-11-06 23:38:53,0,11/6/2017 23:38:53,2017-11-06,23,Mon
360112,3,1,6,135,2017-11-09 3:12:47,0,11/9/2017 3:12:47,2017-11-09,3,Thu
130996,2,1,13,477,2017-11-09 15:00:36,0,11/9/2017 15:00:36,2017-11-09,15,Thu
105560,12,1,53,242,2017-11-09 1:39:33,0,11/9/2017 1:39:33,2017-11-09,1,Thu
202693,24,1,10,105,2017-11-09 15:08:22,0,11/9/2017 15:08:22,2017-11-09,15,Thu
143708,10,1,32,317,2017-11-08 3:12:20,0,11/8/2017 3:12:20,2017-11-08,3,Wed
44256,13,1,17,477,2017-11-07 9:11:32,0,11/7/2017 9:11:32,2017-11-07,9,Tue
27038,10,1,15,377,2017-11-08 4:08:21,0,11/8/2017 4:08:21,2017-11-08,4,Wed
11221,12,1,10,265,2017-11-08 6:45:05,0,11/8/2017 6:45:05,2017-11-08,6,Wed
43793,1,1,12,17,2017-11-08 14:52:48,0,11/8/2017 14:52:48,2017-11-08,14,Wed
149129,12,2,13,178,2017-11-07 12:31:25,0,11/7/2017 12:31:25,2017-11-07,12,Tue
73174,14,1,13,439,2017-11-09 5:06:23,0,11/9/2017 5:06:23,2017-11-09,5,Thu
13126,3,1,13,480,2017-11-08 17:09:58,0,11/8/2017 17:09:58,2017-11-08,17,Wed
25152,18,1,19,107,2017-11-09 15:45:13,0,11/9/2017 15:45:13,2017-11-09,15,Thu
211594,3,1,41,424,2017-11-08 9:47:38,0,11/8/2017 9:47:38,2017-11-08,9,Wed
45745,13,1,19,477,2017-11-07 14:00:03,0,11/7/2017 14:00:03,2017-11-07,14,Tue
106511,1,1,19,153,2017-11-08 13:00:19,0,11/8/2017 13:00:19,2017-11-08,13,Wed
98261,3,1,19,280,2017-11-09 4:57:14,0,11/9/2017 4:57:14,2017-11-09,4,Thu
6681,15,1,13,3,2017-11-08 10:47:34,0,11/8/2017 10:47:34,2017-11-08,10,Wed
77277,2,1,16,219,2017-11-09 1:52:42,0,11/9/2017 1:52:42,2017-11-09,1,Thu
82039,3,1,41,115,2017-11-07 13:17:36,0,11/7/2017 13:17:36,2017-11-07,13,Tue
4930,3,1,11,442,2017-11-07 14:08:39,0,11/7/2017 14:08:39,2017-11-07,14,Tue
89405,13,1,20,469,2017-11-08 11:46:59,0,11/8/2017 11:46:59,2017-11-08,11,Wed
72460,13,1,2,477,2017-11-06 17:06:26,0,11/6/2017 17:06:26,2017-11-06,17,Mon
29226,9,1,19,134,2017-11-06 16:18:06,0,11/6/2017 16:18:06,2017-11-06,16,Mon
38959,72,1,18,101,2017-11-08 11:24:52,1,11/8/2017 11:24:52,2017-11-08,11,Wed
7318,12,1,9,259,2017-11-09 10:25:47,0,11/9/2017 10:25:47,2017-11-09,10,Thu
85050,3,1,13,379,2017-11-07 11:08:34,0,11/7/2017 11:08:34,2017-11-07,11,Tue
53795,12,1,6,245,2017-11-08 15:14:58,0,11/8/2017 15:14:58,2017-11-08,15,Wed
44670,18,1,19,376,2017-11-09 9:23:26,0,11/9/2017 9:23:26,2017-11-09,9,Thu
16281,3,1,13,137,2017-11-06 17:07:02,0,11/6/2017 17:07:02,2017-11-06,17,Mon
34366,14,1,19,401,2017-11-07 11:04:14,0,11/7/2017 11:04:14,2017-11-07,11,Tue
145747,10,1,10,317,2017-11-08 15:26:17,0,11/8/2017 15:26:17,2017-11-08,15,Wed
35799,12,2,9,145,2017-11-07 17:11:44,0,11/7/2017 17:11:44,2017-11-07,17,Tue
308950,14,1,8,113,2017-11-09 12:58:55,0,11/9/2017 12:58:55,2017-11-09,12,Thu
54657,2,1,13,477,2017-11-07 4:51:31,0,11/7/2017 4:51:31,2017-11-07,4,Tue
139344,2,1,19,435,2017-11-07 6:53:32,0,11/7/2017 6:53:32,2017-11-07,6,Tue
75750,12,1,19,265,2017-11-09 9:11:38,0,11/9/2017 9:11:38,2017-11-09,9,Thu
107164,12,1,19,424,2017-11-07 11:50:54,0,11/7/2017 11:50:54,2017-11-07,11,Tue
43622,18,1,49,134,2017-11-09 6:50:00,0,11/9/2017 6:50:00,2017-11-09,6,Thu
125423,3,1,19,280,2017-11-09 3:42:51,0,11/9/2017 3:42:51,2017-11-09,3,Thu
346524,2,1,2,477,2017-11-09 12:10:06,0,11/9/2017 12:10:06,2017-11-09,12,Thu
76944,64,1,37,459,2017-11-07 11:12:24,0,11/7/2017 11:12:24,2017-11-07,11,Tue
162959,3,1,17,442,2017-11-07 9:49:58,0,11/7/2017 9:49:58,2017-11-07,9,Tue
245237,12,1,13,245,2017-11-07 16:53:05,0,11/7/2017 16:53:05,2017-11-07,16,Tue
216496,12,1,22,178,2017-11-08 7:19:01,0,11/8/2017 7:19:01,2017-11-08,7,Wed
246966,26,1,19,477,2017-11-08 8:35:08,0,11/8/2017 8:35:08,2017-11-08,8,Wed
20015,14,1,28,489,2017-11-08 10:34:08,0,11/8/2017 10:34:08,2017-11-08,10,Wed
113630,1,1,19,452,2017-11-07 5:04:24,0,11/7/2017 5:04:24,2017-11-07,5,Tue
8259,2,1,19,237,2017-11-09 6:39:43,0,11/9/2017 6:39:43,2017-11-09,6,Thu
154542,3,1,13,280,2017-11-07 6:47:55,0,11/7/2017 6:47:55,2017-11-07,6,Tue
98424,6,1,19,125,2017-11-07 20:47:32,0,11/7/2017 20:47:32,2017-11-07,20,Tue
6516,11,1,8,469,2017-11-09 12:17:27,0,11/9/2017 12:17:27,2017-11-09,12,Thu
27174,23,1,13,153,2017-11-08 6:19:01,0,11/8/2017 6:19:01,2017-11-08,6,Wed
139753,12,1,19,265,2017-11-07 5:00:34,0,11/7/2017 5:00:34,2017-11-07,5,Tue
5348,18,1,12,107,2017-11-09 15:33:15,0,11/9/2017 15:33:15,2017-11-09,15,Thu
26995,12,2,19,178,2017-11-07 2:29:57,0,11/7/2017 2:29:57,2017-11-07,2,Tue
76953,15,1,19,153,2017-11-07 4:25:27,0,11/7/2017 4:25:27,2017-11-07,4,Tue
17899,72,1,13,101,2017-11-09 9:10:42,0,11/9/2017 9:10:42,2017-11-09,9,Thu
86779,15,1,55,111,2017-11-08 14:32:56,0,11/8/2017 14:32:56,2017-11-08,14,Wed
121302,2,1,19,477,2017-11-09 8:03:04,0,11/9/2017 8:03:04,2017-11-09,8,Thu
121091,12,1,22,245,2017-11-08 6:28:22,0,11/8/2017 6:28:22,2017-11-08,6,Wed
185956,13,1,19,477,2017-11-07 10:40:54,0,11/7/2017 10:40:54,2017-11-07,10,Tue
145549,3,1,19,19,2017-11-08 1:11:01,0,11/8/2017 1:11:01,2017-11-08,1,Wed
41447,18,1,34,376,2017-11-07 5:42:50,0,11/7/2017 5:42:50,2017-11-07,5,Tue
109340,1,1,6,153,2017-11-09 15:41:46,0,11/9/2017 15:41:46,2017-11-09,15,Thu
74550,9,1,14,244,2017-11-09 9:08:02,0,11/9/2017 9:08:02,2017-11-09,9,Thu
147957,109,0,59,347,2017-11-07 8:01:11,0,11/7/2017 8:01:11,2017-11-07,8,Tue
109880,18,1,37,134,2017-11-09 0:41:20,0,11/9/2017 0:41:20,2017-11-09,0,Thu
51628,3,1,8,280,2017-11-09 5:48:40,0,11/9/2017 5:48:40,2017-11-09,5,Thu
85964,9,1,35,215,2017-11-07 2:19:38,0,11/7/2017 2:19:38,2017-11-07,2,Tue
18788,2,1,3,236,2017-11-08 2:20:20,0,11/8/2017 2:20:20,2017-11-08,2,Wed
271586,2,1,23,237,2017-11-08 6:17:32,0,11/8/2017 6:17:32,2017-11-08,6,Wed
44445,3,1,6,280,2017-11-09 1:38:46,0,11/9/2017 1:38:46,2017-11-09,1,Thu
5314,3,1,18,424,2017-11-08 5:31:49,0,11/8/2017 5:31:49,2017-11-08,5,Wed
71285,2,1,25,435,2017-11-09 6:15:01,0,11/9/2017 6:15:01,2017-11-09,6,Thu
137933,15,1,19,153,2017-11-09 7:08:39,0,11/9/2017 7:08:39,2017-11-09,7,Thu
97067,9,1,13,232,2017-11-09 12:51:26,0,11/9/2017 12:51:26,2017-11-09,12,Thu
46449,12,2,19,140,2017-11-09 12:04:28,0,11/9/2017 12:04:28,2017-11-09,12,Thu
15530,32,1,20,376,2017-11-08 12:37:00,0,11/8/2017 12:37:00,2017-11-08,12,Wed
58741,26,1,19,121,2017-11-07 6:57:07,0,11/7/2017 6:57:07,2017-11-07,6,Tue
117050,15,1,25,3,2017-11-06 23:39:10,0,11/6/2017 23:39:10,2017-11-06,23,Mon
278480,18,1,6,107,2017-11-08 1:48:05,0,11/8/2017 1:48:05,2017-11-08,1,Wed
92927,12,1,13,265,2017-11-08 9:01:41,0,11/8/2017 9:01:41,2017-11-08,9,Wed
68328,14,1,47,467,2017-11-09 15:27:17,0,11/9/2017 15:27:17,2017-11-09,15,Thu
104468,25,1,22,259,2017-11-07 0:30:06,0,11/7/2017 0:30:06,2017-11-07,0,Tue
115947,18,1,22,439,2017-11-07 7:01:01,0,11/7/2017 7:01:01,2017-11-07,7,Tue
330714,3,1,14,280,2017-11-09 15:08:58,0,11/9/2017 15:08:58,2017-11-09,15,Thu
119531,15,2,19,140,2017-11-09 1:00:18,0,11/9/2017 1:00:18,2017-11-09,1,Thu
37078,3,1,18,137,2017-11-09 7:11:20,0,11/9/2017 7:11:20,2017-11-09,7,Thu
100065,3,1,35,280,2017-11-08 2:19:27,0,11/8/2017 2:19:27,2017-11-08,2,Wed
64510,3,1,14,280,2017-11-08 2:31:33,0,11/8/2017 2:31:33,2017-11-08,2,Wed
76987,2,1,19,237,2017-11-07 4:04:12,0,11/7/2017 4:04:12,2017-11-07,4,Tue
179384,12,1,37,140,2017-11-06 23:35:19,0,11/6/2017 23:35:19,2017-11-06,23,Mon
117414,12,1,19,219,2017-11-07 5:11:19,0,11/7/2017 5:11:19,2017-11-07,5,Tue
45781,9,1,22,127,2017-11-09 11:57:59,0,11/9/2017 11:57:59,2017-11-09,11,Thu
16426,64,1,19,459,2017-11-07 5:41:46,0,11/7/2017 5:41:46,2017-11-07,5,Tue
22283,12,1,13,178,2017-11-06 23:58:26,0,11/6/2017 23:58:26,2017-11-06,23,Mon
81503,12,1,19,340,2017-11-08 5:02:33,0,11/8/2017 5:02:33,2017-11-08,5,Wed
5200,3,1,13,280,2017-11-08 7:30:54,0,11/8/2017 7:30:54,2017-11-08,7,Wed
20996,1,1,37,134,2017-11-09 14:14:45,0,11/9/2017 14:14:45,2017-11-09,14,Thu
67838,23,1,8,153,2017-11-09 0:22:22,0,11/9/2017 0:22:22,2017-11-09,0,Thu
58585,3,1,25,280,2017-11-07 1:06:19,0,11/7/2017 1:06:19,2017-11-07,1,Tue
100157,12,1,53,205,2017-11-08 0:57:38,0,11/8/2017 0:57:38,2017-11-08,0,Wed
72539,18,1,13,107,2017-11-07 8:49:02,0,11/7/2017 8:49:02,2017-11-07,8,Tue
53193,9,1,19,334,2017-11-07 23:53:17,0,11/7/2017 23:53:17,2017-11-07,23,Tue
81480,3,1,18,280,2017-11-09 4:44:50,0,11/9/2017 4:44:50,2017-11-09,4,Thu
81736,15,1,19,245,2017-11-07 15:47:38,0,11/7/2017 15:47:38,2017-11-07,15,Tue
71076,15,1,14,379,2017-11-09 0:32:40,0,11/9/2017 0:32:40,2017-11-09,0,Thu
150215,12,1,19,265,2017-11-08 5:35:41,0,11/8/2017 5:35:41,2017-11-08,5,Wed
81514,15,1,41,245,2017-11-08 11:20:41,0,11/8/2017 11:20:41,2017-11-08,11,Wed
99140,9,1,17,134,2017-11-09 13:29:07,0,11/9/2017 13:29:07,2017-11-09,13,Thu
100393,2,1,17,205,2017-11-08 2:16:39,0,11/8/2017 2:16:39,2017-11-08,2,Wed
123993,3,1,1,280,2017-11-09 3:19:35,0,11/9/2017 3:19:35,2017-11-09,3,Thu
29385,11,1,19,325,2017-11-07 5:58:28,0,11/7/2017 5:58:28,2017-11-07,5,Tue
70834,64,1,10,459,2017-11-06 17:30:34,0,11/6/2017 17:30:34,2017-11-06,17,Mon
124198,12,1,13,140,2017-11-08 2:39:42,0,11/8/2017 2:39:42,2017-11-08,2,Wed
133136,26,1,37,477,2017-11-08 23:52:15,0,11/8/2017 23:52:15,2017-11-08,23,Wed
191416,3,1,15,280,2017-11-08 11:23:52,0,11/8/2017 11:23:52,2017-11-08,11,Wed
239406,64,1,22,459,2017-11-08 1:51:08,0,11/8/2017 1:51:08,2017-11-08,1,Wed
111517,1,1,13,153,2017-11-07 0:13:03,0,11/7/2017 0:13:03,2017-11-07,0,Tue
6908,3,1,4,280,2017-11-08 1:26:01,0,11/8/2017 1:26:01,2017-11-08,1,Wed
22990,26,1,19,266,2017-11-08 6:04:01,0,11/8/2017 6:04:01,2017-11-08,6,Wed
222132,12,1,13,265,2017-11-08 10:26:37,0,11/8/2017 10:26:37,2017-11-08,10,Wed
202200,3,1,39,211,2017-11-09 9:09:59,0,11/9/2017 9:09:59,2017-11-09,9,Thu
62175,3,1,17,280,2017-11-08 4:01:49,0,11/8/2017 4:01:49,2017-11-08,4,Wed
125260,3,1,13,211,2017-11-08 7:44:48,0,11/8/2017 7:44:48,2017-11-08,7,Wed
39479,3,1,28,280,2017-11-09 6:42:41,0,11/9/2017 6:42:41,2017-11-09,6,Thu
98531,12,1,9,265,2017-11-07 8:44:59,0,11/7/2017 8:44:59,2017-11-07,8,Tue
115152,14,1,10,439,2017-11-09 15:00:54,0,11/9/2017 15:00:54,2017-11-09,15,Thu
71267,27,1,16,153,2017-11-09 1:56:11,0,11/9/2017 1:56:11,2017-11-09,1,Thu
32791,3,1,10,19,2017-11-07 5:35:45,0,11/7/2017 5:35:45,2017-11-07,5,Tue
75899,3,1,13,280,2017-11-07 4:16:05,0,11/7/2017 4:16:05,2017-11-07,4,Tue
38872,3,1,3,379,2017-11-07 12:16:33,0,11/7/2017 12:16:33,2017-11-07,12,Tue
249497,12,1,13,178,2017-11-08 15:50:39,0,11/8/2017 15:50:39,2017-11-08,15,Wed
76811,2,1,2,469,2017-11-08 0:23:33,0,11/8/2017 0:23:33,2017-11-08,0,Wed
43793,18,1,34,107,2017-11-06 23:49:25,0,11/6/2017 23:49:25,2017-11-06,23,Mon
118315,26,1,13,121,2017-11-08 16:48:09,0,11/8/2017 16:48:09,2017-11-08,16,Wed
7210,14,1,13,463,2017-11-07 23:22:30,0,11/7/2017 23:22:30,2017-11-07,23,Tue
92721,14,1,13,478,2017-11-08 9:53:40,0,11/8/2017 9:53:40,2017-11-08,9,Wed
108560,18,1,41,107,2017-11-08 7:33:28,0,11/8/2017 7:33:28,2017-11-08,7,Wed
31597,94,1,19,361,2017-11-09 13:47:06,0,11/9/2017 13:47:06,2017-11-09,13,Thu
82816,15,1,10,480,2017-11-09 11:39:53,0,11/9/2017 11:39:53,2017-11-09,11,Thu
115663,1,1,13,134,2017-11-06 23:19:32,0,11/6/2017 23:19:32,2017-11-06,23,Mon
91611,3,1,13,466,2017-11-09 14:40:13,0,11/9/2017 14:40:13,2017-11-09,14,Thu
67621,19,18,0,213,2017-11-07 9:39:51,0,11/7/2017 9:39:51,2017-11-07,9,Tue
20970,9,1,13,134,2017-11-07 2:43:28,0,11/7/2017 2:43:28,2017-11-07,2,Tue
88281,3,1,9,424,2017-11-07 20:36:11,0,11/7/2017 20:36:11,2017-11-07,20,Tue
55690,2,1,19,364,2017-11-07 14:05:56,0,11/7/2017 14:05:56,2017-11-07,14,Tue
3219,3,1,22,115,2017-11-07 9:15:17,0,11/7/2017 9:15:17,2017-11-07,9,Tue
62770,2,1,19,435,2017-11-07 5:14:04,0,11/7/2017 5:14:04,2017-11-07,5,Tue
25553,12,2,18,140,2017-11-08 6:55:16,0,11/8/2017 6:55:16,2017-11-08,6,Wed
63812,18,1,17,134,2017-11-09 6:48:55,0,11/9/2017 6:48:55,2017-11-09,6,Thu
147957,14,1,19,349,2017-11-07 5:36:27,0,11/7/2017 5:36:27,2017-11-07,5,Tue
90953,12,1,9,259,2017-11-07 14:37:07,0,11/7/2017 14:37:07,2017-11-07,14,Tue
100393,3,1,13,280,2017-11-08 10:38:15,0,11/8/2017 10:38:15,2017-11-08,10,Wed
156058,24,1,13,105,2017-11-07 0:43:34,0,11/7/2017 0:43:34,2017-11-07,0,Tue
28247,14,1,13,401,2017-11-08 8:41:28,0,11/8/2017 8:41:28,2017-11-08,8,Wed
67443,8,1,13,145,2017-11-07 4:58:41,0,11/7/2017 4:58:41,2017-11-07,4,Tue
44327,64,1,20,459,2017-11-08 13:15:08,0,11/8/2017 13:15:08,2017-11-08,13,Wed
25097,3,1,19,402,2017-11-07 5:31:17,0,11/7/2017 5:31:17,2017-11-07,5,Tue
177921,26,1,8,121,2017-11-08 23:44:19,0,11/8/2017 23:44:19,2017-11-08,23,Wed
95294,3,1,19,442,2017-11-08 9:38:20,0,11/8/2017 9:38:20,2017-11-08,9,Wed
130484,9,1,16,134,2017-11-07 0:24:22,0,11/7/2017 0:24:22,2017-11-07,0,Tue
106524,1,1,3,349,2017-11-07 3:16:10,0,11/7/2017 3:16:10,2017-11-07,3,Tue
13487,12,1,13,242,2017-11-08 0:18:00,0,11/8/2017 0:18:00,2017-11-08,0,Wed
108658,3,1,13,417,2017-11-08 4:31:39,0,11/8/2017 4:31:39,2017-11-08,4,Wed
27879,12,1,19,265,2017-11-07 9:09:25,0,11/7/2017 9:09:25,2017-11-07,9,Tue
194802,14,1,8,379,2017-11-07 14:34:26,0,11/7/2017 14:34:26,2017-11-07,14,Tue
126693,2,1,22,477,2017-11-06 19:12:11,0,11/6/2017 19:12:11,2017-11-06,19,Mon
96832,3,1,3,409,2017-11-09 4:41:31,0,11/9/2017 4:41:31,2017-11-09,4,Thu
14737,3,2,19,452,2017-11-08 1:21:16,0,11/8/2017 1:21:16,2017-11-08,1,Wed
18165,23,1,13,153,2017-11-07 1:19:37,0,11/7/2017 1:19:37,2017-11-07,1,Tue
137443,6,1,20,459,2017-11-06 17:48:21,0,11/6/2017 17:48:21,2017-11-06,17,Mon
6913,3,1,20,280,2017-11-07 4:41:43,0,11/7/2017 4:41:43,2017-11-07,4,Tue
33412,21,1,22,128,2017-11-09 5:43:53,0,11/9/2017 5:43:53,2017-11-09,5,Thu
5314,28,1,27,135,2017-11-09 14:06:32,0,11/9/2017 14:06:32,2017-11-09,14,Thu
35815,3,1,13,280,2017-11-09 4:23:21,0,11/9/2017 4:23:21,2017-11-09,4,Thu
81076,12,1,18,265,2017-11-09 14:10:50,0,11/9/2017 14:10:50,2017-11-09,14,Thu
157743,2,1,19,452,2017-11-09 11:47:39,0,11/9/2017 11:47:39,2017-11-09,11,Thu
28010,15,1,19,315,2017-11-09 15:09:54,0,11/9/2017 15:09:54,2017-11-09,15,Thu
18839,9,1,19,134,2017-11-07 16:24:34,0,11/7/2017 16:24:34,2017-11-07,16,Tue
118756,3,1,13,280,2017-11-07 5:01:55,0,11/7/2017 5:01:55,2017-11-07,5,Tue
71643,3,1,15,489,2017-11-07 8:24:40,0,11/7/2017 8:24:40,2017-11-07,8,Tue
110039,9,1,13,442,2017-11-07 2:05:18,0,11/7/2017 2:05:18,2017-11-07,2,Tue
78966,12,1,19,205,2017-11-08 1:38:02,0,11/8/2017 1:38:02,2017-11-08,1,Wed
37249,18,1,13,107,2017-11-09 12:23:49,0,11/9/2017 12:23:49,2017-11-09,12,Thu
121108,25,1,10,259,2017-11-07 9:16:41,0,11/7/2017 9:16:41,2017-11-07,9,Tue
5348,18,1,8,379,2017-11-09 12:57:08,0,11/9/2017 12:57:08,2017-11-09,12,Thu
273533,12,1,19,265,2017-11-08 2:45:45,0,11/8/2017 2:45:45,2017-11-08,2,Wed
29950,36,1,13,110,2017-11-09 2:59:48,0,11/9/2017 2:59:48,2017-11-09,2,Thu
119369,24,2,18,105,2017-11-09 14:47:46,0,11/9/2017 14:47:46,2017-11-09,14,Thu
200296,9,1,30,232,2017-11-07 8:15:27,0,11/7/2017 8:15:27,2017-11-07,8,Tue
55840,2,1,19,364,2017-11-07 1:28:19,0,11/7/2017 1:28:19,2017-11-07,1,Tue
278711,3,1,10,442,2017-11-08 6:16:02,0,11/8/2017 6:16:02,2017-11-08,6,Wed
55705,13,1,10,469,2017-11-09 10:23:39,0,11/9/2017 10:23:39,2017-11-09,10,Thu
37515,15,1,19,245,2017-11-07 14:06:11,0,11/7/2017 14:06:11,2017-11-07,14,Tue
103358,3,1,19,480,2017-11-08 7:48:35,0,11/8/2017 7:48:35,2017-11-08,7,Wed
27607,14,1,10,349,2017-11-08 5:46:02,0,11/8/2017 5:46:02,2017-11-08,5,Wed
209663,14,1,13,480,2017-11-08 8:04:14,0,11/8/2017 8:04:14,2017-11-08,8,Wed
84870,36,1,13,110,2017-11-08 11:13:58,0,11/8/2017 11:13:58,2017-11-08,11,Wed
141879,15,1,18,386,2017-11-07 14:35:05,0,11/7/2017 14:35:05,2017-11-07,14,Tue
53964,15,1,13,412,2017-11-08 9:23:06,0,11/8/2017 9:23:06,2017-11-08,9,Wed
34143,18,1,13,107,2017-11-09 12:18:29,0,11/9/2017 12:18:29,2017-11-09,12,Thu
158591,2,1,18,377,2017-11-09 4:27:44,0,11/9/2017 4:27:44,2017-11-09,4,Thu
92890,20,1,19,478,2017-11-08 3:12:39,0,11/8/2017 3:12:39,2017-11-08,3,Wed
247799,3,1,13,280,2017-11-09 2:29:32,0,11/9/2017 2:29:32,2017-11-09,2,Thu
306019,2,1,17,212,2017-11-09 12:26:08,0,11/9/2017 12:26:08,2017-11-09,12,Thu
5348,18,1,1,107,2017-11-07 13:30:27,0,11/7/2017 13:30:27,2017-11-07,13,Tue
195965,15,1,13,111,2017-11-08 9:52:25,0,11/8/2017 9:52:25,2017-11-08,9,Wed
246887,9,1,13,442,2017-11-08 6:00:36,0,11/8/2017 6:00:36,2017-11-08,6,Wed
273598,20,1,19,259,2017-11-08 11:31:47,0,11/8/2017 11:31:47,2017-11-08,11,Wed
125928,13,1,13,477,2017-11-08 13:21:32,0,11/8/2017 13:21:32,2017-11-08,13,Wed
18049,9,1,19,334,2017-11-08 5:53:03,0,11/8/2017 5:53:03,2017-11-08,5,Wed
159853,1,1,37,17,2017-11-07 9:26:59,0,11/7/2017 9:26:59,2017-11-07,9,Tue
63267,2,1,19,317,2017-11-08 10:01:51,0,11/8/2017 10:01:51,2017-11-08,10,Wed
333710,2,1,27,212,2017-11-08 20:41:12,0,11/8/2017 20:41:12,2017-11-08,20,Wed
92648,12,1,13,245,2017-11-07 14:53:06,0,11/7/2017 14:53:06,2017-11-07,14,Tue
30151,3,1,19,409,2017-11-09 4:24:50,0,11/9/2017 4:24:50,2017-11-09,4,Thu
93003,3,1,41,211,2017-11-08 17:08:10,0,11/8/2017 17:08:10,2017-11-08,17,Wed
18483,3,1,19,280,2017-11-09 2:08:10,0,11/9/2017 2:08:10,2017-11-09,2,Thu
44327,3,1,19,280,2017-11-08 15:36:24,0,11/8/2017 15:36:24,2017-11-08,15,Wed
117481,18,1,19,107,2017-11-09 4:23:19,0,11/9/2017 4:23:19,2017-11-09,4,Thu
54125,2,1,13,236,2017-11-09 12:16:55,0,11/9/2017 12:16:55,2017-11-09,12,Thu
2805,2,1,10,237,2017-11-08 5:05:54,0,11/8/2017 5:05:54,2017-11-08,5,Wed
28082,64,1,48,459,2017-11-08 13:34:22,0,11/8/2017 13:34:22,2017-11-08,13,Wed
89800,9,1,18,466,2017-11-08 16:02:33,0,11/8/2017 16:02:33,2017-11-08,16,Wed
145896,12,1,49,178,2017-11-08 11:57:36,0,11/8/2017 11:57:36,2017-11-08,11,Wed
326339,13,1,13,477,2017-11-09 9:25:42,0,11/9/2017 9:25:42,2017-11-09,9,Thu
74999,12,1,40,424,2017-11-09 3:57:36,0,11/9/2017 3:57:36,2017-11-09,3,Thu
154636,12,1,20,178,2017-11-07 8:23:35,0,11/7/2017 8:23:35,2017-11-07,8,Tue
49996,15,1,19,265,2017-11-07 8:55:49,0,11/7/2017 8:55:49,2017-11-07,8,Tue
31119,15,1,12,265,2017-11-07 12:28:37,0,11/7/2017 12:28:37,2017-11-07,12,Tue
103536,8,1,19,145,2017-11-07 6:53:17,0,11/7/2017 6:53:17,2017-11-07,6,Tue
47306,12,1,17,124,2017-11-09 3:28:14,0,11/9/2017 3:28:14,2017-11-09,3,Thu
48212,2,1,19,237,2017-11-08 12:25:56,0,11/8/2017 12:25:56,2017-11-08,12,Wed
53454,18,1,19,107,2017-11-07 14:58:09,0,11/7/2017 14:58:09,2017-11-07,14,Tue
114276,3,1,15,115,2017-11-08 12:59:03,0,11/8/2017 12:59:03,2017-11-08,12,Wed
282570,2,1,18,237,2017-11-08 4:14:47,0,11/8/2017 4:14:47,2017-11-08,4,Wed
105475,18,1,20,121,2017-11-09 9:06:21,0,11/9/2017 9:06:21,2017-11-09,9,Thu
60010,2,1,13,477,2017-11-07 5:47:14,0,11/7/2017 5:47:14,2017-11-07,5,Tue
152362,3,1,19,280,2017-11-07 7:21:19,0,11/7/2017 7:21:19,2017-11-07,7,Tue
10571,12,1,11,328,2017-11-08 14:05:06,0,11/8/2017 14:05:06,2017-11-08,14,Wed
101407,64,1,23,459,2017-11-08 8:29:47,0,11/8/2017 8:29:47,2017-11-08,8,Wed
95766,14,1,25,467,2017-11-09 13:30:45,0,11/9/2017 13:30:45,2017-11-09,13,Thu
163707,9,2,19,258,2017-11-07 13:16:59,0,11/7/2017 13:16:59,2017-11-07,13,Tue
129584,18,1,1,376,2017-11-08 11:55:51,0,11/8/2017 11:55:51,2017-11-08,11,Wed
124897,2,1,19,205,2017-11-07 2:56:05,0,11/7/2017 2:56:05,2017-11-07,2,Tue
109679,18,1,19,134,2017-11-08 21:31:22,0,11/8/2017 21:31:22,2017-11-08,21,Wed
103495,3,1,19,280,2017-11-07 14:03:00,0,11/7/2017 14:03:00,2017-11-07,14,Tue
27639,18,1,15,107,2017-11-09 2:18:49,0,11/9/2017 2:18:49,2017-11-09,2,Thu
88964,12,1,18,259,2017-11-07 9:58:15,0,11/7/2017 9:58:15,2017-11-07,9,Tue
178822,64,1,19,459,2017-11-08 7:36:45,0,11/8/2017 7:36:45,2017-11-08,7,Wed
96367,9,1,15,134,2017-11-08 0:54:10,0,11/8/2017 0:54:10,2017-11-08,0,Wed
60298,15,1,23,245,2017-11-06 16:16:52,0,11/6/2017 16:16:52,2017-11-06,16,Mon
50136,15,1,19,3,2017-11-08 18:28:18,0,11/8/2017 18:28:18,2017-11-08,18,Wed
320565,14,1,13,113,2017-11-09 10:23:53,0,11/9/2017 10:23:53,2017-11-09,10,Thu
188929,10,1,9,377,2017-11-09 0:42:41,0,11/9/2017 0:42:41,2017-11-09,0,Thu
89529,10,1,13,377,2017-11-08 8:11:33,0,11/8/2017 8:11:33,2017-11-08,8,Wed
23522,11,1,20,173,2017-11-08 10:02:38,0,11/8/2017 10:02:38,2017-11-08,10,Wed
66507,10,1,7,377,2017-11-09 13:53:48,0,11/9/2017 13:53:48,2017-11-09,13,Thu
112302,94,1,13,361,2017-11-09 14:37:09,0,11/9/2017 14:37:09,2017-11-09,14,Thu
124157,3,1,25,280,2017-11-07 2:57:15,0,11/7/2017 2:57:15,2017-11-07,2,Tue
116947,2,1,8,122,2017-11-08 23:42:00,0,11/8/2017 23:42:00,2017-11-08,23,Wed
154925,18,1,15,121,2017-11-07 9:24:57,0,11/7/2017 9:24:57,2017-11-07,9,Tue
73516,8,2,35,145,2017-11-07 11:43:08,0,11/7/2017 11:43:08,2017-11-07,11,Tue
5348,151,0,0,347,2017-11-07 20:19:21,0,11/7/2017 20:19:21,2017-11-07,20,Tue
2076,15,1,13,130,2017-11-06 17:02:06,0,11/6/2017 17:02:06,2017-11-06,17,Mon
109743,2,1,41,205,2017-11-08 4:25:34,0,11/8/2017 4:25:34,2017-11-08,4,Wed
126767,12,1,17,328,2017-11-08 4:09:00,0,11/8/2017 4:09:00,2017-11-08,4,Wed
168318,15,1,22,245,2017-11-07 12:43:03,0,11/7/2017 12:43:03,2017-11-07,12,Tue
109504,12,1,47,497,2017-11-06 17:27:51,0,11/6/2017 17:27:51,2017-11-06,17,Mon
360082,3,1,13,280,2017-11-09 4:06:38,0,11/9/2017 4:06:38,2017-11-09,4,Thu
48170,20,1,19,259,2017-11-07 9:23:42,0,11/7/2017 9:23:42,2017-11-07,9,Tue
99226,11,1,19,219,2017-11-07 2:19:59,0,11/7/2017 2:19:59,2017-11-07,2,Tue
101096,14,1,10,442,2017-11-08 22:16:00,0,11/8/2017 22:16:00,2017-11-08,22,Wed
28986,3,1,36,371,2017-11-08 0:21:24,0,11/8/2017 0:21:24,2017-11-08,0,Wed
24582,14,1,10,489,2017-11-08 6:57:39,0,11/8/2017 6:57:39,2017-11-08,6,Wed
75634,12,1,18,178,2017-11-09 3:20:45,0,11/9/2017 3:20:45,2017-11-09,3,Thu
125081,9,2,9,107,2017-11-09 14:53:59,0,11/9/2017 14:53:59,2017-11-09,14,Thu
19064,64,1,13,459,2017-11-07 11:37:28,0,11/7/2017 11:37:28,2017-11-07,11,Tue
67763,3,1,22,137,2017-11-09 4:43:31,0,11/9/2017 4:43:31,2017-11-09,4,Thu
41256,26,1,13,121,2017-11-09 8:22:25,0,11/9/2017 8:22:25,2017-11-09,8,Thu
128210,15,1,31,153,2017-11-07 10:27:39,0,11/7/2017 10:27:39,2017-11-07,10,Tue
40995,23,1,13,153,2017-11-07 2:03:19,0,11/7/2017 2:03:19,2017-11-07,2,Tue
38379,18,1,13,376,2017-11-08 5:37:08,0,11/8/2017 5:37:08,2017-11-08,5,Wed
1395,3,1,19,489,2017-11-09 3:26:07,0,11/9/2017 3:26:07,2017-11-09,3,Thu
153937,14,1,20,401,2017-11-08 3:12:33,0,11/8/2017 3:12:33,2017-11-08,3,Wed
13634,18,1,18,121,2017-11-09 4:19:26,0,11/9/2017 4:19:26,2017-11-09,4,Thu
25588,2,1,19,205,2017-11-09 1:10:46,0,11/9/2017 1:10:46,2017-11-09,1,Thu
198559,8,1,25,145,2017-11-09 11:29:03,0,11/9/2017 11:29:03,2017-11-09,11,Thu
99754,3,1,13,173,2017-11-09 13:33:59,0,11/9/2017 13:33:59,2017-11-09,13,Thu
63597,3,1,22,280,2017-11-07 5:30:00,0,11/7/2017 5:30:00,2017-11-07,5,Tue
159889,15,1,20,315,2017-11-07 1:08:48,0,11/7/2017 1:08:48,2017-11-07,1,Tue
227947,15,1,23,412,2017-11-08 0:16:44,0,11/8/2017 0:16:44,2017-11-08,0,Wed
236755,3,1,12,137,2017-11-08 6:17:56,0,11/8/2017 6:17:56,2017-11-08,6,Wed
53889,12,1,13,259,2017-11-08 3:44:31,0,11/8/2017 3:44:31,2017-11-08,3,Wed
29271,18,1,32,134,2017-11-08 7:54:41,0,11/8/2017 7:54:41,2017-11-08,7,Wed
25753,3,1,13,280,2017-11-09 7:27:39,0,11/9/2017 7:27:39,2017-11-09,7,Thu
107155,56,1,13,406,2017-11-09 13:42:04,0,11/9/2017 13:42:04,2017-11-09,13,Thu
33835,2,1,19,452,2017-11-07 1:20:07,0,11/7/2017 1:20:07,2017-11-07,1,Tue
298312,19,0,29,347,2017-11-09 8:53:17,1,11/9/2017 8:53:17,2017-11-09,8,Thu
123813,3,1,13,280,2017-11-09 1:10:05,0,11/9/2017 1:10:05,2017-11-09,1,Thu
116235,18,1,25,107,2017-11-08 15:52:41,0,11/8/2017 15:52:41,2017-11-08,15,Wed
108341,21,2,49,232,2017-11-09 8:46:49,0,11/9/2017 8:46:49,2017-11-09,8,Thu
137764,9,1,25,334,2017-11-07 1:12:09,0,11/7/2017 1:12:09,2017-11-07,1,Tue
239848,3,1,19,280,2017-11-08 14:29:04,0,11/8/2017 14:29:04,2017-11-08,14,Wed
192967,2,2,63,364,2017-11-07 16:02:19,0,11/7/2017 16:02:19,2017-11-07,16,Tue
207807,26,1,19,266,2017-11-07 6:01:52,0,11/7/2017 6:01:52,2017-11-07,6,Tue
88723,25,2,9,259,2017-11-08 2:42:06,0,11/8/2017 2:42:06,2017-11-08,2,Wed
88637,2,1,13,237,2017-11-09 0:11:58,0,11/9/2017 0:11:58,2017-11-09,0,Thu
24795,9,1,14,334,2017-11-07 5:25:49,0,11/7/2017 5:25:49,2017-11-07,5,Tue
135374,14,1,18,401,2017-11-08 1:56:11,0,11/8/2017 1:56:11,2017-11-08,1,Wed
83662,12,1,19,409,2017-11-08 0:48:21,0,11/8/2017 0:48:21,2017-11-08,0,Wed
45745,9,1,19,127,2017-11-09 1:01:45,0,11/9/2017 1:01:45,2017-11-09,1,Thu
49431,12,1,18,265,2017-11-09 4:08:17,0,11/9/2017 4:08:17,2017-11-09,4,Thu
19869,3,1,13,115,2017-11-07 14:05:26,0,11/7/2017 14:05:26,2017-11-07,14,Tue
18682,36,1,17,110,2017-11-07 14:56:24,0,11/7/2017 14:56:24,2017-11-07,14,Tue
107907,14,1,13,401,2017-11-09 9:30:44,0,11/9/2017 9:30:44,2017-11-09,9,Thu
74924,11,1,19,487,2017-11-08 23:13:58,0,11/8/2017 23:13:58,2017-11-08,23,Wed
151603,10,1,37,317,2017-11-07 3:36:20,0,11/7/2017 3:36:20,2017-11-07,3,Tue
1694,18,1,35,107,2017-11-09 14:10:15,0,11/9/2017 14:10:15,2017-11-09,14,Thu
111025,14,1,9,480,2017-11-08 13:36:05,0,11/8/2017 13:36:05,2017-11-08,13,Wed
141432,2,1,19,219,2017-11-07 8:25:51,0,11/7/2017 8:25:51,2017-11-07,8,Tue
65631,3,1,10,205,2017-11-07 15:07:52,0,11/7/2017 15:07:52,2017-11-07,15,Tue
248946,11,1,19,469,2017-11-08 12:36:38,0,11/8/2017 12:36:38,2017-11-08,12,Wed
196529,2,1,19,469,2017-11-08 6:42:33,0,11/8/2017 6:42:33,2017-11-08,6,Wed
90891,15,1,13,245,2017-11-08 4:47:25,0,11/8/2017 4:47:25,2017-11-08,4,Wed
90948,12,1,18,245,2017-11-08 13:25:52,0,11/8/2017 13:25:52,2017-11-08,13,Wed
71380,2,1,19,452,2017-11-07 16:47:44,0,11/7/2017 16:47:44,2017-11-07,16,Tue
127743,125,0,29,110,2017-11-09 5:18:55,0,11/9/2017 5:18:55,2017-11-09,5,Thu
54009,18,1,8,121,2017-11-08 5:10:35,0,11/8/2017 5:10:35,2017-11-08,5,Wed
125222,3,1,13,280,2017-11-09 0:51:49,0,11/9/2017 0:51:49,2017-11-09,0,Thu
160456,3,1,36,280,2017-11-08 12:20:24,0,11/8/2017 12:20:24,2017-11-08,12,Wed
29972,15,1,11,386,2017-11-09 13:22:25,0,11/9/2017 13:22:25,2017-11-09,13,Thu
198164,17,1,20,280,2017-11-08 23:16:45,0,11/8/2017 23:16:45,2017-11-08,23,Wed
102762,12,1,19,277,2017-11-08 0:26:46,0,11/8/2017 0:26:46,2017-11-08,0,Wed
50433,14,1,8,134,2017-11-09 1:14:13,0,11/9/2017 1:14:13,2017-11-09,1,Thu
126685,12,1,13,328,2017-11-07 3:59:30,0,11/7/2017 3:59:30,2017-11-07,3,Tue
80163,3,1,19,442,2017-11-07 15:15:11,0,11/7/2017 15:15:11,2017-11-07,15,Tue
78531,3,1,41,280,2017-11-07 6:08:30,0,11/7/2017 6:08:30,2017-11-07,6,Tue
53454,2,2,8,122,2017-11-08 12:16:54,0,11/8/2017 12:16:54,2017-11-08,12,Wed
40995,12,1,6,497,2017-11-08 11:19:36,0,11/8/2017 11:19:36,2017-11-08,11,Wed
3197,15,1,13,245,2017-11-06 22:27:55,0,11/6/2017 22:27:55,2017-11-06,22,Mon
223623,9,1,19,466,2017-11-09 12:07:54,0,11/9/2017 12:07:54,2017-11-09,12,Thu
115690,2,1,19,122,2017-11-07 1:16:00,0,11/7/2017 1:16:00,2017-11-07,1,Tue
55024,14,1,13,349,2017-11-08 13:11:11,0,11/8/2017 13:11:11,2017-11-08,13,Wed
80689,3,1,19,280,2017-11-07 0:50:57,0,11/7/2017 0:50:57,2017-11-07,0,Tue
222432,15,2,65,245,2017-11-08 21:38:49,0,11/8/2017 21:38:49,2017-11-08,21,Wed
49293,2,1,37,469,2017-11-07 1:55:54,0,11/7/2017 1:55:54,2017-11-07,1,Tue
93715,9,1,19,466,2017-11-07 10:49:19,0,11/7/2017 10:49:19,2017-11-07,10,Tue
19264,9,1,19,466,2017-11-08 12:32:32,0,11/8/2017 12:32:32,2017-11-08,12,Wed
100971,12,1,19,409,2017-11-07 19:45:26,0,11/7/2017 19:45:26,2017-11-07,19,Tue
81922,3,1,20,280,2017-11-08 12:20:35,0,11/8/2017 12:20:35,2017-11-08,12,Wed
85150,12,2,27,259,2017-11-07 10:53:27,0,11/7/2017 10:53:27,2017-11-07,10,Tue
48518,18,3543,748,107,2017-11-07 23:28:36,0,11/7/2017 23:28:36,2017-11-07,23,Tue
72607,9,1,41,442,2017-11-09 13:46:36,0,11/9/2017 13:46:36,2017-11-09,13,Thu
124045,12,1,20,259,2017-11-08 10:45:26,0,11/8/2017 10:45:26,2017-11-08,10,Wed
81501,9,1,25,244,2017-11-07 11:18:48,0,11/7/2017 11:18:48,2017-11-07,11,Tue
34380,13,1,13,477,2017-11-08 23:52:21,0,11/8/2017 23:52:21,2017-11-08,23,Wed
115445,9,1,19,489,2017-11-07 16:36:00,0,11/7/2017 16:36:00,2017-11-07,16,Tue
72361,3,1,13,480,2017-11-09 12:54:08,0,11/9/2017 12:54:08,2017-11-09,12,Thu
8595,12,1,18,145,2017-11-09 15:25:08,0,11/9/2017 15:25:08,2017-11-09,15,Thu
189032,13,1,17,477,2017-11-08 11:44:19,0,11/8/2017 11:44:19,2017-11-08,11,Wed
83958,18,1,6,107,2017-11-08 23:15:04,0,11/8/2017 23:15:04,2017-11-08,23,Wed
125222,3,2,27,480,2017-11-09 1:21:16,0,11/9/2017 1:21:16,2017-11-09,1,Thu
48383,18,1,53,317,2017-11-07 3:42:33,0,11/7/2017 3:42:33,2017-11-07,3,Tue
93021,9,1,19,232,2017-11-09 15:49:18,0,11/9/2017 15:49:18,2017-11-09,15,Thu
120385,2,1,13,401,2017-11-08 5:01:49,0,11/8/2017 5:01:49,2017-11-08,5,Wed
37167,12,1,53,265,2017-11-07 11:27:52,0,11/7/2017 11:27:52,2017-11-07,11,Tue
49914,3,1,19,280,2017-11-09 0:07:56,0,11/9/2017 0:07:56,2017-11-09,0,Thu
163572,3,1,19,280,2017-11-07 8:00:44,0,11/7/2017 8:00:44,2017-11-07,8,Tue
68384,3,1,14,280,2017-11-09 6:11:56,0,11/9/2017 6:11:56,2017-11-09,6,Thu
73516,12,2,19,326,2017-11-08 9:33:48,0,11/8/2017 9:33:48,2017-11-08,9,Wed
12562,2,1,8,219,2017-11-08 10:47:20,0,11/8/2017 10:47:20,2017-11-08,10,Wed
73908,94,1,18,361,2017-11-08 2:44:30,0,11/8/2017 2:44:30,2017-11-08,2,Wed
195980,2,1,3,364,2017-11-07 14:54:50,0,11/7/2017 14:54:50,2017-11-07,14,Tue
79827,15,1,13,245,2017-11-07 5:15:13,0,11/7/2017 5:15:13,2017-11-07,5,Tue
25028,25,1,13,259,2017-11-08 8:56:59,0,11/8/2017 8:56:59,2017-11-08,8,Wed
44067,1,1,13,134,2017-11-07 14:08:05,0,11/7/2017 14:08:05,2017-11-07,14,Tue
61313,2,1,13,236,2017-11-08 3:23:02,0,11/8/2017 3:23:02,2017-11-08,3,Wed
125485,14,1,36,371,2017-11-09 15:56:10,0,11/9/2017 15:56:10,2017-11-09,15,Thu
114736,3,1,13,480,2017-11-07 3:05:21,0,11/7/2017 3:05:21,2017-11-07,3,Tue
44229,22,1,13,496,2017-11-07 6:18:13,0,11/7/2017 6:18:13,2017-11-07,6,Tue
83306,2,1,35,477,2017-11-08 6:13:47,0,11/8/2017 6:13:47,2017-11-08,6,Wed
133331,3,1,13,480,2017-11-08 23:43:13,0,11/8/2017 23:43:13,2017-11-08,23,Wed
124520,2,1,13,219,2017-11-07 14:41:10,0,11/7/2017 14:41:10,2017-11-07,14,Tue
705,2,1,13,469,2017-11-07 12:35:32,0,11/7/2017 12:35:32,2017-11-07,12,Tue
316811,3,1,19,280,2017-11-09 12:39:28,0,11/9/2017 12:39:28,2017-11-09,12,Thu
41261,9,2,42,466,2017-11-08 3:51:05,0,11/8/2017 3:51:05,2017-11-08,3,Wed
99862,9,1,9,215,2017-11-09 4:11:47,0,11/9/2017 4:11:47,2017-11-09,4,Thu
45992,17,1,14,128,2017-11-09 14:22:37,0,11/9/2017 14:22:37,2017-11-09,14,Thu
130760,3,1,14,115,2017-11-07 15:56:45,0,11/7/2017 15:56:45,2017-11-07,15,Tue
9057,12,1,13,265,2017-11-07 19:06:17,0,11/7/2017 19:06:17,2017-11-07,19,Tue
98472,2,1,19,122,2017-11-08 10:24:50,0,11/8/2017 10:24:50,2017-11-08,10,Wed
38142,12,1,19,328,2017-11-06 23:00:37,0,11/6/2017 23:00:37,2017-11-06,23,Mon
4652,3,1,13,280,2017-11-07 4:16:16,0,11/7/2017 4:16:16,2017-11-07,4,Tue
13756,27,1,19,153,2017-11-06 22:55:18,0,11/6/2017 22:55:18,2017-11-06,22,Mon
257183,2,1,10,219,2017-11-08 13:50:39,0,11/8/2017 13:50:39,2017-11-08,13,Wed
152714,13,1,8,477,2017-11-07 5:04:03,0,11/7/2017 5:04:03,2017-11-07,5,Tue
55722,3,2,13,30,2017-11-09 11:04:46,0,11/9/2017 11:04:46,2017-11-09,11,Thu
316642,18,1,13,107,2017-11-08 16:11:07,0,11/8/2017 16:11:07,2017-11-08,16,Wed
43289,32,1,19,376,2017-11-09 5:21:57,0,11/9/2017 5:21:57,2017-11-09,5,Thu
47490,18,1,19,107,2017-11-07 1:55:15,0,11/7/2017 1:55:15,2017-11-07,1,Tue
5587,12,1,19,481,2017-11-08 6:32:45,0,11/8/2017 6:32:45,2017-11-08,6,Wed
86376,32,1,79,376,2017-11-09 11:52:56,0,11/9/2017 11:52:56,2017-11-09,11,Thu
84896,28,1,22,135,2017-11-08 1:27:09,0,11/8/2017 1:27:09,2017-11-08,1,Wed
9460,12,1,25,409,2017-11-07 9:06:34,0,11/7/2017 9:06:34,2017-11-07,9,Tue
6375,8,1,19,145,2017-11-07 6:46:49,0,11/7/2017 6:46:49,2017-11-07,6,Tue
334967,2,1,13,219,2017-11-09 13:46:15,0,11/9/2017 13:46:15,2017-11-09,13,Thu
5348,6,1,13,125,2017-11-07 2:07:09,0,11/7/2017 2:07:09,2017-11-07,2,Tue
4412,2,1,19,364,2017-11-08 9:29:43,0,11/8/2017 9:29:43,2017-11-08,9,Wed
92100,18,1,19,107,2017-11-08 15:47:14,0,11/8/2017 15:47:14,2017-11-08,15,Wed
361704,3,1,13,480,2017-11-09 2:59:02,0,11/9/2017 2:59:02,2017-11-09,2,Thu
25119,14,1,19,134,2017-11-08 1:23:36,0,11/8/2017 1:23:36,2017-11-08,1,Wed
43793,3,1,13,452,2017-11-07 1:49:43,0,11/7/2017 1:49:43,2017-11-07,1,Tue
67581,2,1,8,435,2017-11-09 9:59:46,0,11/9/2017 9:59:46,2017-11-09,9,Thu
126168,14,1,19,113,2017-11-08 2:42:41,0,11/8/2017 2:42:41,2017-11-08,2,Wed
79787,19,0,29,213,2017-11-09 11:48:30,0,11/9/2017 11:48:30,2017-11-09,11,Thu
75644,24,1,13,105,2017-11-08 21:14:15,0,11/8/2017 21:14:15,2017-11-08,21,Wed
59869,9,1,10,445,2017-11-07 3:09:51,0,11/7/2017 3:09:51,2017-11-07,3,Tue
73516,3,2,16,153,2017-11-08 6:03:15,0,11/8/2017 6:03:15,2017-11-08,6,Wed
41853,3,1,17,442,2017-11-07 7:27:30,0,11/7/2017 7:27:30,2017-11-07,7,Tue
193406,12,1,19,259,2017-11-07 3:10:16,0,11/7/2017 3:10:16,2017-11-07,3,Tue
112715,12,1,32,328,2017-11-09 15:33:45,0,11/9/2017 15:33:45,2017-11-09,15,Thu
30587,3,2,19,280,2017-11-08 6:10:21,0,11/8/2017 6:10:21,2017-11-08,6,Wed
197705,21,1,19,232,2017-11-08 9:58:50,0,11/8/2017 9:58:50,2017-11-08,9,Wed
86420,3,1,22,280,2017-11-07 2:14:26,0,11/7/2017 2:14:26,2017-11-07,2,Tue
239385,15,1,19,140,2017-11-08 1:01:36,0,11/8/2017 1:01:36,2017-11-08,1,Wed
84774,15,1,32,245,2017-11-08 14:50:11,0,11/8/2017 14:50:11,2017-11-08,14,Wed
141849,15,1,25,245,2017-11-08 17:00:53,0,11/8/2017 17:00:53,2017-11-08,17,Wed
157020,14,1,13,480,2017-11-07 3:24:28,0,11/7/2017 3:24:28,2017-11-07,3,Tue
140124,22,1,10,116,2017-11-09 10:37:26,0,11/9/2017 10:37:26,2017-11-09,10,Thu
19873,3,1,13,173,2017-11-09 0:18:47,0,11/9/2017 0:18:47,2017-11-09,0,Thu
112302,3,1,19,205,2017-11-09 14:08:27,0,11/9/2017 14:08:27,2017-11-09,14,Thu
127360,12,1,53,340,2017-11-08 17:21:22,0,11/8/2017 17:21:22,2017-11-08,17,Wed
163713,12,1,14,245,2017-11-06 19:44:56,0,11/6/2017 19:44:56,2017-11-06,19,Mon
7120,14,1,13,401,2017-11-09 10:27:03,0,11/9/2017 10:27:03,2017-11-09,10,Thu
60501,61,1,13,21,2017-11-07 7:48:27,0,11/7/2017 7:48:27,2017-11-07,7,Tue
200436,12,1,23,259,2017-11-08 4:42:34,0,11/8/2017 4:42:34,2017-11-08,4,Wed
95766,15,1,9,138,2017-11-09 14:00:29,0,11/9/2017 14:00:29,2017-11-09,14,Thu
156272,14,1,19,349,2017-11-07 0:02:02,0,11/7/2017 0:02:02,2017-11-07,0,Tue
93542,3,1,3,280,2017-11-09 13:42:56,0,11/9/2017 13:42:56,2017-11-09,13,Thu
136421,2,2,13,236,2017-11-07 0:32:27,0,11/7/2017 0:32:27,2017-11-07,0,Tue
92735,36,1,13,110,2017-11-08 11:46:41,0,11/8/2017 11:46:41,2017-11-08,11,Wed
86474,9,1,19,232,2017-11-07 6:52:29,0,11/7/2017 6:52:29,2017-11-07,6,Tue
45863,3,1,13,280,2017-11-08 13:43:12,0,11/8/2017 13:43:12,2017-11-08,13,Wed
57060,9,2,37,215,2017-11-09 7:33:23,0,11/9/2017 7:33:23,2017-11-09,7,Thu
118146,5,1,2,377,2017-11-08 13:31:28,0,11/8/2017 13:31:28,2017-11-08,13,Wed
17149,12,1,58,328,2017-11-07 13:46:06,0,11/7/2017 13:46:06,2017-11-07,13,Tue
33919,2,1,13,469,2017-11-07 11:50:01,0,11/7/2017 11:50:01,2017-11-07,11,Tue
100602,26,1,19,121,2017-11-08 2:27:23,0,11/8/2017 2:27:23,2017-11-08,2,Wed
31401,24,1,16,178,2017-11-07 10:55:31,0,11/7/2017 10:55:31,2017-11-07,10,Tue
189816,9,1,19,445,2017-11-08 9:31:12,0,11/8/2017 9:31:12,2017-11-08,9,Wed
47071,64,1,10,459,2017-11-08 0:00:17,0,11/8/2017 0:00:17,2017-11-08,0,Wed
48502,14,1,53,379,2017-11-07 22:51:49,0,11/7/2017 22:51:49,2017-11-07,22,Tue
79787,2,1,36,377,2017-11-06 23:11:41,0,11/6/2017 23:11:41,2017-11-06,23,Mon
48062,14,1,17,379,2017-11-07 18:15:43,0,11/7/2017 18:15:43,2017-11-07,18,Tue
73516,12,2,13,245,2017-11-06 16:05:10,0,11/6/2017 16:05:10,2017-11-06,16,Mon
123948,3,1,8,409,2017-11-07 14:52:45,0,11/7/2017 14:52:45,2017-11-07,14,Tue
63030,3,1,19,280,2017-11-08 1:29:16,0,11/8/2017 1:29:16,2017-11-08,1,Wed
48683,18,1,19,134,2017-11-08 5:51:17,0,11/8/2017 5:51:17,2017-11-08,5,Wed
53769,12,1,28,259,2017-11-06 16:06:34,0,11/6/2017 16:06:34,2017-11-06,16,Mon
33934,15,1,37,265,2017-11-08 13:52:25,0,11/8/2017 13:52:25,2017-11-08,13,Wed
122736,15,1,37,265,2017-11-07 3:36:43,0,11/7/2017 3:36:43,2017-11-07,3,Tue
122593,11,1,13,319,2017-11-07 13:37:09,0,11/7/2017 13:37:09,2017-11-07,13,Tue
4019,12,1,13,265,2017-11-08 17:33:34,0,11/8/2017 17:33:34,2017-11-08,17,Wed
95570,12,1,17,265,2017-11-09 0:42:13,0,11/9/2017 0:42:13,2017-11-09,0,Thu
11133,3,1,6,173,2017-11-09 6:54:39,0,11/9/2017 6:54:39,2017-11-09,6,Thu
43834,3,1,8,280,2017-11-08 0:34:46,0,11/8/2017 0:34:46,2017-11-08,0,Wed
105433,2,2,32,205,2017-11-09 12:59:15,0,11/9/2017 12:59:15,2017-11-09,12,Thu
100176,9,1,58,232,2017-11-07 18:13:58,0,11/7/2017 18:13:58,2017-11-07,18,Tue
100275,25,1,3,259,2017-11-06 16:24:22,0,11/6/2017 16:24:22,2017-11-06,16,Mon
50028,9,1,17,445,2017-11-07 5:39:30,0,11/7/2017 5:39:30,2017-11-07,5,Tue
71117,1,1,13,115,2017-11-08 8:48:22,0,11/8/2017 8:48:22,2017-11-08,8,Wed
37262,3,1,37,466,2017-11-09 7:46:02,0,11/9/2017 7:46:02,2017-11-09,7,Thu
53651,22,1,14,116,2017-11-09 2:31:59,0,11/9/2017 2:31:59,2017-11-09,2,Thu
333092,3,1,17,130,2017-11-09 1:12:13,0,11/9/2017 1:12:13,2017-11-09,1,Thu
94117,12,1,41,105,2017-11-09 4:40:37,0,11/9/2017 4:40:37,2017-11-09,4,Thu
109734,26,1,41,121,2017-11-07 4:51:03,0,11/7/2017 4:51:03,2017-11-07,4,Tue
2208,3,1,19,280,2017-11-08 13:32:29,0,11/8/2017 13:32:29,2017-11-08,13,Wed
158559,12,1,10,265,2017-11-08 8:13:32,0,11/8/2017 8:13:32,2017-11-08,8,Wed
234660,15,1,13,265,2017-11-08 9:09:24,0,11/8/2017 9:09:24,2017-11-08,9,Wed
53960,2,1,43,205,2017-11-08 23:01:59,0,11/8/2017 23:01:59,2017-11-08,23,Wed
50131,11,1,17,137,2017-11-09 5:11:21,0,11/9/2017 5:11:21,2017-11-09,5,Thu
80488,12,1,15,265,2017-11-09 7:20:52,0,11/9/2017 7:20:52,2017-11-09,7,Thu
48240,3,1,10,19,2017-11-06 23:45:34,0,11/6/2017 23:45:34,2017-11-06,23,Mon
5954,3,1,30,211,2017-11-08 11:50:09,0,11/8/2017 11:50:09,2017-11-08,11,Wed
228706,12,1,13,265,2017-11-08 7:12:18,0,11/8/2017 7:12:18,2017-11-08,7,Wed
80219,7,1,18,101,2017-11-09 2:35:53,0,11/9/2017 2:35:53,2017-11-09,2,Thu
77399,18,1,19,107,2017-11-08 11:31:34,0,11/8/2017 11:31:34,2017-11-08,11,Wed
34985,3,1,19,115,2017-11-08 11:07:19,0,11/8/2017 11:07:19,2017-11-08,11,Wed
18942,14,1,8,379,2017-11-09 5:08:47,0,11/9/2017 5:08:47,2017-11-09,5,Thu
5574,26,1,3,121,2017-11-06 16:09:50,0,11/6/2017 16:09:50,2017-11-06,16,Mon
39421,9,1,17,215,2017-11-06 16:08:41,0,11/6/2017 16:08:41,2017-11-06,16,Mon
5314,12,1,13,265,2017-11-07 12:58:38,0,11/7/2017 12:58:38,2017-11-07,12,Tue
15114,15,1,53,245,2017-11-07 18:31:46,0,11/7/2017 18:31:46,2017-11-07,18,Tue
8848,2,1,17,243,2017-11-07 21:55:07,0,11/7/2017 21:55:07,2017-11-07,21,Tue
67585,12,1,19,409,2017-11-09 2:44:35,0,11/9/2017 2:44:35,2017-11-09,2,Thu
172960,15,1,19,265,2017-11-07 0:23:01,0,11/7/2017 0:23:01,2017-11-07,0,Tue
4052,14,1,16,134,2017-11-08 10:07:12,0,11/8/2017 10:07:12,2017-11-08,10,Wed
100393,18,1,30,107,2017-11-07 11:10:23,0,11/7/2017 11:10:23,2017-11-07,11,Tue
26643,3,2,19,115,2017-11-08 11:33:35,0,11/8/2017 11:33:35,2017-11-08,11,Wed
229712,15,1,22,111,2017-11-09 15:55:59,0,11/9/2017 15:55:59,2017-11-09,15,Thu
69665,9,1,19,466,2017-11-09 5:23:38,0,11/9/2017 5:23:38,2017-11-09,5,Thu
40001,11,1,13,219,2017-11-07 9:21:35,0,11/7/2017 9:21:35,2017-11-07,9,Tue
116740,21,1,13,128,2017-11-07 6:43:20,0,11/7/2017 6:43:20,2017-11-07,6,Tue
23086,2,1,19,469,2017-11-07 4:28:00,0,11/7/2017 4:28:00,2017-11-07,4,Tue
73610,12,1,18,497,2017-11-07 11:39:19,0,11/7/2017 11:39:19,2017-11-07,11,Tue
69449,12,1,13,245,2017-11-08 5:38:13,0,11/8/2017 5:38:13,2017-11-08,5,Wed
7088,9,1,16,445,2017-11-08 6:02:24,0,11/8/2017 6:02:24,2017-11-08,6,Wed
5348,2,1,9,477,2017-11-07 15:41:25,0,11/7/2017 15:41:25,2017-11-07,15,Tue
3743,9,1,18,107,2017-11-09 12:06:54,0,11/9/2017 12:06:54,2017-11-09,12,Thu
30151,3,1,40,417,2017-11-08 9:28:57,0,11/8/2017 9:28:57,2017-11-08,9,Wed
301960,12,1,13,259,2017-11-09 1:23:41,0,11/9/2017 1:23:41,2017-11-09,1,Thu
178873,1,1,6,125,2017-11-07 14:12:21,0,11/7/2017 14:12:21,2017-11-07,14,Tue
21660,9,1,13,134,2017-11-08 1:19:54,0,11/8/2017 1:19:54,2017-11-08,1,Wed
105061,15,1,19,130,2017-11-08 1:33:10,0,11/8/2017 1:33:10,2017-11-08,1,Wed
244689,5,1,22,377,2017-11-08 11:33:13,0,11/8/2017 11:33:13,2017-11-08,11,Wed
77346,3,1,10,280,2017-11-09 4:29:36,0,11/9/2017 4:29:36,2017-11-09,4,Thu
37255,15,1,12,140,2017-11-07 15:49:19,0,11/7/2017 15:49:19,2017-11-07,15,Tue
36728,27,1,19,122,2017-11-07 9:53:42,0,11/7/2017 9:53:42,2017-11-07,9,Tue
78787,2,1,18,219,2017-11-09 3:48:58,0,11/9/2017 3:48:58,2017-11-09,3,Thu
222475,12,1,15,497,2017-11-08 8:10:56,0,11/8/2017 8:10:56,2017-11-08,8,Wed
88018,18,1,14,439,2017-11-09 0:28:05,0,11/9/2017 0:28:05,2017-11-09,0,Thu
162378,1,1,3,153,2017-11-09 5:22:11,0,11/9/2017 5:22:11,2017-11-09,5,Thu
39220,3,1,13,280,2017-11-07 0:48:03,0,11/7/2017 0:48:03,2017-11-07,0,Tue
113350,8,1,17,145,2017-11-09 10:27:41,0,11/9/2017 10:27:41,2017-11-09,10,Thu
195042,3,1,6,442,2017-11-07 7:47:24,0,11/7/2017 7:47:24,2017-11-07,7,Tue
107932,15,1,10,245,2017-11-07 1:37:52,0,11/7/2017 1:37:52,2017-11-07,1,Tue
81121,12,1,18,265,2017-11-07 5:40:40,0,11/7/2017 5:40:40,2017-11-07,5,Tue
4126,8,1,23,145,2017-11-09 6:42:00,0,11/9/2017 6:42:00,2017-11-09,6,Thu
183284,12,1,13,265,2017-11-07 0:41:31,0,11/7/2017 0:41:31,2017-11-07,0,Tue
27482,18,1,22,107,2017-11-09 0:25:26,0,11/9/2017 0:25:26,2017-11-09,0,Thu
193346,3,1,13,205,2017-11-09 12:37:45,0,11/9/2017 12:37:45,2017-11-09,12,Thu
48212,64,1,13,459,2017-11-09 4:14:51,0,11/9/2017 4:14:51,2017-11-09,4,Thu
114655,2,1,22,237,2017-11-07 3:07:42,0,11/7/2017 3:07:42,2017-11-07,3,Tue
84477,23,1,10,153,2017-11-07 5:36:15,0,11/7/2017 5:36:15,2017-11-07,5,Tue
203803,18,1,18,121,2017-11-07 15:26:30,0,11/7/2017 15:26:30,2017-11-07,15,Tue
5785,14,1,22,360,2017-11-07 0:14:23,0,11/7/2017 0:14:23,2017-11-07,0,Tue
73954,12,1,15,265,2017-11-08 8:39:03,0,11/8/2017 8:39:03,2017-11-08,8,Wed
35538,47,1,49,484,2017-11-09 11:38:27,0,11/9/2017 11:38:27,2017-11-09,11,Thu
114235,14,1,27,118,2017-11-08 2:32:47,0,11/8/2017 2:32:47,2017-11-08,2,Wed
84774,2,1,19,237,2017-11-08 12:17:20,0,11/8/2017 12:17:20,2017-11-08,12,Wed
152714,6,1,10,125,2017-11-08 12:46:48,0,11/8/2017 12:46:48,2017-11-08,12,Wed
55846,2,1,18,237,2017-11-08 2:14:35,0,11/8/2017 2:14:35,2017-11-08,2,Wed
13104,3,1,19,480,2017-11-08 23:41:37,0,11/8/2017 23:41:37,2017-11-08,23,Wed
69260,12,1,13,409,2017-11-08 15:56:08,0,11/8/2017 15:56:08,2017-11-08,15,Wed
86479,3,1,13,480,2017-11-08 1:12:07,0,11/8/2017 1:12:07,2017-11-08,1,Wed
66824,3,1,19,137,2017-11-09 10:35:26,0,11/9/2017 10:35:26,2017-11-09,10,Thu
78672,9,1,37,253,2017-11-08 2:17:02,0,11/8/2017 2:17:02,2017-11-08,2,Wed
155197,14,1,19,489,2017-11-06 17:09:24,0,11/6/2017 17:09:24,2017-11-06,17,Mon
9868,3,1,13,480,2017-11-08 2:47:45,0,11/8/2017 2:47:45,2017-11-08,2,Wed
38265,3,1,13,211,2017-11-08 23:39:31,0,11/8/2017 23:39:31,2017-11-08,23,Wed
119349,14,1,8,356,2017-11-09 12:03:59,0,11/9/2017 12:03:59,2017-11-09,12,Thu
41526,6,1,15,459,2017-11-08 7:02:11,0,11/8/2017 7:02:11,2017-11-08,7,Wed
8297,12,1,13,265,2017-11-09 11:32:39,0,11/9/2017 11:32:39,2017-11-09,11,Thu
295203,1,1,13,115,2017-11-08 23:49:40,0,11/8/2017 23:49:40,2017-11-08,23,Wed
63483,12,1,25,19,2017-11-09 6:53:25,0,11/9/2017 6:53:25,2017-11-09,6,Thu
308464,8,1,6,145,2017-11-09 4:03:20,0,11/9/2017 4:03:20,2017-11-09,4,Thu
20362,7,1,27,101,2017-11-09 10:41:10,0,11/9/2017 10:41:10,2017-11-09,10,Thu
247279,9,2,65,234,2017-11-07 22:53:16,0,11/7/2017 22:53:16,2017-11-07,22,Tue
16155,27,1,13,122,2017-11-09 4:23:15,0,11/9/2017 4:23:15,2017-11-09,4,Thu
60355,12,1,23,259,2017-11-09 4:21:55,0,11/9/2017 4:21:55,2017-11-09,4,Thu
63981,3,1,13,280,2017-11-08 7:48:18,0,11/8/2017 7:48:18,2017-11-08,7,Wed
37375,3,1,13,280,2017-11-08 7:18:22,0,11/8/2017 7:18:22,2017-11-08,7,Wed
32290,19,0,50,347,2017-11-07 23:49:42,0,11/7/2017 23:49:42,2017-11-07,23,Tue
23589,14,1,19,489,2017-11-09 0:31:44,0,11/9/2017 0:31:44,2017-11-09,0,Thu
114220,8,1,19,145,2017-11-07 14:35:54,0,11/7/2017 14:35:54,2017-11-07,14,Tue
15572,12,1,1,265,2017-11-07 16:35:45,0,11/7/2017 16:35:45,2017-11-07,16,Tue
13634,18,1,20,134,2017-11-07 17:30:51,0,11/7/2017 17:30:51,2017-11-07,17,Tue
36213,2,2,12,205,2017-11-09 11:27:46,0,11/9/2017 11:27:46,2017-11-09,11,Thu
93155,2,1,13,435,2017-11-07 10:37:21,0,11/7/2017 10:37:21,2017-11-07,10,Tue
19507,12,1,13,245,2017-11-07 10:16:07,0,11/7/2017 10:16:07,2017-11-07,10,Tue
85644,2,1,37,219,2017-11-07 9:59:11,0,11/7/2017 9:59:11,2017-11-07,9,Tue
357753,2,1,15,435,2017-11-08 22:25:54,0,11/8/2017 22:25:54,2017-11-08,22,Wed
35007,64,1,12,459,2017-11-07 7:13:31,0,11/7/2017 7:13:31,2017-11-07,7,Tue
20081,2,1,19,401,2017-11-07 16:09:15,0,11/7/2017 16:09:15,2017-11-07,16,Tue
28420,9,1,19,134,2017-11-07 16:32:36,0,11/7/2017 16:32:36,2017-11-07,16,Tue
53929,8,1,15,145,2017-11-07 1:42:21,0,11/7/2017 1:42:21,2017-11-07,1,Tue
41082,9,2,10,334,2017-11-07 12:40:13,0,11/7/2017 12:40:13,2017-11-07,12,Tue
5306,18,1,22,134,2017-11-09 0:02:57,0,11/9/2017 0:02:57,2017-11-09,0,Thu
69449,15,1,18,412,2017-11-08 4:51:39,0,11/8/2017 4:51:39,2017-11-08,4,Wed
95766,2,1,6,477,2017-11-07 13:42:41,0,11/7/2017 13:42:41,2017-11-07,13,Tue
93065,12,1,47,140,2017-11-07 14:06:17,0,11/7/2017 14:06:17,2017-11-07,14,Tue
49006,9,1,19,489,2017-11-09 5:12:31,0,11/9/2017 5:12:31,2017-11-09,5,Thu
32663,18,1,15,107,2017-11-08 0:45:34,0,11/8/2017 0:45:34,2017-11-08,0,Wed
95766,14,1,22,379,2017-11-09 5:56:53,0,11/9/2017 5:56:53,2017-11-09,5,Thu
84900,12,1,19,481,2017-11-09 14:16:52,0,11/9/2017 14:16:52,2017-11-09,14,Thu
32115,12,1,17,265,2017-11-07 18:46:47,0,11/7/2017 18:46:47,2017-11-07,18,Tue
27607,14,1,9,401,2017-11-06 17:04:20,0,11/6/2017 17:04:20,2017-11-06,17,Mon
25679,2,1,19,205,2017-11-09 14:09:13,0,11/9/2017 14:09:13,2017-11-09,14,Thu
64268,9,1,19,258,2017-11-08 8:45:33,0,11/8/2017 8:45:33,2017-11-08,8,Wed
168650,3,1,19,489,2017-11-08 6:48:57,0,11/8/2017 6:48:57,2017-11-08,6,Wed
117033,3,1,22,211,2017-11-07 1:28:18,0,11/7/2017 1:28:18,2017-11-07,1,Tue
17231,2,1,19,469,2017-11-07 10:53:22,0,11/7/2017 10:53:22,2017-11-07,10,Tue
105932,2,2,13,364,2017-11-06 17:08:28,0,11/6/2017 17:08:28,2017-11-06,17,Mon
64194,15,1,14,140,2017-11-07 1:27:22,0,11/7/2017 1:27:22,2017-11-07,1,Tue
192879,15,1,19,265,2017-11-07 4:50:49,0,11/7/2017 4:50:49,2017-11-07,4,Tue
53664,3,1,15,489,2017-11-08 7:59:02,0,11/8/2017 7:59:02,2017-11-08,7,Wed
98424,14,1,17,463,2017-11-08 6:09:55,0,11/8/2017 6:09:55,2017-11-08,6,Wed
121994,3,1,58,115,2017-11-09 11:21:01,0,11/9/2017 11:21:01,2017-11-09,11,Thu
34980,26,1,19,477,2017-11-08 14:47:04,0,11/8/2017 14:47:04,2017-11-08,14,Wed
14809,9,1,32,466,2017-11-09 14:17:27,0,11/9/2017 14:17:27,2017-11-09,14,Thu
113326,20,1,19,478,2017-11-09 11:47:50,0,11/9/2017 11:47:50,2017-11-09,11,Thu
173152,46,0,24,347,2017-11-07 8:06:00,0,11/7/2017 8:06:00,2017-11-07,8,Tue
178873,2,1,15,205,2017-11-08 11:37:19,0,11/8/2017 11:37:19,2017-11-08,11,Wed
113276,3,1,19,280,2017-11-07 13:52:32,0,11/7/2017 13:52:32,2017-11-07,13,Tue
175316,9,1,41,234,2017-11-08 17:43:06,0,11/8/2017 17:43:06,2017-11-08,17,Wed
108942,18,1,19,107,2017-11-06 18:31:27,0,11/6/2017 18:31:27,2017-11-06,18,Mon
34450,14,1,32,442,2017-11-07 15:00:37,0,11/7/2017 15:00:37,2017-11-07,15,Tue
2572,13,1,28,477,2017-11-08 0:10:35,0,11/8/2017 0:10:35,2017-11-08,0,Wed
14737,3,1,19,280,2017-11-08 0:38:01,0,11/8/2017 0:38:01,2017-11-08,0,Wed
195400,14,1,19,134,2017-11-07 1:40:32,0,11/7/2017 1:40:32,2017-11-07,1,Tue
87556,14,1,13,401,2017-11-07 23:49:51,0,11/7/2017 23:49:51,2017-11-07,23,Tue
55891,3,1,18,480,2017-11-07 5:45:27,0,11/7/2017 5:45:27,2017-11-07,5,Tue
5178,18,1,19,134,2017-11-09 6:02:31,0,11/9/2017 6:02:31,2017-11-09,6,Thu
121339,26,1,17,477,2017-11-09 12:04:20,0,11/9/2017 12:04:20,2017-11-09,12,Thu
67606,3,1,14,153,2017-11-08 2:38:08,0,11/8/2017 2:38:08,2017-11-08,2,Wed
5314,27,1,19,153,2017-11-07 14:27:11,0,11/7/2017 14:27:11,2017-11-07,14,Tue
16188,19,0,21,213,2017-11-09 15:04:12,1,11/9/2017 15:04:12,2017-11-09,15,Thu
105612,3,1,19,280,2017-11-09 3:01:42,0,11/9/2017 3:01:42,2017-11-09,3,Thu
82843,9,1,22,134,2017-11-08 23:32:05,0,11/8/2017 23:32:05,2017-11-08,23,Wed
129882,3,1,19,280,2017-11-08 13:18:42,0,11/8/2017 13:18:42,2017-11-08,13,Wed
86767,28,1,18,135,2017-11-07 13:26:33,0,11/7/2017 13:26:33,2017-11-07,13,Tue
152056,12,1,13,205,2017-11-07 4:59:43,0,11/7/2017 4:59:43,2017-11-07,4,Tue
125460,23,1,20,479,2017-11-06 22:48:57,0,11/6/2017 22:48:57,2017-11-06,22,Mon
28501,26,1,13,121,2017-11-09 10:45:02,0,11/9/2017 10:45:02,2017-11-09,10,Thu
95063,3,1,35,280,2017-11-09 3:39:43,0,11/9/2017 3:39:43,2017-11-09,3,Thu
54841,12,1,20,277,2017-11-08 0:48:38,0,11/8/2017 0:48:38,2017-11-08,0,Wed
18466,3,1,13,137,2017-11-07 2:51:45,0,11/7/2017 2:51:45,2017-11-07,2,Tue
53670,3,1,17,280,2017-11-09 6:43:28,0,11/9/2017 6:43:28,2017-11-09,6,Thu
10456,2,1,17,236,2017-11-07 4:04:37,0,11/7/2017 4:04:37,2017-11-07,4,Tue
75634,12,1,19,245,2017-11-08 2:52:35,0,11/8/2017 2:52:35,2017-11-08,2,Wed
10527,15,1,19,245,2017-11-09 5:22:39,0,11/9/2017 5:22:39,2017-11-09,5,Thu
111025,18,1,19,107,2017-11-08 13:14:16,0,11/8/2017 13:14:16,2017-11-08,13,Wed
18246,12,1,19,178,2017-11-08 5:59:04,0,11/8/2017 5:59:04,2017-11-08,5,Wed
135364,9,1,13,489,2017-11-07 8:52:54,0,11/7/2017 8:52:54,2017-11-07,8,Tue
62036,3,1,13,409,2017-11-08 1:11:38,0,11/8/2017 1:11:38,2017-11-08,1,Wed
38300,2,1,22,237,2017-11-08 4:55:16,0,11/8/2017 4:55:16,2017-11-08,4,Wed
33060,23,1,12,153,2017-11-07 14:01:42,0,11/7/2017 14:01:42,2017-11-07,14,Tue
79049,2,1,15,205,2017-11-09 12:49:48,0,11/9/2017 12:49:48,2017-11-09,12,Thu
36052,12,1,17,145,2017-11-07 5:41:00,0,11/7/2017 5:41:00,2017-11-07,5,Tue
127986,1,1,6,452,2017-11-08 2:14:07,0,11/8/2017 2:14:07,2017-11-08,2,Wed
33110,3,1,2,280,2017-11-09 1:48:14,0,11/9/2017 1:48:14,2017-11-09,1,Thu
45213,14,1,57,224,2017-11-08 10:53:33,0,11/8/2017 10:53:33,2017-11-08,10,Wed
72951,12,1,14,245,2017-11-08 13:01:39,0,11/8/2017 13:01:39,2017-11-08,13,Wed
48569,12,1,13,409,2017-11-09 1:31:33,0,11/9/2017 1:31:33,2017-11-09,1,Thu
100245,3,1,42,205,2017-11-07 9:13:24,0,11/7/2017 9:13:24,2017-11-07,9,Tue
124938,2,1,13,477,2017-11-07 3:50:48,0,11/7/2017 3:50:48,2017-11-07,3,Tue
13597,15,1,37,379,2017-11-07 10:40:30,0,11/7/2017 10:40:30,2017-11-07,10,Tue
4052,13,1,19,477,2017-11-07 14:02:33,0,11/7/2017 14:02:33,2017-11-07,14,Tue
114276,12,1,19,328,2017-11-07 14:50:04,0,11/7/2017 14:50:04,2017-11-07,14,Tue
21065,3,1,22,205,2017-11-06 23:20:36,0,11/6/2017 23:20:36,2017-11-06,23,Mon
120709,14,1,18,463,2017-11-07 5:12:54,0,11/7/2017 5:12:54,2017-11-07,5,Tue
110296,12,1,13,140,2017-11-07 9:23:32,0,11/7/2017 9:23:32,2017-11-07,9,Tue
288989,1,1,13,115,2017-11-08 18:12:01,0,11/8/2017 18:12:01,2017-11-08,18,Wed
10074,3,1,13,280,2017-11-07 6:46:58,0,11/7/2017 6:46:58,2017-11-07,6,Tue
29107,1,1,40,134,2017-11-08 13:36:23,0,11/8/2017 13:36:23,2017-11-08,13,Wed
23616,18,1,1,107,2017-11-07 0:37:07,0,11/7/2017 0:37:07,2017-11-07,0,Tue
28652,15,1,25,386,2017-11-07 9:06:17,0,11/7/2017 9:06:17,2017-11-07,9,Tue
4330,3,1,19,452,2017-11-09 1:13:18,0,11/9/2017 1:13:18,2017-11-09,1,Thu
105560,2,2,19,243,2017-11-07 9:44:55,0,11/7/2017 9:44:55,2017-11-07,9,Tue
68776,12,1,27,245,2017-11-08 7:28:12,0,11/8/2017 7:28:12,2017-11-08,7,Wed
62109,3,1,13,280,2017-11-08 1:03:40,0,11/8/2017 1:03:40,2017-11-08,1,Wed
64393,18,1,4,439,2017-11-08 23:32:30,0,11/8/2017 23:32:30,2017-11-08,23,Wed
363653,3,1,6,182,2017-11-09 10:07:41,0,11/9/2017 10:07:41,2017-11-09,10,Thu
26814,266,3866,866,347,2017-11-09 11:48:15,0,11/9/2017 11:48:15,2017-11-09,11,Thu
107527,18,1,22,121,2017-11-08 13:51:16,0,11/8/2017 13:51:16,2017-11-08,13,Wed
17077,3,1,19,137,2017-11-07 22:29:28,0,11/7/2017 22:29:28,2017-11-07,22,Tue
92668,11,1,15,137,2017-11-09 6:22:50,0,11/9/2017 6:22:50,2017-11-09,6,Thu
30614,9,2,13,334,2017-11-08 9:11:56,0,11/8/2017 9:11:56,2017-11-08,9,Wed
115748,13,1,10,477,2017-11-07 5:46:51,0,11/7/2017 5:46:51,2017-11-07,5,Tue
30720,12,1,19,259,2017-11-06 16:52:52,0,11/6/2017 16:52:52,2017-11-06,16,Mon
46755,12,1,17,265,2017-11-09 4:37:12,0,11/9/2017 4:37:12,2017-11-09,4,Thu
109009,2,1,42,435,2017-11-09 4:30:02,0,11/9/2017 4:30:02,2017-11-09,4,Thu
26361,27,1,13,122,2017-11-08 23:55:36,0,11/8/2017 23:55:36,2017-11-08,23,Wed
18649,2,1,17,435,2017-11-07 4:37:57,0,11/7/2017 4:37:57,2017-11-07,4,Tue
85489,12,1,19,178,2017-11-07 12:03:39,0,11/7/2017 12:03:39,2017-11-07,12,Tue
31054,12,1,14,245,2017-11-09 4:33:35,0,11/9/2017 4:33:35,2017-11-09,4,Thu
5147,1,1,41,135,2017-11-07 8:10:34,0,11/7/2017 8:10:34,2017-11-07,8,Tue
103527,21,1,13,128,2017-11-09 6:40:38,0,11/9/2017 6:40:38,2017-11-09,6,Thu
43692,2,1,19,435,2017-11-07 1:12:11,0,11/7/2017 1:12:11,2017-11-07,1,Tue
103411,3,2,19,137,2017-11-09 15:42:35,0,11/9/2017 15:42:35,2017-11-09,15,Thu
50897,3,1,19,280,2017-11-08 13:19:08,0,11/8/2017 13:19:08,2017-11-08,13,Wed
151929,3,1,19,115,2017-11-09 7:54:18,0,11/9/2017 7:54:18,2017-11-09,7,Thu
76488,26,1,3,121,2017-11-08 22:21:10,0,11/8/2017 22:21:10,2017-11-08,22,Wed
100485,12,1,13,178,2017-11-07 10:22:32,0,11/7/2017 10:22:32,2017-11-07,10,Tue
51299,2,1,25,237,2017-11-07 4:11:41,0,11/7/2017 4:11:41,2017-11-07,4,Tue
59295,2,1,10,219,2017-11-08 6:33:13,0,11/8/2017 6:33:13,2017-11-08,6,Wed
99897,12,1,13,19,2017-11-09 1:20:10,0,11/9/2017 1:20:10,2017-11-09,1,Thu
69710,15,1,19,130,2017-11-08 6:07:34,0,11/8/2017 6:07:34,2017-11-08,6,Wed
156240,24,1,16,105,2017-11-07 13:23:32,0,11/7/2017 13:23:32,2017-11-07,13,Tue
206406,15,1,19,245,2017-11-07 15:53:11,0,11/7/2017 15:53:11,2017-11-07,15,Tue
360276,2,1,19,237,2017-11-09 1:53:52,0,11/9/2017 1:53:52,2017-11-09,1,Thu
79555,18,1,20,107,2017-11-09 14:31:04,0,11/9/2017 14:31:04,2017-11-09,14,Thu
129477,21,1,13,128,2017-11-07 9:14:59,0,11/7/2017 9:14:59,2017-11-07,9,Tue
100275,8,1,19,145,2017-11-06 16:02:05,0,11/6/2017 16:02:05,2017-11-06,16,Mon
133331,3,1,19,489,2017-11-06 16:02:18,0,11/6/2017 16:02:18,2017-11-06,16,Mon
118756,3,1,19,19,2017-11-09 7:00:29,0,11/9/2017 7:00:29,2017-11-09,7,Thu
206220,6,1,15,459,2017-11-07 14:57:51,0,11/7/2017 14:57:51,2017-11-07,14,Tue
89981,15,1,20,245,2017-11-07 11:59:14,0,11/7/2017 11:59:14,2017-11-07,11,Tue
25695,3,1,20,280,2017-11-07 3:42:29,0,11/7/2017 3:42:29,2017-11-07,3,Tue
126042,17,1,8,280,2017-11-07 4:19:59,0,11/7/2017 4:19:59,2017-11-07,4,Tue
48395,3,1,16,280,2017-11-08 9:20:04,0,11/8/2017 9:20:04,2017-11-08,9,Wed
74847,18,1,13,107,2017-11-08 13:06:32,0,11/8/2017 13:06:32,2017-11-08,13,Wed
281929,3,1,19,280,2017-11-08 0:20:22,0,11/8/2017 0:20:22,2017-11-08,0,Wed
59043,12,1,19,481,2017-11-09 7:03:22,0,11/9/2017 7:03:22,2017-11-09,7,Thu
18848,15,1,18,153,2017-11-08 17:13:06,0,11/8/2017 17:13:06,2017-11-08,17,Wed
50924,9,1,19,232,2017-11-08 17:19:05,0,11/8/2017 17:19:05,2017-11-08,17,Wed
14615,15,1,13,245,2017-11-07 3:01:06,0,11/7/2017 3:01:06,2017-11-07,3,Tue
103301,11,1,13,487,2017-11-09 5:56:10,0,11/9/2017 5:56:10,2017-11-09,5,Thu
76855,12,1,19,205,2017-11-07 14:01:44,0,11/7/2017 14:01:44,2017-11-07,14,Tue
17329,12,1,18,265,2017-11-06 22:36:12,0,11/6/2017 22:36:12,2017-11-06,22,Mon
110168,25,1,3,259,2017-11-07 7:17:49,0,11/7/2017 7:17:49,2017-11-07,7,Tue
82816,14,1,16,463,2017-11-07 14:35:31,0,11/7/2017 14:35:31,2017-11-07,14,Tue
92506,15,1,22,245,2017-11-08 3:53:13,0,11/8/2017 3:53:13,2017-11-08,3,Wed
188093,3,1,13,280,2017-11-07 15:36:27,0,11/7/2017 15:36:27,2017-11-07,15,Tue
191922,2,1,19,122,2017-11-06 17:24:15,0,11/6/2017 17:24:15,2017-11-06,17,Mon
77266,9,1,19,107,2017-11-09 6:31:27,0,11/9/2017 6:31:27,2017-11-09,6,Thu
15565,12,1,20,245,2017-11-08 0:04:36,0,11/8/2017 0:04:36,2017-11-08,0,Wed
50164,15,1,18,412,2017-11-07 13:34:36,0,11/7/2017 13:34:36,2017-11-07,13,Tue
42103,12,1,22,245,2017-11-08 0:07:02,0,11/8/2017 0:07:02,2017-11-08,0,Wed
5178,2,1,6,237,2017-11-07 4:28:47,0,11/7/2017 4:28:47,2017-11-07,4,Tue
78950,12,1,19,259,2017-11-06 22:11:34,0,11/6/2017 22:11:34,2017-11-06,22,Mon
84460,14,1,19,480,2017-11-08 6:55:17,0,11/8/2017 6:55:17,2017-11-08,6,Wed
78124,19,0,29,213,2017-11-07 4:05:27,0,11/7/2017 4:05:27,2017-11-07,4,Tue
73516,12,2,42,326,2017-11-06 18:39:10,0,11/6/2017 18:39:10,2017-11-06,18,Mon
31785,11,1,13,487,2017-11-08 5:22:14,0,11/8/2017 5:22:14,2017-11-08,5,Wed
32511,6,1,19,125,2017-11-07 12:14:53,0,11/7/2017 12:14:53,2017-11-07,12,Tue
95837,14,1,19,134,2017-11-07 11:37:24,0,11/7/2017 11:37:24,2017-11-07,11,Tue
111830,9,1,25,134,2017-11-09 15:56:56,0,11/9/2017 15:56:56,2017-11-09,15,Thu
52052,9,1,19,466,2017-11-07 15:06:14,0,11/7/2017 15:06:14,2017-11-07,15,Tue
92544,12,1,19,205,2017-11-08 9:02:15,0,11/8/2017 9:02:15,2017-11-08,9,Wed
16984,25,1,11,259,2017-11-07 12:11:08,0,11/7/2017 12:11:08,2017-11-07,12,Tue
18439,18,1,25,107,2017-11-07 9:52:57,0,11/7/2017 9:52:57,2017-11-07,9,Tue
195974,12,1,19,212,2017-11-08 7:25:03,0,11/8/2017 7:25:03,2017-11-08,7,Wed
85901,26,1,17,266,2017-11-08 10:24:57,0,11/8/2017 10:24:57,2017-11-08,10,Wed
87073,3,1,15,130,2017-11-08 1:04:01,0,11/8/2017 1:04:01,2017-11-08,1,Wed
124166,12,1,19,140,2017-11-08 1:34:06,0,11/8/2017 1:34:06,2017-11-08,1,Wed
9177,3,1,22,442,2017-11-09 12:16:38,0,11/9/2017 12:16:38,2017-11-09,12,Thu
41172,15,1,19,3,2017-11-08 11:26:25,0,11/8/2017 11:26:25,2017-11-08,11,Wed
52278,9,1,22,215,2017-11-08 5:59:14,0,11/8/2017 5:59:14,2017-11-08,5,Wed
57849,8,2,28,259,2017-11-07 10:41:51,0,11/7/2017 10:41:51,2017-11-07,10,Tue
14112,11,1,13,487,2017-11-09 7:04:25,0,11/9/2017 7:04:25,2017-11-09,7,Thu
1909,15,1,13,245,2017-11-07 8:12:31,0,11/7/2017 8:12:31,2017-11-07,8,Tue
216665,12,1,13,245,2017-11-08 10:18:51,0,11/8/2017 10:18:51,2017-11-08,10,Wed
88080,14,1,18,134,2017-11-09 7:05:23,0,11/9/2017 7:05:23,2017-11-09,7,Thu
41392,3,1,22,480,2017-11-08 14:28:42,0,11/8/2017 14:28:42,2017-11-08,14,Wed
52710,15,1,13,245,2017-11-07 22:24:26,0,11/7/2017 22:24:26,2017-11-07,22,Tue
56257,2,1,2,477,2017-11-08 8:36:25,0,11/8/2017 8:36:25,2017-11-08,8,Wed
81138,2,1,40,477,2017-11-09 7:12:41,0,11/9/2017 7:12:41,2017-11-09,7,Thu
87000,15,1,35,245,2017-11-07 16:25:31,0,11/7/2017 16:25:31,2017-11-07,16,Tue
33694,12,1,6,245,2017-11-07 12:51:31,0,11/7/2017 12:51:31,2017-11-07,12,Tue
100502,15,1,17,265,2017-11-07 8:30:29,0,11/7/2017 8:30:29,2017-11-07,8,Tue
223223,3,1,17,280,2017-11-08 13:47:02,0,11/8/2017 13:47:02,2017-11-08,13,Wed
25616,18,1,32,107,2017-11-08 12:54:25,0,11/8/2017 12:54:25,2017-11-08,12,Wed
238986,18,1,13,121,2017-11-09 10:56:56,0,11/9/2017 10:56:56,2017-11-09,10,Thu
48282,3,1,19,30,2017-11-09 13:39:28,0,11/9/2017 13:39:28,2017-11-09,13,Thu
64815,15,1,13,386,2017-11-08 13:52:11,0,11/8/2017 13:52:11,2017-11-08,13,Wed
81598,27,1,31,153,2017-11-08 8:12:29,0,11/8/2017 8:12:29,2017-11-08,8,Wed
65793,14,1,19,118,2017-11-09 3:43:02,0,11/9/2017 3:43:02,2017-11-09,3,Thu
77943,12,1,18,205,2017-11-07 5:32:35,0,11/7/2017 5:32:35,2017-11-07,5,Tue
85065,2,1,9,377,2017-11-09 14:33:16,0,11/9/2017 14:33:16,2017-11-09,14,Thu
45868,12,1,22,178,2017-11-07 3:45:12,0,11/7/2017 3:45:12,2017-11-07,3,Tue
78616,3,1,19,371,2017-11-09 7:37:03,0,11/9/2017 7:37:03,2017-11-09,7,Thu
172923,3,1,18,280,2017-11-08 16:07:24,0,11/8/2017 16:07:24,2017-11-08,16,Wed
101863,3,1,19,280,2017-11-09 3:08:46,0,11/9/2017 3:08:46,2017-11-09,3,Thu
5328,21,1,17,128,2017-11-06 16:08:13,0,11/6/2017 16:08:13,2017-11-06,16,Mon
2976,12,1,18,242,2017-11-08 6:46:05,0,11/8/2017 6:46:05,2017-11-08,6,Wed
100182,11,1,19,137,2017-11-09 9:47:30,0,11/9/2017 9:47:30,2017-11-09,9,Thu
73238,64,1,13,459,2017-11-08 15:21:19,0,11/8/2017 15:21:19,2017-11-08,15,Wed
189635,2,1,13,236,2017-11-07 4:36:47,0,11/7/2017 4:36:47,2017-11-07,4,Tue
28731,14,2,10,439,2017-11-08 11:48:23,0,11/8/2017 11:48:23,2017-11-08,11,Wed
55853,3,1,32,280,2017-11-08 6:05:43,0,11/8/2017 6:05:43,2017-11-08,6,Wed
53454,3,1,13,280,2017-11-08 14:08:04,0,11/8/2017 14:08:04,2017-11-08,14,Wed
168248,2,1,13,237,2017-11-09 14:20:31,0,11/9/2017 14:20:31,2017-11-09,14,Thu
11282,2,1,19,377,2017-11-09 12:25:48,0,11/9/2017 12:25:48,2017-11-09,12,Thu
113543,14,1,17,379,2017-11-09 13:00:15,0,11/9/2017 13:00:15,2017-11-09,13,Thu
119289,3,1,19,280,2017-11-09 10:32:09,0,11/9/2017 10:32:09,2017-11-09,10,Thu
117078,3,1,22,280,2017-11-07 2:24:49,0,11/7/2017 2:24:49,2017-11-07,2,Tue
119734,18,1,47,107,2017-11-08 9:33:37,0,11/8/2017 9:33:37,2017-11-08,9,Wed
71111,3,1,10,115,2017-11-08 0:14:33,0,11/8/2017 0:14:33,2017-11-08,0,Wed
50284,12,1,17,178,2017-11-07 13:20:20,0,11/7/2017 13:20:20,2017-11-07,13,Tue
105475,12,1,6,265,2017-11-08 16:11:40,0,11/8/2017 16:11:40,2017-11-08,16,Wed
165741,9,1,19,232,2017-11-07 0:41:04,0,11/7/2017 0:41:04,2017-11-07,0,Tue
68891,14,1,3,134,2017-11-08 2:55:31,0,11/8/2017 2:55:31,2017-11-08,2,Wed
170158,14,1,22,134,2017-11-08 16:19:03,0,11/8/2017 16:19:03,2017-11-08,16,Wed
17447,15,1,19,278,2017-11-08 11:14:03,0,11/8/2017 11:14:03,2017-11-08,11,Wed
7072,12,2,65,178,2017-11-07 14:29:20,0,11/7/2017 14:29:20,2017-11-07,14,Tue
206411,64,1,19,459,2017-11-07 1:56:12,0,11/7/2017 1:56:12,2017-11-07,1,Tue
346590,25,2,17,259,2017-11-09 13:55:52,0,11/9/2017 13:55:52,2017-11-09,13,Thu
45992,12,1,19,481,2017-11-08 1:08:56,0,11/8/2017 1:08:56,2017-11-08,1,Wed
81685,4,1,19,101,2017-11-09 15:20:42,0,11/9/2017 15:20:42,2017-11-09,15,Thu
45473,28,1,20,135,2017-11-08 5:56:33,0,11/8/2017 5:56:33,2017-11-08,5,Wed
92636,15,1,19,315,2017-11-07 10:00:20,0,11/7/2017 10:00:20,2017-11-07,10,Tue
81398,15,1,27,245,2017-11-08 13:59:16,0,11/8/2017 13:59:16,2017-11-08,13,Wed
48939,26,1,19,121,2017-11-08 7:40:14,0,11/8/2017 7:40:14,2017-11-08,7,Wed
102038,8,1,13,145,2017-11-09 9:35:54,0,11/9/2017 9:35:54,2017-11-09,9,Thu
125008,1,1,18,153,2017-11-09 14:00:20,0,11/9/2017 14:00:20,2017-11-09,14,Thu
24905,6,1,19,125,2017-11-09 14:55:04,0,11/9/2017 14:55:04,2017-11-09,14,Thu
113326,12,1,9,265,2017-11-07 9:42:06,0,11/7/2017 9:42:06,2017-11-07,9,Tue
156240,12,1,19,145,2017-11-07 5:17:57,0,11/7/2017 5:17:57,2017-11-07,5,Tue
323175,9,2,19,215,2017-11-09 14:12:22,0,11/9/2017 14:12:22,2017-11-09,14,Thu
71458,18,1,19,121,2017-11-08 17:02:12,0,11/8/2017 17:02:12,2017-11-08,17,Wed
34387,14,1,6,467,2017-11-08 16:09:12,0,11/8/2017 16:09:12,2017-11-08,16,Wed
58672,12,1,17,105,2017-11-07 9:33:53,0,11/7/2017 9:33:53,2017-11-07,9,Tue
111573,3,1,19,280,2017-11-08 14:10:56,0,11/8/2017 14:10:56,2017-11-08,14,Wed
102970,18,1,2,107,2017-11-08 12:23:04,0,11/8/2017 12:23:04,2017-11-08,12,Wed
40654,3,1,13,371,2017-11-07 1:46:23,0,11/7/2017 1:46:23,2017-11-07,1,Tue
89430,15,1,19,153,2017-11-08 1:50:18,0,11/8/2017 1:50:18,2017-11-08,1,Wed
46573,23,1,13,153,2017-11-09 15:10:59,0,11/9/2017 15:10:59,2017-11-09,15,Thu
73487,2,1,19,435,2017-11-09 4:14:29,0,11/9/2017 4:14:29,2017-11-09,4,Thu
93067,18,3032,607,107,2017-11-07 9:58:44,0,11/7/2017 9:58:44,2017-11-07,9,Tue
31616,18,1,4,376,2017-11-07 15:42:34,0,11/7/2017 15:42:34,2017-11-07,15,Tue
48057,15,1,25,245,2017-11-08 15:31:51,0,11/8/2017 15:31:51,2017-11-08,15,Wed
124166,15,1,6,245,2017-11-07 4:11:04,0,11/7/2017 4:11:04,2017-11-07,4,Tue
171073,3,1,3,417,2017-11-07 0:49:50,0,11/7/2017 0:49:50,2017-11-07,0,Tue
206243,12,1,6,481,2017-11-07 23:32:33,0,11/7/2017 23:32:33,2017-11-07,23,Tue
99809,18,1,16,121,2017-11-09 7:52:59,0,11/9/2017 7:52:59,2017-11-09,7,Thu
49462,2,1,25,236,2017-11-09 5:07:36,0,11/9/2017 5:07:36,2017-11-09,5,Thu
163593,64,1,19,459,2017-11-07 13:53:40,0,11/7/2017 13:53:40,2017-11-07,13,Tue
68333,3,1,6,442,2017-11-09 14:57:36,0,11/9/2017 14:57:36,2017-11-09,14,Thu
105215,13,1,27,400,2017-11-07 5:00:49,0,11/7/2017 5:00:49,2017-11-07,5,Tue
102918,14,1,18,134,2017-11-09 8:59:42,0,11/9/2017 8:59:42,2017-11-09,8,Thu
142067,12,1,13,481,2017-11-08 10:41:42,0,11/8/2017 10:41:42,2017-11-08,10,Wed
204260,12,1,6,178,2017-11-09 14:30:17,0,11/9/2017 14:30:17,2017-11-09,14,Thu
51740,9,1,13,334,2017-11-07 6:14:59,0,11/7/2017 6:14:59,2017-11-07,6,Tue
78446,15,1,19,245,2017-11-07 16:57:52,0,11/7/2017 16:57:52,2017-11-07,16,Tue
60854,15,1,19,245,2017-11-08 14:35:37,0,11/8/2017 14:35:37,2017-11-08,14,Wed
48282,2,1,3,435,2017-11-08 4:12:57,0,11/8/2017 4:12:57,2017-11-08,4,Wed
209897,3,1,34,115,2017-11-08 8:13:36,0,11/8/2017 8:13:36,2017-11-08,8,Wed
149120,12,1,13,328,2017-11-07 9:41:51,0,11/7/2017 9:41:51,2017-11-07,9,Tue
81453,15,1,6,315,2017-11-07 7:03:46,0,11/7/2017 7:03:46,2017-11-07,7,Tue
173091,9,1,19,134,2017-11-09 1:28:25,0,11/9/2017 1:28:25,2017-11-09,1,Thu
8210,2,2,22,205,2017-11-07 15:09:18,0,11/7/2017 15:09:18,2017-11-07,15,Tue
165408,2,1,3,122,2017-11-07 10:42:56,0,11/7/2017 10:42:56,2017-11-07,10,Tue
237884,13,1,9,477,2017-11-08 15:50:52,0,11/8/2017 15:50:52,2017-11-08,15,Wed
139435,13,1,13,477,2017-11-07 1:35:48,0,11/7/2017 1:35:48,2017-11-07,1,Tue
163607,19,0,24,347,2017-11-09 3:20:52,0,11/9/2017 3:20:52,2017-11-09,3,Thu
213532,2,1,8,469,2017-11-08 4:35:10,0,11/8/2017 4:35:10,2017-11-08,4,Wed
45522,19,0,0,213,2017-11-08 0:15:22,0,11/8/2017 0:15:22,2017-11-08,0,Wed
54587,12,1,13,178,2017-11-09 13:17:43,0,11/9/2017 13:17:43,2017-11-09,13,Thu
68965,26,1,20,121,2017-11-08 1:00:22,0,11/8/2017 1:00:22,2017-11-08,1,Wed
13338,3,1,37,280,2017-11-08 3:45:37,0,11/8/2017 3:45:37,2017-11-08,3,Wed
125050,3,1,40,280,2017-11-07 8:10:56,0,11/7/2017 8:10:56,2017-11-07,8,Tue
4977,13,1,44,469,2017-11-09 9:18:24,0,11/9/2017 9:18:24,2017-11-09,9,Thu
78289,2,1,19,236,2017-11-09 1:01:49,0,11/9/2017 1:01:49,2017-11-09,1,Thu
77295,13,1,17,469,2017-11-09 15:13:37,0,11/9/2017 15:13:37,2017-11-09,15,Thu
64322,12,1,28,245,2017-11-06 16:53:46,0,11/6/2017 16:53:46,2017-11-06,16,Mon
71575,18,1,32,439,2017-11-09 9:38:47,0,11/9/2017 9:38:47,2017-11-09,9,Thu
14074,12,1,3,259,2017-11-06 16:21:57,0,11/6/2017 16:21:57,2017-11-06,16,Mon
78500,12,1,13,178,2017-11-09 0:41:59,0,11/9/2017 0:41:59,2017-11-09,0,Thu
154155,12,1,13,265,2017-11-07 12:43:04,0,11/7/2017 12:43:04,2017-11-07,12,Tue
48656,6,1,43,459,2017-11-07 15:23:24,0,11/7/2017 15:23:24,2017-11-07,15,Tue
37935,21,1,20,232,2017-11-07 17:03:08,0,11/7/2017 17:03:08,2017-11-07,17,Tue
79352,2,1,18,212,2017-11-07 12:41:52,0,11/7/2017 12:41:52,2017-11-07,12,Tue
17321,2,1,13,477,2017-11-07 6:12:12,0,11/7/2017 6:12:12,2017-11-07,6,Tue
84725,15,1,13,265,2017-11-08 9:52:00,0,11/8/2017 9:52:00,2017-11-08,9,Wed
63189,14,1,13,442,2017-11-08 3:52:30,0,11/8/2017 3:52:30,2017-11-08,3,Wed
238590,2,1,19,122,2017-11-08 15:21:16,0,11/8/2017 15:21:16,2017-11-08,15,Wed
100275,15,1,13,245,2017-11-06 17:52:26,0,11/6/2017 17:52:26,2017-11-06,17,Mon
239820,11,1,13,219,2017-11-09 7:02:08,0,11/9/2017 7:02:08,2017-11-09,7,Thu
973,3,1,17,280,2017-11-09 7:10:30,0,11/9/2017 7:10:30,2017-11-09,7,Thu
179907,12,1,19,265,2017-11-07 8:03:30,0,11/7/2017 8:03:30,2017-11-07,8,Tue
9624,1,1,19,153,2017-11-07 4:18:14,0,11/7/2017 4:18:14,2017-11-07,4,Tue
121269,9,1,3,215,2017-11-09 11:00:44,0,11/9/2017 11:00:44,2017-11-09,11,Thu
53715,12,1,13,140,2017-11-09 15:18:18,0,11/9/2017 15:18:18,2017-11-09,15,Thu
41147,12,1,13,259,2017-11-09 3:25:22,0,11/9/2017 3:25:22,2017-11-09,3,Thu
139605,24,2,10,105,2017-11-07 5:06:28,0,11/7/2017 5:06:28,2017-11-07,5,Tue
105560,12,1,6,265,2017-11-07 15:04:18,0,11/7/2017 15:04:18,2017-11-07,15,Tue
103337,2,1,13,237,2017-11-09 11:02:00,0,11/9/2017 11:02:00,2017-11-09,11,Thu
112088,3,1,7,211,2017-11-09 5:38:54,0,11/9/2017 5:38:54,2017-11-09,5,Thu
120112,12,1,19,265,2017-11-07 4:10:23,0,11/7/2017 4:10:23,2017-11-07,4,Tue
48919,15,1,17,386,2017-11-09 2:55:59,0,11/9/2017 2:55:59,2017-11-09,2,Thu
67197,9,1,17,466,2017-11-09 11:35:16,0,11/9/2017 11:35:16,2017-11-09,11,Thu
39007,9,1,17,127,2017-11-08 18:35:18,0,11/8/2017 18:35:18,2017-11-08,18,Wed
151192,17,1,17,280,2017-11-07 0:25:26,0,11/7/2017 0:25:26,2017-11-07,0,Tue
160793,14,1,53,480,2017-11-07 3:28:17,0,11/7/2017 3:28:17,2017-11-07,3,Tue
112765,2,1,58,469,2017-11-09 5:34:48,0,11/9/2017 5:34:48,2017-11-09,5,Thu
110002,12,1,10,265,2017-11-07 15:58:47,0,11/7/2017 15:58:47,2017-11-07,15,Tue
57803,9,1,19,244,2017-11-08 8:17:25,0,11/8/2017 8:17:25,2017-11-08,8,Wed
85077,3,1,37,280,2017-11-08 9:09:20,0,11/8/2017 9:09:20,2017-11-08,9,Wed
106257,3,1,34,280,2017-11-07 9:50:58,0,11/7/2017 9:50:58,2017-11-07,9,Tue
61136,21,1,10,232,2017-11-09 8:56:31,0,11/9/2017 8:56:31,2017-11-09,8,Thu
144614,21,1,25,128,2017-11-07 8:18:30,0,11/7/2017 8:18:30,2017-11-07,8,Tue
94386,18,1,13,121,2017-11-09 1:05:48,0,11/9/2017 1:05:48,2017-11-09,1,Thu
99024,2,1,13,219,2017-11-06 20:05:36,0,11/6/2017 20:05:36,2017-11-06,20,Mon
77318,12,1,19,178,2017-11-09 13:33:43,0,11/9/2017 13:33:43,2017-11-09,13,Thu
80714,20,1,17,259,2017-11-07 5:38:48,0,11/7/2017 5:38:48,2017-11-07,5,Tue
199673,3,1,19,280,2017-11-08 8:33:30,0,11/8/2017 8:33:30,2017-11-08,8,Wed
53632,12,1,19,19,2017-11-09 3:02:54,0,11/9/2017 3:02:54,2017-11-09,3,Thu
65469,18,1,22,134,2017-11-09 14:32:50,0,11/9/2017 14:32:50,2017-11-09,14,Thu
68371,2,1,13,212,2017-11-09 11:16:05,0,11/9/2017 11:16:05,2017-11-09,11,Thu
28011,11,1,15,325,2017-11-08 5:28:29,0,11/8/2017 5:28:29,2017-11-08,5,Wed
73487,2,1,17,212,2017-11-07 9:46:08,0,11/7/2017 9:46:08,2017-11-07,9,Tue
223201,9,1,13,442,2017-11-08 12:18:39,0,11/8/2017 12:18:39,2017-11-08,12,Wed
50512,2,1,25,477,2017-11-08 8:16:21,0,11/8/2017 8:16:21,2017-11-08,8,Wed
176671,2,1,8,452,2017-11-07 10:38:19,0,11/7/2017 10:38:19,2017-11-07,10,Tue
61664,2,1,22,122,2017-11-07 14:14:42,0,11/7/2017 14:14:42,2017-11-07,14,Tue
27086,3,1,19,115,2017-11-09 6:46:19,0,11/9/2017 6:46:19,2017-11-09,6,Thu
97541,2,1,27,435,2017-11-07 21:28:05,0,11/7/2017 21:28:05,2017-11-07,21,Tue
4442,12,1,19,265,2017-11-08 15:30:34,0,11/8/2017 15:30:34,2017-11-08,15,Wed
143936,3,1,13,137,2017-11-07 6:52:29,0,11/7/2017 6:52:29,2017-11-07,6,Tue
88777,18,1,13,121,2017-11-08 13:29:06,0,11/8/2017 13:29:06,2017-11-08,13,Wed
88696,64,1,19,459,2017-11-07 19:30:05,0,11/7/2017 19:30:05,2017-11-07,19,Tue
134086,2,1,19,435,2017-11-06 23:41:33,0,11/6/2017 23:41:33,2017-11-06,23,Mon
22338,2,1,1,237,2017-11-07 6:02:06,0,11/7/2017 6:02:06,2017-11-07,6,Tue
115708,12,1,26,424,2017-11-06 16:53:29,0,11/6/2017 16:53:29,2017-11-06,16,Mon
84445,14,1,19,379,2017-11-08 0:19:00,0,11/8/2017 0:19:00,2017-11-08,0,Wed
180624,14,1,13,480,2017-11-07 2:28:01,0,11/7/2017 2:28:01,2017-11-07,2,Tue
36061,14,1,47,439,2017-11-07 10:43:22,0,11/7/2017 10:43:22,2017-11-07,10,Tue
139451,2,1,19,212,2017-11-07 9:41:09,0,11/7/2017 9:41:09,2017-11-07,9,Tue
147153,15,1,19,3,2017-11-07 0:01:52,0,11/7/2017 0:01:52,2017-11-07,0,Tue
10299,15,1,25,412,2017-11-09 0:34:40,0,11/9/2017 0:34:40,2017-11-09,0,Thu
106485,23,1,18,479,2017-11-09 8:59:58,0,11/9/2017 8:59:58,2017-11-09,8,Thu
71071,7,1,6,101,2017-11-09 9:15:33,0,11/9/2017 9:15:33,2017-11-09,9,Thu
352951,6,1,25,459,2017-11-09 15:12:55,0,11/9/2017 15:12:55,2017-11-09,15,Thu
42948,18,1,37,107,2017-11-08 11:42:22,0,11/8/2017 11:42:22,2017-11-08,11,Wed
198793,3,1,19,173,2017-11-07 14:20:30,0,11/7/2017 14:20:30,2017-11-07,14,Tue
29346,7,1,19,101,2017-11-09 5:40:12,0,11/9/2017 5:40:12,2017-11-09,5,Thu
106598,8,1,36,140,2017-11-07 22:43:21,0,11/7/2017 22:43:21,2017-11-07,22,Tue
68568,4,1,13,101,2017-11-08 2:12:30,0,11/8/2017 2:12:30,2017-11-08,2,Wed
62064,6,1,13,125,2017-11-06 16:21:11,0,11/6/2017 16:21:11,2017-11-06,16,Mon
95766,18,1,13,107,2017-11-08 13:47:52,0,11/8/2017 13:47:52,2017-11-08,13,Wed
42153,11,1,17,319,2017-11-07 5:07:17,0,11/7/2017 5:07:17,2017-11-07,5,Tue
201182,9,2,13,215,2017-11-07 11:16:10,0,11/7/2017 11:16:10,2017-11-07,11,Tue
19142,2,2,13,122,2017-11-08 16:14:49,0,11/8/2017 16:14:49,2017-11-08,16,Wed
43692,2,1,8,435,2017-11-08 11:08:12,0,11/8/2017 11:08:12,2017-11-08,11,Wed
85625,18,1,19,107,2017-11-07 14:45:15,0,11/7/2017 14:45:15,2017-11-07,14,Tue
96038,12,1,12,328,2017-11-08 0:32:10,0,11/8/2017 0:32:10,2017-11-08,0,Wed
26375,47,1,19,484,2017-11-09 11:32:09,0,11/9/2017 11:32:09,2017-11-09,11,Thu
122231,14,1,18,349,2017-11-07 3:07:03,0,11/7/2017 3:07:03,2017-11-07,3,Tue
123239,18,1,19,439,2017-11-07 11:55:51,0,11/7/2017 11:55:51,2017-11-07,11,Tue
101074,3,2,13,280,2017-11-08 11:13:30,0,11/8/2017 11:13:30,2017-11-08,11,Wed
322344,3,1,19,280,2017-11-09 7:10:24,0,11/9/2017 7:10:24,2017-11-09,7,Thu
324,18,1,19,439,2017-11-07 1:40:49,0,11/7/2017 1:40:49,2017-11-07,1,Tue
44673,12,1,15,205,2017-11-07 5:10:23,0,11/7/2017 5:10:23,2017-11-07,5,Tue
13142,3,1,25,280,2017-11-07 4:29:08,0,11/7/2017 4:29:08,2017-11-07,4,Tue
283838,12,1,19,140,2017-11-09 13:06:10,0,11/9/2017 13:06:10,2017-11-09,13,Thu
45609,1,1,17,17,2017-11-07 2:31:58,0,11/7/2017 2:31:58,2017-11-07,2,Tue
104922,2,1,25,219,2017-11-06 23:24:09,0,11/6/2017 23:24:09,2017-11-06,23,Mon
53786,9,1,19,134,2017-11-07 7:47:53,0,11/7/2017 7:47:53,2017-11-07,7,Tue
5147,9,1,13,466,2017-11-08 12:54:33,0,11/8/2017 12:54:33,2017-11-08,12,Wed
2153,12,1,19,265,2017-11-07 9:10:12,0,11/7/2017 9:10:12,2017-11-07,9,Tue
119870,15,1,9,386,2017-11-07 11:09:35,0,11/7/2017 11:09:35,2017-11-07,11,Tue
105540,15,1,41,412,2017-11-09 8:39:30,0,11/9/2017 8:39:30,2017-11-09,8,Thu
119204,15,1,20,245,2017-11-09 4:41:13,0,11/9/2017 4:41:13,2017-11-09,4,Thu
46568,3,1,13,379,2017-11-07 4:59:58,0,11/7/2017 4:59:58,2017-11-07,4,Tue
49649,2,1,26,212,2017-11-09 9:18:50,0,11/9/2017 9:18:50,2017-11-09,9,Thu
14955,26,1,19,121,2017-11-08 10:45:56,0,11/8/2017 10:45:56,2017-11-08,10,Wed
9840,12,1,30,328,2017-11-08 11:19:28,0,11/8/2017 11:19:28,2017-11-08,11,Wed
280785,1,1,36,17,2017-11-09 0:34:15,0,11/9/2017 0:34:15,2017-11-09,0,Thu
226759,13,1,32,477,2017-11-08 14:25:54,0,11/8/2017 14:25:54,2017-11-08,14,Wed
7153,9,1,13,107,2017-11-09 14:15:17,0,11/9/2017 14:15:17,2017-11-09,14,Thu
137135,8,1,19,145,2017-11-09 5:41:51,0,11/9/2017 5:41:51,2017-11-09,5,Thu
51627,23,1,49,153,2017-11-08 22:34:41,0,11/8/2017 22:34:41,2017-11-08,22,Wed
100152,14,1,13,480,2017-11-09 12:04:22,0,11/9/2017 12:04:22,2017-11-09,12,Thu
75588,8,1,19,145,2017-11-08 0:04:26,0,11/8/2017 0:04:26,2017-11-08,0,Wed
89198,12,1,17,178,2017-11-09 2:43:12,0,11/9/2017 2:43:12,2017-11-09,2,Thu
53960,2,2,9,205,2017-11-08 8:37:01,0,11/8/2017 8:37:01,2017-11-08,8,Wed
71809,2,1,19,122,2017-11-08 9:37:06,0,11/8/2017 9:37:06,2017-11-08,9,Wed
24795,13,3543,748,469,2017-11-07 16:28:51,0,11/7/2017 16:28:51,2017-11-07,16,Tue
315264,1,1,71,24,2017-11-09 13:26:01,0,11/9/2017 13:26:01,2017-11-09,13,Thu
171401,9,1,14,466,2017-11-08 13:20:10,0,11/8/2017 13:20:10,2017-11-08,13,Wed
124136,12,2,9,178,2017-11-09 5:28:39,0,11/9/2017 5:28:39,2017-11-09,5,Thu
38577,32,1,9,376,2017-11-08 12:32:19,0,11/8/2017 12:32:19,2017-11-08,12,Wed
20904,3,1,18,280,2017-11-08 13:02:59,0,11/8/2017 13:02:59,2017-11-08,13,Wed
93021,12,1,19,340,2017-11-09 6:47:26,0,11/9/2017 6:47:26,2017-11-09,6,Thu
77184,12,1,12,178,2017-11-09 6:33:02,0,11/9/2017 6:33:02,2017-11-09,6,Thu
29646,9,1,8,334,2017-11-07 5:28:21,0,11/7/2017 5:28:21,2017-11-07,5,Tue
38242,9,1,18,244,2017-11-09 15:03:17,0,11/9/2017 15:03:17,2017-11-09,15,Thu
30443,15,1,13,245,2017-11-07 11:21:31,0,11/7/2017 11:21:31,2017-11-07,11,Tue
197864,3,1,13,280,2017-11-07 3:06:36,0,11/7/2017 3:06:36,2017-11-07,3,Tue
119920,2,1,16,237,2017-11-07 15:54:00,0,11/7/2017 15:54:00,2017-11-07,15,Tue
29315,3,1,16,280,2017-11-08 14:16:14,0,11/8/2017 14:16:14,2017-11-08,14,Wed
138927,64,1,31,459,2017-11-07 2:50:03,0,11/7/2017 2:50:03,2017-11-07,2,Tue
160058,15,1,23,245,2017-11-08 11:12:57,0,11/8/2017 11:12:57,2017-11-08,11,Wed
14759,6,1,17,459,2017-11-07 11:52:03,0,11/7/2017 11:52:03,2017-11-07,11,Tue
83098,3,1,9,280,2017-11-08 14:37:41,0,11/8/2017 14:37:41,2017-11-08,14,Wed
27948,29,1,13,213,2017-11-07 9:35:43,1,11/7/2017 9:35:43,2017-11-07,9,Tue
197965,6,1,19,110,2017-11-07 1:33:17,0,11/7/2017 1:33:17,2017-11-07,1,Tue
105587,18,1,607,107,2017-11-07 9:31:01,0,11/7/2017 9:31:01,2017-11-07,9,Tue
76900,11,1,15,137,2017-11-09 13:03:14,0,11/9/2017 13:03:14,2017-11-09,13,Thu
28140,15,1,22,480,2017-11-08 15:06:19,0,11/8/2017 15:06:19,2017-11-08,15,Wed
48054,2,1,17,219,2017-11-09 13:42:36,0,11/9/2017 13:42:36,2017-11-09,13,Thu
109743,3,1,19,280,2017-11-07 6:59:32,0,11/7/2017 6:59:32,2017-11-07,6,Tue
63762,12,1,8,424,2017-11-08 7:18:34,0,11/8/2017 7:18:34,2017-11-08,7,Wed
30587,3,1,13,480,2017-11-08 13:27:55,0,11/8/2017 13:27:55,2017-11-08,13,Wed
87337,23,1,19,153,2017-11-08 9:17:21,0,11/8/2017 9:17:21,2017-11-08,9,Wed
251233,3,1,13,280,2017-11-08 0:15:14,0,11/8/2017 0:15:14,2017-11-08,0,Wed
42190,33,3032,607,347,2017-11-07 15:09:09,0,11/7/2017 15:09:09,2017-11-07,15,Tue
116472,2,1,12,364,2017-11-09 12:57:18,0,11/9/2017 12:57:18,2017-11-09,12,Thu
105727,2,1,14,243,2017-11-07 7:46:56,0,11/7/2017 7:46:56,2017-11-07,7,Tue
110880,12,1,13,245,2017-11-07 17:29:44,0,11/7/2017 17:29:44,2017-11-07,17,Tue
127401,15,1,8,278,2017-11-07 9:46:33,0,11/7/2017 9:46:33,2017-11-07,9,Tue
219430,18,1,8,121,2017-11-08 4:58:38,0,11/8/2017 4:58:38,2017-11-08,4,Wed
59572,10,1,13,113,2017-11-07 2:28:42,0,11/7/2017 2:28:42,2017-11-07,2,Tue
125222,12,1,8,105,2017-11-09 9:47:14,0,11/9/2017 9:47:14,2017-11-09,9,Thu
96708,3,1,19,280,2017-11-09 0:44:59,0,11/9/2017 0:44:59,2017-11-09,0,Thu
112775,9,1,22,127,2017-11-09 1:08:09,0,11/9/2017 1:08:09,2017-11-09,1,Thu
29804,12,1,19,140,2017-11-09 8:30:29,0,11/9/2017 8:30:29,2017-11-09,8,Thu
61667,2,1,19,477,2017-11-07 22:27:16,0,11/7/2017 22:27:16,2017-11-07,22,Tue
111324,15,1,13,386,2017-11-09 3:05:19,0,11/9/2017 3:05:19,2017-11-09,3,Thu
73238,18,1,17,107,2017-11-08 11:20:13,0,11/8/2017 11:20:13,2017-11-08,11,Wed
44503,8,1,13,145,2017-11-07 23:29:53,0,11/7/2017 23:29:53,2017-11-07,23,Tue
62117,15,1,19,111,2017-11-08 18:09:46,0,11/8/2017 18:09:46,2017-11-08,18,Wed
15367,15,1,19,245,2017-11-08 4:04:53,0,11/8/2017 4:04:53,2017-11-08,4,Wed
106040,12,1,18,245,2017-11-07 12:15:35,0,11/7/2017 12:15:35,2017-11-07,12,Tue
95820,170,3543,748,347,2017-11-08 10:27:19,0,11/8/2017 10:27:19,2017-11-08,10,Wed
116557,2,1,20,219,2017-11-09 8:57:11,0,11/9/2017 8:57:11,2017-11-09,8,Thu
124136,18,1,19,107,2017-11-06 16:32:59,0,11/6/2017 16:32:59,2017-11-06,16,Mon
123100,29,1,18,456,2017-11-08 14:58:43,0,11/8/2017 14:58:43,2017-11-08,14,Wed
60752,1,1,19,134,2017-11-08 1:51:35,0,11/8/2017 1:51:35,2017-11-08,1,Wed
36938,15,1,19,245,2017-11-08 6:16:34,0,11/8/2017 6:16:34,2017-11-08,6,Wed
86521,3,1,41,409,2017-11-07 2:26:59,0,11/7/2017 2:26:59,2017-11-07,2,Tue
198768,12,1,19,178,2017-11-07 0:16:35,0,11/7/2017 0:16:35,2017-11-07,0,Tue
86860,18,1,19,439,2017-11-07 10:59:29,0,11/7/2017 10:59:29,2017-11-07,10,Tue
113358,3,1,10,173,2017-11-07 9:58:49,0,11/7/2017 9:58:49,2017-11-07,9,Tue
15616,25,1,35,259,2017-11-08 8:36:15,0,11/8/2017 8:36:15,2017-11-08,8,Wed
8401,25,1,9,259,2017-11-08 22:47:09,0,11/8/2017 22:47:09,2017-11-08,22,Wed
169293,3,1,6,280,2017-11-07 13:12:57,0,11/7/2017 13:12:57,2017-11-07,13,Tue
186588,3,1,12,424,2017-11-06 23:43:46,0,11/6/2017 23:43:46,2017-11-06,23,Mon
54376,3,1,19,417,2017-11-07 9:13:04,0,11/7/2017 9:13:04,2017-11-07,9,Tue
37774,9,2,9,234,2017-11-06 16:29:40,0,11/6/2017 16:29:40,2017-11-06,16,Mon
18927,3,1,47,137,2017-11-08 3:56:30,0,11/8/2017 3:56:30,2017-11-08,3,Wed
179753,9,1,13,466,2017-11-08 2:14:55,0,11/8/2017 2:14:55,2017-11-08,2,Wed
122431,9,1,13,244,2017-11-07 8:42:14,0,11/7/2017 8:42:14,2017-11-07,8,Tue
283194,26,1,37,121,2017-11-09 7:20:05,0,11/9/2017 7:20:05,2017-11-09,7,Thu
9182,21,1,15,232,2017-11-08 4:20:01,0,11/8/2017 4:20:01,2017-11-08,4,Wed
96298,12,1,19,328,2017-11-08 4:40:31,0,11/8/2017 4:40:31,2017-11-08,4,Wed
12711,15,1,8,315,2017-11-07 7:52:20,0,11/7/2017 7:52:20,2017-11-07,7,Tue
131891,3,1,13,280,2017-11-08 5:31:30,0,11/8/2017 5:31:30,2017-11-08,5,Wed
77233,3,1,8,280,2017-11-07 5:01:23,0,11/7/2017 5:01:23,2017-11-07,5,Tue
6871,26,1,19,266,2017-11-06 20:52:00,0,11/6/2017 20:52:00,2017-11-06,20,Mon
39756,2,2,19,205,2017-11-09 8:13:53,0,11/9/2017 8:13:53,2017-11-09,8,Thu
266393,15,1,19,245,2017-11-07 22:38:25,0,11/7/2017 22:38:25,2017-11-07,22,Tue
14895,19,0,21,213,2017-11-09 13:56:36,0,11/9/2017 13:56:36,2017-11-09,13,Thu
187146,12,1,20,245,2017-11-07 13:45:41,0,11/7/2017 13:45:41,2017-11-07,13,Tue
103023,14,1,13,489,2017-11-08 2:26:41,0,11/8/2017 2:26:41,2017-11-08,2,Wed
105339,12,1,19,178,2017-11-09 3:41:43,0,11/9/2017 3:41:43,2017-11-09,3,Thu
125141,3,1,14,280,2017-11-07 5:53:22,0,11/7/2017 5:53:22,2017-11-07,5,Tue
129385,3,1,13,280,2017-11-07 1:12:07,0,11/7/2017 1:12:07,2017-11-07,1,Tue
25588,2,1,25,205,2017-11-09 5:38:11,0,11/9/2017 5:38:11,2017-11-09,5,Thu
148208,14,1,43,123,2017-11-07 8:23:13,0,11/7/2017 8:23:13,2017-11-07,8,Tue
117463,9,1,13,334,2017-11-07 13:33:20,0,11/7/2017 13:33:20,2017-11-07,13,Tue
83614,14,1,17,489,2017-11-09 10:45:18,0,11/9/2017 10:45:18,2017-11-09,10,Thu
167836,14,1,19,463,2017-11-08 7:08:13,0,11/8/2017 7:08:13,2017-11-08,7,Wed
60348,2,1,19,205,2017-11-09 1:39:54,0,11/9/2017 1:39:54,2017-11-09,1,Thu
53964,94,1,9,361,2017-11-09 12:32:24,0,11/9/2017 12:32:24,2017-11-09,12,Thu
67249,18,1,19,107,2017-11-07 2:09:00,0,11/7/2017 2:09:00,2017-11-07,2,Tue
50924,7,1,13,101,2017-11-09 5:23:23,0,11/9/2017 5:23:23,2017-11-09,5,Thu
40400,3,1,14,280,2017-11-07 7:14:51,0,11/7/2017 7:14:51,2017-11-07,7,Tue
116987,15,1,8,245,2017-11-09 6:17:57,0,11/9/2017 6:17:57,2017-11-09,6,Thu
36339,11,1,19,173,2017-11-09 7:42:05,0,11/9/2017 7:42:05,2017-11-09,7,Thu
1117,15,1,25,315,2017-11-08 12:31:09,0,11/8/2017 12:31:09,2017-11-08,12,Wed
350627,3,1,19,371,2017-11-09 15:29:39,0,11/9/2017 15:29:39,2017-11-09,15,Thu
40631,15,1,19,245,2017-11-07 13:40:33,0,11/7/2017 13:40:33,2017-11-07,13,Tue
122820,12,1,19,245,2017-11-09 1:40:52,0,11/9/2017 1:40:52,2017-11-09,1,Thu
83595,18,1,13,439,2017-11-08 15:17:07,0,11/8/2017 15:17:07,2017-11-08,15,Wed
63062,3,1,10,280,2017-11-08 18:51:11,0,11/8/2017 18:51:11,2017-11-08,18,Wed
146600,24,1,13,105,2017-11-09 4:00:49,0,11/9/2017 4:00:49,2017-11-09,4,Thu
91360,12,1,15,178,2017-11-07 9:10:27,0,11/7/2017 9:10:27,2017-11-07,9,Tue
273335,18,1,22,107,2017-11-07 16:10:26,0,11/7/2017 16:10:26,2017-11-07,16,Tue
325395,9,1,19,234,2017-11-09 12:57:43,0,11/9/2017 12:57:43,2017-11-09,12,Thu
84410,3,1,13,130,2017-11-08 8:02:16,0,11/8/2017 8:02:16,2017-11-08,8,Wed
86767,2,1,3,469,2017-11-08 14:57:50,0,11/8/2017 14:57:50,2017-11-08,14,Wed
317816,15,1,19,3,2017-11-09 8:21:07,0,11/9/2017 8:21:07,2017-11-09,8,Thu
44772,17,1,13,280,2017-11-08 7:01:11,0,11/8/2017 7:01:11,2017-11-08,7,Wed
110703,9,1,20,334,2017-11-07 1:42:34,0,11/7/2017 1:42:34,2017-11-07,1,Tue
79066,2,2,9,205,2017-11-09 6:14:19,0,11/9/2017 6:14:19,2017-11-09,6,Thu
3363,2,1,6,477,2017-11-08 9:01:40,0,11/8/2017 9:01:40,2017-11-08,9,Wed
204164,64,1,13,459,2017-11-07 4:12:14,0,11/7/2017 4:12:14,2017-11-07,4,Tue
212034,3,1,13,19,2017-11-08 9:40:35,0,11/8/2017 9:40:35,2017-11-08,9,Wed
81895,9,1,13,232,2017-11-09 9:55:03,0,11/9/2017 9:55:03,2017-11-09,9,Thu
50087,3,1,18,280,2017-11-08 9:53:04,0,11/8/2017 9:53:04,2017-11-08,9,Wed
72357,12,1,27,409,2017-11-07 19:09:24,0,11/7/2017 19:09:24,2017-11-07,19,Tue
56298,12,1,19,245,2017-11-07 13:08:15,0,11/7/2017 13:08:15,2017-11-07,13,Tue
45745,2,1,17,477,2017-11-08 15:58:48,0,11/8/2017 15:58:48,2017-11-08,15,Wed
116956,15,1,17,245,2017-11-07 2:05:33,0,11/7/2017 2:05:33,2017-11-07,2,Tue
114276,3,1,22,205,2017-11-07 10:38:10,0,11/7/2017 10:38:10,2017-11-07,10,Tue
277327,9,1,13,334,2017-11-08 4:06:06,0,11/8/2017 4:06:06,2017-11-08,4,Wed
197225,3,1,13,280,2017-11-08 16:00:51,0,11/8/2017 16:00:51,2017-11-08,16,Wed
75683,3,1,19,280,2017-11-09 3:34:24,0,11/9/2017 3:34:24,2017-11-09,3,Thu
275230,1,1,13,134,2017-11-08 6:15:49,0,11/8/2017 6:15:49,2017-11-08,6,Wed
17149,12,2,9,259,2017-11-08 14:06:50,0,11/8/2017 14:06:50,2017-11-08,14,Wed
53454,3,1,1,135,2017-11-07 16:31:59,0,11/7/2017 16:31:59,2017-11-07,16,Tue
32560,9,1,22,107,2017-11-09 0:55:36,0,11/9/2017 0:55:36,2017-11-09,0,Thu
189570,18,1,10,107,2017-11-07 6:31:13,0,11/7/2017 6:31:13,2017-11-07,6,Tue
122747,6,1,19,459,2017-11-06 18:44:35,0,11/6/2017 18:44:35,2017-11-06,18,Mon
168248,9,1,11,127,2017-11-09 12:09:42,0,11/9/2017 12:09:42,2017-11-09,12,Thu
227490,3,1,12,488,2017-11-08 2:49:39,0,11/8/2017 2:49:39,2017-11-08,2,Wed
315661,23,1,19,153,2017-11-09 5:16:16,0,11/9/2017 5:16:16,2017-11-09,5,Thu
48212,18,1,13,121,2017-11-09 12:38:54,0,11/9/2017 12:38:54,2017-11-09,12,Thu
6256,6,1,13,459,2017-11-07 8:41:59,0,11/7/2017 8:41:59,2017-11-07,8,Tue
116827,14,1,13,463,2017-11-08 1:15:16,0,11/8/2017 1:15:16,2017-11-08,1,Wed
81013,9,1,15,232,2017-11-09 13:06:57,0,11/9/2017 13:06:57,2017-11-09,13,Thu
78966,1,1,15,134,2017-11-09 14:25:30,0,11/9/2017 14:25:30,2017-11-09,14,Thu
51992,9,1,9,442,2017-11-09 4:05:43,0,11/9/2017 4:05:43,2017-11-09,4,Thu
84876,13,1,13,477,2017-11-09 7:50:17,0,11/9/2017 7:50:17,2017-11-09,7,Thu
944,12,1,19,481,2017-11-07 23:17:38,0,11/7/2017 23:17:38,2017-11-07,23,Tue
111638,58,1,18,120,2017-11-09 11:49:41,0,11/9/2017 11:49:41,2017-11-09,11,Thu
76822,1,1,6,153,2017-11-07 11:01:32,0,11/7/2017 11:01:32,2017-11-07,11,Tue
5314,2,1,19,477,2017-11-07 17:00:13,0,11/7/2017 17:00:13,2017-11-07,17,Tue
8968,15,1,19,130,2017-11-09 1:32:15,0,11/9/2017 1:32:15,2017-11-09,1,Thu
36213,2,1,22,205,2017-11-07 4:44:00,0,11/7/2017 4:44:00,2017-11-07,4,Tue
88202,3,1,13,379,2017-11-07 3:25:56,0,11/7/2017 3:25:56,2017-11-07,3,Tue
25097,12,1,17,259,2017-11-07 14:33:24,0,11/7/2017 14:33:24,2017-11-07,14,Tue
351137,3,1,1,417,2017-11-09 11:58:14,0,11/9/2017 11:58:14,2017-11-09,11,Thu
163178,18,1,19,121,2017-11-07 1:10:36,0,11/7/2017 1:10:36,2017-11-07,1,Tue
110124,15,1,13,430,2017-11-07 8:52:38,0,11/7/2017 8:52:38,2017-11-07,8,Tue
16375,2,1,19,435,2017-11-07 13:44:47,0,11/7/2017 13:44:47,2017-11-07,13,Tue
210644,3,1,13,442,2017-11-06 23:04:00,0,11/6/2017 23:04:00,2017-11-06,23,Mon
125397,8,1,10,145,2017-11-07 0:43:54,0,11/7/2017 0:43:54,2017-11-07,0,Tue
139206,15,1,19,245,2017-11-07 13:53:47,0,11/7/2017 13:53:47,2017-11-07,13,Tue
54203,12,1,20,245,2017-11-07 10:29:05,0,11/7/2017 10:29:05,2017-11-07,10,Tue
122744,7,1,25,101,2017-11-07 8:34:46,0,11/7/2017 8:34:46,2017-11-07,8,Tue
14721,6,1,12,459,2017-11-08 6:59:57,0,11/8/2017 6:59:57,2017-11-08,6,Wed
52401,46,0,38,347,2017-11-08 3:15:27,0,11/8/2017 3:15:27,2017-11-08,3,Wed
39436,14,1,58,463,2017-11-09 11:36:59,0,11/9/2017 11:36:59,2017-11-09,11,Thu
12711,3,1,19,442,2017-11-08 0:14:15,0,11/8/2017 0:14:15,2017-11-08,0,Wed
12524,2,1,6,205,2017-11-08 7:28:21,0,11/8/2017 7:28:21,2017-11-08,7,Wed
18363,3,2,11,137,2017-11-08 15:28:25,0,11/8/2017 15:28:25,2017-11-08,15,Wed
64756,12,1,13,265,2017-11-08 4:54:37,0,11/8/2017 4:54:37,2017-11-08,4,Wed
37513,64,1,23,459,2017-11-07 12:34:17,0,11/7/2017 12:34:17,2017-11-07,12,Tue
123837,9,1,13,442,2017-11-09 12:28:24,0,11/9/2017 12:28:24,2017-11-09,12,Thu
77107,3,1,19,280,2017-11-08 7:23:59,0,11/8/2017 7:23:59,2017-11-08,7,Wed
180105,12,1,46,259,2017-11-08 23:44:28,0,11/8/2017 23:44:28,2017-11-08,23,Wed
199542,15,1,4,153,2017-11-08 6:22:40,0,11/8/2017 6:22:40,2017-11-08,6,Wed
89861,18,1,13,107,2017-11-08 23:30:12,0,11/8/2017 23:30:12,2017-11-08,23,Wed
60752,12,1,19,265,2017-11-08 9:29:00,0,11/8/2017 9:29:00,2017-11-08,9,Wed
211976,14,1,19,442,2017-11-09 2:15:13,0,11/9/2017 2:15:13,2017-11-09,2,Thu
114083,12,1,19,265,2017-11-09 15:32:43,0,11/9/2017 15:32:43,2017-11-09,15,Thu
91611,12,1,13,245,2017-11-06 23:49:16,0,11/6/2017 23:49:16,2017-11-06,23,Mon
94020,3,1,17,137,2017-11-07 6:59:13,0,11/7/2017 6:59:13,2017-11-07,6,Tue
300014,2,1,19,243,2017-11-09 8:43:55,0,11/9/2017 8:43:55,2017-11-09,8,Thu
262689,3,1,19,280,2017-11-08 16:54:32,0,11/8/2017 16:54:32,2017-11-08,16,Wed
161649,19,0,29,213,2017-11-06 22:00:10,1,11/6/2017 22:00:10,2017-11-06,22,Mon
15899,3,1,12,280,2017-11-07 2:03:59,0,11/7/2017 2:03:59,2017-11-07,2,Tue
66378,15,1,19,130,2017-11-07 16:35:49,0,11/7/2017 16:35:49,2017-11-07,16,Tue
101268,3,1,19,489,2017-11-06 23:35:41,0,11/6/2017 23:35:41,2017-11-06,23,Mon
162814,12,1,44,19,2017-11-09 5:45:58,0,11/9/2017 5:45:58,2017-11-09,5,Thu
55410,2,1,17,258,2017-11-07 13:07:35,0,11/7/2017 13:07:35,2017-11-07,13,Tue
118563,26,1,13,266,2017-11-06 16:07:20,0,11/6/2017 16:07:20,2017-11-06,16,Mon
265879,15,1,13,265,2017-11-08 13:02:09,0,11/8/2017 13:02:09,2017-11-08,13,Wed
112464,3,1,36,280,2017-11-09 1:12:03,0,11/9/2017 1:12:03,2017-11-09,1,Thu
24905,15,1,53,245,2017-11-08 15:31:37,0,11/8/2017 15:31:37,2017-11-08,15,Wed
13739,3,1,8,280,2017-11-07 5:51:08,0,11/7/2017 5:51:08,2017-11-07,5,Tue
37883,2,1,19,237,2017-11-07 23:39:02,0,11/7/2017 23:39:02,2017-11-07,23,Tue
17137,7,1,1,101,2017-11-09 6:42:17,0,11/9/2017 6:42:17,2017-11-09,6,Thu
122949,2,1,13,236,2017-11-07 1:15:46,0,11/7/2017 1:15:46,2017-11-07,1,Tue
83429,14,1,17,134,2017-11-08 5:37:50,0,11/8/2017 5:37:50,2017-11-08,5,Wed
105971,18,1,25,376,2017-11-07 9:40:28,0,11/7/2017 9:40:28,2017-11-07,9,Tue
48615,12,1,19,265,2017-11-08 14:52:10,0,11/8/2017 14:52:10,2017-11-08,14,Wed
17946,12,1,13,245,2017-11-08 11:54:32,0,11/8/2017 11:54:32,2017-11-08,11,Wed
111025,9,1,25,215,2017-11-07 5:19:15,0,11/7/2017 5:19:15,2017-11-07,5,Tue
228111,14,1,17,439,2017-11-08 1:54:29,0,11/8/2017 1:54:29,2017-11-08,1,Wed
189693,3,1,19,489,2017-11-08 1:00:33,0,11/8/2017 1:00:33,2017-11-08,1,Wed
10410,18,2,49,107,2017-11-08 1:18:45,0,11/8/2017 1:18:45,2017-11-08,1,Wed
58786,2,1,13,122,2017-11-09 11:04:48,0,11/9/2017 11:04:48,2017-11-09,11,Thu
5348,19,0,29,347,2017-11-07 8:59:09,0,11/7/2017 8:59:09,2017-11-07,8,Tue
109119,14,1,13,349,2017-11-08 2:17:08,0,11/8/2017 2:17:08,2017-11-08,2,Wed
163204,2,1,23,236,2017-11-09 2:14:45,0,11/9/2017 2:14:45,2017-11-09,2,Thu
53856,3,1,13,424,2017-11-09 15:07:24,0,11/9/2017 15:07:24,2017-11-09,15,Thu
123994,26,1,22,477,2017-11-09 15:51:12,0,11/9/2017 15:51:12,2017-11-09,15,Thu
153871,3,1,22,379,2017-11-07 10:31:56,0,11/7/2017 10:31:56,2017-11-07,10,Tue
13483,9,1,8,244,2017-11-07 14:52:46,0,11/7/2017 14:52:46,2017-11-07,14,Tue
15760,6,1,47,125,2017-11-07 4:52:08,0,11/7/2017 4:52:08,2017-11-07,4,Tue
112608,9,1,15,127,2017-11-08 13:47:05,0,11/8/2017 13:47:05,2017-11-08,13,Wed
92823,24,1,13,105,2017-11-07 1:47:33,0,11/7/2017 1:47:33,2017-11-07,1,Tue
137052,23,1,18,153,2017-11-07 3:38:20,0,11/7/2017 3:38:20,2017-11-07,3,Tue
7991,11,1,19,219,2017-11-07 11:16:37,0,11/7/2017 11:16:37,2017-11-07,11,Tue
75574,9,1,35,490,2017-11-09 5:12:08,0,11/9/2017 5:12:08,2017-11-09,5,Thu
247802,9,1,13,445,2017-11-08 3:23:46,0,11/8/2017 3:23:46,2017-11-08,3,Wed
100311,2,1,12,401,2017-11-08 10:32:21,0,11/8/2017 10:32:21,2017-11-08,10,Wed
96523,9,1,19,107,2017-11-09 11:48:12,0,11/9/2017 11:48:12,2017-11-09,11,Thu
237391,3,1,22,280,2017-11-08 2:31:01,0,11/8/2017 2:31:01,2017-11-08,2,Wed
80466,24,1,13,105,2017-11-08 2:03:25,0,11/8/2017 2:03:25,2017-11-08,2,Wed
33843,26,1,15,121,2017-11-09 2:45:11,0,11/9/2017 2:45:11,2017-11-09,2,Thu
9419,20,1,20,259,2017-11-07 14:49:41,0,11/7/2017 14:49:41,2017-11-07,14,Tue
118123,12,1,17,265,2017-11-09 15:46:33,0,11/9/2017 15:46:33,2017-11-09,15,Thu
54520,9,1,36,466,2017-11-07 9:12:57,0,11/7/2017 9:12:57,2017-11-07,9,Tue
1204,3,1,19,280,2017-11-09 6:52:18,0,11/9/2017 6:52:18,2017-11-09,6,Thu
114276,14,1,12,349,2017-11-07 13:03:23,0,11/7/2017 13:03:23,2017-11-07,13,Tue
70656,1,2,9,125,2017-11-08 13:04:26,0,11/8/2017 13:04:26,2017-11-08,13,Wed
24781,9,1,13,442,2017-11-07 1:38:52,0,11/7/2017 1:38:52,2017-11-07,1,Tue
125679,12,1,19,140,2017-11-09 12:00:09,0,11/9/2017 12:00:09,2017-11-09,12,Thu
116896,3,1,30,173,2017-11-06 16:50:40,0,11/6/2017 16:50:40,2017-11-06,16,Mon
30865,12,1,3,265,2017-11-09 4:59:45,0,11/9/2017 4:59:45,2017-11-09,4,Thu
48587,25,2,5,259,2017-11-09 10:25:24,0,11/9/2017 10:25:24,2017-11-09,10,Thu
39428,3,1,19,409,2017-11-08 22:56:20,0,11/8/2017 22:56:20,2017-11-08,22,Wed
147609,6,1,19,459,2017-11-08 7:22:41,0,11/8/2017 7:22:41,2017-11-08,7,Wed
55685,13,1,13,477,2017-11-09 4:32:22,0,11/9/2017 4:32:22,2017-11-09,4,Thu
45327,18,1,10,107,2017-11-08 10:11:46,0,11/8/2017 10:11:46,2017-11-08,10,Wed
110795,9,1,18,334,2017-11-07 13:58:13,0,11/7/2017 13:58:13,2017-11-07,13,Tue
80193,3,1,19,280,2017-11-08 13:36:34,0,11/8/2017 13:36:34,2017-11-08,13,Wed
262704,7,2,35,101,2017-11-08 11:55:54,0,11/8/2017 11:55:54,2017-11-08,11,Wed
4324,2,1,19,205,2017-11-08 9:16:22,0,11/8/2017 9:16:22,2017-11-08,9,Wed
175643,8,1,18,145,2017-11-08 9:36:24,0,11/8/2017 9:36:24,2017-11-08,9,Wed
66644,2,1,6,469,2017-11-09 15:52:03,0,11/9/2017 15:52:03,2017-11-09,15,Thu
94496,15,1,31,111,2017-11-07 9:44:05,0,11/7/2017 9:44:05,2017-11-07,9,Tue
9964,9,1,19,466,2017-11-08 13:07:21,0,11/8/2017 13:07:21,2017-11-08,13,Wed
299504,14,1,18,349,2017-11-09 0:34:02,0,11/9/2017 0:34:02,2017-11-09,0,Thu
27507,15,1,18,278,2017-11-09 15:39:56,0,11/9/2017 15:39:56,2017-11-09,15,Thu
211537,8,1,13,145,2017-11-06 23:06:27,0,11/6/2017 23:06:27,2017-11-06,23,Mon
73648,18,1,32,107,2017-11-08 13:28:23,0,11/8/2017 13:28:23,2017-11-08,13,Wed
92735,1,1,15,349,2017-11-09 12:46:27,0,11/9/2017 12:46:27,2017-11-09,12,Thu
59692,12,1,13,259,2017-11-09 8:52:57,0,11/9/2017 8:52:57,2017-11-09,8,Thu
107091,2,1,13,477,2017-11-07 13:01:36,0,11/7/2017 13:01:36,2017-11-07,13,Tue
16970,13,1,13,400,2017-11-08 3:01:05,0,11/8/2017 3:01:05,2017-11-08,3,Wed
118400,25,1,97,259,2017-11-09 11:02:18,0,11/9/2017 11:02:18,2017-11-09,11,Thu
2941,3,1,13,211,2017-11-08 16:10:51,0,11/8/2017 16:10:51,2017-11-08,16,Wed
12058,12,1,13,328,2017-11-07 21:21:53,0,11/7/2017 21:21:53,2017-11-07,21,Tue
36213,2,2,17,205,2017-11-07 5:48:21,0,11/7/2017 5:48:21,2017-11-07,5,Tue
119369,18,1,19,121,2017-11-09 13:03:50,0,11/9/2017 13:03:50,2017-11-09,13,Thu
130760,3,1,9,442,2017-11-07 7:45:41,0,11/7/2017 7:45:41,2017-11-07,7,Tue
48615,14,1,20,379,2017-11-09 7:57:32,0,11/9/2017 7:57:32,2017-11-09,7,Thu
18869,9,1,13,258,2017-11-08 14:39:42,0,11/8/2017 14:39:42,2017-11-08,14,Wed
34387,47,1,6,484,2017-11-09 11:41:57,0,11/9/2017 11:41:57,2017-11-09,11,Thu
104868,9,1,19,442,2017-11-09 7:47:30,0,11/9/2017 7:47:30,2017-11-09,7,Thu
37836,3,1,19,115,2017-11-09 5:41:44,0,11/9/2017 5:41:44,2017-11-09,5,Thu
221358,3,1,13,280,2017-11-08 1:01:49,0,11/8/2017 1:01:49,2017-11-08,1,Wed
35038,9,1,3,134,2017-11-06 23:07:02,0,11/6/2017 23:07:02,2017-11-06,23,Mon
38722,12,1,13,265,2017-11-08 15:14:26,0,11/8/2017 15:14:26,2017-11-08,15,Wed
123885,3,1,13,452,2017-11-09 10:43:27,0,11/9/2017 10:43:27,2017-11-09,10,Thu
14025,24,2,13,178,2017-11-09 8:57:36,0,11/9/2017 8:57:36,2017-11-09,8,Thu
197144,2,1,19,435,2017-11-08 13:50:16,0,11/8/2017 13:50:16,2017-11-08,13,Wed
43686,11,1,20,219,2017-11-09 13:47:46,0,11/9/2017 13:47:46,2017-11-09,13,Thu
50197,18,1,19,121,2017-11-07 18:17:44,0,11/7/2017 18:17:44,2017-11-07,18,Tue
40067,1,2,22,125,2017-11-09 1:09:55,0,11/9/2017 1:09:55,2017-11-09,1,Thu
48142,12,1,16,178,2017-11-06 16:36:20,0,11/6/2017 16:36:20,2017-11-06,16,Mon
89946,3,1,13,489,2017-11-08 4:35:52,0,11/8/2017 4:35:52,2017-11-08,4,Wed
60884,28,1,15,135,2017-11-08 8:33:00,0,11/8/2017 8:33:00,2017-11-08,8,Wed
82971,2,1,19,237,2017-11-09 1:25:33,0,11/9/2017 1:25:33,2017-11-09,1,Thu
125307,21,1,16,128,2017-11-08 3:42:19,0,11/8/2017 3:42:19,2017-11-08,3,Wed
90509,12,1,17,326,2017-11-07 16:28:55,0,11/7/2017 16:28:55,2017-11-07,16,Tue
318934,13,1,19,469,2017-11-09 13:01:02,0,11/9/2017 13:01:02,2017-11-09,13,Thu
81859,20,1,22,478,2017-11-07 7:13:03,0,11/7/2017 7:13:03,2017-11-07,7,Tue
150129,2,1,17,452,2017-11-08 6:23:16,0,11/8/2017 6:23:16,2017-11-08,6,Wed
237196,2,1,41,477,2017-11-09 7:23:28,0,11/9/2017 7:23:28,2017-11-09,7,Thu
58280,15,1,1,430,2017-11-07 3:54:31,0,11/7/2017 3:54:31,2017-11-07,3,Tue
116664,1,1,19,137,2017-11-07 23:52:11,0,11/7/2017 23:52:11,2017-11-07,23,Tue
53836,2,1,11,219,2017-11-07 4:35:48,0,11/7/2017 4:35:48,2017-11-07,4,Tue
22394,14,1,3,379,2017-11-08 10:23:39,0,11/8/2017 10:23:39,2017-11-08,10,Wed
95329,2,1,41,452,2017-11-09 9:09:24,0,11/9/2017 9:09:24,2017-11-09,9,Thu
137878,15,1,13,245,2017-11-09 4:47:48,0,11/9/2017 4:47:48,2017-11-09,4,Thu
3071,1,1,35,178,2017-11-07 5:58:56,0,11/7/2017 5:58:56,2017-11-07,5,Tue
26995,26,1,27,121,2017-11-08 11:53:14,0,11/8/2017 11:53:14,2017-11-08,11,Wed
78950,15,1,18,140,2017-11-07 5:23:20,0,11/7/2017 5:23:20,2017-11-07,5,Tue
149748,25,1,26,259,2017-11-08 10:32:18,0,11/8/2017 10:32:18,2017-11-08,10,Wed
13669,2,1,13,212,2017-11-06 23:05:54,0,11/6/2017 23:05:54,2017-11-06,23,Mon
119369,13,1,19,477,2017-11-09 5:03:44,0,11/9/2017 5:03:44,2017-11-09,5,Thu
32262,9,1,40,234,2017-11-09 15:14:14,0,11/9/2017 15:14:14,2017-11-09,15,Thu
162109,3,1,19,19,2017-11-07 21:51:25,0,11/7/2017 21:51:25,2017-11-07,21,Tue
95329,3,1,19,280,2017-11-07 2:44:43,0,11/7/2017 2:44:43,2017-11-07,2,Tue
166784,2,1,19,212,2017-11-07 4:01:33,0,11/7/2017 4:01:33,2017-11-07,4,Tue
4405,15,1,13,245,2017-11-07 16:25:02,0,11/7/2017 16:25:02,2017-11-07,16,Tue
158793,3,1,13,280,2017-11-07 2:37:39,0,11/7/2017 2:37:39,2017-11-07,2,Tue
214686,15,1,15,245,2017-11-08 13:49:19,0,11/8/2017 13:49:19,2017-11-08,13,Wed
118562,9,1,19,107,2017-11-09 2:00:46,0,11/9/2017 2:00:46,2017-11-09,2,Thu
11090,2,1,41,122,2017-11-08 23:32:35,0,11/8/2017 23:32:35,2017-11-08,23,Wed
38653,21,1,19,128,2017-11-07 2:28:26,0,11/7/2017 2:28:26,2017-11-07,2,Tue
151717,18,1,3,134,2017-11-09 12:54:08,0,11/9/2017 12:54:08,2017-11-09,12,Thu
166006,28,1,28,135,2017-11-06 20:18:28,0,11/6/2017 20:18:28,2017-11-06,20,Mon
137052,12,1,15,178,2017-11-08 12:23:43,0,11/8/2017 12:23:43,2017-11-08,12,Wed
4446,3,1,13,115,2017-11-09 11:55:03,0,11/9/2017 11:55:03,2017-11-09,11,Thu
69509,12,1,13,145,2017-11-07 6:30:33,0,11/7/2017 6:30:33,2017-11-07,6,Tue
204671,12,1,19,212,2017-11-09 6:18:24,0,11/9/2017 6:18:24,2017-11-09,6,Thu
210449,9,1,19,134,2017-11-07 0:32:50,0,11/7/2017 0:32:50,2017-11-07,0,Tue
13073,9,1,22,244,2017-11-07 11:15:51,0,11/7/2017 11:15:51,2017-11-07,11,Tue
141623,3,1,19,280,2017-11-07 4:50:18,0,11/7/2017 4:50:18,2017-11-07,4,Tue
280614,18,1,18,107,2017-11-09 10:09:14,0,11/9/2017 10:09:14,2017-11-09,10,Thu
58680,12,1,8,328,2017-11-07 3:49:33,0,11/7/2017 3:49:33,2017-11-07,3,Tue
44595,3,1,37,280,2017-11-09 13:51:45,0,11/9/2017 13:51:45,2017-11-09,13,Thu
391,12,1,28,245,2017-11-08 14:32:09,0,11/8/2017 14:32:09,2017-11-08,14,Wed
99075,13,1,13,469,2017-11-08 14:32:52,0,11/8/2017 14:32:52,2017-11-08,14,Wed
39338,12,1,19,245,2017-11-07 15:26:05,0,11/7/2017 15:26:05,2017-11-07,15,Tue
125671,18,1,19,439,2017-11-09 3:27:05,0,11/9/2017 3:27:05,2017-11-09,3,Thu
210975,64,2,13,459,2017-11-07 4:22:23,0,11/7/2017 4:22:23,2017-11-07,4,Tue
144604,3,1,13,409,2017-11-07 6:31:52,0,11/7/2017 6:31:52,2017-11-07,6,Tue
58789,14,1,13,349,2017-11-08 1:31:06,0,11/8/2017 1:31:06,2017-11-08,1,Wed
34472,12,1,20,259,2017-11-08 8:34:46,0,11/8/2017 8:34:46,2017-11-08,8,Wed
79981,12,1,39,259,2017-11-09 5:09:22,0,11/9/2017 5:09:22,2017-11-09,5,Thu
80147,12,1,19,178,2017-11-09 1:57:01,0,11/9/2017 1:57:01,2017-11-09,1,Thu
359350,15,1,13,315,2017-11-09 9:30:46,0,11/9/2017 9:30:46,2017-11-09,9,Thu
80368,26,1,13,266,2017-11-07 15:47:17,0,11/7/2017 15:47:17,2017-11-07,15,Tue
115650,3,1,19,280,2017-11-08 8:55:38,0,11/8/2017 8:55:38,2017-11-08,8,Wed
154076,8,1,22,145,2017-11-08 5:34:04,0,11/8/2017 5:34:04,2017-11-08,5,Wed
63137,9,1,13,489,2017-11-07 14:12:51,0,11/7/2017 14:12:51,2017-11-07,14,Tue
77037,21,1,13,128,2017-11-07 1:52:20,0,11/7/2017 1:52:20,2017-11-07,1,Tue
124219,12,1,3,328,2017-11-08 15:09:57,0,11/8/2017 15:09:57,2017-11-08,15,Wed
81922,26,1,19,121,2017-11-09 7:11:58,0,11/9/2017 7:11:58,2017-11-09,7,Thu
119870,2,1,1,477,2017-11-08 9:54:02,0,11/8/2017 9:54:02,2017-11-08,9,Wed
123974,13,1,13,469,2017-11-07 6:00:56,0,11/7/2017 6:00:56,2017-11-07,6,Tue
65785,14,1,12,401,2017-11-08 4:52:44,0,11/8/2017 4:52:44,2017-11-08,4,Wed
9972,26,1,13,121,2017-11-08 0:31:55,0,11/8/2017 0:31:55,2017-11-08,0,Wed
116281,3,1,47,480,2017-11-07 6:05:40,0,11/7/2017 6:05:40,2017-11-07,6,Tue
65785,37,1,3,21,2017-11-08 3:33:01,0,11/8/2017 3:33:01,2017-11-08,3,Wed
99897,12,1,19,245,2017-11-08 16:12:07,0,11/8/2017 16:12:07,2017-11-08,16,Wed
50702,14,1,11,480,2017-11-07 16:18:09,0,11/7/2017 16:18:09,2017-11-07,16,Tue
120694,15,1,13,140,2017-11-08 2:11:16,0,11/8/2017 2:11:16,2017-11-08,2,Wed
31724,3,1,13,173,2017-11-07 5:08:29,0,11/7/2017 5:08:29,2017-11-07,5,Tue
109995,12,1,19,265,2017-11-07 6:11:48,0,11/7/2017 6:11:48,2017-11-07,6,Tue
120729,3,1,13,205,2017-11-08 5:03:26,0,11/8/2017 5:03:26,2017-11-08,5,Wed
60381,3,1,22,280,2017-11-09 3:56:19,0,11/9/2017 3:56:19,2017-11-09,3,Thu
262492,1,1,19,137,2017-11-08 6:04:24,0,11/8/2017 6:04:24,2017-11-08,6,Wed
181911,14,1,19,439,2017-11-07 5:04:14,0,11/7/2017 5:04:14,2017-11-07,5,Tue
58570,21,1,22,128,2017-11-08 2:12:25,0,11/8/2017 2:12:25,2017-11-08,2,Wed
95766,12,2,37,265,2017-11-08 11:25:10,0,11/8/2017 11:25:10,2017-11-08,11,Wed
84728,15,1,13,245,2017-11-07 16:01:32,0,11/7/2017 16:01:32,2017-11-07,16,Tue
105587,2,1,19,205,2017-11-07 17:39:14,0,11/7/2017 17:39:14,2017-11-07,17,Tue
53929,2,1,19,205,2017-11-07 14:59:31,0,11/7/2017 14:59:31,2017-11-07,14,Tue
53625,2,1,19,435,2017-11-09 11:40:33,0,11/9/2017 11:40:33,2017-11-09,11,Thu
200755,12,1,19,178,2017-11-09 10:56:38,0,11/9/2017 10:56:38,2017-11-09,10,Thu
72028,2,1,19,477,2017-11-08 11:46:48,0,11/8/2017 11:46:48,2017-11-08,11,Wed
5178,12,1,31,259,2017-11-08 14:36:10,0,11/8/2017 14:36:10,2017-11-08,14,Wed
107229,12,1,19,178,2017-11-09 8:26:55,0,11/9/2017 8:26:55,2017-11-09,8,Thu
41313,12,1,18,265,2017-11-08 11:47:51,0,11/8/2017 11:47:51,2017-11-08,11,Wed
59837,12,1,19,178,2017-11-07 9:07:46,0,11/7/2017 9:07:46,2017-11-07,9,Tue
103737,3,1,19,452,2017-11-08 9:20:06,0,11/8/2017 9:20:06,2017-11-08,9,Wed
41383,9,1,13,445,2017-11-08 7:57:46,0,11/8/2017 7:57:46,2017-11-08,7,Wed
81463,12,1,14,205,2017-11-09 11:46:57,0,11/9/2017 11:46:57,2017-11-09,11,Thu
319862,3,1,13,489,2017-11-09 13:52:27,0,11/9/2017 13:52:27,2017-11-09,13,Thu
26208,2,1,19,477,2017-11-07 3:04:31,0,11/7/2017 3:04:31,2017-11-07,3,Tue
84896,2,1,3,477,2017-11-07 10:12:24,0,11/7/2017 10:12:24,2017-11-07,10,Tue
167031,14,1,19,463,2017-11-09 4:08:08,0,11/9/2017 4:08:08,2017-11-09,4,Thu
57230,3,1,19,280,2017-11-08 10:30:13,0,11/8/2017 10:30:13,2017-11-08,10,Wed
37801,11,1,6,481,2017-11-06 19:28:15,0,11/6/2017 19:28:15,2017-11-06,19,Mon
20996,8,1,25,145,2017-11-09 11:57:52,0,11/9/2017 11:57:52,2017-11-09,11,Thu
49383,2,1,20,477,2017-11-07 15:08:09,0,11/7/2017 15:08:09,2017-11-07,15,Tue
183462,12,1,9,122,2017-11-08 3:29:00,0,11/8/2017 3:29:00,2017-11-08,3,Wed
19069,3,1,19,19,2017-11-09 7:07:41,0,11/9/2017 7:07:41,2017-11-09,7,Thu
86767,12,1,19,178,2017-11-07 8:39:58,0,11/7/2017 8:39:58,2017-11-07,8,Tue
41437,3,1,6,173,2017-11-07 10:12:30,0,11/7/2017 10:12:30,2017-11-07,10,Tue
89652,15,1,18,245,2017-11-06 17:58:25,0,11/6/2017 17:58:25,2017-11-06,17,Mon
14764,12,1,17,178,2017-11-08 3:11:40,0,11/8/2017 3:11:40,2017-11-08,3,Wed
115445,9,1,25,107,2017-11-09 14:45:54,0,11/9/2017 14:45:54,2017-11-09,14,Thu
258379,3,1,13,379,2017-11-08 11:02:38,0,11/8/2017 11:02:38,2017-11-08,11,Wed
34854,11,1,13,481,2017-11-07 23:19:44,0,11/7/2017 23:19:44,2017-11-07,23,Tue
113721,23,1,19,153,2017-11-08 8:55:30,0,11/8/2017 8:55:30,2017-11-08,8,Wed
61191,12,1,32,105,2017-11-09 13:02:00,0,11/9/2017 13:02:00,2017-11-09,13,Thu
99226,18,1,13,107,2017-11-09 12:51:58,0,11/9/2017 12:51:58,2017-11-09,12,Thu
48008,2,1,1,435,2017-11-08 4:24:11,0,11/8/2017 4:24:11,2017-11-08,4,Wed
46566,3,1,19,280,2017-11-08 3:21:17,0,11/8/2017 3:21:17,2017-11-08,3,Wed
90949,26,1,13,477,2017-11-08 8:38:04,0,11/8/2017 8:38:04,2017-11-08,8,Wed
360318,12,1,18,265,2017-11-08 21:47:18,0,11/8/2017 21:47:18,2017-11-08,21,Wed
42190,18,1,13,134,2017-11-08 12:01:27,0,11/8/2017 12:01:27,2017-11-08,12,Wed
90408,9,1,56,489,2017-11-07 22:58:23,0,11/7/2017 22:58:23,2017-11-07,22,Tue
45745,8,1,5,145,2017-11-08 5:08:36,0,11/8/2017 5:08:36,2017-11-08,5,Wed
125736,1,1,3,153,2017-11-07 1:21:42,0,11/7/2017 1:21:42,2017-11-07,1,Tue
85625,15,1,37,111,2017-11-08 9:35:44,0,11/8/2017 9:35:44,2017-11-08,9,Wed
95111,17,1,6,134,2017-11-08 5:03:07,0,11/8/2017 5:03:07,2017-11-08,5,Wed
100929,64,1,19,459,2017-11-08 2:29:22,0,11/8/2017 2:29:22,2017-11-08,2,Wed
206780,2,1,18,452,2017-11-07 3:46:20,0,11/7/2017 3:46:20,2017-11-07,3,Tue
51992,2,1,2,477,2017-11-07 10:44:38,0,11/7/2017 10:44:38,2017-11-07,10,Tue
113236,2,1,25,401,2017-11-08 7:37:43,0,11/8/2017 7:37:43,2017-11-08,7,Wed
125141,3,1,19,280,2017-11-07 6:23:06,0,11/7/2017 6:23:06,2017-11-07,6,Tue
29502,15,1,9,278,2017-11-07 3:45:35,0,11/7/2017 3:45:35,2017-11-07,3,Tue
90874,2,1,23,122,2017-11-07 16:32:20,0,11/7/2017 16:32:20,2017-11-07,16,Tue
49553,18,1,19,134,2017-11-07 14:25:46,0,11/7/2017 14:25:46,2017-11-07,14,Tue
140358,14,1,11,123,2017-11-07 2:18:36,0,11/7/2017 2:18:36,2017-11-07,2,Tue
13403,12,1,19,105,2017-11-09 11:18:30,0,11/9/2017 11:18:30,2017-11-09,11,Thu
125672,8,1,18,145,2017-11-07 5:30:43,0,11/7/2017 5:30:43,2017-11-07,5,Tue
36150,2,1,15,205,2017-11-09 14:02:35,0,11/9/2017 14:02:35,2017-11-09,14,Thu
153416,9,1,18,134,2017-11-06 16:06:14,0,11/6/2017 16:06:14,2017-11-06,16,Mon
3178,18,1,18,121,2017-11-08 18:06:43,0,11/8/2017 18:06:43,2017-11-08,18,Wed
125984,21,1,22,128,2017-11-08 15:52:46,0,11/8/2017 15:52:46,2017-11-08,15,Wed
63986,9,1,20,442,2017-11-09 14:22:04,0,11/9/2017 14:22:04,2017-11-09,14,Thu
118238,12,1,19,328,2017-11-07 1:20:54,0,11/7/2017 1:20:54,2017-11-07,1,Tue
121087,2,1,19,469,2017-11-09 1:53:58,0,11/9/2017 1:53:58,2017-11-09,1,Thu
25095,13,1,15,477,2017-11-08 3:57:50,0,11/8/2017 3:57:50,2017-11-08,3,Wed
58203,3,1,19,379,2017-11-08 14:29:49,0,11/8/2017 14:29:49,2017-11-08,14,Wed
101929,15,1,53,265,2017-11-08 1:50:40,0,11/8/2017 1:50:40,2017-11-08,1,Wed
64620,25,1,27,259,2017-11-08 11:02:19,0,11/8/2017 11:02:19,2017-11-08,11,Wed
20309,3,1,19,280,2017-11-09 14:57:02,0,11/9/2017 14:57:02,2017-11-09,14,Thu
38211,13,1,13,400,2017-11-08 4:31:48,0,11/8/2017 4:31:48,2017-11-08,4,Wed
70432,12,1,28,328,2017-11-07 0:02:12,0,11/7/2017 0:02:12,2017-11-07,0,Tue
149608,24,1,17,178,2017-11-06 16:54:50,0,11/6/2017 16:54:50,2017-11-06,16,Mon
26995,12,2,19,245,2017-11-08 20:16:15,0,11/8/2017 20:16:15,2017-11-08,20,Wed
18667,8,1,8,145,2017-11-07 7:24:13,0,11/7/2017 7:24:13,2017-11-07,7,Tue
166638,9,1,17,466,2017-11-09 5:45:46,0,11/9/2017 5:45:46,2017-11-09,5,Thu
43180,3,1,19,280,2017-11-08 10:33:30,0,11/8/2017 10:33:30,2017-11-08,10,Wed
86947,2,1,20,212,2017-11-07 6:07:01,0,11/7/2017 6:07:01,2017-11-07,6,Tue
78950,1,1,13,349,2017-11-07 5:58:26,0,11/7/2017 5:58:26,2017-11-07,5,Tue
96940,12,1,13,259,2017-11-07 1:12:12,0,11/7/2017 1:12:12,2017-11-07,1,Tue
3268,1,1,19,153,2017-11-08 11:42:30,0,11/8/2017 11:42:30,2017-11-08,11,Wed
3896,12,1,14,328,2017-11-09 12:28:02,0,11/9/2017 12:28:02,2017-11-09,12,Thu
46366,12,1,13,265,2017-11-08 0:09:42,0,11/8/2017 0:09:42,2017-11-08,0,Wed
57676,1,1,41,137,2017-11-08 14:30:12,0,11/8/2017 14:30:12,2017-11-08,14,Wed
8645,13,1,6,477,2017-11-07 10:17:01,0,11/7/2017 10:17:01,2017-11-07,10,Tue
53929,20,1,17,259,2017-11-08 22:54:08,0,11/8/2017 22:54:08,2017-11-08,22,Wed
43793,15,1,13,245,2017-11-08 10:45:22,0,11/8/2017 10:45:22,2017-11-08,10,Wed
95125,29,1,17,343,2017-11-08 1:30:01,0,11/8/2017 1:30:01,2017-11-08,1,Wed
835,28,1,18,135,2017-11-09 14:12:18,0,11/9/2017 14:12:18,2017-11-09,14,Thu
95766,18,1,6,439,2017-11-09 5:27:38,0,11/9/2017 5:27:38,2017-11-09,5,Thu
114220,12,1,19,124,2017-11-09 7:15:14,0,11/9/2017 7:15:14,2017-11-09,7,Thu
100180,12,1,1,178,2017-11-06 16:18:49,0,11/6/2017 16:18:49,2017-11-06,16,Mon
523,2,1,19,122,2017-11-09 12:33:53,0,11/9/2017 12:33:53,2017-11-09,12,Thu
55742,9,1,17,134,2017-11-06 17:57:43,0,11/6/2017 17:57:43,2017-11-06,17,Mon
19248,9,2,9,215,2017-11-08 14:00:31,0,11/8/2017 14:00:31,2017-11-08,14,Wed
34587,17,1,19,356,2017-11-07 23:37:02,0,11/7/2017 23:37:02,2017-11-07,23,Tue
106045,12,1,19,265,2017-11-08 5:26:31,0,11/8/2017 5:26:31,2017-11-08,5,Wed
73270,18,1,19,376,2017-11-07 10:29:05,0,11/7/2017 10:29:05,2017-11-07,10,Tue
86474,12,1,8,178,2017-11-08 17:00:08,0,11/8/2017 17:00:08,2017-11-08,17,Wed
55424,12,1,15,265,2017-11-09 12:14:09,0,11/9/2017 12:14:09,2017-11-09,12,Thu
33503,3,1,19,280,2017-11-07 10:03:12,0,11/7/2017 10:03:12,2017-11-07,10,Tue
262619,9,1,18,244,2017-11-08 2:03:23,0,11/8/2017 2:03:23,2017-11-08,2,Wed
105603,26,1,22,266,2017-11-09 5:06:04,0,11/9/2017 5:06:04,2017-11-09,5,Thu
201182,3,2,19,379,2017-11-08 13:07:42,0,11/8/2017 13:07:42,2017-11-08,13,Wed
56719,15,1,19,140,2017-11-08 8:38:04,0,11/8/2017 8:38:04,2017-11-08,8,Wed
40337,21,1,19,128,2017-11-09 3:28:56,0,11/9/2017 3:28:56,2017-11-09,3,Thu
105649,9,1,31,442,2017-11-07 8:48:16,0,11/7/2017 8:48:16,2017-11-07,8,Tue
306414,9,1,19,258,2017-11-09 9:27:39,0,11/9/2017 9:27:39,2017-11-09,9,Thu
2189,3,1,13,442,2017-11-08 15:59:13,0,11/8/2017 15:59:13,2017-11-08,15,Wed
112243,3,1,22,280,2017-11-08 8:45:50,0,11/8/2017 8:45:50,2017-11-08,8,Wed
110529,3,1,13,280,2017-11-08 13:32:39,0,11/8/2017 13:32:39,2017-11-08,13,Wed
106293,21,1,19,128,2017-11-07 23:13:43,0,11/7/2017 23:13:43,2017-11-07,23,Tue
197976,12,1,19,245,2017-11-09 4:40:08,0,11/9/2017 4:40:08,2017-11-09,4,Thu
132431,18,1,22,121,2017-11-09 10:17:07,0,11/9/2017 10:17:07,2017-11-09,10,Thu
95967,12,1,13,265,2017-11-08 7:35:38,0,11/8/2017 7:35:38,2017-11-08,7,Wed
204809,14,1,8,480,2017-11-09 8:43:54,0,11/9/2017 8:43:54,2017-11-09,8,Thu
78124,2,1,19,219,2017-11-09 13:31:04,0,11/9/2017 13:31:04,2017-11-09,13,Thu
50087,15,1,9,245,2017-11-09 5:55:49,0,11/9/2017 5:55:49,2017-11-09,5,Thu
187273,23,1,13,153,2017-11-09 9:38:36,0,11/9/2017 9:38:36,2017-11-09,9,Thu
47118,7,1,15,101,2017-11-07 10:42:52,0,11/7/2017 10:42:52,2017-11-07,10,Tue
147144,12,1,19,178,2017-11-08 12:16:32,0,11/8/2017 12:16:32,2017-11-08,12,Wed
16244,3,1,27,173,2017-11-08 5:53:01,0,11/8/2017 5:53:01,2017-11-08,5,Wed
31358,3,1,19,280,2017-11-08 20:30:24,0,11/8/2017 20:30:24,2017-11-08,20,Wed
18703,2,2,8,205,2017-11-07 7:39:23,0,11/7/2017 7:39:23,2017-11-07,7,Tue
5325,12,1,13,178,2017-11-09 8:36:44,0,11/9/2017 8:36:44,2017-11-09,8,Thu
3266,12,1,13,328,2017-11-09 5:39:54,0,11/9/2017 5:39:54,2017-11-09,5,Thu
73487,9,2,11,134,2017-11-08 2:44:41,0,11/8/2017 2:44:41,2017-11-08,2,Wed
117272,15,1,18,245,2017-11-06 16:28:23,0,11/6/2017 16:28:23,2017-11-06,16,Mon
8827,15,1,19,245,2017-11-07 6:44:53,0,11/7/2017 6:44:53,2017-11-07,6,Tue
47146,2,1,13,243,2017-11-09 4:21:05,0,11/9/2017 4:21:05,2017-11-09,4,Thu
102543,3,1,13,466,2017-11-09 10:36:31,0,11/9/2017 10:36:31,2017-11-09,10,Thu
152360,3,1,18,280,2017-11-08 11:14:07,0,11/8/2017 11:14:07,2017-11-08,11,Wed
49600,45,2,10,411,2017-11-09 9:40:50,0,11/9/2017 9:40:50,2017-11-09,9,Thu
100375,18,1,17,376,2017-11-07 3:39:02,0,11/7/2017 3:39:02,2017-11-07,3,Tue
178866,15,1,8,245,2017-11-07 5:49:15,0,11/7/2017 5:49:15,2017-11-07,5,Tue
98344,12,1,3,409,2017-11-09 1:46:22,0,11/9/2017 1:46:22,2017-11-09,1,Thu
67322,2,1,18,219,2017-11-09 1:15:09,0,11/9/2017 1:15:09,2017-11-09,1,Thu
40342,2,1,13,258,2017-11-07 0:28:28,0,11/7/2017 0:28:28,2017-11-07,0,Tue
193700,1,1,13,118,2017-11-07 0:29:31,0,11/7/2017 0:29:31,2017-11-07,0,Tue
148126,13,1,18,477,2017-11-07 7:32:30,0,11/7/2017 7:32:30,2017-11-07,7,Tue
14094,64,1,70,459,2017-11-07 15:22:25,0,11/7/2017 15:22:25,2017-11-07,15,Tue
9886,2,1,13,212,2017-11-08 15:12:58,0,11/8/2017 15:12:58,2017-11-08,15,Wed
4653,12,1,19,245,2017-11-08 15:19:13,0,11/8/2017 15:19:13,2017-11-08,15,Wed
6123,13,1,18,477,2017-11-07 16:30:20,0,11/7/2017 16:30:20,2017-11-07,16,Tue
32457,21,1,35,232,2017-11-08 17:14:49,0,11/8/2017 17:14:49,2017-11-08,17,Wed
4429,3,1,32,442,2017-11-08 3:23:40,0,11/8/2017 3:23:40,2017-11-08,3,Wed
319009,13,1,19,477,2017-11-09 3:40:35,0,11/9/2017 3:40:35,2017-11-09,3,Thu
83449,3,1,19,480,2017-11-08 13:51:04,0,11/8/2017 13:51:04,2017-11-08,13,Wed
58529,3,1,8,115,2017-11-08 15:28:34,0,11/8/2017 15:28:34,2017-11-08,15,Wed
137780,21,1,17,128,2017-11-08 21:24:58,0,11/8/2017 21:24:58,2017-11-08,21,Wed
113958,12,1,13,178,2017-11-08 1:15:09,0,11/8/2017 1:15:09,2017-11-08,1,Wed
100182,3,1,13,452,2017-11-09 7:50:21,0,11/9/2017 7:50:21,2017-11-09,7,Thu
48646,29,1,15,343,2017-11-07 2:37:41,0,11/7/2017 2:37:41,2017-11-07,2,Tue
180506,15,1,19,130,2017-11-08 4:52:44,0,11/8/2017 4:52:44,2017-11-08,4,Wed
101074,3,1,37,173,2017-11-08 4:07:03,0,11/8/2017 4:07:03,2017-11-08,4,Wed
4486,15,1,31,245,2017-11-08 12:56:13,0,11/8/2017 12:56:13,2017-11-08,12,Wed
103019,20,1,22,259,2017-11-08 16:10:47,0,11/8/2017 16:10:47,2017-11-08,16,Wed
251823,3,1,19,402,2017-11-08 8:40:25,0,11/8/2017 8:40:25,2017-11-08,8,Wed
123759,18,1,27,121,2017-11-06 17:46:33,0,11/6/2017 17:46:33,2017-11-06,17,Mon
42041,18,1,13,121,2017-11-07 15:01:35,0,11/7/2017 15:01:35,2017-11-07,15,Tue
51544,3,1,19,280,2017-11-08 7:27:51,0,11/8/2017 7:27:51,2017-11-08,7,Wed
106535,3,1,18,280,2017-11-08 3:09:34,0,11/8/2017 3:09:34,2017-11-08,3,Wed
42240,9,1,19,489,2017-11-08 11:56:58,0,11/8/2017 11:56:58,2017-11-08,11,Wed
242106,14,1,13,463,2017-11-08 7:15:20,0,11/8/2017 7:15:20,2017-11-08,7,Wed
26703,2,1,13,469,2017-11-09 4:15:05,0,11/9/2017 4:15:05,2017-11-09,4,Thu
55213,2,1,17,452,2017-11-09 0:01:54,0,11/9/2017 0:01:54,2017-11-09,0,Thu
165072,3,1,6,424,2017-11-08 3:42:07,0,11/8/2017 3:42:07,2017-11-08,3,Wed
189412,12,1,11,140,2017-11-08 5:24:15,0,11/8/2017 5:24:15,2017-11-08,5,Wed
43057,3,1,19,280,2017-11-08 13:41:50,0,11/8/2017 13:41:50,2017-11-08,13,Wed
18703,21,1,19,128,2017-11-09 8:52:34,0,11/9/2017 8:52:34,2017-11-09,8,Thu
30565,18,1,25,121,2017-11-09 7:23:04,0,11/9/2017 7:23:04,2017-11-09,7,Thu
80560,9,2,9,442,2017-11-09 10:11:29,0,11/9/2017 10:11:29,2017-11-09,10,Thu
73516,15,1,13,480,2017-11-09 14:21:26,0,11/9/2017 14:21:26,2017-11-09,14,Thu
60945,26,1,26,266,2017-11-09 7:31:21,0,11/9/2017 7:31:21,2017-11-09,7,Thu
16453,6,1,23,459,2017-11-08 4:15:56,0,11/8/2017 4:15:56,2017-11-08,4,Wed
39209,15,1,19,245,2017-11-07 23:55:31,0,11/7/2017 23:55:31,2017-11-07,23,Tue
207893,15,1,17,386,2017-11-08 18:05:49,0,11/8/2017 18:05:49,2017-11-08,18,Wed
100629,3,1,19,280,2017-11-09 15:24:55,0,11/9/2017 15:24:55,2017-11-09,15,Thu
50737,3,1,19,379,2017-11-07 3:55:00,0,11/7/2017 3:55:00,2017-11-07,3,Tue
93027,2,1,22,212,2017-11-07 7:56:54,0,11/7/2017 7:56:54,2017-11-07,7,Tue
17836,3,1,13,19,2017-11-07 1:32:01,0,11/7/2017 1:32:01,2017-11-07,1,Tue
48282,23,1,13,30,2017-11-09 11:22:51,0,11/9/2017 11:22:51,2017-11-09,11,Thu
119369,11,1,12,219,2017-11-08 12:07:26,0,11/8/2017 12:07:26,2017-11-08,12,Wed
119531,9,2,17,145,2017-11-09 8:14:56,0,11/9/2017 8:14:56,2017-11-09,8,Thu
12184,3,1,18,489,2017-11-09 11:58:19,0,11/9/2017 11:58:19,2017-11-09,11,Thu
198822,18,1,14,134,2017-11-07 8:35:30,0,11/7/2017 8:35:30,2017-11-07,8,Tue
33607,2,1,19,237,2017-11-09 4:53:47,0,11/9/2017 4:53:47,2017-11-09,4,Thu
69332,3,1,1,280,2017-11-07 8:47:25,0,11/7/2017 8:47:25,2017-11-07,8,Tue
67037,2,1,17,237,2017-11-07 8:29:11,0,11/7/2017 8:29:11,2017-11-07,8,Tue
58535,1,1,19,150,2017-11-07 6:25:31,0,11/7/2017 6:25:31,2017-11-07,6,Tue
35616,64,1,10,459,2017-11-07 6:50:22,0,11/7/2017 6:50:22,2017-11-07,6,Tue
100324,2,1,13,219,2017-11-07 11:43:43,0,11/7/2017 11:43:43,2017-11-07,11,Tue
42384,25,1,42,259,2017-11-08 11:32:03,0,11/8/2017 11:32:03,2017-11-08,11,Wed
85107,3,1,11,489,2017-11-07 10:20:39,0,11/7/2017 10:20:39,2017-11-07,10,Tue
69070,3,1,19,442,2017-11-07 4:45:34,0,11/7/2017 4:45:34,2017-11-07,4,Tue
198958,2,1,3,477,2017-11-07 9:13:31,0,11/7/2017 9:13:31,2017-11-07,9,Tue
36383,3,1,22,280,2017-11-08 4:10:33,0,11/8/2017 4:10:33,2017-11-08,4,Wed
103199,13,1,22,477,2017-11-08 8:51:11,0,11/8/2017 8:51:11,2017-11-08,8,Wed
110112,3,1,8,480,2017-11-09 11:39:09,0,11/9/2017 11:39:09,2017-11-09,11,Thu
17149,3,1,8,417,2017-11-09 7:01:18,0,11/9/2017 7:01:18,2017-11-09,7,Thu
89458,15,1,19,386,2017-11-09 12:18:41,0,11/9/2017 12:18:41,2017-11-09,12,Thu
84972,14,1,12,134,2017-11-08 2:04:09,0,11/8/2017 2:04:09,2017-11-08,2,Wed
55024,21,1,20,128,2017-11-07 6:53:06,0,11/7/2017 6:53:06,2017-11-07,6,Tue
111145,12,1,18,259,2017-11-07 5:15:15,0,11/7/2017 5:15:15,2017-11-07,5,Tue
35221,8,1,10,145,2017-11-07 4:07:22,0,11/7/2017 4:07:22,2017-11-07,4,Tue
53770,3,1,32,280,2017-11-08 12:39:42,0,11/8/2017 12:39:42,2017-11-08,12,Wed
75539,6,1,13,459,2017-11-09 12:38:12,0,11/9/2017 12:38:12,2017-11-09,12,Thu
66258,3,1,19,280,2017-11-07 13:12:02,0,11/7/2017 13:12:02,2017-11-07,13,Tue
1881,8,1,19,259,2017-11-07 11:26:01,0,11/7/2017 11:26:01,2017-11-07,11,Tue
72936,15,1,13,245,2017-11-07 1:38:45,0,11/7/2017 1:38:45,2017-11-07,1,Tue
188739,2,1,13,377,2017-11-07 3:41:33,0,11/7/2017 3:41:33,2017-11-07,3,Tue
172469,15,1,16,245,2017-11-08 15:19:58,0,11/8/2017 15:19:58,2017-11-08,15,Wed
119317,3,1,17,280,2017-11-08 14:54:49,0,11/8/2017 14:54:49,2017-11-08,14,Wed
92645,21,1,41,128,2017-11-06 23:31:30,0,11/6/2017 23:31:30,2017-11-06,23,Mon
120163,8,1,19,145,2017-11-07 14:26:19,0,11/7/2017 14:26:19,2017-11-07,14,Tue
106680,3,1,15,280,2017-11-08 1:51:20,0,11/8/2017 1:51:20,2017-11-08,1,Wed
115119,47,1,14,484,2017-11-09 11:03:45,0,11/9/2017 11:03:45,2017-11-09,11,Thu
39517,12,1,13,245,2017-11-08 12:50:31,0,11/8/2017 12:50:31,2017-11-08,12,Wed
207511,1,1,10,134,2017-11-09 12:43:55,0,11/9/2017 12:43:55,2017-11-09,12,Thu
116831,3,1,15,30,2017-11-09 12:43:19,0,11/9/2017 12:43:19,2017-11-09,12,Thu
26814,15,1,11,245,2017-11-08 13:37:19,0,11/8/2017 13:37:19,2017-11-08,13,Wed
92618,3,1,37,280,2017-11-09 5:30:33,0,11/9/2017 5:30:33,2017-11-09,5,Thu
28780,9,1,28,127,2017-11-09 12:22:30,0,11/9/2017 12:22:30,2017-11-09,12,Thu
268241,35,1,19,274,2017-11-08 4:57:33,0,11/8/2017 4:57:33,2017-11-08,4,Wed
87696,9,1,19,334,2017-11-09 0:59:55,0,11/9/2017 0:59:55,2017-11-09,0,Thu
49602,18,1,17,107,2017-11-07 12:50:15,0,11/7/2017 12:50:15,2017-11-07,12,Tue
39020,12,1,10,245,2017-11-09 5:10:18,0,11/9/2017 5:10:18,2017-11-09,5,Thu
108170,8,1,17,145,2017-11-08 18:42:15,0,11/8/2017 18:42:15,2017-11-08,18,Wed
117018,9,1,17,134,2017-11-09 4:40:49,0,11/9/2017 4:40:49,2017-11-09,4,Thu
86452,13,1,19,477,2017-11-08 23:29:35,0,11/8/2017 23:29:35,2017-11-08,23,Wed
69411,3,1,18,442,2017-11-07 12:03:21,0,11/7/2017 12:03:21,2017-11-07,12,Tue
69577,15,1,13,278,2017-11-09 11:48:19,0,11/9/2017 11:48:19,2017-11-09,11,Thu
42404,12,1,26,409,2017-11-09 4:02:10,0,11/9/2017 4:02:10,2017-11-09,4,Thu
79857,15,1,19,118,2017-11-09 9:43:50,0,11/9/2017 9:43:50,2017-11-09,9,Thu
53960,2,1,19,205,2017-11-07 7:53:04,0,11/7/2017 7:53:04,2017-11-07,7,Tue
42245,12,1,15,265,2017-11-08 3:24:20,0,11/8/2017 3:24:20,2017-11-08,3,Wed
199172,12,1,19,245,2017-11-07 12:12:25,0,11/7/2017 12:12:25,2017-11-07,12,Tue
55763,14,1,27,134,2017-11-07 4:59:11,0,11/7/2017 4:59:11,2017-11-07,4,Tue
69136,3,1,14,280,2017-11-09 5:05:26,0,11/9/2017 5:05:26,2017-11-09,5,Thu
18772,3,1,37,173,2017-11-08 4:54:23,0,11/8/2017 4:54:23,2017-11-08,4,Wed
94174,1,1,19,134,2017-11-07 1:25:23,0,11/7/2017 1:25:23,2017-11-07,1,Tue
178416,9,1,23,215,2017-11-06 16:03:12,0,11/6/2017 16:03:12,2017-11-06,16,Mon
102141,9,1,22,466,2017-11-07 4:05:32,0,11/7/2017 4:05:32,2017-11-07,4,Tue
39493,3,1,10,280,2017-11-07 6:31:49,0,11/7/2017 6:31:49,2017-11-07,6,Tue
75595,12,1,19,145,2017-11-07 2:59:36,0,11/7/2017 2:59:36,2017-11-07,2,Tue
80995,21,1,19,232,2017-11-07 11:45:22,0,11/7/2017 11:45:22,2017-11-07,11,Tue
56731,15,1,27,386,2017-11-08 0:03:46,0,11/8/2017 0:03:46,2017-11-08,0,Wed
4784,9,1,6,232,2017-11-08 14:06:10,0,11/8/2017 14:06:10,2017-11-08,14,Wed
110309,29,1,15,343,2017-11-08 1:37:19,0,11/8/2017 1:37:19,2017-11-08,1,Wed
70280,15,1,13,3,2017-11-07 12:59:51,0,11/7/2017 12:59:51,2017-11-07,12,Tue
204304,9,1,25,466,2017-11-09 15:00:49,0,11/9/2017 15:00:49,2017-11-09,15,Thu
102990,25,1,17,259,2017-11-07 5:54:35,0,11/7/2017 5:54:35,2017-11-07,5,Tue
74447,12,1,13,178,2017-11-08 10:03:30,0,11/8/2017 10:03:30,2017-11-08,10,Wed
40929,12,1,13,265,2017-11-08 5:53:09,0,11/8/2017 5:53:09,2017-11-08,5,Wed
26726,12,1,13,259,2017-11-09 12:35:26,0,11/9/2017 12:35:26,2017-11-09,12,Thu
32305,15,1,15,153,2017-11-08 10:36:22,0,11/8/2017 10:36:22,2017-11-08,10,Wed
68303,12,1,19,245,2017-11-08 23:45:44,0,11/8/2017 23:45:44,2017-11-08,23,Wed
41818,3,1,19,137,2017-11-07 6:45:41,0,11/7/2017 6:45:41,2017-11-07,6,Tue
34840,12,1,19,105,2017-11-09 10:13:28,0,11/9/2017 10:13:28,2017-11-09,10,Thu
48212,12,1,20,140,2017-11-09 14:15:41,0,11/9/2017 14:15:41,2017-11-09,14,Thu
49138,32,1,19,376,2017-11-08 11:29:40,0,11/8/2017 11:29:40,2017-11-08,11,Wed
174062,3,1,10,130,2017-11-07 8:16:56,0,11/7/2017 8:16:56,2017-11-07,8,Tue
123947,21,1,34,232,2017-11-08 1:47:54,0,11/8/2017 1:47:54,2017-11-08,1,Wed
105654,18,1,26,107,2017-11-09 0:27:15,0,11/9/2017 0:27:15,2017-11-09,0,Thu
68382,12,1,13,242,2017-11-07 1:32:10,0,11/7/2017 1:32:10,2017-11-07,1,Tue
12129,12,1,19,178,2017-11-07 15:22:40,0,11/7/2017 15:22:40,2017-11-07,15,Tue
76989,12,1,32,140,2017-11-09 14:03:31,0,11/9/2017 14:03:31,2017-11-09,14,Thu
195844,18,1,19,439,2017-11-07 6:31:19,0,11/7/2017 6:31:19,2017-11-07,6,Tue
105587,18,1,14,107,2017-11-09 15:20:48,0,11/9/2017 15:20:48,2017-11-09,15,Thu
105475,3,1,17,115,2017-11-06 16:19:58,0,11/6/2017 16:19:58,2017-11-06,16,Mon
232636,29,1,13,213,2017-11-08 8:48:20,0,11/8/2017 8:48:20,2017-11-08,8,Wed
57757,15,1,10,245,2017-11-07 4:22:55,0,11/7/2017 4:22:55,2017-11-07,4,Tue
239741,9,1,6,134,2017-11-07 22:29:28,0,11/7/2017 22:29:28,2017-11-07,22,Tue
53660,18,1,13,121,2017-11-09 0:18:09,0,11/9/2017 0:18:09,2017-11-09,0,Thu
75808,27,1,19,122,2017-11-08 14:04:41,0,11/8/2017 14:04:41,2017-11-08,14,Wed
91574,2,1,18,205,2017-11-07 2:43:37,0,11/7/2017 2:43:37,2017-11-07,2,Tue
75813,18,1,13,134,2017-11-09 12:58:59,0,11/9/2017 12:58:59,2017-11-09,12,Thu
69173,12,1,19,178,2017-11-07 4:38:05,0,11/7/2017 4:38:05,2017-11-07,4,Tue
145205,2,1,3,122,2017-11-07 4:38:22,0,11/7/2017 4:38:22,2017-11-07,4,Tue
150786,9,1,17,215,2017-11-06 23:42:19,0,11/6/2017 23:42:19,2017-11-06,23,Mon
3835,12,1,15,178,2017-11-07 2:50:19,0,11/7/2017 2:50:19,2017-11-07,2,Tue
44725,3,1,25,280,2017-11-09 3:04:38,0,11/9/2017 3:04:38,2017-11-09,3,Thu
45416,2,2,13,205,2017-11-08 15:47:08,0,11/8/2017 15:47:08,2017-11-08,15,Wed
142083,14,1,13,134,2017-11-07 8:11:41,0,11/7/2017 8:11:41,2017-11-07,8,Tue
5348,15,2,16,140,2017-11-08 9:20:16,0,11/8/2017 9:20:16,2017-11-08,9,Wed
75431,13,1,18,477,2017-11-08 6:13:28,0,11/8/2017 6:13:28,2017-11-08,6,Wed
148508,7,1,13,101,2017-11-07 10:11:11,0,11/7/2017 10:11:11,2017-11-07,10,Tue
96547,15,1,19,480,2017-11-08 5:37:42,0,11/8/2017 5:37:42,2017-11-08,5,Wed
114314,2,1,48,435,2017-11-07 20:09:26,0,11/7/2017 20:09:26,2017-11-07,20,Tue
11051,12,1,19,135,2017-11-09 15:15:36,0,11/9/2017 15:15:36,2017-11-09,15,Thu
120757,2,1,3,237,2017-11-07 3:22:33,0,11/7/2017 3:22:33,2017-11-07,3,Tue
142062,14,1,6,379,2017-11-07 10:10:19,0,11/7/2017 10:10:19,2017-11-07,10,Tue
33908,12,1,14,328,2017-11-07 3:23:18,0,11/7/2017 3:23:18,2017-11-07,3,Tue
265588,14,1,13,379,2017-11-09 7:16:35,0,11/9/2017 7:16:35,2017-11-09,7,Thu
45745,3,1,13,480,2017-11-08 2:43:46,0,11/8/2017 2:43:46,2017-11-08,2,Wed
36934,9,1,6,334,2017-11-08 9:53:12,0,11/8/2017 9:53:12,2017-11-08,9,Wed
303828,94,1,35,361,2017-11-09 15:29:19,0,11/9/2017 15:29:19,2017-11-09,15,Thu
266572,1,1,19,134,2017-11-08 6:56:39,0,11/8/2017 6:56:39,2017-11-08,6,Wed
165919,14,1,13,401,2017-11-07 3:30:23,0,11/7/2017 3:30:23,2017-11-07,3,Tue
28597,3,1,19,280,2017-11-09 1:39:57,0,11/9/2017 1:39:57,2017-11-09,1,Thu
129467,15,1,10,140,2017-11-08 3:57:13,0,11/8/2017 3:57:13,2017-11-08,3,Wed
111639,2,1,3,205,2017-11-07 14:06:15,0,11/7/2017 14:06:15,2017-11-07,14,Tue
90991,9,1,10,244,2017-11-09 14:46:44,0,11/9/2017 14:46:44,2017-11-09,14,Thu
38326,3,1,13,280,2017-11-08 11:06:58,0,11/8/2017 11:06:58,2017-11-08,11,Wed
127559,12,1,11,140,2017-11-06 23:14:12,0,11/6/2017 23:14:12,2017-11-06,23,Mon
18446,2,1,10,205,2017-11-08 9:06:13,0,11/8/2017 9:06:13,2017-11-08,9,Wed
214149,15,1,15,391,2017-11-08 10:07:43,0,11/8/2017 10:07:43,2017-11-08,10,Wed
126222,2,1,19,205,2017-11-07 6:09:34,0,11/7/2017 6:09:34,2017-11-07,6,Tue
156284,9,1,20,234,2017-11-09 15:03:50,0,11/9/2017 15:03:50,2017-11-09,15,Thu
345635,2,1,36,435,2017-11-09 2:03:45,0,11/9/2017 2:03:45,2017-11-09,2,Thu
184315,3,1,19,317,2017-11-08 8:12:39,0,11/8/2017 8:12:39,2017-11-08,8,Wed
60650,3,1,18,480,2017-11-07 9:02:47,0,11/7/2017 9:02:47,2017-11-07,9,Tue
27879,1,1,25,153,2017-11-07 4:40:48,0,11/7/2017 4:40:48,2017-11-07,4,Tue
103555,3,1,18,409,2017-11-09 2:24:37,0,11/9/2017 2:24:37,2017-11-09,2,Thu
53479,18,1,27,107,2017-11-07 13:34:39,0,11/7/2017 13:34:39,2017-11-07,13,Tue
53960,2,1,13,205,2017-11-07 4:46:35,0,11/7/2017 4:46:35,2017-11-07,4,Tue
15225,15,1,11,245,2017-11-07 10:35:36,0,11/7/2017 10:35:36,2017-11-07,10,Tue
23450,1,2,30,134,2017-11-06 23:19:49,0,11/6/2017 23:19:49,2017-11-06,23,Mon
266592,10,1,47,113,2017-11-08 10:39:17,1,11/8/2017 10:39:17,2017-11-08,10,Wed
2076,21,1,20,232,2017-11-09 11:52:15,0,11/9/2017 11:52:15,2017-11-09,11,Thu
167563,9,1,41,466,2017-11-09 10:09:01,0,11/9/2017 10:09:01,2017-11-09,10,Thu
203604,18,1,19,107,2017-11-08 5:55:08,0,11/8/2017 5:55:08,2017-11-08,5,Wed
121216,3,1,13,452,2017-11-07 11:43:19,0,11/7/2017 11:43:19,2017-11-07,11,Tue
37234,1,1,13,134,2017-11-08 8:03:14,0,11/8/2017 8:03:14,2017-11-08,8,Wed
115804,17,1,9,280,2017-11-09 3:18:07,0,11/9/2017 3:18:07,2017-11-09,3,Thu
85894,21,1,19,232,2017-11-09 5:08:59,0,11/9/2017 5:08:59,2017-11-09,5,Thu
105039,27,1,19,153,2017-11-09 3:17:19,0,11/9/2017 3:17:19,2017-11-09,3,Thu
10195,13,1,8,477,2017-11-08 7:54:36,0,11/8/2017 7:54:36,2017-11-08,7,Wed
85188,5,1,14,377,2017-11-07 7:20:39,0,11/7/2017 7:20:39,2017-11-07,7,Tue
109800,11,1,13,173,2017-11-07 7:12:36,0,11/7/2017 7:12:36,2017-11-07,7,Tue
41030,3,1,17,115,2017-11-07 10:52:25,0,11/7/2017 10:52:25,2017-11-07,10,Tue
269985,19,40,24,213,2017-11-08 15:17:04,0,11/8/2017 15:17:04,2017-11-08,15,Wed
47251,3,1,13,280,2017-11-07 8:41:56,0,11/7/2017 8:41:56,2017-11-07,8,Tue
75858,8,2,9,145,2017-11-08 10:38:46,0,11/8/2017 10:38:46,2017-11-08,10,Wed
85006,23,1,13,153,2017-11-08 19:57:33,0,11/8/2017 19:57:33,2017-11-08,19,Wed
96971,28,1,19,135,2017-11-07 7:37:17,0,11/7/2017 7:37:17,2017-11-07,7,Tue
115130,2,1,7,435,2017-11-07 13:26:36,0,11/7/2017 13:26:36,2017-11-07,13,Tue
264729,14,1,37,379,2017-11-08 10:51:51,0,11/8/2017 10:51:51,2017-11-08,10,Wed
3241,9,1,25,466,2017-11-09 8:42:39,0,11/9/2017 8:42:39,2017-11-09,8,Thu
94758,12,1,1,265,2017-11-08 10:39:47,0,11/8/2017 10:39:47,2017-11-08,10,Wed
52424,9,1,22,215,2017-11-07 16:39:47,0,11/7/2017 16:39:47,2017-11-07,16,Tue
200107,15,1,8,430,2017-11-07 14:36:54,0,11/7/2017 14:36:54,2017-11-07,14,Tue
75634,4,1,47,101,2017-11-08 2:18:48,0,11/8/2017 2:18:48,2017-11-08,2,Wed
48240,3,2,9,480,2017-11-09 13:34:45,0,11/9/2017 13:34:45,2017-11-09,13,Thu
34520,19,0,76,213,2017-11-08 2:59:36,0,11/8/2017 2:59:36,2017-11-08,2,Wed
167025,27,1,37,122,2017-11-07 5:47:37,0,11/7/2017 5:47:37,2017-11-07,5,Tue
114891,3,1,18,379,2017-11-09 6:20:14,0,11/9/2017 6:20:14,2017-11-09,6,Thu
78526,9,1,28,215,2017-11-07 0:12:56,0,11/7/2017 0:12:56,2017-11-07,0,Tue
125050,3,1,46,280,2017-11-07 3:58:34,0,11/7/2017 3:58:34,2017-11-07,3,Tue
91031,14,1,8,480,2017-11-09 15:50:25,0,11/9/2017 15:50:25,2017-11-09,15,Thu
75825,29,1,53,343,2017-11-09 6:23:05,0,11/9/2017 6:23:05,2017-11-09,6,Thu
83453,14,1,8,463,2017-11-08 10:51:05,0,11/8/2017 10:51:05,2017-11-08,10,Wed
85512,12,1,19,497,2017-11-07 12:21:11,0,11/7/2017 12:21:11,2017-11-07,12,Tue
118475,3,1,19,211,2017-11-09 0:16:27,0,11/9/2017 0:16:27,2017-11-09,0,Thu
7862,14,1,13,463,2017-11-07 16:06:53,0,11/7/2017 16:06:53,2017-11-07,16,Tue
5348,12,1,13,265,2017-11-09 12:34:02,0,11/9/2017 12:34:02,2017-11-09,12,Thu
108560,12,1,13,328,2017-11-09 7:32:42,0,11/9/2017 7:32:42,2017-11-09,7,Thu
109674,15,1,37,245,2017-11-08 15:16:23,0,11/8/2017 15:16:23,2017-11-08,15,Wed
51808,64,1,13,459,2017-11-07 13:15:40,0,11/7/2017 13:15:40,2017-11-07,13,Tue
73487,14,1,47,379,2017-11-08 23:11:25,0,11/8/2017 23:11:25,2017-11-08,23,Wed
97716,14,1,17,401,2017-11-08 12:18:31,0,11/8/2017 12:18:31,2017-11-08,12,Wed
62916,6,1,37,459,2017-11-08 2:38:38,0,11/8/2017 2:38:38,2017-11-08,2,Wed
253401,9,1,41,466,2017-11-08 15:10:49,0,11/8/2017 15:10:49,2017-11-08,15,Wed
99927,12,1,19,178,2017-11-07 1:13:34,0,11/7/2017 1:13:34,2017-11-07,1,Tue
13886,9,1,3,215,2017-11-07 1:51:11,0,11/7/2017 1:51:11,2017-11-07,1,Tue
32788,3,1,32,424,2017-11-09 3:18:55,0,11/9/2017 3:18:55,2017-11-09,3,Thu
114276,9,2,9,334,2017-11-08 3:02:33,0,11/8/2017 3:02:33,2017-11-08,3,Wed
93780,23,1,22,153,2017-11-08 17:03:39,0,11/8/2017 17:03:39,2017-11-08,17,Wed
105339,1,1,20,135,2017-11-07 11:39:32,0,11/7/2017 11:39:32,2017-11-07,11,Tue
80163,1,1,19,452,2017-11-06 18:52:15,0,11/6/2017 18:52:15,2017-11-06,18,Mon
8408,12,1,13,259,2017-11-07 0:04:00,0,11/7/2017 0:04:00,2017-11-07,0,Tue
275683,9,1,20,489,2017-11-08 15:36:21,0,11/8/2017 15:36:21,2017-11-08,15,Wed
280918,2,2,49,205,2017-11-09 11:53:31,0,11/9/2017 11:53:31,2017-11-09,11,Thu
105069,11,1,13,219,2017-11-09 7:15:37,0,11/9/2017 7:15:37,2017-11-09,7,Thu
107212,9,1,13,442,2017-11-09 3:12:55,0,11/9/2017 3:12:55,2017-11-09,3,Thu
42139,18,1,13,107,2017-11-09 8:34:01,0,11/9/2017 8:34:01,2017-11-09,8,Thu
100543,14,1,18,463,2017-11-08 4:42:31,0,11/8/2017 4:42:31,2017-11-08,4,Wed
60271,3,1,19,173,2017-11-08 14:07:52,0,11/8/2017 14:07:52,2017-11-08,14,Wed
3189,18,1,13,134,2017-11-08 7:57:13,0,11/8/2017 7:57:13,2017-11-08,7,Wed
107802,3,1,6,442,2017-11-08 6:15:45,0,11/8/2017 6:15:45,2017-11-08,6,Wed
73487,3,1,70,130,2017-11-09 13:52:12,0,11/9/2017 13:52:12,2017-11-09,13,Thu
21894,12,1,19,178,2017-11-07 16:38:34,0,11/7/2017 16:38:34,2017-11-07,16,Tue
8681,36,1,14,110,2017-11-08 8:25:42,0,11/8/2017 8:25:42,2017-11-08,8,Wed
112302,2,1,41,469,2017-11-09 7:33:21,0,11/9/2017 7:33:21,2017-11-09,7,Thu
158559,1,1,7,134,2017-11-07 5:40:59,0,11/7/2017 5:40:59,2017-11-07,5,Tue
4393,8,1,22,259,2017-11-07 8:32:13,0,11/7/2017 8:32:13,2017-11-07,8,Tue
121339,3,1,22,480,2017-11-09 1:25:05,0,11/9/2017 1:25:05,2017-11-09,1,Thu
100393,2,1,25,237,2017-11-08 3:09:30,0,11/8/2017 3:09:30,2017-11-08,3,Wed
5147,2,1,6,477,2017-11-08 15:53:56,0,11/8/2017 15:53:56,2017-11-08,15,Wed
88281,18,1,3,121,2017-11-08 7:44:34,0,11/8/2017 7:44:34,2017-11-08,7,Wed
58962,2,1,37,219,2017-11-07 5:36:17,0,11/7/2017 5:36:17,2017-11-07,5,Tue
73011,8,2,13,145,2017-11-09 10:13:40,0,11/9/2017 10:13:40,2017-11-09,10,Thu
2805,12,1,19,135,2017-11-08 15:05:34,0,11/8/2017 15:05:34,2017-11-08,15,Wed
59391,15,1,13,412,2017-11-07 7:58:25,0,11/7/2017 7:58:25,2017-11-07,7,Tue
65177,2,1,14,435,2017-11-07 2:54:47,0,11/7/2017 2:54:47,2017-11-07,2,Tue
56411,12,1,13,105,2017-11-09 2:03:21,0,11/9/2017 2:03:21,2017-11-09,2,Thu
155357,21,1,19,128,2017-11-07 1:17:15,0,11/7/2017 1:17:15,2017-11-07,1,Tue
96983,15,1,14,386,2017-11-07 7:56:35,0,11/7/2017 7:56:35,2017-11-07,7,Tue
37565,12,1,22,259,2017-11-08 15:35:28,0,11/8/2017 15:35:28,2017-11-08,15,Wed
108942,3,1,37,211,2017-11-07 2:49:03,0,11/7/2017 2:49:03,2017-11-07,2,Tue
42164,12,1,19,178,2017-11-09 11:03:51,0,11/9/2017 11:03:51,2017-11-09,11,Thu
89232,12,1,13,259,2017-11-09 2:58:41,0,11/9/2017 2:58:41,2017-11-09,2,Thu
46797,3,1,19,205,2017-11-08 4:51:28,0,11/8/2017 4:51:28,2017-11-08,4,Wed
329443,3,1,9,280,2017-11-09 2:22:06,0,11/9/2017 2:22:06,2017-11-09,2,Thu
83795,17,1,13,280,2017-11-08 7:35:29,0,11/8/2017 7:35:29,2017-11-08,7,Wed
19836,9,1,20,232,2017-11-09 4:18:23,0,11/9/2017 4:18:23,2017-11-09,4,Thu
88304,14,1,13,442,2017-11-09 15:37:42,0,11/9/2017 15:37:42,2017-11-09,15,Thu
106078,9,1,22,489,2017-11-07 12:11:49,0,11/7/2017 12:11:49,2017-11-07,12,Tue
95718,3,1,13,280,2017-11-08 0:27:41,0,11/8/2017 0:27:41,2017-11-08,0,Wed
98178,14,1,19,439,2017-11-09 4:02:35,0,11/9/2017 4:02:35,2017-11-09,4,Thu
105363,3,1,14,417,2017-11-09 10:37:27,0,11/9/2017 10:37:27,2017-11-09,10,Thu
67192,18,1,15,134,2017-11-09 3:49:45,0,11/9/2017 3:49:45,2017-11-09,3,Thu
100519,8,1,3,145,2017-11-07 20:53:52,0,11/7/2017 20:53:52,2017-11-07,20,Tue
96057,26,1,17,477,2017-11-08 10:46:49,0,11/8/2017 10:46:49,2017-11-08,10,Wed
115615,3,1,41,280,2017-11-09 0:06:56,0,11/9/2017 0:06:56,2017-11-09,0,Thu
2027,2,1,14,469,2017-11-08 11:49:03,0,11/8/2017 11:49:03,2017-11-08,11,Wed
2253,9,1,16,466,2017-11-09 15:10:01,0,11/9/2017 15:10:01,2017-11-09,15,Thu
38407,3,1,53,424,2017-11-08 5:47:28,0,11/8/2017 5:47:28,2017-11-08,5,Wed
4295,3,1,26,280,2017-11-07 4:08:20,0,11/7/2017 4:08:20,2017-11-07,4,Tue
84896,3,1,19,280,2017-11-07 8:24:07,0,11/7/2017 8:24:07,2017-11-07,8,Tue
38219,15,1,17,278,2017-11-07 7:58:44,0,11/7/2017 7:58:44,2017-11-07,7,Tue
171738,15,1,13,265,2017-11-07 3:19:45,0,11/7/2017 3:19:45,2017-11-07,3,Tue
62963,23,1,13,153,2017-11-09 15:31:52,0,11/9/2017 15:31:52,2017-11-09,15,Thu
34284,12,1,41,340,2017-11-08 15:46:11,0,11/8/2017 15:46:11,2017-11-08,15,Wed
37717,17,1,32,280,2017-11-08 9:04:57,0,11/8/2017 9:04:57,2017-11-08,9,Wed
259962,3,1,3,280,2017-11-08 1:58:10,0,11/8/2017 1:58:10,2017-11-08,1,Wed
20861,18,1,20,121,2017-11-08 10:24:19,0,11/8/2017 10:24:19,2017-11-08,10,Wed
17204,15,1,13,430,2017-11-08 19:16:37,0,11/8/2017 19:16:37,2017-11-08,19,Wed
5178,18,1,13,107,2017-11-08 14:30:05,0,11/8/2017 14:30:05,2017-11-08,14,Wed
110727,15,1,18,245,2017-11-07 6:57:44,0,11/7/2017 6:57:44,2017-11-07,6,Tue
154943,2,1,17,122,2017-11-07 2:56:39,0,11/7/2017 2:56:39,2017-11-07,2,Tue
75393,13,1,11,477,2017-11-08 4:37:51,0,11/8/2017 4:37:51,2017-11-08,4,Wed
45287,18,1,41,107,2017-11-09 4:43:40,0,11/9/2017 4:43:40,2017-11-09,4,Thu
41232,6,1,22,459,2017-11-09 15:21:27,0,11/9/2017 15:21:27,2017-11-09,15,Thu
100275,12,1,13,328,2017-11-07 17:24:19,0,11/7/2017 17:24:19,2017-11-07,17,Tue
17426,32,1,31,376,2017-11-08 15:28:43,0,11/8/2017 15:28:43,2017-11-08,15,Wed
42424,22,1,41,116,2017-11-08 23:26:53,0,11/8/2017 23:26:53,2017-11-08,23,Wed
73313,23,1,13,153,2017-11-07 23:42:32,0,11/7/2017 23:42:32,2017-11-07,23,Tue
128829,11,1,37,481,2017-11-07 23:09:04,0,11/7/2017 23:09:04,2017-11-07,23,Tue
38876,12,1,9,178,2017-11-07 10:04:31,0,11/7/2017 10:04:31,2017-11-07,10,Tue
106862,8,1,25,145,2017-11-07 7:58:34,0,11/7/2017 7:58:34,2017-11-07,7,Tue
25058,3,1,10,280,2017-11-09 4:24:32,0,11/9/2017 4:24:32,2017-11-09,4,Thu
80703,18,1,3,439,2017-11-07 11:57:31,0,11/7/2017 11:57:31,2017-11-07,11,Tue
53964,3,1,25,153,2017-11-09 7:43:11,0,11/9/2017 7:43:11,2017-11-09,7,Thu
119901,9,1,17,466,2017-11-08 10:36:41,0,11/8/2017 10:36:41,2017-11-08,10,Wed
20309,3,1,40,280,2017-11-09 15:00:59,0,11/9/2017 15:00:59,2017-11-09,15,Thu
18108,15,1,20,3,2017-11-08 3:51:28,0,11/8/2017 3:51:28,2017-11-08,3,Wed
32623,18,1,17,121,2017-11-07 11:02:47,0,11/7/2017 11:02:47,2017-11-07,11,Tue
57519,12,1,10,245,2017-11-08 15:23:55,0,11/8/2017 15:23:55,2017-11-08,15,Wed
91047,3,1,19,280,2017-11-07 2:59:44,0,11/7/2017 2:59:44,2017-11-07,2,Tue
42139,3,1,36,173,2017-11-09 13:08:33,0,11/9/2017 13:08:33,2017-11-09,13,Thu
48170,6,1,27,459,2017-11-09 11:20:44,0,11/9/2017 11:20:44,2017-11-09,11,Thu
50657,26,1,53,477,2017-11-09 4:49:38,0,11/9/2017 4:49:38,2017-11-09,4,Thu
68550,9,2,36,442,2017-11-08 12:31:17,0,11/8/2017 12:31:17,2017-11-08,12,Wed
20411,12,2,13,178,2017-11-09 11:04:18,0,11/9/2017 11:04:18,2017-11-09,11,Thu
117094,18,1,32,107,2017-11-07 11:15:49,0,11/7/2017 11:15:49,2017-11-07,11,Tue
47313,25,2,9,259,2017-11-09 13:03:19,0,11/9/2017 13:03:19,2017-11-09,13,Thu
14903,1,1,19,135,2017-11-08 22:45:06,0,11/8/2017 22:45:06,2017-11-08,22,Wed
167134,2,1,11,258,2017-11-08 2:11:21,0,11/8/2017 2:11:21,2017-11-08,2,Wed
93642,26,1,18,477,2017-11-09 10:07:02,0,11/9/2017 10:07:02,2017-11-09,10,Thu
151603,14,1,19,416,2017-11-09 6:40:53,0,11/9/2017 6:40:53,2017-11-09,6,Thu
31428,9,1,22,489,2017-11-08 8:57:47,0,11/8/2017 8:57:47,2017-11-08,8,Wed
190273,10,1,12,317,2017-11-07 7:14:58,0,11/7/2017 7:14:58,2017-11-07,7,Tue
99938,13,1,25,477,2017-11-08 9:18:19,0,11/8/2017 9:18:19,2017-11-08,9,Wed
32392,3,1,6,280,2017-11-09 3:17:01,0,11/9/2017 3:17:01,2017-11-09,3,Thu
11042,18,1,19,121,2017-11-07 9:52:14,0,11/7/2017 9:52:14,2017-11-07,9,Tue
11073,3,1,6,452,2017-11-09 15:33:10,0,11/9/2017 15:33:10,2017-11-09,15,Thu
133349,3,1,17,424,2017-11-08 23:46:51,0,11/8/2017 23:46:51,2017-11-08,23,Wed
105475,2,1,32,469,2017-11-09 0:30:57,0,11/9/2017 0:30:57,2017-11-09,0,Thu
137397,2,2,37,364,2017-11-09 12:13:17,0,11/9/2017 12:13:17,2017-11-09,12,Thu
208842,18,1,13,107,2017-11-09 10:11:25,0,11/9/2017 10:11:25,2017-11-09,10,Thu
74068,13,1,18,400,2017-11-08 15:30:24,0,11/8/2017 15:30:24,2017-11-08,15,Wed
45299,2,2,37,205,2017-11-09 2:16:56,0,11/9/2017 2:16:56,2017-11-09,2,Thu
72921,6,1,17,459,2017-11-07 23:06:43,0,11/7/2017 23:06:43,2017-11-07,23,Tue
170404,14,1,37,489,2017-11-06 23:54:27,0,11/6/2017 23:54:27,2017-11-06,23,Mon
113862,6,1,19,459,2017-11-09 6:32:46,0,11/9/2017 6:32:46,2017-11-09,6,Thu
114314,9,2,19,466,2017-11-08 5:01:13,0,11/8/2017 5:01:13,2017-11-08,5,Wed
114795,15,1,8,245,2017-11-09 4:24:25,0,11/9/2017 4:24:25,2017-11-09,4,Thu
41691,2,1,6,477,2017-11-07 5:18:31,0,11/7/2017 5:18:31,2017-11-07,5,Tue
14661,1,1,35,135,2017-11-07 8:51:52,0,11/7/2017 8:51:52,2017-11-07,8,Tue
32471,3,1,10,280,2017-11-07 4:40:25,0,11/7/2017 4:40:25,2017-11-07,4,Tue
73367,21,1,13,128,2017-11-09 11:41:22,0,11/9/2017 11:41:22,2017-11-09,11,Thu
59925,18,1,18,107,2017-11-07 0:11:42,0,11/7/2017 0:11:42,2017-11-07,0,Tue
47313,9,2,37,466,2017-11-08 15:14:10,0,11/8/2017 15:14:10,2017-11-08,15,Wed
66015,9,1,13,215,2017-11-07 1:04:58,0,11/7/2017 1:04:58,2017-11-07,1,Tue
47999,12,1,20,178,2017-11-09 5:42:25,0,11/9/2017 5:42:25,2017-11-09,5,Thu
145896,18,1,28,121,2017-11-07 17:15:18,0,11/7/2017 17:15:18,2017-11-07,17,Tue
140594,8,1,13,145,2017-11-07 0:00:10,0,11/7/2017 0:00:10,2017-11-07,0,Tue
202993,25,1,22,259,2017-11-07 23:14:18,0,11/7/2017 23:14:18,2017-11-07,23,Tue
658,5,1,20,377,2017-11-09 14:44:28,0,11/9/2017 14:44:28,2017-11-09,14,Thu
47273,3,1,8,280,2017-11-09 4:22:34,0,11/9/2017 4:22:34,2017-11-09,4,Thu
76945,12,1,13,328,2017-11-08 12:16:54,0,11/8/2017 12:16:54,2017-11-08,12,Wed
97773,18,1,10,107,2017-11-08 14:32:24,0,11/8/2017 14:32:24,2017-11-08,14,Wed
102919,9,1,13,232,2017-11-09 11:36:37,0,11/9/2017 11:36:37,2017-11-09,11,Thu
193419,14,1,10,489,2017-11-08 12:26:40,0,11/8/2017 12:26:40,2017-11-08,12,Wed
11797,18,1,12,107,2017-11-08 8:50:26,0,11/8/2017 8:50:26,2017-11-08,8,Wed
93739,26,1,49,121,2017-11-09 14:45:14,0,11/9/2017 14:45:14,2017-11-09,14,Thu
81363,12,1,19,265,2017-11-09 14:08:12,0,11/9/2017 14:08:12,2017-11-09,14,Thu
127748,12,1,19,245,2017-11-07 6:41:23,0,11/7/2017 6:41:23,2017-11-07,6,Tue
81606,3,1,19,115,2017-11-08 14:28:05,0,11/8/2017 14:28:05,2017-11-08,14,Wed
20805,58,3866,866,347,2017-11-09 11:12:31,0,11/9/2017 11:12:31,2017-11-09,11,Thu
74422,64,1,10,459,2017-11-06 16:14:18,0,11/6/2017 16:14:18,2017-11-06,16,Mon
226336,3,1,53,137,2017-11-08 9:41:10,0,11/8/2017 9:41:10,2017-11-08,9,Wed
60381,1,1,13,134,2017-11-07 23:31:34,0,11/7/2017 23:31:34,2017-11-07,23,Tue
7304,14,1,3,134,2017-11-09 9:10:20,0,11/9/2017 9:10:20,2017-11-09,9,Thu
37515,19,0,24,347,2017-11-09 9:36:01,0,11/9/2017 9:36:01,2017-11-09,9,Thu
21042,9,1,19,334,2017-11-07 10:25:17,0,11/7/2017 10:25:17,2017-11-07,10,Tue
39782,13,1,8,477,2017-11-08 1:55:36,0,11/8/2017 1:55:36,2017-11-08,1,Wed
22978,18,3032,607,107,2017-11-07 6:27:20,0,11/7/2017 6:27:20,2017-11-07,6,Tue
114276,13,1,35,469,2017-11-07 11:38:29,0,11/7/2017 11:38:29,2017-11-07,11,Tue
8580,27,1,19,153,2017-11-08 4:05:54,0,11/8/2017 4:05:54,2017-11-08,4,Wed
1462,9,1,19,107,2017-11-09 0:40:40,0,11/9/2017 0:40:40,2017-11-09,0,Thu
70233,6,1,37,459,2017-11-08 8:37:32,0,11/8/2017 8:37:32,2017-11-08,8,Wed
92852,12,1,19,19,2017-11-08 20:24:58,0,11/8/2017 20:24:58,2017-11-08,20,Wed
65362,21,1,17,128,2017-11-08 23:38:14,0,11/8/2017 23:38:14,2017-11-08,23,Wed
90691,12,1,49,340,2017-11-08 11:13:17,0,11/8/2017 11:13:17,2017-11-08,11,Wed
44744,3,1,19,115,2017-11-06 17:18:47,0,11/6/2017 17:18:47,2017-11-06,17,Mon
100475,3,1,13,452,2017-11-08 23:56:51,0,11/8/2017 23:56:51,2017-11-08,23,Wed
112806,20,2,19,259,2017-11-08 17:07:13,0,11/8/2017 17:07:13,2017-11-08,17,Wed
39026,5,1,19,377,2017-11-07 2:54:02,0,11/7/2017 2:54:02,2017-11-07,2,Tue
265108,3,1,19,280,2017-11-09 0:30:53,0,11/9/2017 0:30:53,2017-11-09,0,Thu
80908,17,1,17,280,2017-11-07 14:39:16,0,11/7/2017 14:39:16,2017-11-07,14,Tue
91061,14,1,47,489,2017-11-09 3:47:15,0,11/9/2017 3:47:15,2017-11-09,3,Thu
73329,14,1,16,480,2017-11-08 9:28:06,0,11/8/2017 9:28:06,2017-11-08,9,Wed
10572,12,1,19,265,2017-11-08 12:40:17,0,11/8/2017 12:40:17,2017-11-08,12,Wed
55364,3,1,19,211,2017-11-08 8:48:04,0,11/8/2017 8:48:04,2017-11-08,8,Wed
36213,2,2,9,205,2017-11-09 15:58:07,0,11/9/2017 15:58:07,2017-11-09,15,Thu
200609,13,1,19,477,2017-11-07 2:53:51,0,11/7/2017 2:53:51,2017-11-07,2,Tue
163353,12,1,18,245,2017-11-07 7:01:53,0,11/7/2017 7:01:53,2017-11-07,7,Tue
125260,15,1,22,265,2017-11-09 4:24:08,0,11/9/2017 4:24:08,2017-11-09,4,Thu
161985,1,1,41,134,2017-11-06 23:59:54,0,11/6/2017 23:59:54,2017-11-06,23,Mon
34784,18,1,11,107,2017-11-09 5:56:49,0,11/9/2017 5:56:49,2017-11-09,5,Thu
73487,3,1,22,280,2017-11-08 13:38:14,0,11/8/2017 13:38:14,2017-11-08,13,Wed
161986,23,1,19,153,2017-11-07 2:37:37,0,11/7/2017 2:37:37,2017-11-07,2,Tue
208568,2,1,20,477,2017-11-08 15:16:42,0,11/8/2017 15:16:42,2017-11-08,15,Wed
152545,12,1,37,122,2017-11-07 23:44:21,0,11/7/2017 23:44:21,2017-11-07,23,Tue
57493,15,1,19,153,2017-11-08 3:12:32,0,11/8/2017 3:12:32,2017-11-08,3,Wed
189040,6,1,19,125,2017-11-08 7:58:03,0,11/8/2017 7:58:03,2017-11-08,7,Wed
78526,22,1,25,496,2017-11-07 1:37:27,0,11/7/2017 1:37:27,2017-11-07,1,Tue
14116,8,1,22,145,2017-11-09 2:28:19,0,11/9/2017 2:28:19,2017-11-09,2,Thu
81571,6,1,6,459,2017-11-08 0:03:35,0,11/8/2017 0:03:35,2017-11-08,0,Wed
1815,1,1,13,134,2017-11-06 23:28:15,0,11/6/2017 23:28:15,2017-11-06,23,Mon
58237,12,1,17,178,2017-11-08 1:08:42,0,11/8/2017 1:08:42,2017-11-08,1,Wed
29915,2,1,19,477,2017-11-07 2:49:12,0,11/7/2017 2:49:12,2017-11-07,2,Tue
15148,3,1,13,280,2017-11-08 3:31:44,0,11/8/2017 3:31:44,2017-11-08,3,Wed
125730,12,1,19,497,2017-11-09 13:26:53,0,11/9/2017 13:26:53,2017-11-09,13,Thu
117898,12,1,13,277,2017-11-08 0:35:21,0,11/8/2017 0:35:21,2017-11-08,0,Wed
68079,2,1,13,477,2017-11-08 16:24:49,0,11/8/2017 16:24:49,2017-11-08,16,Wed
14516,2,1,14,205,2017-11-09 15:41:09,0,11/9/2017 15:41:09,2017-11-09,15,Thu
137007,15,1,48,245,2017-11-07 3:28:07,0,11/7/2017 3:28:07,2017-11-07,3,Tue
4825,12,1,10,328,2017-11-07 1:53:38,0,11/7/2017 1:53:38,2017-11-07,1,Tue
86383,1,1,17,134,2017-11-07 8:42:39,0,11/7/2017 8:42:39,2017-11-07,8,Tue
105720,9,1,19,107,2017-11-09 0:43:06,0,11/9/2017 0:43:06,2017-11-09,0,Thu
13104,64,2,37,459,2017-11-06 23:32:12,0,11/6/2017 23:32:12,2017-11-06,23,Mon
27056,12,1,13,178,2017-11-08 3:43:44,0,11/8/2017 3:43:44,2017-11-08,3,Wed
31675,3,1,19,489,2017-11-08 11:13:24,0,11/8/2017 11:13:24,2017-11-08,11,Wed
105475,9,2,26,442,2017-11-07 18:57:21,0,11/7/2017 18:57:21,2017-11-07,18,Tue
249725,9,1,23,215,2017-11-08 7:26:28,0,11/8/2017 7:26:28,2017-11-08,7,Wed
50330,18,1,13,107,2017-11-08 9:19:15,0,11/8/2017 9:19:15,2017-11-08,9,Wed
5348,18,1,32,107,2017-11-09 13:56:41,0,11/9/2017 13:56:41,2017-11-09,13,Thu
129385,12,1,19,265,2017-11-07 6:22:10,0,11/7/2017 6:22:10,2017-11-07,6,Tue
72000,12,1,19,140,2017-11-07 0:24:20,0,11/7/2017 0:24:20,2017-11-07,0,Tue
212579,7,1,32,101,2017-11-07 14:17:20,0,11/7/2017 14:17:20,2017-11-07,14,Tue
73954,18,1,19,107,2017-11-07 0:51:46,0,11/7/2017 0:51:46,2017-11-07,0,Tue
38095,2,1,17,477,2017-11-07 5:35:53,0,11/7/2017 5:35:53,2017-11-07,5,Tue
108535,13,1,8,477,2017-11-09 13:55:16,0,11/9/2017 13:55:16,2017-11-09,13,Thu
71805,3,1,13,280,2017-11-08 13:32:06,0,11/8/2017 13:32:06,2017-11-08,13,Wed
195916,15,1,22,153,2017-11-09 10:22:34,0,11/9/2017 10:22:34,2017-11-09,10,Thu
106898,20,1,11,478,2017-11-07 11:47:08,0,11/7/2017 11:47:08,2017-11-07,11,Tue
80369,3,1,19,135,2017-11-08 9:28:29,0,11/8/2017 9:28:29,2017-11-08,9,Wed
167667,3,1,19,205,2017-11-08 13:36:49,0,11/8/2017 13:36:49,2017-11-08,13,Wed
99897,9,1,13,107,2017-11-09 10:45:29,0,11/9/2017 10:45:29,2017-11-09,10,Thu
169297,18,1,15,439,2017-11-07 4:52:02,0,11/7/2017 4:52:02,2017-11-07,4,Tue
138309,12,1,13,178,2017-11-07 5:21:06,0,11/7/2017 5:21:06,2017-11-07,5,Tue
12479,2,1,19,205,2017-11-09 4:06:50,0,11/9/2017 4:06:50,2017-11-09,4,Thu
19161,3,1,3,409,2017-11-08 11:58:04,0,11/8/2017 11:58:04,2017-11-08,11,Wed
85154,12,1,17,259,2017-11-07 5:37:03,0,11/7/2017 5:37:03,2017-11-07,5,Tue
19868,9,1,19,466,2017-11-09 0:52:00,0,11/9/2017 0:52:00,2017-11-09,0,Thu
175442,14,1,19,208,2017-11-07 0:51:31,0,11/7/2017 0:51:31,2017-11-07,0,Tue
73487,24,2,20,105,2017-11-08 15:32:43,0,11/8/2017 15:32:43,2017-11-08,15,Wed
31184,3,1,13,424,2017-11-09 1:58:50,0,11/9/2017 1:58:50,2017-11-09,1,Thu
105323,3,1,13,280,2017-11-08 10:57:53,0,11/8/2017 10:57:53,2017-11-08,10,Wed
71449,14,1,13,379,2017-11-09 10:58:23,0,11/9/2017 10:58:23,2017-11-09,10,Thu
46637,1,1,19,134,2017-11-06 23:00:27,0,11/6/2017 23:00:27,2017-11-06,23,Mon
14868,1,1,25,135,2017-11-08 13:47:08,0,11/8/2017 13:47:08,2017-11-08,13,Wed
203706,2,1,13,452,2017-11-07 3:20:07,0,11/7/2017 3:20:07,2017-11-07,3,Tue
20878,18,1,12,107,2017-11-09 0:32:01,0,11/9/2017 0:32:01,2017-11-09,0,Thu
311671,15,1,20,265,2017-11-09 6:30:51,0,11/9/2017 6:30:51,2017-11-09,6,Thu
193346,3,1,4,205,2017-11-08 1:35:12,0,11/8/2017 1:35:12,2017-11-08,1,Wed
83090,3,1,13,130,2017-11-07 7:04:37,0,11/7/2017 7:04:37,2017-11-07,7,Tue
163662,58,1,19,120,2017-11-08 2:32:12,0,11/8/2017 2:32:12,2017-11-08,2,Wed
73516,12,1,16,326,2017-11-09 12:39:03,0,11/9/2017 12:39:03,2017-11-09,12,Thu
20134,9,1,22,489,2017-11-08 13:24:38,0,11/8/2017 13:24:38,2017-11-08,13,Wed
5313,12,1,9,265,2017-11-07 0:10:11,0,11/7/2017 0:10:11,2017-11-07,0,Tue
146698,8,1,13,145,2017-11-06 23:49:59,0,11/6/2017 23:49:59,2017-11-06,23,Mon
50482,64,1,19,459,2017-11-08 12:18:52,0,11/8/2017 12:18:52,2017-11-08,12,Wed
4503,2,1,19,237,2017-11-07 0:55:46,0,11/7/2017 0:55:46,2017-11-07,0,Tue
34768,12,1,19,245,2017-11-08 0:14:52,0,11/8/2017 0:14:52,2017-11-08,0,Wed
68247,14,1,37,371,2017-11-07 0:46:45,0,11/7/2017 0:46:45,2017-11-07,0,Tue
201801,12,1,17,497,2017-11-08 4:24:34,0,11/8/2017 4:24:34,2017-11-08,4,Wed
10392,20,1,22,478,2017-11-09 8:41:23,0,11/9/2017 8:41:23,2017-11-09,8,Thu
124446,18,2,97,121,2017-11-08 13:24:59,0,11/8/2017 13:24:59,2017-11-08,13,Wed
280287,2,1,19,469,2017-11-09 8:10:02,0,11/9/2017 8:10:02,2017-11-09,8,Thu
176732,12,1,19,265,2017-11-07 4:43:26,0,11/7/2017 4:43:26,2017-11-07,4,Tue
48072,9,1,25,442,2017-11-07 0:27:42,0,11/7/2017 0:27:42,2017-11-07,0,Tue
8356,12,1,19,245,2017-11-07 23:39:39,0,11/7/2017 23:39:39,2017-11-07,23,Tue
118648,2,1,19,236,2017-11-09 12:31:39,0,11/9/2017 12:31:39,2017-11-09,12,Thu
37972,18,1,13,134,2017-11-07 15:36:52,0,11/7/2017 15:36:52,2017-11-07,15,Tue
31590,11,1,18,122,2017-11-08 15:53:12,0,11/8/2017 15:53:12,2017-11-08,15,Wed
26995,12,1,17,340,2017-11-08 7:04:58,0,11/8/2017 7:04:58,2017-11-08,7,Wed
76921,11,1,19,173,2017-11-07 9:14:08,0,11/7/2017 9:14:08,2017-11-07,9,Tue
106824,18,1,18,439,2017-11-09 15:51:55,0,11/9/2017 15:51:55,2017-11-09,15,Thu
109723,1,1,73,134,2017-11-06 22:01:52,0,11/6/2017 22:01:52,2017-11-06,22,Mon
123994,20,1,20,478,2017-11-07 1:45:24,0,11/7/2017 1:45:24,2017-11-07,1,Tue
118930,12,1,18,178,2017-11-08 13:37:11,0,11/8/2017 13:37:11,2017-11-08,13,Wed
178404,2,1,8,237,2017-11-07 3:34:02,0,11/7/2017 3:34:02,2017-11-07,3,Tue
59868,18,1,28,107,2017-11-08 10:28:23,0,11/8/2017 10:28:23,2017-11-08,10,Wed
177466,3,1,23,424,2017-11-08 8:47:25,0,11/8/2017 8:47:25,2017-11-08,8,Wed
43668,11,1,19,319,2017-11-09 8:37:14,0,11/9/2017 8:37:14,2017-11-09,8,Thu
12062,2,1,19,219,2017-11-07 6:49:27,0,11/7/2017 6:49:27,2017-11-07,6,Tue
80432,12,1,13,205,2017-11-06 23:20:29,0,11/6/2017 23:20:29,2017-11-06,23,Mon
75844,2,1,17,435,2017-11-07 6:29:44,0,11/7/2017 6:29:44,2017-11-07,6,Tue
122880,3,1,13,205,2017-11-09 1:08:35,0,11/9/2017 1:08:35,2017-11-09,1,Thu
81138,18,3032,607,107,2017-11-07 2:37:43,0,11/7/2017 2:37:43,2017-11-07,2,Tue
76919,14,1,32,379,2017-11-08 8:36:04,0,11/8/2017 8:36:04,2017-11-08,8,Wed
30795,18,1,13,107,2017-11-09 11:16:57,0,11/9/2017 11:16:57,2017-11-09,11,Thu
16499,15,1,22,386,2017-11-09 11:08:19,0,11/9/2017 11:08:19,2017-11-09,11,Thu
24266,12,1,18,178,2017-11-08 2:38:38,0,11/8/2017 2:38:38,2017-11-08,2,Wed
178873,15,1,19,265,2017-11-08 8:38:17,0,11/8/2017 8:38:17,2017-11-08,8,Wed
190177,20,1,13,259,2017-11-07 16:44:21,0,11/7/2017 16:44:21,2017-11-07,16,Tue
149726,2,1,25,212,2017-11-08 15:15:09,0,11/8/2017 15:15:09,2017-11-08,15,Wed
59214,14,1,19,442,2017-11-09 8:53:39,0,11/9/2017 8:53:39,2017-11-09,8,Thu
67772,3,1,35,153,2017-11-08 14:58:55,0,11/8/2017 14:58:55,2017-11-08,14,Wed
109156,17,1,22,280,2017-11-08 8:55:55,0,11/8/2017 8:55:55,2017-11-08,8,Wed
